cdr_id,date,time,caller_id,caller_phone,receiver_id,receiver_phone,duration_seconds,call_type,cell_tower_id,cell_tower_location,imei
CDR-000001,2024-04-07,01:02:57,S0026,+91-9078465518,S0025,+91-9877427601,0,SMS,TWR-0167,Industrial Zone B-12,966962821720267
CDR-000002,2023-07-30,07:17:13,S0052,+91-8821211330,S0050,+91-8427287656,0,SMS,TWR-0192,"Koregaon Park, Pune",876589499097444
CDR-000003,2024-10-03,08:22:01,S0028,+91-8010157795,S0039,+91-9007576162,0,DATA,TWR-0065,"Aundh, Pune",126811381016774
CDR-000004,2023-12-02,16:40:15,S0040,+91-9752093579,S0044,+91-9971861645,0,SMS,TWR-0043,River Bridge Underpass,640631120143229
CDR-000005,2024-09-26,01:49:17,S0072,+91-9541363841,S0074,+91-9129320527,3515,VOICE,TWR-0071,River Bridge Underpass,441647468568350
CDR-000006,2023-08-09,23:30:42,S0057,+91-9859711607,S0054,+91-8152869473,0,DATA,TWR-0190,Abandoned Factory Block C,185681903841761
CDR-000007,2023-11-06,05:09:51,S0036,+91-8689097012,S0034,+91-9185263528,1081,VOICE,TWR-0053,"Park Street, Kolkata",816872645228319
CDR-000008,2023-08-29,16:34:29,S0004,+91-8808948427,S0061,+91-7944047056,0,DATA,TWR-0178,"Satellite, Ahmedabad",404067677791615
CDR-000009,2024-01-22,01:05:18,S0003,+91-7303959797,S0062,+91-7376081376,157,VOICE,TWR-0120,"Connaught Place, New Delhi",749373342341628
CDR-000010,2023-01-25,09:54:06,S0006,+91-8996093227,S0005,+91-9533147930,3576,VOICE,TWR-0177,"Andheri West, Mumbai",102193913764602
CDR-000011,2023-10-21,13:15:14,S0006,+91-8996093227,S0056,+91-7990411854,0,SMS,TWR-0117,Airport Cargo Terminal,713155855409723
CDR-000012,2023-12-22,14:49:06,S0021,+91-7186376562,S0013,+91-8601012552,0,SMS,TWR-0096,"Andheri West, Mumbai",491181255540376
CDR-000013,2024-09-08,09:13:07,S0038,+91-7164583060,S0034,+91-9185263528,568,VOICE,TWR-0092,45th Street Warehouse,607521109338342
CDR-000014,2024-10-02,05:16:52,S0070,+91-8361473242,S0022,+91-9029520745,2457,VOICE,TWR-0162,Airport Cargo Terminal,279502767067149
CDR-000015,2023-04-25,18:15:17,S0074,+91-9129320527,S0072,+91-8873660196,2233,VOICE,TWR-0027,"Kothrud, Pune",386783573642333
CDR-000016,2024-05-15,04:15:25,S0071,+91-9835229476,S0080,+91-9719896275,0,SMS,TWR-0096,"Satellite, Ahmedabad",544687758034078
CDR-000017,2023-08-20,23:19:07,S0067,+91-8354117104,S0064,+91-7750198381,2642,VOICE,TWR-0178,Abandoned Factory Block C,312041475916402
CDR-000018,2023-03-15,11:09:40,S0001,+91-7731428289,S0065,+91-7911433788,0,SMS,TWR-0078,Airport Cargo Terminal,710199787340852
CDR-000019,2023-07-10,02:35:50,S0013,+91-8189450306,S0025,+91-9877427601,279,VOICE,TWR-0031,"Connaught Place, New Delhi",502528393186668
CDR-000020,2023-11-08,15:36:07,S0052,+91-8821211330,S0046,+91-8551797747,0,SMS,TWR-0123,45th Street Warehouse,768037558812070
CDR-000021,2024-01-28,19:37:30,S0006,+91-8996093227,S0005,+91-9533147930,3158,VOICE,TWR-0177,"Kothrud, Pune",871071060685812
CDR-000022,2024-05-01,09:10:50,S0063,+91-8639980776,S0049,+91-9317730052,2232,VOICE,TWR-0063,Railway Station Complex,905705072520176
CDR-000023,2023-11-27,11:16:47,S0013,+91-8601012552,S0014,+91-7694080686,0,SMS,TWR-0116,"Aundh, Pune",562304325702384
CDR-000024,2023-03-12,18:16:47,S0013,+91-8601012552,S0015,+91-8928238864,747,VOICE,TWR-0179,"Kothrud, Pune",703103280465211
CDR-000025,2023-10-28,05:55:31,S0007,+91-8314545093,S0008,+91-7468144718,168,VOICE,TWR-0085,"Connaught Place, New Delhi",873274972955111
CDR-000026,2023-01-06,14:06:04,S0020,+91-7191685914,S0010,+91-8733842953,0,SMS,TWR-0168,Abandoned Factory Block C,969714456197772
CDR-000027,2024-08-20,17:57:44,S0049,+91-9317730052,S0052,+91-8821211330,0,SMS,TWR-0180,River Bridge Underpass,214319643118417
CDR-000028,2023-01-22,19:07:15,S0022,+91-9029520745,S0021,+91-7186376562,2846,VOICE,TWR-0140,"Park Street, Kolkata",633290707254074
CDR-000029,2024-11-11,13:01:16,S0005,+91-9533147930,S0003,+91-7303959797,1949,VOICE,TWR-0063,River Bridge Underpass,236245543238852
CDR-000030,2024-07-13,13:35:31,S0004,+91-8808948427,S0006,+91-8996093227,2287,VOICE,TWR-0018,Port District Dock 7,308867078231321
CDR-000031,2023-01-12,13:32:20,S0075,+91-9242647667,S0078,+91-8505943466,0,SMS,TWR-0004,"Park Street, Kolkata",849748924040387
CDR-000032,2024-05-06,07:46:31,S0035,+91-9574786019,S0031,+91-7728836158,0,SMS,TWR-0123,"Velachery, Chennai",211515450522433
CDR-000033,2023-03-11,17:23:31,S0023,+91-9115149321,S0027,+91-8837911267,0,DATA,TWR-0019,"Kothrud, Pune",378172854381675
CDR-000034,2023-02-13,11:40:06,S0053,+91-8468512260,S0047,+91-8940192213,3202,VOICE,TWR-0050,Industrial Zone B-12,539973759787934
CDR-000035,2024-06-05,14:48:04,S0058,+91-7497129555,S0056,+91-7990411854,0,DATA,TWR-0163,"Anna Nagar, Chennai",774388211433337
CDR-000036,2023-03-28,05:17:59,S0067,+91-8185491609,S0065,+91-7911433788,0,SMS,TWR-0095,"Civil Lines, Lucknow",416188591467321
CDR-000037,2024-06-07,17:45:35,S0060,+91-9164020641,S0061,+91-7944047056,0,SMS,TWR-0177,"Kothrud, Pune",730714638524434
CDR-000038,2023-12-17,19:23:47,S0078,+91-8505943466,S0073,+91-8723469890,0,SMS,TWR-0017,"Civil Lines, Lucknow",401981852637489
CDR-000039,2023-09-03,20:36:28,S0035,+91-9574786019,S0077,+91-7477042007,788,VOICE,TWR-0079,"Aundh, Pune",477174689538591
CDR-000040,2024-09-19,05:04:15,S0067,+91-8354117104,S0064,+91-7750198381,0,SMS,TWR-0076,"Aundh, Pune",872345445089733
CDR-000041,2023-06-27,04:16:03,S0047,+91-8940192213,S0071,+91-9835229476,0,SMS,TWR-0075,45th Street Warehouse,331632942214025
CDR-000042,2024-01-19,08:56:35,S0077,+91-7477042007,S0044,+91-9971861645,1609,VOICE,TWR-0070,River Bridge Underpass,616875984624651
CDR-000043,2024-01-21,20:02:59,S0069,+91-7305439451,S0068,+91-7943867424,1615,VOICE,TWR-0049,Port District Dock 7,386894942494355
CDR-000044,2023-09-30,01:51:23,S0064,+91-7750198381,S0065,+91-7911433788,0,SMS,TWR-0126,"Malviya Nagar, Jaipur",636343095219116
CDR-000045,2023-02-25,01:29:38,S0056,+91-7990411854,S0053,+91-8468512260,3475,VOICE,TWR-0028,"Satellite, Ahmedabad",402209082612183
CDR-000046,2024-08-03,02:10:48,S0017,+91-8160965519,S0055,+91-7906087278,45,VOICE,TWR-0160,Railway Station Complex,419967664069835
CDR-000047,2024-07-19,12:52:20,S0056,+91-7990411854,S0053,+91-8468512260,3448,VOICE,TWR-0006,"Satellite, Ahmedabad",456592168526734
CDR-000048,2023-06-14,03:19:10,S0029,+91-8158983385,S0028,+91-8010157795,0,SMS,TWR-0070,Port District Dock 7,240245655574550
CDR-000049,2023-08-14,10:10:30,S0013,+91-8601012552,S0020,+91-7191685914,444,VOICE,TWR-0172,"Koregaon Park, Pune",752613559833523
CDR-000050,2024-02-23,16:10:13,S0077,+91-7477042007,S0058,+91-7497129555,1817,VOICE,TWR-0099,Bus Terminal Underground,945204960844720
CDR-000051,2024-06-20,12:27:44,S0049,+91-9317730052,S0054,+91-8152869473,1324,VOICE,TWR-0130,"Malviya Nagar, Jaipur",782918879122501
CDR-000052,2023-06-22,14:42:33,S0027,+91-8837911267,S0029,+91-8158983385,853,VOICE,TWR-0091,"Salt Lake, Kolkata",380084584736687
CDR-000053,2023-09-07,23:30:03,S0038,+91-7164583060,S0049,+91-9317730052,2862,VOICE,TWR-0183,Port District Dock 7,537824765157874
CDR-000054,2024-03-10,03:15:25,S0074,+91-9129320527,S0076,+91-8453831805,1796,VOICE,TWR-0059,"Civil Lines, Lucknow",392577454711456
CDR-000055,2023-07-20,01:19:17,S0062,+91-7376081376,S0063,+91-8639980776,1567,VOICE,TWR-0195,"Navrangpura, Ahmedabad",896128409317379
CDR-000056,2023-06-02,10:40:24,S0021,+91-7186376562,S0020,+91-7191685914,0,DATA,TWR-0072,Bus Terminal Underground,309443719252748
CDR-000057,2024-09-27,01:53:54,S0030,+91-7587753540,S0027,+91-8837911267,0,SMS,TWR-0190,"Anna Nagar, Chennai",716921750457062
CDR-000058,2024-09-09,02:48:18,S0061,+91-7944047056,S0022,+91-9029520745,0,SMS,TWR-0069,Airport Cargo Terminal,301235466295605
CDR-000059,2023-06-06,19:25:47,S0069,+91-7305439451,S0068,+91-7943867424,770,VOICE,TWR-0003,"Banjara Hills, Hyderabad",293423231154583
CDR-000060,2024-02-08,04:54:48,S0035,+91-9574786019,S0031,+91-7728836158,689,VOICE,TWR-0040,Bus Terminal Underground,372383099130494
CDR-000061,2024-04-10,06:22:36,S0078,+91-8505943466,S0074,+91-9129320527,2914,VOICE,TWR-0064,"Anna Nagar, Chennai",782309843940848
CDR-000062,2024-11-24,14:22:55,S0006,+91-8996093227,S0005,+91-9533147930,0,SMS,TWR-0104,Abandoned Factory Block C,625366949689952
CDR-000063,2023-06-20,18:19:09,S0067,+91-8354117104,S0066,+91-9665882102,3519,VOICE,TWR-0010,"Aundh, Pune",775310908175876
CDR-000064,2023-11-03,13:36:11,S0048,+91-8745666148,S0015,+91-8928238864,102,VOICE,TWR-0051,Highway NH-48 Rest Stop,342708670794873
CDR-000065,2024-10-26,10:59:40,S0056,+91-7990411854,S0019,+91-9469240982,1628,VOICE,TWR-0005,Abandoned Factory Block C,384762512294587
CDR-000066,2024-04-19,04:44:53,S0063,+91-8639980776,S0078,+91-8505943466,0,DATA,TWR-0063,"Jubilee Hills, Hyderabad",820604875740888
CDR-000067,2024-03-19,02:50:39,S0013,+91-8601012552,S0015,+91-8928238864,2455,VOICE,TWR-0132,"Satellite, Ahmedabad",145627486749116
CDR-000068,2023-04-14,05:18:48,S0062,+91-7376081376,S0060,+91-9164020641,0,SMS,TWR-0070,"Marine Drive, Mumbai",673653117937815
CDR-000069,2024-09-19,16:45:31,S0028,+91-8010157795,S0025,+91-9877427601,0,SMS,TWR-0073,"Indiranagar, Bangalore",759352714867458
CDR-000070,2024-08-02,18:25:15,S0016,+91-7433584847,S0063,+91-8639980776,0,DATA,TWR-0040,River Bridge Underpass,525505952129967
CDR-000071,2023-04-06,22:27:34,S0043,+91-8599838760,S0033,+91-8986477033,1577,VOICE,TWR-0057,"Marine Drive, Mumbai",441046362142386
CDR-000072,2023-06-05,15:32:36,S0002,+91-7762376237,S0025,+91-9877427601,0,SMS,TWR-0054,"Sector 15, New Delhi",174569183652265
CDR-000073,2023-06-19,17:58:01,S0021,+91-7186376562,S0034,+91-9185263528,472,VOICE,TWR-0118,Port District Dock 7,485889494592826
CDR-000074,2024-07-25,19:56:57,S0079,+91-8925349210,S0048,+91-8745666148,0,SMS,TWR-0162,Industrial Zone B-12,693020421909471
CDR-000075,2023-08-20,00:48:33,S0020,+91-7191685914,S0021,+91-7186376562,1782,VOICE,TWR-0085,"Gomti Nagar, Lucknow",661679934035492
CDR-000076,2024-07-22,08:08:31,S0052,+91-8821211330,S0046,+91-8551797747,0,SMS,TWR-0064,"Andheri West, Mumbai",272554198812363
CDR-000077,2023-12-06,10:53:21,S0013,+91-8601012552,S0014,+91-7694080686,337,VOICE,TWR-0160,"Velachery, Chennai",174670853498936
CDR-000078,2024-04-29,01:06:50,S0041,+91-8047680798,S0008,+91-7468144718,0,DATA,TWR-0031,"Koregaon Park, Pune",647772551245114
CDR-000079,2023-08-29,10:25:47,S0063,+91-8639980776,S0051,+91-8102313761,0,SMS,TWR-0043,"Banjara Hills, Hyderabad",773266872143515
CDR-000080,2023-06-03,19:40:27,S0042,+91-9807385456,S0033,+91-8986477033,1760,VOICE,TWR-0024,River Bridge Underpass,993503392832939
CDR-000081,2023-10-26,13:21:12,S0020,+91-7191685914,S0001,+91-7731428289,0,SMS,TWR-0180,"Indiranagar, Bangalore",744011731897032
CDR-000082,2023-03-26,01:26:19,S0012,+91-9757993748,S0007,+91-8314545093,2521,VOICE,TWR-0050,Port District Dock 7,652096543065970
CDR-000083,2023-10-19,05:02:48,S0014,+91-7694080686,S0015,+91-8928238864,271,VOICE,TWR-0067,"Anna Nagar, Chennai",973783795257077
CDR-000084,2024-11-11,05:55:39,S0066,+91-7288551224,S0067,+91-8354117104,2851,VOICE,TWR-0116,"Indiranagar, Bangalore",672944134891863
CDR-000085,2024-11-13,11:53:29,S0040,+91-9752093579,S0042,+91-9807385456,867,VOICE,TWR-0039,Old Market Area,141429921198084
CDR-000086,2023-06-02,02:40:26,S0011,+91-7365548469,S0003,+91-7303959797,0,SMS,TWR-0177,"Banjara Hills, Hyderabad",369378541784839
CDR-000087,2023-11-06,07:38:15,S0062,+91-7376081376,S0061,+91-7944047056,0,SMS,TWR-0094,"Anna Nagar, Chennai",315596151805972
CDR-000088,2024-04-19,23:58:08,S0045,+91-7911765255,S0036,+91-8689097012,0,SMS,TWR-0083,"Andheri West, Mumbai",939113459646771
CDR-000089,2023-04-06,17:43:38,S0055,+91-7906087278,S0053,+91-8468512260,0,DATA,TWR-0038,"Marine Drive, Mumbai",258011349544778
CDR-000090,2024-03-03,01:23:59,S0031,+91-7728836158,S0038,+91-7164583060,3162,VOICE,TWR-0093,Old Market Area,519986017915669
CDR-000091,2023-06-01,12:06:23,S0044,+91-9971861645,S0033,+91-8986477033,0,SMS,TWR-0189,Railway Station Complex,407874014589345
CDR-000092,2024-03-21,01:26:07,S0068,+91-7943867424,S0028,+91-8010157795,0,DATA,TWR-0152,"Satellite, Ahmedabad",706626722224996
CDR-000093,2023-03-06,17:16:35,S0059,+91-9818587139,S0044,+91-9971861645,0,DATA,TWR-0119,River Bridge Underpass,785403269361114
CDR-000094,2023-09-29,10:55:58,S0074,+91-9129320527,S0076,+91-8453831805,0,DATA,TWR-0059,Industrial Zone B-12,752533970598354
CDR-000095,2023-09-02,14:27:12,S0033,+91-9947485574,S0042,+91-9807385456,14,VOICE,TWR-0020,Port District Dock 7,408085749187081
CDR-000096,2023-11-10,21:51:15,S0069,+91-7305439451,S0070,+91-8361473242,2721,VOICE,TWR-0149,"Aundh, Pune",844543464595311
CDR-000097,2023-12-03,06:27:10,S0071,+91-9835229476,S0080,+91-9719896275,0,SMS,TWR-0004,Industrial Zone B-12,189706531634810
CDR-000098,2023-06-23,23:56:14,S0043,+91-8591313804,S0033,+91-8986477033,0,SMS,TWR-0107,"Anna Nagar, Chennai",580142580032265
CDR-000099,2024-10-16,02:29:50,S0027,+91-8837911267,S0047,+91-8940192213,0,DATA,TWR-0032,Bus Terminal Underground,103749236308083
CDR-000100,2023-12-12,04:25:17,S0031,+91-7728836158,S0038,+91-7164583060,0,SMS,TWR-0200,"Satellite, Ahmedabad",675085234468872
CDR-000101,2023-06-30,14:07:20,S0016,+91-9192173624,S0021,+91-7186376562,3308,VOICE,TWR-0065,Railway Station Complex,798442916825070
CDR-000102,2024-12-07,19:28:18,S0012,+91-9757993748,S0021,+91-7186376562,800,VOICE,TWR-0194,45th Street Warehouse,133540908791189
CDR-000103,2023-08-06,06:05:57,S0044,+91-9971861645,S0056,+91-7990411854,0,SMS,TWR-0124,Highway NH-48 Rest Stop,941876237931439
CDR-000104,2024-07-24,16:40:11,S0009,+91-8669674686,S0030,+91-7587753540,1591,VOICE,TWR-0095,"Aundh, Pune",147248505600003
CDR-000105,2024-01-17,23:37:08,S0005,+91-9533147930,S0001,+91-7731428289,1392,VOICE,TWR-0002,"Banjara Hills, Hyderabad",621833638820612
CDR-000106,2024-08-30,04:56:35,S0011,+91-7365548469,S0003,+91-7303959797,1944,VOICE,TWR-0142,Railway Station Complex,483599685085983
CDR-000107,2024-03-11,10:41:03,S0016,+91-9192173624,S0014,+91-7694080686,0,DATA,TWR-0015,"Koregaon Park, Pune",254159254296718
CDR-000108,2023-03-18,19:19:54,S0034,+91-9185263528,S0020,+91-7191685914,1495,VOICE,TWR-0079,Railway Station Complex,558093909574445
CDR-000109,2024-06-21,21:57:04,S0003,+91-7303959797,S0004,+91-8808948427,0,DATA,TWR-0093,"Park Street, Kolkata",964689720564196
CDR-000110,2023-08-26,01:47:12,S0043,+91-8599838760,S0044,+91-9971861645,1137,VOICE,TWR-0195,"Satellite, Ahmedabad",709459101318227
CDR-000111,2024-11-04,10:49:59,S0011,+91-7365548469,S0071,+91-9835229476,0,DATA,TWR-0193,River Bridge Underpass,451156701086892
CDR-000112,2023-01-05,03:53:22,S0054,+91-7823740217,S0056,+91-7990411854,1958,VOICE,TWR-0093,"Salt Lake, Kolkata",220347311353348
CDR-000113,2024-10-26,20:43:01,S0034,+91-9185263528,S0042,+91-9807385456,0,DATA,TWR-0162,Port District Dock 7,629526590274675
CDR-000114,2024-02-22,00:11:32,S0028,+91-8010157795,S0017,+91-8160965519,0,SMS,TWR-0070,"Kothrud, Pune",921742325917556
CDR-000115,2023-07-17,19:12:57,S0025,+91-9877427601,S0030,+91-7587753540,1203,VOICE,TWR-0104,"Kothrud, Pune",423881672739788
CDR-000116,2024-09-11,18:07:11,S0035,+91-9574786019,S0031,+91-7728836158,0,DATA,TWR-0104,"Kothrud, Pune",940805093748587
CDR-000117,2023-05-16,01:27:49,S0033,+91-8986477033,S0042,+91-9807385456,0,DATA,TWR-0191,"Marine Drive, Mumbai",181289691749623
CDR-000118,2024-10-29,07:39:11,S0051,+91-8102313761,S0050,+91-8427287656,2942,VOICE,TWR-0179,"Sector 15, New Delhi",220419773427767
CDR-000119,2024-01-13,11:50:13,S0044,+91-9971861645,S0033,+91-8986477033,1688,VOICE,TWR-0133,Industrial Zone B-12,599235294978583
CDR-000120,2024-11-12,08:50:20,S0026,+91-9078465518,S0019,+91-9469240982,2011,VOICE,TWR-0071,"Connaught Place, New Delhi",383850303792822
CDR-000121,2024-06-20,10:31:29,S0001,+91-7731428289,S0005,+91-9533147930,839,VOICE,TWR-0074,"Jubilee Hills, Hyderabad",414495902674358
CDR-000122,2023-11-07,23:27:23,S0023,+91-9115149321,S0027,+91-8837911267,923,VOICE,TWR-0177,Bus Terminal Underground,403587145942807
CDR-000123,2024-05-12,14:00:07,S0021,+91-7608918981,S0048,+91-8745666148,0,DATA,TWR-0142,"Gomti Nagar, Lucknow",223648434932672
CDR-000124,2024-06-12,11:17:40,S0035,+91-9574786019,S0067,+91-8354117104,3062,VOICE,TWR-0017,"Kothrud, Pune",371592717035831
CDR-000125,2024-08-11,19:17:37,S0037,+91-9353860328,S0032,+91-7090425118,0,SMS,TWR-0136,"Sector 15, New Delhi",468589882428121
CDR-000126,2023-04-22,11:09:12,S0071,+91-9835229476,S0080,+91-9719896275,0,SMS,TWR-0065,Old Market Area,406178789331414
CDR-000127,2024-01-01,03:29:54,S0076,+91-8453831805,S0073,+91-8723469890,1561,VOICE,TWR-0051,Abandoned Factory Block C,465597257939153
CDR-000128,2024-03-17,20:28:39,S0006,+91-8996093227,S0046,+91-8551797747,0,SMS,TWR-0027,"Kothrud, Pune",254244713503845
CDR-000129,2023-03-16,03:44:09,S0030,+91-7587753540,S0027,+91-8837911267,0,DATA,TWR-0141,"Andheri West, Mumbai",252809432094598
CDR-000130,2023-01-12,21:23:24,S0029,+91-8158983385,S0028,+91-8010157795,1680,VOICE,TWR-0072,45th Street Warehouse,205249071599313
CDR-000131,2024-09-04,19:32:51,S0044,+91-9971861645,S0079,+91-8925349210,0,SMS,TWR-0195,"Navrangpura, Ahmedabad",635939093807854
CDR-000132,2023-08-10,14:59:36,S0036,+91-8689097012,S0041,+91-8047680798,1359,VOICE,TWR-0129,"Kothrud, Pune",412628847012960
CDR-000133,2023-01-28,03:33:00,S0001,+91-7731428289,S0011,+91-7365548469,0,SMS,TWR-0171,"Civil Lines, Lucknow",293729621826254
CDR-000134,2023-05-16,10:44:26,S0021,+91-7608918981,S0020,+91-7191685914,1892,VOICE,TWR-0116,"Navrangpura, Ahmedabad",251451793856813
CDR-000135,2024-12-04,15:43:19,S0005,+91-9533147930,S0011,+91-7365548469,0,SMS,TWR-0041,"Velachery, Chennai",108582968525034
CDR-000136,2023-06-11,07:42:39,S0022,+91-9029520745,S0021,+91-7186376562,304,VOICE,TWR-0028,"Connaught Place, New Delhi",887775296149575
CDR-000137,2024-06-29,20:39:16,S0022,+91-9029520745,S0015,+91-8928238864,0,DATA,TWR-0109,"Anna Nagar, Chennai",601110132607766
CDR-000138,2023-10-30,13:40:20,S0036,+91-8689097012,S0041,+91-8047680798,0,SMS,TWR-0024,Bus Terminal Underground,229869423233968
CDR-000139,2024-07-27,17:27:05,S0017,+91-8160965519,S0030,+91-7587753540,0,DATA,TWR-0149,Old Market Area,159481582839830
CDR-000140,2024-09-13,19:47:39,S0067,+91-8354117104,S0065,+91-7911433788,308,VOICE,TWR-0142,"MG Road, Bangalore",691182229932674
CDR-000141,2023-02-15,15:34:22,S0069,+91-7305439451,S0068,+91-7943867424,0,DATA,TWR-0053,"Jubilee Hills, Hyderabad",989495470269518
CDR-000142,2023-03-15,15:22:08,S0029,+91-8158983385,S0028,+91-8010157795,0,SMS,TWR-0021,Railway Station Complex,462365360570938
CDR-000143,2023-01-12,00:59:41,S0059,+91-9818587139,S0044,+91-9971861645,0,SMS,TWR-0007,Bus Terminal Underground,914127413053386
CDR-000144,2023-03-26,06:55:58,S0004,+91-8808948427,S0006,+91-8996093227,0,DATA,TWR-0026,"Andheri West, Mumbai",829073013617972
CDR-000145,2023-12-28,11:23:25,S0048,+91-8745666148,S0050,+91-8427287656,0,SMS,TWR-0130,45th Street Warehouse,947273738396135
CDR-000146,2024-05-03,10:27:21,S0038,+91-7164583060,S0041,+91-8047680798,0,SMS,TWR-0197,"MG Road, Bangalore",297848315214613
CDR-000147,2024-06-03,15:49:35,S0037,+91-9353860328,S0032,+91-7090425118,1919,VOICE,TWR-0154,"Marine Drive, Mumbai",845387291260470
CDR-000148,2024-01-06,18:46:58,S0034,+91-9185263528,S0049,+91-9317730052,0,SMS,TWR-0104,"Salt Lake, Kolkata",238420624088546
CDR-000149,2024-11-08,01:47:02,S0031,+91-7728836158,S0038,+91-7164583060,1504,VOICE,TWR-0044,Port District Dock 7,522580014731463
CDR-000150,2024-02-25,21:55:18,S0006,+91-9389242087,S0005,+91-9533147930,0,SMS,TWR-0118,"Malviya Nagar, Jaipur",985546472068279
CDR-000151,2023-05-06,14:15:37,S0003,+91-9777055082,S0068,+91-7943867424,0,SMS,TWR-0032,Abandoned Factory Block C,931482171983484
CDR-000152,2024-04-30,18:08:52,S0001,+91-7731428289,S0007,+91-8314545093,0,SMS,TWR-0097,Old Market Area,311315671686109
CDR-000153,2023-03-09,05:09:06,S0068,+91-7943867424,S0070,+91-8361473242,2858,VOICE,TWR-0174,"Koregaon Park, Pune",292383293224064
CDR-000154,2023-09-06,15:17:03,S0067,+91-8354117104,S0066,+91-9665882102,0,SMS,TWR-0095,Railway Station Complex,585136005073992
CDR-000155,2024-02-04,10:37:03,S0028,+91-8010157795,S0025,+91-9877427601,2592,VOICE,TWR-0091,Highway NH-48 Rest Stop,953046534373808
CDR-000156,2024-01-13,12:22:35,S0038,+91-7164583060,S0006,+91-8996093227,0,SMS,TWR-0076,"Aundh, Pune",921059927649144
CDR-000157,2024-06-09,20:57:39,S0003,+91-7303959797,S0004,+91-8808948427,0,SMS,TWR-0006,Highway NH-48 Rest Stop,922783560016193
CDR-000158,2023-10-10,12:04:17,S0014,+91-7694080686,S0017,+91-8160965519,0,DATA,TWR-0120,"Malviya Nagar, Jaipur",884968975239640
CDR-000159,2023-09-02,07:27:02,S0008,+91-7468144718,S0006,+91-8996093227,890,VOICE,TWR-0196,Airport Cargo Terminal,318795748978792
CDR-000160,2023-05-25,03:43:12,S0068,+91-7943867424,S0070,+91-8361473242,373,VOICE,TWR-0154,"Andheri West, Mumbai",625177976113807
CDR-000161,2023-07-22,17:56:03,S0016,+91-9192173624,S0021,+91-7186376562,892,VOICE,TWR-0165,"Banjara Hills, Hyderabad",354137507481815
CDR-000162,2024-06-01,18:04:59,S0006,+91-8996093227,S0005,+91-9533147930,0,DATA,TWR-0100,"Park Street, Kolkata",976978236168280
CDR-000163,2023-08-02,00:58:02,S0071,+91-9835229476,S0068,+91-7943867424,3325,VOICE,TWR-0028,"Banjara Hills, Hyderabad",567274311171661
CDR-000164,2024-04-28,23:11:11,S0015,+91-8928238864,S0021,+91-7186376562,2883,VOICE,TWR-0187,"Koregaon Park, Pune",234770043924121
CDR-000165,2023-05-18,02:06:34,S0054,+91-8152869473,S0080,+91-9719896275,317,VOICE,TWR-0019,Port District Dock 7,819774353287237
CDR-000166,2024-06-26,17:22:46,S0074,+91-9129320527,S0079,+91-8925349210,0,SMS,TWR-0151,"Jubilee Hills, Hyderabad",319216880037937
CDR-000167,2023-06-01,02:40:33,S0022,+91-9029520745,S0021,+91-7186376562,988,VOICE,TWR-0086,"Banjara Hills, Hyderabad",186407948512522
CDR-000168,2024-07-02,14:49:38,S0012,+91-9757993748,S0011,+91-7365548469,3065,VOICE,TWR-0094,45th Street Warehouse,975967261239922
CDR-000169,2024-06-15,03:29:40,S0044,+91-9971861645,S0033,+91-8986477033,0,SMS,TWR-0110,Highway NH-48 Rest Stop,120232931812784
CDR-000170,2023-04-01,00:59:34,S0006,+91-8996093227,S0008,+91-7468144718,1587,VOICE,TWR-0117,"MG Road, Bangalore",339653785625613
CDR-000171,2024-06-05,20:02:07,S0013,+91-8601012552,S0028,+91-8010157795,756,VOICE,TWR-0028,"Velachery, Chennai",577915980147234
CDR-000172,2023-10-25,01:28:07,S0072,+91-8873660196,S0074,+91-9129320527,479,VOICE,TWR-0142,"Sector 15, New Delhi",694263674403010
CDR-000173,2024-07-17,19:14:45,S0058,+91-7497129555,S0044,+91-9971861645,564,VOICE,TWR-0055,"Navrangpura, Ahmedabad",521429256887029
CDR-000174,2024-12-08,00:39:26,S0079,+91-8925349210,S0007,+91-8314545093,0,SMS,TWR-0130,"Indiranagar, Bangalore",735530576509825
CDR-000175,2023-09-19,21:13:21,S0075,+91-9242647667,S0038,+91-7164583060,3311,VOICE,TWR-0194,"Malviya Nagar, Jaipur",744900962370113
CDR-000176,2024-11-03,10:47:31,S0080,+91-9719896275,S0054,+91-8152869473,0,SMS,TWR-0155,Highway NH-48 Rest Stop,939943562589703
CDR-000177,2024-08-16,13:59:04,S0059,+91-9818587139,S0044,+91-9971861645,0,DATA,TWR-0064,"Jubilee Hills, Hyderabad",736515572125999
CDR-000178,2023-07-19,06:22:33,S0014,+91-7694080686,S0017,+91-8160965519,784,VOICE,TWR-0200,Port District Dock 7,351108782109286
CDR-000179,2024-09-29,00:50:09,S0038,+91-7164583060,S0056,+91-7990411854,2290,VOICE,TWR-0102,45th Street Warehouse,614739451112929
CDR-000180,2024-07-29,08:18:18,S0054,+91-7823740217,S0004,+91-8808948427,0,SMS,TWR-0084,Industrial Zone B-12,778242606149742
CDR-000181,2023-01-04,12:32:58,S0047,+91-8940192213,S0048,+91-8745666148,0,DATA,TWR-0031,"Jubilee Hills, Hyderabad",882662880576001
CDR-000182,2024-02-20,21:29:59,S0073,+91-8723469890,S0077,+91-7477042007,3130,VOICE,TWR-0174,"Jubilee Hills, Hyderabad",844126423509519
CDR-000183,2024-10-07,02:39:02,S0035,+91-9574786019,S0028,+91-8010157795,3401,VOICE,TWR-0144,"Velachery, Chennai",579583816759696
CDR-000184,2023-11-18,20:48:28,S0013,+91-8601012552,S0014,+91-7694080686,0,DATA,TWR-0193,"Park Street, Kolkata",975070346598319
CDR-000185,2024-06-05,09:53:58,S0035,+91-9574786019,S0031,+91-7728836158,0,DATA,TWR-0008,Airport Cargo Terminal,284923936758749
CDR-000186,2024-02-05,14:10:24,S0062,+91-7376081376,S0001,+91-7731428289,0,DATA,TWR-0030,Airport Cargo Terminal,959349854085332
CDR-000187,2023-01-27,01:44:40,S0050,+91-9790842177,S0049,+91-9317730052,276,VOICE,TWR-0015,"Malviya Nagar, Jaipur",414402980365527
CDR-000188,2024-02-22,06:27:04,S0011,+91-7365548469,S0035,+91-9574786019,0,SMS,TWR-0051,Bus Terminal Underground,822909324443714
CDR-000189,2023-01-18,18:01:55,S0053,+91-8468512260,S0057,+91-9859711607,1809,VOICE,TWR-0073,"Salt Lake, Kolkata",165507538324549
CDR-000190,2024-09-02,04:59:42,S0058,+91-7497129555,S0052,+91-8821211330,1416,VOICE,TWR-0024,Railway Station Complex,654050233353823
CDR-000191,2023-03-10,09:35:43,S0061,+91-7944047056,S0007,+91-8314545093,98,VOICE,TWR-0135,Industrial Zone B-12,395886883508532
CDR-000192,2024-01-02,06:14:05,S0009,+91-8669674686,S0026,+91-9078465518,834,VOICE,TWR-0103,"Park Street, Kolkata",713263206904411
CDR-000193,2023-03-22,21:57:06,S0011,+91-7365548469,S0003,+91-7303959797,674,VOICE,TWR-0029,"Navrangpura, Ahmedabad",575018015678813
CDR-000194,2024-08-10,12:33:35,S0031,+91-7728836158,S0041,+91-8047680798,1545,VOICE,TWR-0056,"Andheri West, Mumbai",713826709548606
CDR-000195,2023-05-25,14:24:10,S0038,+91-7164583060,S0041,+91-8047680798,0,SMS,TWR-0025,"Connaught Place, New Delhi",420611901510520
CDR-000196,2024-07-01,03:56:32,S0007,+91-8314545093,S0008,+91-7468144718,0,DATA,TWR-0190,Port District Dock 7,851286415366991
CDR-000197,2024-05-18,21:26:40,S0066,+91-9665882102,S0067,+91-8354117104,0,SMS,TWR-0027,45th Street Warehouse,393969867158686
CDR-000198,2024-12-04,22:04:54,S0067,+91-8354117104,S0054,+91-8152869473,1798,VOICE,TWR-0110,Bus Terminal Underground,360793963289460
CDR-000199,2024-11-28,11:35:38,S0070,+91-8361473242,S0069,+91-7305439451,1677,VOICE,TWR-0059,"Kothrud, Pune",606255312537204
CDR-000200,2024-11-28,04:19:56,S0003,+91-7303959797,S0002,+91-7762376237,1862,VOICE,TWR-0016,"Salt Lake, Kolkata",365654449490568
CDR-000201,2024-01-21,19:41:00,S0052,+91-8821211330,S0050,+91-8427287656,593,VOICE,TWR-0044,"Anna Nagar, Chennai",808387097676913
CDR-000202,2023-01-16,12:11:55,S0045,+91-7911765255,S0036,+91-8689097012,0,DATA,TWR-0027,Industrial Zone B-12,555916211211506
CDR-000203,2024-08-07,05:03:05,S0073,+91-8723469890,S0072,+91-8873660196,0,SMS,TWR-0117,Highway NH-48 Rest Stop,727718229616246
CDR-000204,2024-09-15,19:43:42,S0076,+91-8453831805,S0079,+91-8925349210,0,SMS,TWR-0005,"Anna Nagar, Chennai",142545596363750
CDR-000205,2024-09-04,09:07:49,S0043,+91-8599838760,S0078,+91-8505943466,0,DATA,TWR-0166,"Jubilee Hills, Hyderabad",480240350704222
CDR-000206,2024-04-07,22:47:39,S0079,+91-8925349210,S0073,+91-8723469890,0,SMS,TWR-0193,River Bridge Underpass,882813778028419
CDR-000207,2024-02-04,17:23:20,S0057,+91-9859711607,S0058,+91-7497129555,0,SMS,TWR-0169,"Anna Nagar, Chennai",608913318811357
CDR-000208,2024-11-10,16:47:57,S0036,+91-8689097012,S0034,+91-9185263528,0,SMS,TWR-0127,"Salt Lake, Kolkata",268790247538056
CDR-000209,2023-05-13,11:39:18,S0080,+91-9719896275,S0007,+91-8314545093,0,SMS,TWR-0127,Railway Station Complex,990054826666205
CDR-000210,2024-10-02,08:38:47,S0069,+91-7305439451,S0070,+91-8361473242,1515,VOICE,TWR-0069,Abandoned Factory Block C,847109689549085
CDR-000211,2023-02-09,01:06:55,S0047,+91-8940192213,S0050,+91-8427287656,2761,VOICE,TWR-0072,Abandoned Factory Block C,298056153805280
CDR-000212,2024-04-16,21:36:43,S0044,+91-9971861645,S0035,+91-9574786019,1619,VOICE,TWR-0091,Airport Cargo Terminal,788362204868728
CDR-000213,2023-10-03,14:14:59,S0038,+91-7164583060,S0041,+91-8047680798,0,DATA,TWR-0050,"Satellite, Ahmedabad",744687148631208
CDR-000214,2023-12-02,06:47:38,S0014,+91-7694080686,S0022,+91-9029520745,0,SMS,TWR-0185,River Bridge Underpass,300297875618848
CDR-000215,2023-12-18,19:17:14,S0044,+91-9971861645,S0033,+91-8986477033,0,SMS,TWR-0095,"Park Street, Kolkata",219582646185691
CDR-000216,2023-09-27,14:03:50,S0072,+91-8873660196,S0048,+91-8745666148,0,SMS,TWR-0005,"Malviya Nagar, Jaipur",951165110104787
CDR-000217,2023-07-18,11:09:49,S0063,+91-8639980776,S0037,+91-9353860328,0,SMS,TWR-0173,Abandoned Factory Block C,183891779269475
CDR-000218,2024-08-18,08:35:35,S0015,+91-9319492719,S0077,+91-7477042007,0,SMS,TWR-0023,Airport Cargo Terminal,336645672403825
CDR-000219,2023-12-02,07:21:55,S0051,+91-8102313761,S0046,+91-8551797747,444,VOICE,TWR-0045,"Indiranagar, Bangalore",635764612106484
CDR-000220,2024-09-27,09:40:32,S0068,+91-7943867424,S0070,+91-8361473242,3472,VOICE,TWR-0165,Port District Dock 7,419168078301449
CDR-000221,2024-06-25,04:26:32,S0012,+91-9757993748,S0007,+91-8314545093,0,SMS,TWR-0122,"Satellite, Ahmedabad",781246495964361
CDR-000222,2024-06-10,19:10:46,S0017,+91-8160965519,S0001,+91-7731428289,0,DATA,TWR-0090,"Salt Lake, Kolkata",727582042467077
CDR-000223,2024-04-05,19:37:16,S0055,+91-7906087278,S0058,+91-7497129555,1816,VOICE,TWR-0043,"Jubilee Hills, Hyderabad",895000562670940
CDR-000224,2024-03-08,13:14:32,S0044,+91-9971861645,S0033,+91-8986477033,0,DATA,TWR-0183,Airport Cargo Terminal,424298436249096
CDR-000225,2023-12-07,00:55:28,S0023,+91-7870361876,S0028,+91-8010157795,0,DATA,TWR-0002,Abandoned Factory Block C,148271306670854
CDR-000226,2023-08-26,02:38:55,S0020,+91-7191685914,S0048,+91-8745666148,973,VOICE,TWR-0030,Port District Dock 7,177959314513167
CDR-000227,2024-03-11,20:13:36,S0027,+91-8837911267,S0026,+91-9078465518,3028,VOICE,TWR-0026,"Koregaon Park, Pune",420165344615262
CDR-000228,2023-05-28,18:11:21,S0067,+91-8354117104,S0064,+91-7750198381,0,SMS,TWR-0057,"Connaught Place, New Delhi",988141844547063
CDR-000229,2023-05-13,13:20:10,S0057,+91-9859711607,S0038,+91-7164583060,0,SMS,TWR-0190,Old Market Area,424159945829754
CDR-000230,2023-04-19,04:52:07,S0027,+91-8837911267,S0009,+91-8669674686,0,SMS,TWR-0033,"Aundh, Pune",261244267464443
CDR-000231,2023-04-03,18:55:03,S0001,+91-7731428289,S0007,+91-8314545093,1007,VOICE,TWR-0126,"Anna Nagar, Chennai",907884224366391
CDR-000232,2024-02-18,18:53:04,S0071,+91-9835229476,S0080,+91-9719896275,2897,VOICE,TWR-0117,"Anna Nagar, Chennai",303413030946894
CDR-000233,2023-05-19,13:47:44,S0045,+91-7911765255,S0036,+91-8689097012,0,DATA,TWR-0009,"Banjara Hills, Hyderabad",796493983355759
CDR-000234,2023-04-15,14:17:25,S0012,+91-9757993748,S0007,+91-8314545093,0,SMS,TWR-0047,Old Market Area,826678921101526
CDR-000235,2023-08-11,20:33:08,S0061,+91-7944047056,S0062,+91-7376081376,0,SMS,TWR-0048,Airport Cargo Terminal,132954966608890
CDR-000236,2023-08-08,14:59:53,S0042,+91-9807385456,S0033,+91-8986477033,0,DATA,TWR-0188,"Connaught Place, New Delhi",468120785382446
CDR-000237,2023-11-29,23:47:11,S0075,+91-9023218968,S0071,+91-9835229476,0,SMS,TWR-0063,Port District Dock 7,708171211054828
CDR-000238,2024-04-19,17:57:11,S0027,+91-9893729536,S0026,+91-9078465518,901,VOICE,TWR-0101,"Koregaon Park, Pune",742935213385630
CDR-000239,2023-07-04,16:16:06,S0043,+91-8599838760,S0033,+91-8986477033,0,SMS,TWR-0150,"Andheri West, Mumbai",310311675128450
CDR-000240,2024-11-13,21:41:45,S0074,+91-9129320527,S0072,+91-8873660196,0,SMS,TWR-0128,Railway Station Complex,341205846583416
CDR-000241,2023-09-06,04:45:26,S0063,+91-8639980776,S0042,+91-9807385456,616,VOICE,TWR-0173,Highway NH-48 Rest Stop,210964655166408
CDR-000242,2023-06-27,01:22:15,S0018,+91-8515942742,S0051,+91-8102313761,187,VOICE,TWR-0142,"Velachery, Chennai",872385184805113
CDR-000243,2024-11-14,18:43:34,S0060,+91-9164020641,S0062,+91-7376081376,1468,VOICE,TWR-0164,"Satellite, Ahmedabad",999246154180060
CDR-000244,2024-08-09,20:53:35,S0006,+91-8996093227,S0005,+91-9533147930,1318,VOICE,TWR-0018,"Indiranagar, Bangalore",742345550442727
CDR-000245,2023-12-23,00:52:29,S0012,+91-9757993748,S0011,+91-7365548469,383,VOICE,TWR-0123,"Civil Lines, Lucknow",675764997331746
CDR-000246,2023-08-04,21:36:29,S0025,+91-9877427601,S0030,+91-7587753540,2052,VOICE,TWR-0030,"Jubilee Hills, Hyderabad",154513433542600
CDR-000247,2024-02-24,16:59:12,S0020,+91-7191685914,S0015,+91-8928238864,0,SMS,TWR-0014,"Park Street, Kolkata",968492233942890
CDR-000248,2023-02-12,04:24:14,S0012,+91-9757993748,S0007,+91-8314545093,0,SMS,TWR-0115,"Jubilee Hills, Hyderabad",486116370201697
CDR-000249,2023-02-07,10:41:24,S0068,+91-7943867424,S0032,+91-7090425118,2347,VOICE,TWR-0098,"Banjara Hills, Hyderabad",703649958597574
CDR-000250,2024-06-17,03:46:22,S0002,+91-7762376237,S0005,+91-9533147930,0,SMS,TWR-0073,"Anna Nagar, Chennai",201443264030952
CDR-000251,2023-01-09,20:59:13,S0037,+91-9353860328,S0044,+91-9971861645,2728,VOICE,TWR-0035,"Jubilee Hills, Hyderabad",422812303156264
CDR-000252,2023-03-09,23:51:12,S0049,+91-9317730052,S0052,+91-8821211330,0,SMS,TWR-0055,Old Market Area,740489862546825
CDR-000253,2023-04-10,08:19:57,S0077,+91-7477042007,S0071,+91-9835229476,1863,VOICE,TWR-0071,"Aundh, Pune",718902034348586
CDR-000254,2023-09-23,02:43:43,S0042,+91-9807385456,S0039,+91-9007576162,0,SMS,TWR-0007,"Jubilee Hills, Hyderabad",642518751474079
CDR-000255,2023-10-12,02:11:44,S0007,+91-8314545093,S0003,+91-7303959797,0,SMS,TWR-0016,"Andheri West, Mumbai",912391856469606
CDR-000256,2023-05-10,10:14:43,S0011,+91-7365548469,S0035,+91-9574786019,0,SMS,TWR-0028,"Banjara Hills, Hyderabad",393927458865354
CDR-000257,2023-01-18,22:25:58,S0021,+91-7608918981,S0001,+91-7731428289,0,DATA,TWR-0104,"Velachery, Chennai",820393869897287
CDR-000258,2024-08-27,12:40:17,S0058,+91-7497129555,S0057,+91-9859711607,1528,VOICE,TWR-0045,"Navrangpura, Ahmedabad",639947187828558
CDR-000259,2023-02-15,20:12:17,S0014,+91-7694080686,S0015,+91-8928238864,0,SMS,TWR-0132,"Park Street, Kolkata",333307084831797
CDR-000260,2024-02-13,10:03:18,S0004,+91-8808948427,S0053,+91-8468512260,0,DATA,TWR-0126,"Anna Nagar, Chennai",681278399103149
CDR-000261,2024-08-29,01:06:35,S0006,+91-8996093227,S0005,+91-9533147930,0,SMS,TWR-0088,Old Market Area,621804427870122
CDR-000262,2023-02-25,16:49:08,S0011,+91-7365548469,S0003,+91-7303959797,2923,VOICE,TWR-0021,"Marine Drive, Mumbai",506584314846622
CDR-000263,2023-06-29,04:09:29,S0068,+91-7943867424,S0063,+91-8639980776,2888,VOICE,TWR-0005,"Kothrud, Pune",304605520770340
CDR-000264,2024-05-23,01:04:50,S0045,+91-7911765255,S0036,+91-8689097012,842,VOICE,TWR-0002,"Banjara Hills, Hyderabad",974832749553814
CDR-000265,2024-02-08,15:54:13,S0026,+91-9078465518,S0027,+91-8837911267,3376,VOICE,TWR-0091,"Kothrud, Pune",690661357613194
CDR-000266,2024-02-17,15:06:09,S0031,+91-7728836158,S0061,+91-7944047056,1748,VOICE,TWR-0085,45th Street Warehouse,128074437331840
CDR-000267,2023-09-16,01:21:35,S0009,+91-8669674686,S0007,+91-8314545093,0,SMS,TWR-0068,"Kothrud, Pune",712351680665908
CDR-000268,2024-11-14,02:23:41,S0071,+91-9835229476,S0080,+91-9719896275,0,SMS,TWR-0011,"Civil Lines, Lucknow",785505172573740
CDR-000269,2024-02-09,22:04:03,S0065,+91-7911433788,S0066,+91-9665882102,0,DATA,TWR-0164,"Navrangpura, Ahmedabad",173317874997130
CDR-000270,2024-01-27,21:57:14,S0026,+91-9078465518,S0023,+91-7870361876,0,SMS,TWR-0027,"Connaught Place, New Delhi",530101925177101
CDR-000271,2023-09-12,08:29:38,S0013,+91-8601012552,S0020,+91-7191685914,3408,VOICE,TWR-0083,"Connaught Place, New Delhi",337491002677205
CDR-000272,2023-01-16,02:26:21,S0066,+91-9665882102,S0015,+91-8928238864,0,SMS,TWR-0068,"Anna Nagar, Chennai",585025861084152
CDR-000273,2023-06-25,03:50:53,S0018,+91-8515942742,S0014,+91-7694080686,369,VOICE,TWR-0041,Industrial Zone B-12,842267695720079
CDR-000274,2023-08-29,13:26:54,S0004,+91-8808948427,S0006,+91-8996093227,0,SMS,TWR-0158,"Kothrud, Pune",770442303064280
CDR-000275,2023-03-27,16:10:55,S0065,+91-7911433788,S0075,+91-9023218968,0,SMS,TWR-0138,"Gomti Nagar, Lucknow",761633810494826
CDR-000276,2023-11-08,19:28:57,S0038,+91-7164583060,S0066,+91-9665882102,571,VOICE,TWR-0031,"Andheri West, Mumbai",500878861891169
CDR-000277,2023-01-12,19:37:40,S0067,+91-8354117104,S0065,+91-7911433788,711,VOICE,TWR-0007,"Civil Lines, Lucknow",152718748281379
CDR-000278,2024-01-25,20:30:49,S0054,+91-8152869473,S0053,+91-8468512260,353,VOICE,TWR-0104,"MG Road, Bangalore",829529249002372
CDR-000279,2023-10-04,06:01:12,S0011,+91-7365548469,S0066,+91-9665882102,0,SMS,TWR-0144,Abandoned Factory Block C,269378497897969
CDR-000280,2024-10-12,01:49:16,S0060,+91-9164020641,S0051,+91-8102313761,1099,VOICE,TWR-0091,"Navrangpura, Ahmedabad",232760503071718
CDR-000281,2023-12-30,15:33:07,S0034,+91-9185263528,S0012,+91-9757993748,185,VOICE,TWR-0142,45th Street Warehouse,299317612936335
CDR-000282,2024-01-22,12:53:25,S0063,+91-8639980776,S0078,+91-8505943466,0,SMS,TWR-0118,"Kothrud, Pune",841555330097498
CDR-000283,2023-10-17,22:12:10,S0051,+91-8102313761,S0048,+91-8745666148,1546,VOICE,TWR-0064,Railway Station Complex,583358247169728
CDR-000284,2023-06-06,20:25:09,S0004,+91-8808948427,S0006,+91-8996093227,1389,VOICE,TWR-0037,"Anna Nagar, Chennai",753016944785806
CDR-000285,2023-01-01,18:17:47,S0032,+91-7090425118,S0053,+91-8468512260,0,DATA,TWR-0200,"Navrangpura, Ahmedabad",701927923742587
CDR-000286,2023-05-21,09:24:46,S0052,+91-8821211330,S0050,+91-8427287656,1623,VOICE,TWR-0193,"Gomti Nagar, Lucknow",777726276481448
CDR-000287,2023-03-17,07:48:28,S0074,+91-9129320527,S0072,+91-8873660196,3403,VOICE,TWR-0194,Railway Station Complex,502787394362788
CDR-000288,2023-04-21,08:28:13,S0077,+91-7477042007,S0076,+91-8453831805,878,VOICE,TWR-0105,Abandoned Factory Block C,484751762133134
CDR-000289,2023-12-07,00:47:54,S0024,+91-8210847353,S0006,+91-8996093227,683,VOICE,TWR-0072,Highway NH-48 Rest Stop,657986268685948
CDR-000290,2024-12-14,10:31:39,S0019,+91-9469240982,S0017,+91-8160965519,1125,VOICE,TWR-0146,"Connaught Place, New Delhi",629221846600122
CDR-000291,2024-07-05,20:52:15,S0062,+91-7488244816,S0009,+91-8669674686,0,SMS,TWR-0011,"Satellite, Ahmedabad",921330493925008
CDR-000292,2023-10-06,02:53:55,S0001,+91-7731428289,S0060,+91-9164020641,1818,VOICE,TWR-0133,Bus Terminal Underground,217755098066753
CDR-000293,2023-09-29,19:52:34,S0029,+91-8158983385,S0080,+91-9719896275,0,SMS,TWR-0138,"Malviya Nagar, Jaipur",886869142741091
CDR-000294,2023-12-02,12:23:21,S0075,+91-9023218968,S0071,+91-9835229476,2414,VOICE,TWR-0081,Port District Dock 7,155506696643497
CDR-000295,2024-01-05,08:58:15,S0015,+91-8928238864,S0018,+91-8515942742,0,DATA,TWR-0178,"Marine Drive, Mumbai",227665116560995
CDR-000296,2024-07-04,20:12:56,S0010,+91-8733842953,S0002,+91-7762376237,3312,VOICE,TWR-0108,"Banjara Hills, Hyderabad",562508915763498
CDR-000297,2024-01-24,17:40:36,S0017,+91-8160965519,S0022,+91-9029520745,36,VOICE,TWR-0153,45th Street Warehouse,744466935161764
CDR-000298,2023-02-18,10:40:45,S0039,+91-9007576162,S0039,+91-9007576162,0,DATA,TWR-0175,Bus Terminal Underground,984412252357189
CDR-000299,2023-09-26,05:53:31,S0072,+91-9541363841,S0079,+91-8925349210,0,SMS,TWR-0080,"Banjara Hills, Hyderabad",651724473083052
CDR-000300,2023-11-23,08:02:11,S0057,+91-9859711607,S0058,+91-7497129555,0,SMS,TWR-0156,"Sector 15, New Delhi",247332089166305
CDR-000301,2023-05-14,23:03:58,S0032,+91-7090425118,S0048,+91-8745666148,0,SMS,TWR-0087,Old Market Area,161015547470468
CDR-000302,2023-02-24,00:20:00,S0014,+91-7694080686,S0015,+91-8928238864,0,DATA,TWR-0109,"Anna Nagar, Chennai",310250913742530
CDR-000303,2024-12-11,23:54:27,S0016,+91-9192173624,S0017,+91-8160965519,1946,VOICE,TWR-0035,Highway NH-48 Rest Stop,790481774573627
CDR-000304,2024-01-17,18:19:36,S0009,+91-8669674686,S0003,+91-7303959797,0,DATA,TWR-0137,Port District Dock 7,819920343984825
CDR-000305,2024-06-12,14:25:15,S0050,+91-9790842177,S0001,+91-7731428289,0,SMS,TWR-0144,"Jubilee Hills, Hyderabad",294652552691988
CDR-000306,2024-04-01,04:54:42,S0074,+91-9129320527,S0076,+91-8453831805,2947,VOICE,TWR-0068,Bus Terminal Underground,818991115099129
CDR-000307,2023-09-15,08:19:50,S0055,+91-7906087278,S0057,+91-9859711607,0,SMS,TWR-0123,"Banjara Hills, Hyderabad",584228477002172
CDR-000308,2024-10-12,06:08:45,S0045,+91-7268371644,S0036,+91-8689097012,0,DATA,TWR-0132,"Anna Nagar, Chennai",244020173791208
CDR-000309,2024-01-06,09:46:13,S0016,+91-9192173624,S0021,+91-7186376562,198,VOICE,TWR-0110,"Civil Lines, Lucknow",835011950392120
CDR-000310,2023-03-20,04:03:21,S0048,+91-8745666148,S0047,+91-8940192213,0,DATA,TWR-0040,River Bridge Underpass,421407209442122
CDR-000311,2024-04-06,15:57:40,S0069,+91-7305439451,S0068,+91-7943867424,3173,VOICE,TWR-0053,"Navrangpura, Ahmedabad",430418983045971
CDR-000312,2024-12-02,06:10:45,S0022,+91-9029520745,S0021,+91-7186376562,3362,VOICE,TWR-0122,"Indiranagar, Bangalore",114206524385568
CDR-000313,2023-09-19,11:58:36,S0070,+91-8361473242,S0069,+91-7305439451,0,SMS,TWR-0009,"Salt Lake, Kolkata",465915019635717
CDR-000314,2023-12-05,08:21:23,S0070,+91-8361473242,S0069,+91-7305439451,1256,VOICE,TWR-0180,Port District Dock 7,933509847860467
CDR-000315,2024-06-01,10:26:05,S0014,+91-7694080686,S0017,+91-8160965519,0,DATA,TWR-0109,"Indiranagar, Bangalore",293939200570639
CDR-000316,2023-02-24,19:21:35,S0036,+91-8689097012,S0041,+91-8047680798,0,SMS,TWR-0093,Old Market Area,634925575099736
CDR-000317,2024-10-19,23:41:56,S0078,+91-8505943466,S0077,+91-7477042007,0,DATA,TWR-0186,Industrial Zone B-12,371254331077075
CDR-000318,2023-09-19,19:37:10,S0077,+91-7477042007,S0071,+91-9835229476,3016,VOICE,TWR-0160,"Kothrud, Pune",579166219398404
CDR-000319,2023-11-19,17:31:17,S0076,+91-8453831805,S0071,+91-9835229476,0,SMS,TWR-0123,"Park Street, Kolkata",866765261704718
CDR-000320,2024-07-07,13:53:02,S0018,+91-8515942742,S0016,+91-9192173624,2915,VOICE,TWR-0069,"Jubilee Hills, Hyderabad",329385203426931
CDR-000321,2023-06-04,04:06:15,S0072,+91-8873660196,S0079,+91-8925349210,0,SMS,TWR-0128,"Sector 15, New Delhi",276900326628077
CDR-000322,2024-07-24,07:43:19,S0073,+91-8723469890,S0072,+91-8873660196,692,VOICE,TWR-0012,Airport Cargo Terminal,116776644653301
CDR-000323,2024-03-20,13:48:49,S0024,+91-8210847353,S0027,+91-8837911267,474,VOICE,TWR-0008,"Gomti Nagar, Lucknow",810872240344446
CDR-000324,2023-05-05,00:24:28,S0077,+91-7477042007,S0071,+91-9835229476,2248,VOICE,TWR-0076,"Aundh, Pune",532023770981286
CDR-000325,2024-10-27,08:52:57,S0012,+91-9757993748,S0011,+91-7365548469,0,DATA,TWR-0151,"Gomti Nagar, Lucknow",153329557150623
CDR-000326,2023-11-20,03:33:20,S0062,+91-7376081376,S0063,+91-8639980776,147,VOICE,TWR-0188,Highway NH-48 Rest Stop,119030976831939
CDR-000327,2023-12-04,21:25:13,S0059,+91-9818587139,S0052,+91-8821211330,1558,VOICE,TWR-0020,"Banjara Hills, Hyderabad",151877574369336
CDR-000328,2023-01-14,23:34:03,S0056,+91-7990411854,S0054,+91-8152869473,0,DATA,TWR-0077,Bus Terminal Underground,898215748688282
CDR-000329,2024-07-08,11:47:38,S0012,+91-9757993748,S0029,+91-8158983385,416,VOICE,TWR-0152,"Civil Lines, Lucknow",796496689099925
CDR-000330,2024-03-16,15:16:49,S0061,+91-7944047056,S0063,+91-8639980776,2250,VOICE,TWR-0142,"Jubilee Hills, Hyderabad",701563332569166
CDR-000331,2024-06-24,08:31:21,S0073,+91-8723469890,S0077,+91-7477042007,2216,VOICE,TWR-0143,"Gomti Nagar, Lucknow",815261939290399
CDR-000332,2024-08-28,15:36:37,S0073,+91-7472363736,S0077,+91-7477042007,744,VOICE,TWR-0020,"Kothrud, Pune",126316884059635
CDR-000333,2024-04-10,22:58:34,S0077,+91-7477042007,S0076,+91-8453831805,0,SMS,TWR-0048,"Salt Lake, Kolkata",440835782812645
CDR-000334,2023-03-16,16:47:02,S0011,+91-7365548469,S0003,+91-7303959797,1484,VOICE,TWR-0081,"Park Street, Kolkata",647928135955761
CDR-000335,2024-01-30,21:55:21,S0059,+91-9818587139,S0061,+91-7944047056,0,SMS,TWR-0025,"Satellite, Ahmedabad",997608105593508
CDR-000336,2024-03-22,09:41:40,S0071,+91-9835229476,S0080,+91-9719896275,730,VOICE,TWR-0155,"Velachery, Chennai",676716759272661
CDR-000337,2023-09-30,04:48:07,S0076,+91-8453831805,S0071,+91-9835229476,0,SMS,TWR-0089,Industrial Zone B-12,519787069754367
CDR-000338,2023-05-10,00:06:18,S0063,+91-8639980776,S0006,+91-8996093227,0,SMS,TWR-0033,Bus Terminal Underground,513398632297713
CDR-000339,2024-02-13,07:59:37,S0064,+91-7750198381,S0074,+91-9129320527,0,DATA,TWR-0105,"Civil Lines, Lucknow",159493674980941
CDR-000340,2023-06-16,20:23:19,S0059,+91-9818587139,S0061,+91-7944047056,2507,VOICE,TWR-0185,Abandoned Factory Block C,415249687049715
CDR-000341,2023-07-07,05:51:31,S0001,+91-7731428289,S0011,+91-7365548469,2826,VOICE,TWR-0116,"Navrangpura, Ahmedabad",253403733842551
CDR-000342,2024-07-29,23:21:20,S0054,+91-7823740217,S0056,+91-7990411854,0,SMS,TWR-0016,"MG Road, Bangalore",746672249862787
CDR-000343,2024-11-03,03:08:14,S0048,+91-8745666148,S0079,+91-8925349210,1295,VOICE,TWR-0021,Railway Station Complex,149112436114495
CDR-000344,2024-04-18,02:34:50,S0047,+91-9284549529,S0048,+91-8745666148,3321,VOICE,TWR-0081,Industrial Zone B-12,105179793720077
CDR-000345,2024-12-29,11:54:50,S0062,+91-7376081376,S0061,+91-7944047056,2868,VOICE,TWR-0166,"Jubilee Hills, Hyderabad",738935644871195
CDR-000346,2023-12-19,04:47:16,S0067,+91-8354117104,S0066,+91-9665882102,2442,VOICE,TWR-0121,Highway NH-48 Rest Stop,565467577060842
CDR-000347,2024-07-05,03:00:32,S0012,+91-9757993748,S0066,+91-9665882102,0,DATA,TWR-0186,Highway NH-48 Rest Stop,139990744247060
CDR-000348,2024-02-17,08:04:29,S0034,+91-9185263528,S0042,+91-9807385456,2809,VOICE,TWR-0120,Abandoned Factory Block C,340193025678600
CDR-000349,2023-10-07,19:52:02,S0047,+91-8940192213,S0048,+91-8745666148,1788,VOICE,TWR-0110,"Andheri West, Mumbai",762349213728927
CDR-000350,2023-07-19,19:55:17,S0071,+91-9835229476,S0080,+91-9719896275,0,DATA,TWR-0082,Port District Dock 7,530794788338154
CDR-000351,2023-02-24,16:13:14,S0039,+91-9007576162,S0036,+91-8689097012,3348,VOICE,TWR-0071,Old Market Area,543008911981072
CDR-000352,2023-07-30,20:33:19,S0047,+91-8940192213,S0048,+91-8745666148,0,SMS,TWR-0003,"Malviya Nagar, Jaipur",708932019382599
CDR-000353,2023-01-29,21:50:54,S0043,+91-8599838760,S0042,+91-9807385456,0,DATA,TWR-0026,"MG Road, Bangalore",212725697827060
CDR-000354,2023-12-03,10:44:17,S0060,+91-9164020641,S0050,+91-8427287656,0,DATA,TWR-0175,"Salt Lake, Kolkata",873197424352095
CDR-000355,2023-10-02,03:01:39,S0023,+91-7870361876,S0027,+91-8837911267,2800,VOICE,TWR-0001,Abandoned Factory Block C,850816473079391
CDR-000356,2023-01-11,05:44:57,S0018,+91-8515942742,S0014,+91-7694080686,3527,VOICE,TWR-0180,River Bridge Underpass,188875976328386
CDR-000357,2024-12-03,21:24:56,S0041,+91-8047680798,S0035,+91-9574786019,1068,VOICE,TWR-0159,"Banjara Hills, Hyderabad",593212706834818
CDR-000358,2023-05-13,16:52:57,S0037,+91-9353860328,S0044,+91-9971861645,0,SMS,TWR-0091,Old Market Area,764155459680013
CDR-000359,2024-11-24,22:38:52,S0047,+91-9284549529,S0048,+91-8745666148,0,DATA,TWR-0198,Railway Station Complex,328853089819361
CDR-000360,2024-03-14,01:39:37,S0075,+91-9023218968,S0071,+91-9835229476,0,SMS,TWR-0195,"Koregaon Park, Pune",181072079315847
CDR-000361,2024-09-23,06:20:40,S0070,+91-8361473242,S0069,+91-7305439451,2239,VOICE,TWR-0195,Highway NH-48 Rest Stop,872395639068745
CDR-000362,2024-05-13,20:43:51,S0073,+91-7472363736,S0072,+91-8873660196,2370,VOICE,TWR-0005,"Salt Lake, Kolkata",582417474909088
CDR-000363,2023-02-15,08:47:51,S0071,+91-9835229476,S0080,+91-9719896275,0,SMS,TWR-0178,Industrial Zone B-12,906883159184464
CDR-000364,2023-08-19,00:44:48,S0028,+91-8010157795,S0025,+91-9877427601,16,VOICE,TWR-0118,"Salt Lake, Kolkata",276964878268247
CDR-000365,2024-05-20,07:44:14,S0043,+91-8599838760,S0044,+91-9971861645,1559,VOICE,TWR-0034,Abandoned Factory Block C,306765700629019
CDR-000366,2023-07-11,20:51:02,S0037,+91-9353860328,S0044,+91-9971861645,0,SMS,TWR-0057,Port District Dock 7,446454487504148
CDR-000367,2024-11-24,01:41:21,S0043,+91-8599838760,S0009,+91-8669674686,1463,VOICE,TWR-0164,Highway NH-48 Rest Stop,709129266017344
CDR-000368,2023-04-01,13:58:55,S0072,+91-9541363841,S0066,+91-9665882102,1613,VOICE,TWR-0035,"Malviya Nagar, Jaipur",107314017998964
CDR-000369,2024-07-23,19:46:16,S0037,+91-9353860328,S0043,+91-8599838760,1852,VOICE,TWR-0145,Bus Terminal Underground,198772162062275
CDR-000370,2023-08-25,08:44:52,S0022,+91-9029520745,S0015,+91-8928238864,0,SMS,TWR-0046,Port District Dock 7,259277548834925
CDR-000371,2023-01-26,21:41:37,S0059,+91-9818587139,S0061,+91-7944047056,521,VOICE,TWR-0114,"Park Street, Kolkata",354056601718558
CDR-000372,2024-09-14,06:13:22,S0071,+91-9835229476,S0080,+91-9719896275,281,VOICE,TWR-0135,Port District Dock 7,688003032351987
CDR-000373,2024-03-20,03:52:28,S0074,+91-9129320527,S0001,+91-7731428289,3170,VOICE,TWR-0112,"Aundh, Pune",518190380795815
CDR-000374,2024-12-07,17:07:42,S0043,+91-8599838760,S0044,+91-9971861645,0,SMS,TWR-0025,"Salt Lake, Kolkata",681824427777446
CDR-000375,2023-08-10,02:26:43,S0006,+91-8996093227,S0044,+91-9971861645,0,DATA,TWR-0156,"Jubilee Hills, Hyderabad",639974377562446
CDR-000376,2024-06-10,05:01:41,S0023,+91-7870361876,S0036,+91-8689097012,0,SMS,TWR-0123,"Anna Nagar, Chennai",160769497507344
CDR-000377,2023-05-19,05:39:40,S0023,+91-7870361876,S0028,+91-8010157795,247,VOICE,TWR-0072,"Civil Lines, Lucknow",837275283301279
CDR-000378,2024-01-04,21:01:04,S0028,+91-8010157795,S0068,+91-7943867424,0,SMS,TWR-0180,"Sector 15, New Delhi",242462661296309
CDR-000379,2023-08-13,04:46:36,S0002,+91-7762376237,S0012,+91-9757993748,0,SMS,TWR-0128,"Indiranagar, Bangalore",883007444085132
CDR-000380,2024-05-30,03:24:20,S0014,+91-7694080686,S0017,+91-8160965519,1716,VOICE,TWR-0013,"Connaught Place, New Delhi",545711319769100
CDR-000381,2024-04-12,16:44:00,S0026,+91-9078465518,S0028,+91-8010157795,1462,VOICE,TWR-0150,"Park Street, Kolkata",704910113612968
CDR-000382,2024-09-04,03:15:51,S0029,+91-8158983385,S0028,+91-8010157795,0,SMS,TWR-0176,Railway Station Complex,628805281363965
CDR-000383,2023-08-12,04:20:41,S0039,+91-9007576162,S0036,+91-8689097012,3221,VOICE,TWR-0064,Airport Cargo Terminal,935276501017694
CDR-000384,2023-06-04,20:39:41,S0070,+91-8361473242,S0009,+91-8669674686,0,SMS,TWR-0052,"Park Street, Kolkata",648142709210084
CDR-000385,2024-03-03,14:19:04,S0002,+91-7762376237,S0005,+91-9533147930,0,DATA,TWR-0011,"Salt Lake, Kolkata",888608539608052
CDR-000386,2024-01-06,13:10:04,S0051,+91-8102313761,S0011,+91-7365548469,252,VOICE,TWR-0074,Highway NH-48 Rest Stop,981833077660923
CDR-000387,2023-11-10,22:00:53,S0033,+91-8986477033,S0042,+91-9807385456,3159,VOICE,TWR-0058,"Kothrud, Pune",487072832931069
CDR-000388,2023-06-22,14:01:47,S0002,+91-7762376237,S0005,+91-9533147930,556,VOICE,TWR-0031,"MG Road, Bangalore",387922353372497
CDR-000389,2024-12-13,11:40:16,S0028,+91-8010157795,S0018,+91-8515942742,0,SMS,TWR-0026,Industrial Zone B-12,816334029836983
CDR-000390,2023-06-01,23:16:56,S0006,+91-9389242087,S0005,+91-9533147930,0,SMS,TWR-0183,"MG Road, Bangalore",776425815534536
CDR-000391,2023-09-03,04:52:40,S0074,+91-9129320527,S0076,+91-8453831805,0,DATA,TWR-0073,"Andheri West, Mumbai",850650184574157
CDR-000392,2024-12-07,08:46:13,S0008,+91-7468144718,S0010,+91-8733842953,322,VOICE,TWR-0094,Bus Terminal Underground,695603165824099
CDR-000393,2024-02-04,20:31:27,S0064,+91-7750198381,S0065,+91-7911433788,2770,VOICE,TWR-0085,Port District Dock 7,551909816853101
CDR-000394,2024-01-05,08:44:07,S0076,+91-8453831805,S0035,+91-9574786019,1793,VOICE,TWR-0121,Bus Terminal Underground,542507348850850
CDR-000395,2024-03-17,07:35:44,S0050,+91-8427287656,S0077,+91-7477042007,1153,VOICE,TWR-0046,"Banjara Hills, Hyderabad",516514269895167
CDR-000396,2024-06-04,03:11:13,S0003,+91-7303959797,S0012,+91-9757993748,3342,VOICE,TWR-0195,"Salt Lake, Kolkata",260548437086827
CDR-000397,2024-04-02,06:36:58,S0042,+91-9807385456,S0048,+91-8745666148,0,DATA,TWR-0062,"Sector 15, New Delhi",410955549927711
CDR-000398,2024-01-30,04:27:41,S0018,+91-8515942742,S0019,+91-9469240982,3337,VOICE,TWR-0171,"Civil Lines, Lucknow",713010591841754
CDR-000399,2023-08-07,02:01:58,S0075,+91-9023218968,S0078,+91-8505943466,0,SMS,TWR-0057,Industrial Zone B-12,615549707874093
CDR-000400,2023-05-05,18:02:50,S0029,+91-8158983385,S0028,+91-8010157795,0,SMS,TWR-0043,"Jubilee Hills, Hyderabad",235389961675553
CDR-000401,2023-11-22,05:41:42,S0011,+91-7365548469,S0035,+91-9574786019,861,VOICE,TWR-0169,"Civil Lines, Lucknow",587453775143603
CDR-000402,2024-05-25,01:46:11,S0065,+91-7911433788,S0034,+91-9185263528,465,VOICE,TWR-0165,"Anna Nagar, Chennai",829701499026941
CDR-000403,2023-08-16,16:11:28,S0004,+91-8808948427,S0006,+91-8996093227,1900,VOICE,TWR-0148,"Connaught Place, New Delhi",867825907704688
CDR-000404,2023-03-05,23:30:33,S0042,+91-9807385456,S0033,+91-8986477033,3394,VOICE,TWR-0196,45th Street Warehouse,502072076067143
CDR-000405,2024-10-26,18:54:05,S0020,+91-7191685914,S0069,+91-7305439451,0,DATA,TWR-0010,"Sector 15, New Delhi",271119746737868
CDR-000406,2024-04-19,07:05:41,S0062,+91-7488244816,S0023,+91-7870361876,496,VOICE,TWR-0155,"Koregaon Park, Pune",879461718681937
CDR-000407,2024-05-21,05:59:18,S0016,+91-9192173624,S0028,+91-8010157795,148,VOICE,TWR-0051,"Salt Lake, Kolkata",489405883227132
CDR-000408,2024-09-07,23:28:45,S0045,+91-7268371644,S0067,+91-8354117104,0,SMS,TWR-0162,Bus Terminal Underground,982811134367893
CDR-000409,2024-11-30,07:45:45,S0032,+91-7090425118,S0039,+91-9007576162,966,VOICE,TWR-0039,45th Street Warehouse,967908493717892
CDR-000410,2023-06-28,00:03:06,S0057,+91-9859711607,S0054,+91-8152869473,1181,VOICE,TWR-0122,Old Market Area,980132834690731
CDR-000411,2023-03-31,18:28:09,S0029,+91-8158983385,S0029,+91-8158983385,0,DATA,TWR-0121,"Salt Lake, Kolkata",720622984531835
CDR-000412,2024-06-01,05:46:01,S0059,+91-9818587139,S0061,+91-7944047056,0,DATA,TWR-0098,"Marine Drive, Mumbai",115939047421135
CDR-000413,2023-08-16,20:19:34,S0063,+91-8639980776,S0059,+91-9818587139,0,SMS,TWR-0047,Old Market Area,655063788004940
CDR-000414,2024-05-04,07:17:34,S0056,+91-7990411854,S0034,+91-9185263528,1333,VOICE,TWR-0068,"Jubilee Hills, Hyderabad",336236709590429
CDR-000415,2023-01-18,23:06:36,S0028,+91-8010157795,S0020,+91-7191685914,0,SMS,TWR-0075,"Civil Lines, Lucknow",273353457710169
CDR-000416,2023-07-02,12:52:45,S0045,+91-7911765255,S0036,+91-8689097012,1663,VOICE,TWR-0047,Airport Cargo Terminal,795732683145718
CDR-000417,2024-05-05,08:54:25,S0044,+91-9971861645,S0033,+91-8986477033,0,DATA,TWR-0030,"Satellite, Ahmedabad",405741779968182
CDR-000418,2023-01-07,17:40:44,S0051,+91-8102313761,S0047,+91-8940192213,2745,VOICE,TWR-0144,"Koregaon Park, Pune",237390730310261
CDR-000419,2023-06-28,14:36:38,S0072,+91-9541363841,S0074,+91-9129320527,2712,VOICE,TWR-0074,Industrial Zone B-12,358099184683813
CDR-000420,2023-11-18,10:04:47,S0074,+91-9129320527,S0061,+91-7944047056,3243,VOICE,TWR-0093,"Banjara Hills, Hyderabad",740273329522204
CDR-000421,2023-03-15,02:49:17,S0010,+91-8733842953,S0009,+91-8669674686,0,SMS,TWR-0173,"Banjara Hills, Hyderabad",582184510537265
CDR-000422,2024-08-28,11:41:19,S0035,+91-9574786019,S0031,+91-7728836158,0,SMS,TWR-0092,Port District Dock 7,167775377910431
CDR-000423,2023-01-16,02:35:21,S0062,+91-7488244816,S0018,+91-8515942742,0,DATA,TWR-0128,"Park Street, Kolkata",920738769417888
CDR-000424,2024-09-27,14:41:31,S0012,+91-9757993748,S0011,+91-7365548469,0,SMS,TWR-0166,"Andheri West, Mumbai",140911307180018
CDR-000425,2023-08-25,02:54:33,S0073,+91-7472363736,S0061,+91-7944047056,0,SMS,TWR-0198,"Anna Nagar, Chennai",592972617565927
CDR-000426,2024-09-28,17:17:59,S0050,+91-8427287656,S0049,+91-9317730052,0,SMS,TWR-0091,"Navrangpura, Ahmedabad",817653991063453
CDR-000427,2024-10-07,13:54:59,S0027,+91-8837911267,S0074,+91-9129320527,1351,VOICE,TWR-0008,"Gomti Nagar, Lucknow",916368795492666
CDR-000428,2024-08-23,02:31:17,S0075,+91-9242647667,S0078,+91-8505943466,0,SMS,TWR-0199,"Indiranagar, Bangalore",406567799735332
CDR-000429,2024-12-29,01:49:05,S0037,+91-9353860328,S0044,+91-9971861645,9,VOICE,TWR-0144,"Andheri West, Mumbai",444715774451656
CDR-000430,2024-04-05,11:16:08,S0040,+91-9752093579,S0041,+91-8047680798,369,VOICE,TWR-0052,"Salt Lake, Kolkata",491318295120282
CDR-000431,2024-02-21,08:53:36,S0055,+91-7906087278,S0057,+91-9859711607,1450,VOICE,TWR-0057,"Velachery, Chennai",142370707845956
CDR-000432,2024-04-20,16:04:12,S0076,+91-8453831805,S0035,+91-9574786019,328,VOICE,TWR-0163,"Kothrud, Pune",503179962056067
CDR-000433,2024-12-12,13:30:22,S0018,+91-8515942742,S0014,+91-7694080686,2436,VOICE,TWR-0003,"Anna Nagar, Chennai",493798542012999
CDR-000434,2023-08-29,02:51:11,S0015,+91-8928238864,S0018,+91-8515942742,3500,VOICE,TWR-0075,River Bridge Underpass,798917985908161
CDR-000435,2024-11-04,15:49:27,S0072,+91-8873660196,S0043,+91-8599838760,1020,VOICE,TWR-0085,Highway NH-48 Rest Stop,428942626038611
CDR-000436,2024-09-18,04:25:00,S0029,+91-8158983385,S0028,+91-8010157795,0,SMS,TWR-0155,"Kothrud, Pune",947780350088314
CDR-000437,2023-08-20,20:55:55,S0078,+91-8505943466,S0077,+91-7477042007,0,DATA,TWR-0068,"Sector 15, New Delhi",954636325793757
CDR-000438,2024-09-11,17:22:05,S0072,+91-8873660196,S0074,+91-9129320527,0,DATA,TWR-0148,Industrial Zone B-12,700306795441433
CDR-000439,2024-04-01,04:41:59,S0067,+91-8185491609,S0064,+91-7750198381,0,SMS,TWR-0030,Bus Terminal Underground,957578176152911
CDR-000440,2024-12-27,15:01:46,S0006,+91-8996093227,S0005,+91-9533147930,1522,VOICE,TWR-0150,"Jubilee Hills, Hyderabad",975665917269034
CDR-000441,2024-03-19,11:04:56,S0017,+91-8160965519,S0022,+91-9029520745,0,DATA,TWR-0038,Railway Station Complex,351580333323725
CDR-000442,2023-07-28,16:48:05,S0073,+91-7472363736,S0072,+91-8873660196,0,DATA,TWR-0092,"Gomti Nagar, Lucknow",769803186261981
CDR-000443,2023-01-03,20:13:14,S0051,+91-8102313761,S0046,+91-8551797747,0,DATA,TWR-0021,River Bridge Underpass,786217978685023
CDR-000444,2023-07-13,09:26:36,S0028,+91-8010157795,S0034,+91-9185263528,2854,VOICE,TWR-0100,"Navrangpura, Ahmedabad",181600447191623
CDR-000445,2023-10-31,06:41:00,S0029,+91-8158983385,S0071,+91-9835229476,0,SMS,TWR-0041,River Bridge Underpass,934137069333652
CDR-000446,2023-07-07,09:39:10,S0018,+91-8515942742,S0016,+91-9192173624,1670,VOICE,TWR-0028,"Sector 15, New Delhi",361195435031450
CDR-000447,2024-02-10,19:40:14,S0058,+91-7497129555,S0054,+91-8152869473,3409,VOICE,TWR-0142,Port District Dock 7,833103456066314
CDR-000448,2023-06-06,23:48:17,S0041,+91-8047680798,S0019,+91-9469240982,0,SMS,TWR-0125,"Andheri West, Mumbai",422061942069998
CDR-000449,2023-06-08,08:18:54,S0009,+91-8669674686,S0003,+91-7303959797,0,SMS,TWR-0094,"Marine Drive, Mumbai",282377897956822
CDR-000450,2023-06-13,07:14:39,S0072,+91-8873660196,S0079,+91-8925349210,828,VOICE,TWR-0040,"Malviya Nagar, Jaipur",363207592635278
CDR-000451,2023-08-09,07:26:32,S0002,+91-7762376237,S0012,+91-9757993748,3600,VOICE,TWR-0006,"Navrangpura, Ahmedabad",385568927805779
CDR-000452,2024-01-09,00:23:23,S0053,+91-8468512260,S0057,+91-9859711607,0,DATA,TWR-0037,Highway NH-48 Rest Stop,786428022875358
CDR-000453,2024-10-19,13:28:42,S0079,+91-8925349210,S0073,+91-8723469890,867,VOICE,TWR-0045,River Bridge Underpass,927215987585672
CDR-000454,2023-10-05,04:47:56,S0075,+91-9242647667,S0071,+91-9835229476,196,VOICE,TWR-0076,"Andheri West, Mumbai",997526795096419
CDR-000455,2023-02-23,13:35:29,S0003,+91-7303959797,S0002,+91-7762376237,244,VOICE,TWR-0185,"Connaught Place, New Delhi",843717649129238
CDR-000456,2024-12-08,18:01:45,S0070,+91-8361473242,S0069,+91-7305439451,0,SMS,TWR-0106,"Park Street, Kolkata",985702238598614
CDR-000457,2024-10-17,19:43:11,S0077,+91-7477042007,S0024,+91-8210847353,0,SMS,TWR-0113,"Jubilee Hills, Hyderabad",862952787623070
CDR-000458,2023-11-21,21:48:05,S0061,+91-7944047056,S0059,+91-9818587139,0,SMS,TWR-0150,Port District Dock 7,486455522694666
CDR-000459,2023-09-11,17:40:31,S0050,+91-8427287656,S0049,+91-9317730052,0,SMS,TWR-0116,"Kothrud, Pune",994444447006439
CDR-000460,2023-02-12,08:34:54,S0024,+91-9732081200,S0027,+91-8837911267,2859,VOICE,TWR-0177,"Satellite, Ahmedabad",936259846030634
CDR-000461,2023-10-26,01:18:45,S0079,+91-8925349210,S0073,+91-8723469890,0,SMS,TWR-0058,"Malviya Nagar, Jaipur",496902871548015
CDR-000462,2023-07-02,21:46:44,S0014,+91-7694080686,S0017,+91-8160965519,0,SMS,TWR-0196,"Park Street, Kolkata",214866727042651
CDR-000463,2023-07-06,05:57:16,S0023,+91-7870361876,S0030,+91-7587753540,92,VOICE,TWR-0075,"Jubilee Hills, Hyderabad",227208961316938
CDR-000464,2024-01-27,07:00:12,S0049,+91-9317730052,S0054,+91-8152869473,0,SMS,TWR-0001,Old Market Area,327831674858372
CDR-000465,2024-05-26,18:30:59,S0038,+91-7164583060,S0034,+91-9185263528,0,SMS,TWR-0085,"Sector 15, New Delhi",623119590491668
CDR-000466,2024-12-01,12:43:11,S0003,+91-7303959797,S0002,+91-7762376237,0,SMS,TWR-0081,"Aundh, Pune",867720198757796
CDR-000467,2024-10-11,23:57:16,S0058,+91-7497129555,S0053,+91-8468512260,861,VOICE,TWR-0154,Railway Station Complex,566250124248194
CDR-000468,2023-06-13,13:03:34,S0030,+91-7587753540,S0028,+91-8010157795,2328,VOICE,TWR-0108,"MG Road, Bangalore",549648225763149
CDR-000469,2024-08-09,05:44:25,S0045,+91-7268371644,S0036,+91-8689097012,0,SMS,TWR-0030,"MG Road, Bangalore",965375475388831
CDR-000470,2024-02-16,08:28:06,S0053,+91-8468512260,S0057,+91-9859711607,1790,VOICE,TWR-0172,Railway Station Complex,273580297377453
CDR-000471,2024-03-17,13:43:31,S0053,+91-8468512260,S0058,+91-7497129555,316,VOICE,TWR-0067,"Malviya Nagar, Jaipur",130475002176303
CDR-000472,2024-07-05,01:28:21,S0071,+91-9835229476,S0080,+91-9719896275,183,VOICE,TWR-0137,Bus Terminal Underground,352710940742498
CDR-000473,2023-03-20,13:32:53,S0021,+91-7608918981,S0020,+91-7191685914,3073,VOICE,TWR-0170,River Bridge Underpass,226838473545956
CDR-000474,2024-02-16,10:50:53,S0048,+91-8745666148,S0047,+91-8940192213,39,VOICE,TWR-0150,"Park Street, Kolkata",467849048966350
CDR-000475,2024-11-20,00:02:05,S0034,+91-9185263528,S0042,+91-9807385456,0,SMS,TWR-0046,"Kothrud, Pune",665741373220905
CDR-000476,2024-02-02,23:13:18,S0064,+91-7750198381,S0065,+91-7911433788,1650,VOICE,TWR-0103,Railway Station Complex,972652790043664
CDR-000477,2024-09-17,05:07:49,S0016,+91-9192173624,S0021,+91-7186376562,0,DATA,TWR-0038,"Anna Nagar, Chennai",317643495325514
CDR-000478,2023-08-11,04:06:20,S0024,+91-9732081200,S0027,+91-8837911267,0,SMS,TWR-0131,River Bridge Underpass,739910956892852
CDR-000479,2024-09-16,21:37:44,S0015,+91-8928238864,S0021,+91-7186376562,2515,VOICE,TWR-0177,"Gomti Nagar, Lucknow",833735447594437
CDR-000480,2024-03-08,14:55:16,S0021,+91-7608918981,S0014,+91-7694080686,0,SMS,TWR-0191,"Anna Nagar, Chennai",102399624987542
CDR-000481,2024-02-10,06:51:53,S0008,+91-7468144718,S0010,+91-8733842953,3580,VOICE,TWR-0083,45th Street Warehouse,467761069030712
CDR-000482,2024-03-03,22:25:33,S0023,+91-7870361876,S0026,+91-9078465518,0,SMS,TWR-0145,Highway NH-48 Rest Stop,170311240856423
CDR-000483,2023-07-01,20:14:11,S0008,+91-7468144718,S0006,+91-8996093227,0,DATA,TWR-0129,"Malviya Nagar, Jaipur",533881431462312
CDR-000484,2024-10-08,19:44:44,S0027,+91-8837911267,S0026,+91-9078465518,0,SMS,TWR-0197,"Salt Lake, Kolkata",547712446253846
CDR-000485,2023-01-01,02:42:29,S0059,+91-9818587139,S0044,+91-9971861645,782,VOICE,TWR-0130,Port District Dock 7,326444234418112
CDR-000486,2023-08-18,12:43:07,S0029,+91-8158983385,S0020,+91-7191685914,770,VOICE,TWR-0154,Railway Station Complex,171270069428670
CDR-000487,2024-05-19,14:02:26,S0068,+91-7943867424,S0028,+91-8010157795,0,SMS,TWR-0109,Highway NH-48 Rest Stop,914422990779355
CDR-000488,2024-06-19,03:39:26,S0048,+91-8745666148,S0022,+91-9029520745,0,SMS,TWR-0069,"Navrangpura, Ahmedabad",184511085034782
CDR-000489,2024-12-12,04:01:45,S0080,+91-9719896275,S0007,+91-8314545093,0,DATA,TWR-0108,"Kothrud, Pune",700375668061146
CDR-000490,2024-11-22,00:36:20,S0032,+91-7090425118,S0033,+91-8986477033,0,SMS,TWR-0039,Old Market Area,524318677468009
CDR-000491,2024-09-18,12:53:06,S0048,+91-8745666148,S0047,+91-8940192213,0,SMS,TWR-0036,"Banjara Hills, Hyderabad",329842804957112
CDR-000492,2023-10-07,15:50:36,S0040,+91-9752093579,S0042,+91-9807385456,0,SMS,TWR-0196,"Andheri West, Mumbai",435362806839951
CDR-000493,2024-05-01,05:11:46,S0018,+91-8515942742,S0019,+91-9469240982,0,SMS,TWR-0109,"Kothrud, Pune",170851088387359
CDR-000494,2024-07-20,21:40:25,S0057,+91-9859711607,S0055,+91-7906087278,1878,VOICE,TWR-0175,"Velachery, Chennai",729544516176325
CDR-000495,2024-09-14,18:21:09,S0046,+91-7714270952,S0049,+91-9317730052,3474,VOICE,TWR-0106,"Andheri West, Mumbai",425357699240335
CDR-000496,2024-07-03,19:24:49,S0059,+91-9818587139,S0044,+91-9971861645,0,DATA,TWR-0075,Highway NH-48 Rest Stop,700898498944502
CDR-000497,2024-10-17,18:44:31,S0004,+91-8808948427,S0006,+91-8996093227,3307,VOICE,TWR-0003,"Banjara Hills, Hyderabad",292418678871080
CDR-000498,2024-02-11,14:34:16,S0016,+91-7433584847,S0005,+91-9533147930,0,SMS,TWR-0016,"Sector 15, New Delhi",712899735309022
CDR-000499,2024-07-23,19:38:49,S0023,+91-9115149321,S0028,+91-8010157795,0,SMS,TWR-0171,Port District Dock 7,471411768622551
CDR-000500,2024-07-20,12:39:24,S0062,+91-7376081376,S0063,+91-8639980776,0,DATA,TWR-0061,"Sector 15, New Delhi",603365700889336
CDR-000501,2023-12-20,14:12:47,S0048,+91-8745666148,S0007,+91-8314545093,0,SMS,TWR-0027,"Kothrud, Pune",771534365496669
CDR-000502,2023-09-25,20:34:59,S0046,+91-8551797747,S0051,+91-8102313761,0,SMS,TWR-0139,Industrial Zone B-12,431232132150433
CDR-000503,2024-10-31,04:18:27,S0056,+91-7990411854,S0053,+91-8468512260,2179,VOICE,TWR-0107,Abandoned Factory Block C,135158752263050
CDR-000504,2023-08-25,09:52:50,S0015,+91-8928238864,S0018,+91-8515942742,1215,VOICE,TWR-0065,"Jubilee Hills, Hyderabad",770253704598160
CDR-000505,2024-01-19,06:00:05,S0006,+91-8996093227,S0005,+91-9533147930,0,DATA,TWR-0097,"Jubilee Hills, Hyderabad",976086515917004
CDR-000506,2023-05-21,11:29:03,S0017,+91-8160965519,S0022,+91-9029520745,0,SMS,TWR-0048,Bus Terminal Underground,240605120899419
CDR-000507,2023-10-29,16:00:16,S0078,+91-8505943466,S0073,+91-8723469890,3253,VOICE,TWR-0128,"Koregaon Park, Pune",441795167288810
CDR-000508,2024-03-23,11:52:43,S0070,+91-8361473242,S0068,+91-7943867424,704,VOICE,TWR-0060,"Satellite, Ahmedabad",451887637891715
CDR-000509,2023-08-12,03:42:00,S0001,+91-7731428289,S0005,+91-9533147930,0,SMS,TWR-0153,"Marine Drive, Mumbai",934314591394953
CDR-000510,2024-04-28,08:37:21,S0032,+91-7090425118,S0039,+91-9007576162,0,SMS,TWR-0163,"Andheri West, Mumbai",276825928096842
CDR-000511,2024-09-24,12:36:57,S0055,+91-7906087278,S0069,+91-7305439451,2281,VOICE,TWR-0173,"Banjara Hills, Hyderabad",465607176134414
CDR-000512,2023-05-24,11:22:56,S0022,+91-9029520745,S0015,+91-8928238864,420,VOICE,TWR-0129,"Banjara Hills, Hyderabad",514603884345418
CDR-000513,2024-10-14,01:43:01,S0079,+91-8925349210,S0073,+91-8723469890,1492,VOICE,TWR-0024,"Civil Lines, Lucknow",611279127045779
CDR-000514,2023-11-01,15:57:36,S0040,+91-9752093579,S0044,+91-9971861645,0,SMS,TWR-0191,Bus Terminal Underground,433039204083243
CDR-000515,2024-04-15,07:15:40,S0015,+91-8928238864,S0060,+91-9164020641,1069,VOICE,TWR-0155,"Aundh, Pune",475337349395225
CDR-000516,2024-06-26,07:55:43,S0030,+91-7587753540,S0025,+91-9877427601,1730,VOICE,TWR-0018,Old Market Area,369815003958993
CDR-000517,2023-06-29,20:16:23,S0067,+91-8354117104,S0024,+91-8210847353,284,VOICE,TWR-0045,"Velachery, Chennai",635047884376653
CDR-000518,2023-11-17,06:36:34,S0026,+91-9078465518,S0023,+91-7870361876,505,VOICE,TWR-0079,"Connaught Place, New Delhi",339485919975061
CDR-000519,2024-06-08,20:33:13,S0042,+91-9807385456,S0062,+91-7376081376,3541,VOICE,TWR-0109,Industrial Zone B-12,311658042913973
CDR-000520,2023-06-16,21:34:18,S0038,+91-7164583060,S0034,+91-9185263528,3318,VOICE,TWR-0017,"Koregaon Park, Pune",336327244646083
CDR-000521,2023-09-26,12:25:55,S0051,+91-8102313761,S0046,+91-8551797747,0,SMS,TWR-0148,"Kothrud, Pune",132645145747735
CDR-000522,2024-06-28,08:31:04,S0005,+91-9533147930,S0007,+91-8314545093,0,DATA,TWR-0182,"Banjara Hills, Hyderabad",207185907036066
CDR-000523,2023-06-24,23:41:09,S0011,+91-7365548469,S0007,+91-8314545093,1212,VOICE,TWR-0189,"Gomti Nagar, Lucknow",681756655195043
CDR-000524,2024-07-28,13:30:19,S0039,+91-9007576162,S0044,+91-9971861645,0,SMS,TWR-0126,"Banjara Hills, Hyderabad",899364861036623
CDR-000525,2024-08-29,01:52:09,S0074,+91-9129320527,S0079,+91-8925349210,738,VOICE,TWR-0113,Railway Station Complex,621020695142391
CDR-000526,2024-07-07,06:49:40,S0069,+91-7305439451,S0070,+91-8361473242,0,SMS,TWR-0116,Abandoned Factory Block C,620301280141557
CDR-000527,2023-04-12,09:40:48,S0002,+91-7762376237,S0075,+91-9023218968,0,DATA,TWR-0109,"Velachery, Chennai",688926602289553
CDR-000528,2024-10-15,01:04:50,S0051,+91-8102313761,S0014,+91-7694080686,0,SMS,TWR-0088,Highway NH-48 Rest Stop,228439005737239
CDR-000529,2023-12-11,20:59:14,S0011,+91-7365548469,S0035,+91-9574786019,0,DATA,TWR-0006,Railway Station Complex,794903352873697
CDR-000530,2024-08-13,01:42:39,S0074,+91-9129320527,S0072,+91-8873660196,1522,VOICE,TWR-0144,Bus Terminal Underground,758875569602924
CDR-000531,2024-07-05,00:45:08,S0027,+91-8837911267,S0026,+91-9078465518,0,SMS,TWR-0192,"Sector 15, New Delhi",458508088222491
CDR-000532,2023-03-23,00:22:47,S0025,+91-9915424029,S0030,+91-7587753540,0,DATA,TWR-0137,"Jubilee Hills, Hyderabad",745709046163097
CDR-000533,2023-02-13,20:53:51,S0061,+91-7944047056,S0059,+91-9818587139,0,SMS,TWR-0084,Airport Cargo Terminal,998019829908306
CDR-000534,2023-11-03,07:43:30,S0013,+91-8601012552,S0016,+91-9192173624,2932,VOICE,TWR-0103,"MG Road, Bangalore",486469342543397
CDR-000535,2023-03-22,07:54:06,S0068,+91-7943867424,S0070,+91-8361473242,2832,VOICE,TWR-0185,"Malviya Nagar, Jaipur",739904604501802
CDR-000536,2024-10-03,12:09:20,S0032,+91-7090425118,S0035,+91-9574786019,2235,VOICE,TWR-0193,Airport Cargo Terminal,584364812225043
CDR-000537,2024-10-28,12:10:18,S0012,+91-9757993748,S0007,+91-8314545093,3530,VOICE,TWR-0097,"Navrangpura, Ahmedabad",648701763557778
CDR-000538,2024-02-07,22:20:05,S0073,+91-7472363736,S0077,+91-7477042007,0,SMS,TWR-0131,River Bridge Underpass,630901938182831
CDR-000539,2024-03-07,23:40:17,S0063,+91-8639980776,S0062,+91-7376081376,1554,VOICE,TWR-0088,River Bridge Underpass,432122302118302
CDR-000540,2024-02-27,02:47:12,S0023,+91-7870361876,S0030,+91-7587753540,0,DATA,TWR-0160,Old Market Area,464036913095066
CDR-000541,2023-05-08,01:21:51,S0027,+91-8837911267,S0029,+91-8158983385,0,SMS,TWR-0140,"Sector 15, New Delhi",652157282011549
CDR-000542,2023-05-18,18:32:10,S0028,+91-8010157795,S0030,+91-7587753540,3578,VOICE,TWR-0163,"Civil Lines, Lucknow",404657820461387
CDR-000543,2023-01-23,20:56:51,S0059,+91-9818587139,S0061,+91-7944047056,0,SMS,TWR-0012,"Connaught Place, New Delhi",552760399760028
CDR-000544,2024-07-03,10:07:46,S0034,+91-9185263528,S0042,+91-9807385456,0,SMS,TWR-0196,"Civil Lines, Lucknow",460179699083935
CDR-000545,2023-05-20,17:52:31,S0045,+91-7911765255,S0036,+91-8689097012,509,VOICE,TWR-0051,"Sector 15, New Delhi",988148211820286
CDR-000546,2023-08-02,21:30:17,S0014,+91-7694080686,S0035,+91-9574786019,0,SMS,TWR-0017,"Gomti Nagar, Lucknow",331423547055812
CDR-000547,2023-08-08,14:44:05,S0071,+91-9835229476,S0080,+91-9719896275,0,SMS,TWR-0116,"Sector 15, New Delhi",382681129799828
CDR-000548,2023-07-17,18:39:54,S0013,+91-8601012552,S0015,+91-8928238864,0,SMS,TWR-0108,"Sector 15, New Delhi",713558353178282
CDR-000549,2023-03-11,23:51:19,S0017,+91-8160965519,S0022,+91-9029520745,3475,VOICE,TWR-0060,Abandoned Factory Block C,788161500041674
CDR-000550,2023-10-02,10:10:34,S0005,+91-9533147930,S0046,+91-8551797747,276,VOICE,TWR-0182,Old Market Area,876270219037880
CDR-000551,2023-10-05,13:30:58,S0076,+91-8453831805,S0035,+91-9574786019,3203,VOICE,TWR-0142,45th Street Warehouse,166984633287974
CDR-000552,2023-10-11,19:48:21,S0080,+91-9719896275,S0007,+91-8314545093,1912,VOICE,TWR-0187,Railway Station Complex,634429472290265
CDR-000553,2023-07-07,06:27:39,S0020,+91-7191685914,S0033,+91-8986477033,1533,VOICE,TWR-0127,Airport Cargo Terminal,993345889884328
CDR-000554,2023-04-13,03:55:40,S0019,+91-9469240982,S0017,+91-8160965519,0,SMS,TWR-0014,"Marine Drive, Mumbai",443937512529281
CDR-000555,2024-05-01,00:26:12,S0049,+91-9317730052,S0052,+91-8821211330,0,SMS,TWR-0115,Old Market Area,291219042730065
CDR-000556,2024-02-05,15:04:37,S0008,+91-9441183579,S0020,+91-7191685914,2960,VOICE,TWR-0147,"Indiranagar, Bangalore",560795000650234
CDR-000557,2023-11-17,01:05:35,S0070,+91-8361473242,S0069,+91-7305439451,250,VOICE,TWR-0063,"Jubilee Hills, Hyderabad",733979254727180
CDR-000558,2023-07-14,01:15:36,S0002,+91-7762376237,S0005,+91-9533147930,2685,VOICE,TWR-0042,"MG Road, Bangalore",329901478246369
CDR-000559,2024-11-01,14:11:38,S0070,+91-8361473242,S0073,+91-8723469890,2035,VOICE,TWR-0031,"Sector 15, New Delhi",456023814498632
CDR-000560,2024-07-14,02:29:25,S0036,+91-8689097012,S0015,+91-8928238864,0,SMS,TWR-0117,"Civil Lines, Lucknow",375708151581140
CDR-000561,2023-07-08,13:07:37,S0053,+91-8468512260,S0057,+91-9859711607,595,VOICE,TWR-0102,"Sector 15, New Delhi",485418099020249
CDR-000562,2023-01-18,21:14:19,S0024,+91-9732081200,S0029,+91-8158983385,1117,VOICE,TWR-0115,Port District Dock 7,634194471218136
CDR-000563,2023-12-28,11:29:53,S0024,+91-9732081200,S0027,+91-8837911267,391,VOICE,TWR-0034,"Velachery, Chennai",188834565118675
CDR-000564,2023-10-04,12:33:32,S0060,+91-7569582350,S0061,+91-7944047056,0,SMS,TWR-0150,"Satellite, Ahmedabad",226041616752129
CDR-000565,2023-11-24,19:33:08,S0049,+91-9317730052,S0052,+91-8821211330,0,DATA,TWR-0024,"Anna Nagar, Chennai",583990438950643
CDR-000566,2024-02-28,09:17:42,S0070,+91-8361473242,S0037,+91-9353860328,0,SMS,TWR-0132,Industrial Zone B-12,242878191542847
CDR-000567,2023-10-03,11:21:29,S0028,+91-8010157795,S0030,+91-7587753540,1873,VOICE,TWR-0131,Railway Station Complex,593505618152634
CDR-000568,2024-08-03,04:45:21,S0072,+91-9541363841,S0073,+91-8723469890,356,VOICE,TWR-0012,"Marine Drive, Mumbai",743203151070414
CDR-000569,2023-05-11,07:11:11,S0068,+91-7943867424,S0026,+91-9078465518,3222,VOICE,TWR-0059,"Civil Lines, Lucknow",402883414424086
CDR-000570,2024-06-24,14:56:08,S0066,+91-7288551224,S0015,+91-8928238864,1309,VOICE,TWR-0048,"Jubilee Hills, Hyderabad",289343675027076
CDR-000571,2023-01-15,13:04:51,S0009,+91-8669674686,S0026,+91-9078465518,1351,VOICE,TWR-0054,Highway NH-48 Rest Stop,102225728520419
CDR-000572,2023-09-03,21:37:03,S0008,+91-7468144718,S0006,+91-8996093227,0,SMS,TWR-0001,"Gomti Nagar, Lucknow",743719051496868
CDR-000573,2024-08-16,03:21:43,S0073,+91-8723469890,S0016,+91-9192173624,0,SMS,TWR-0190,45th Street Warehouse,256346409242695
CDR-000574,2024-08-14,16:44:30,S0064,+91-7750198381,S0065,+91-7911433788,0,SMS,TWR-0012,"Salt Lake, Kolkata",709984178532429
CDR-000575,2023-09-22,14:08:42,S0044,+91-9971861645,S0033,+91-8986477033,1008,VOICE,TWR-0006,River Bridge Underpass,679896131229075
CDR-000576,2023-09-08,16:13:34,S0036,+91-8689097012,S0034,+91-9185263528,0,DATA,TWR-0134,Abandoned Factory Block C,458419681590640
CDR-000577,2023-05-25,20:52:27,S0012,+91-9757993748,S0007,+91-8314545093,3301,VOICE,TWR-0005,"Aundh, Pune",392481414187100
CDR-000578,2024-02-25,01:05:28,S0002,+91-7762376237,S0012,+91-9757993748,1833,VOICE,TWR-0148,"Malviya Nagar, Jaipur",381907038525493
CDR-000579,2023-06-01,01:57:14,S0037,+91-9353860328,S0044,+91-9971861645,396,VOICE,TWR-0036,"Civil Lines, Lucknow",825037214111450
CDR-000580,2024-10-30,08:06:02,S0003,+91-7303959797,S0070,+91-8361473242,2107,VOICE,TWR-0197,"Koregaon Park, Pune",101271173507670
CDR-000581,2024-05-27,02:32:58,S0020,+91-7191685914,S0051,+91-8102313761,2040,VOICE,TWR-0084,Abandoned Factory Block C,626434725342233
CDR-000582,2023-06-13,08:05:33,S0030,+91-7587753540,S0046,+91-8551797747,0,DATA,TWR-0005,"Sector 15, New Delhi",198167038069205
CDR-000583,2024-03-04,02:31:42,S0021,+91-7608918981,S0014,+91-7694080686,2578,VOICE,TWR-0162,"Banjara Hills, Hyderabad",735527796639785
CDR-000584,2023-08-13,02:00:58,S0003,+91-9777055082,S0004,+91-8808948427,1088,VOICE,TWR-0007,"Marine Drive, Mumbai",243873180640476
CDR-000585,2023-07-25,04:37:46,S0072,+91-9541363841,S0074,+91-9129320527,0,SMS,TWR-0161,"Connaught Place, New Delhi",495017026970511
CDR-000586,2024-03-15,15:50:45,S0012,+91-9757993748,S0007,+91-8314545093,3082,VOICE,TWR-0198,Abandoned Factory Block C,948840042926248
CDR-000587,2023-05-28,16:00:46,S0034,+91-9185263528,S0042,+91-9807385456,0,DATA,TWR-0163,"Koregaon Park, Pune",128320870008339
CDR-000588,2024-10-02,07:27:44,S0014,+91-7694080686,S0015,+91-8928238864,3002,VOICE,TWR-0039,"Civil Lines, Lucknow",493750725590641
CDR-000589,2023-04-14,04:35:43,S0072,+91-8873660196,S0011,+91-7365548469,3388,VOICE,TWR-0047,"Salt Lake, Kolkata",673515589261790
CDR-000590,2023-10-10,02:47:18,S0051,+91-8102313761,S0050,+91-8427287656,0,DATA,TWR-0105,Bus Terminal Underground,597647319782604
CDR-000591,2024-11-09,05:48:44,S0066,+91-9665882102,S0035,+91-9574786019,2373,VOICE,TWR-0054,"Indiranagar, Bangalore",141094311704771
CDR-000592,2023-11-05,05:18:00,S0053,+91-8468512260,S0014,+91-7694080686,519,VOICE,TWR-0070,Port District Dock 7,446325587600789
CDR-000593,2023-03-30,12:14:36,S0007,+91-8314545093,S0003,+91-7303959797,0,SMS,TWR-0065,"Malviya Nagar, Jaipur",945789605544968
CDR-000594,2024-12-08,10:03:49,S0046,+91-7714270952,S0049,+91-9317730052,3286,VOICE,TWR-0023,Highway NH-48 Rest Stop,213799984868741
CDR-000595,2023-05-31,16:52:44,S0079,+91-8925349210,S0073,+91-8723469890,1025,VOICE,TWR-0172,"Connaught Place, New Delhi",445337848317154
CDR-000596,2023-03-08,19:13:56,S0029,+91-8158983385,S0028,+91-8010157795,2121,VOICE,TWR-0108,"Satellite, Ahmedabad",556161626687281
CDR-000597,2023-02-14,06:37:01,S0034,+91-9185263528,S0003,+91-7303959797,378,VOICE,TWR-0095,"Koregaon Park, Pune",839164713770086
CDR-000598,2023-05-02,14:36:58,S0036,+91-8689097012,S0041,+91-8047680798,213,VOICE,TWR-0191,"Gomti Nagar, Lucknow",104717694658712
CDR-000599,2024-01-30,01:55:29,S0031,+91-7728836158,S0038,+91-7164583060,244,VOICE,TWR-0016,Old Market Area,218258495584299
CDR-000600,2023-03-24,03:15:26,S0077,+91-7477042007,S0071,+91-9835229476,3312,VOICE,TWR-0004,"Aundh, Pune",634628667572782
CDR-000601,2024-07-22,15:06:27,S0015,+91-8928238864,S0021,+91-7186376562,0,SMS,TWR-0027,Abandoned Factory Block C,953060521690709
CDR-000602,2024-06-03,09:24:25,S0050,+91-8427287656,S0020,+91-7191685914,0,SMS,TWR-0073,Bus Terminal Underground,816224357609119
CDR-000603,2023-03-20,07:30:05,S0060,+91-9164020641,S0043,+91-8599838760,1797,VOICE,TWR-0087,"Gomti Nagar, Lucknow",895072172388400
CDR-000604,2024-06-19,00:07:33,S0016,+91-9192173624,S0014,+91-7694080686,1936,VOICE,TWR-0120,"Malviya Nagar, Jaipur",163319673997529
CDR-000605,2024-12-07,18:38:26,S0030,+91-7587753540,S0028,+91-8010157795,0,SMS,TWR-0121,Airport Cargo Terminal,246115451535241
CDR-000606,2024-07-02,07:12:27,S0026,+91-9078465518,S0023,+91-7870361876,1992,VOICE,TWR-0059,"Marine Drive, Mumbai",730120747522524
CDR-000607,2024-11-20,19:59:23,S0014,+91-7694080686,S0001,+91-7731428289,0,SMS,TWR-0120,Bus Terminal Underground,663516761460527
CDR-000608,2023-08-07,14:23:27,S0005,+91-9533147930,S0007,+91-8314545093,767,VOICE,TWR-0032,"Salt Lake, Kolkata",142840516710594
CDR-000609,2024-11-13,17:11:26,S0050,+91-8427287656,S0049,+91-9317730052,86,VOICE,TWR-0114,Industrial Zone B-12,501393395527532
CDR-000610,2024-12-14,05:10:17,S0009,+91-8669674686,S0008,+91-7468144718,371,VOICE,TWR-0189,"Park Street, Kolkata",557761216723734
CDR-000611,2023-08-11,07:11:43,S0039,+91-9007576162,S0050,+91-8427287656,1495,VOICE,TWR-0167,"Gomti Nagar, Lucknow",390514881470299
CDR-000612,2024-08-14,04:59:10,S0021,+91-7186376562,S0014,+91-7694080686,0,SMS,TWR-0075,"Gomti Nagar, Lucknow",348137723848349
CDR-000613,2023-01-16,11:31:10,S0004,+91-8808948427,S0006,+91-8996093227,3519,VOICE,TWR-0038,"Park Street, Kolkata",524527758533371
CDR-000614,2023-08-25,22:22:19,S0061,+91-7944047056,S0071,+91-9835229476,3537,VOICE,TWR-0080,"Satellite, Ahmedabad",205239973272831
CDR-000615,2024-03-06,09:27:03,S0001,+91-7731428289,S0005,+91-9533147930,0,DATA,TWR-0126,"Gomti Nagar, Lucknow",986350619356588
CDR-000616,2023-12-12,11:41:07,S0055,+91-7906087278,S0016,+91-9192173624,0,SMS,TWR-0029,"Jubilee Hills, Hyderabad",967426825091390
CDR-000617,2024-08-29,13:32:53,S0010,+91-8733842953,S0064,+91-7750198381,0,SMS,TWR-0130,"Park Street, Kolkata",507890215290304
CDR-000618,2024-04-17,05:51:13,S0034,+91-9185263528,S0042,+91-9807385456,0,SMS,TWR-0005,"Jubilee Hills, Hyderabad",985821094676901
CDR-000619,2023-05-25,01:20:07,S0038,+91-7164583060,S0034,+91-9185263528,1471,VOICE,TWR-0027,"Sector 15, New Delhi",329202908410537
CDR-000620,2024-05-07,19:21:12,S0008,+91-7468144718,S0060,+91-9164020641,0,SMS,TWR-0124,Industrial Zone B-12,168907264131206
CDR-000621,2023-07-10,16:06:13,S0028,+91-8010157795,S0025,+91-9877427601,0,SMS,TWR-0078,"Gomti Nagar, Lucknow",465148871050453
CDR-000622,2023-12-07,09:27:01,S0059,+91-9818587139,S0044,+91-9971861645,0,SMS,TWR-0176,"Gomti Nagar, Lucknow",309347232406032
CDR-000623,2023-01-11,16:12:48,S0072,+91-8873660196,S0079,+91-8925349210,0,DATA,TWR-0175,"Aundh, Pune",638443487718971
CDR-000624,2024-03-03,05:02:15,S0009,+91-8669674686,S0027,+91-8837911267,0,SMS,TWR-0056,Abandoned Factory Block C,585531145040682
CDR-000625,2024-12-11,01:05:59,S0065,+91-7911433788,S0078,+91-8505943466,3270,VOICE,TWR-0134,"Salt Lake, Kolkata",864961984929077
CDR-000626,2023-09-23,00:13:09,S0030,+91-7587753540,S0025,+91-9877427601,0,SMS,TWR-0176,"Gomti Nagar, Lucknow",969196600620038
CDR-000627,2024-04-05,15:37:18,S0019,+91-9469240982,S0014,+91-7694080686,0,SMS,TWR-0081,"Aundh, Pune",838857562354233
CDR-000628,2024-04-19,18:11:51,S0042,+91-9807385456,S0033,+91-8986477033,2915,VOICE,TWR-0066,"Anna Nagar, Chennai",760557710792923
CDR-000629,2024-02-17,04:44:30,S0004,+91-8808948427,S0006,+91-8996093227,0,SMS,TWR-0047,"Marine Drive, Mumbai",298232953541872
CDR-000630,2024-01-15,23:42:40,S0023,+91-9115149321,S0019,+91-9469240982,2012,VOICE,TWR-0031,"Velachery, Chennai",576179187017902
CDR-000631,2024-01-16,04:09:04,S0022,+91-9029520745,S0015,+91-8928238864,1188,VOICE,TWR-0142,"Salt Lake, Kolkata",723137808870927
CDR-000632,2023-08-01,21:16:53,S0030,+91-7587753540,S0027,+91-8837911267,0,SMS,TWR-0048,"Sector 15, New Delhi",302868049271846
CDR-000633,2023-07-08,14:28:23,S0053,+91-7726163005,S0073,+91-8723469890,1105,VOICE,TWR-0020,"Marine Drive, Mumbai",715152799713974
CDR-000634,2024-02-14,07:03:50,S0004,+91-8808948427,S0058,+91-7497129555,0,DATA,TWR-0011,Abandoned Factory Block C,871523625989759
CDR-000635,2024-02-28,16:42:20,S0002,+91-7762376237,S0038,+91-7164583060,756,VOICE,TWR-0072,"Salt Lake, Kolkata",352061226353573
CDR-000636,2023-09-05,20:12:52,S0015,+91-8928238864,S0057,+91-9859711607,0,SMS,TWR-0145,"Marine Drive, Mumbai",547770704907414
CDR-000637,2024-07-17,11:50:04,S0042,+91-9807385456,S0033,+91-8986477033,0,SMS,TWR-0057,Railway Station Complex,353178034412466
CDR-000638,2023-03-31,05:49:40,S0017,+91-8160965519,S0022,+91-9029520745,2350,VOICE,TWR-0100,"Navrangpura, Ahmedabad",834329233379818
CDR-000639,2024-03-05,16:28:38,S0007,+91-9992184341,S0004,+91-8808948427,0,SMS,TWR-0044,"Andheri West, Mumbai",287131136730477
CDR-000640,2024-09-30,22:48:49,S0071,+91-9835229476,S0080,+91-9719896275,2406,VOICE,TWR-0116,Railway Station Complex,669327982306326
CDR-000641,2023-01-23,06:10:35,S0070,+91-8361473242,S0069,+91-7305439451,0,SMS,TWR-0171,Old Market Area,216285906103952
CDR-000642,2024-01-16,10:53:48,S0073,+91-7472363736,S0022,+91-9029520745,3338,VOICE,TWR-0009,"Civil Lines, Lucknow",710479174121814
CDR-000643,2023-12-23,07:00:21,S0074,+91-9129320527,S0075,+91-9023218968,1017,VOICE,TWR-0002,"Anna Nagar, Chennai",502529680834642
CDR-000644,2023-04-27,22:30:27,S0009,+91-8669674686,S0005,+91-9533147930,2992,VOICE,TWR-0087,"Koregaon Park, Pune",996455575113592
CDR-000645,2024-07-27,10:22:14,S0005,+91-9533147930,S0003,+91-7303959797,0,SMS,TWR-0160,"Aundh, Pune",973436382177129
CDR-000646,2024-08-29,15:32:15,S0032,+91-7090425118,S0035,+91-9574786019,546,VOICE,TWR-0138,"Sector 15, New Delhi",735377476512696
CDR-000647,2023-10-04,03:17:37,S0069,+91-7305439451,S0030,+91-7587753540,0,DATA,TWR-0015,"Andheri West, Mumbai",475310477626177
CDR-000648,2023-05-01,05:11:36,S0077,+91-7477042007,S0071,+91-9835229476,0,DATA,TWR-0103,"Aundh, Pune",641694483486713
CDR-000649,2024-01-29,06:38:08,S0059,+91-9818587139,S0044,+91-9971861645,0,SMS,TWR-0069,45th Street Warehouse,737661308566677
CDR-000650,2024-04-02,02:46:03,S0027,+91-8837911267,S0044,+91-9971861645,2884,VOICE,TWR-0124,"Indiranagar, Bangalore",913515047446725
CDR-000651,2023-06-04,18:31:15,S0052,+91-8821211330,S0046,+91-8551797747,0,DATA,TWR-0065,"Salt Lake, Kolkata",259729428749635
CDR-000652,2023-01-28,00:09:51,S0004,+91-8808948427,S0055,+91-7906087278,0,SMS,TWR-0169,Railway Station Complex,700156736959593
CDR-000653,2024-12-23,03:51:19,S0035,+91-9574786019,S0031,+91-7728836158,262,VOICE,TWR-0059,Bus Terminal Underground,499274470086912
CDR-000654,2024-10-17,03:49:31,S0002,+91-7762376237,S0005,+91-9533147930,1231,VOICE,TWR-0013,"Gomti Nagar, Lucknow",597219135486775
CDR-000655,2024-09-11,04:37:06,S0063,+91-8639980776,S0060,+91-9164020641,0,SMS,TWR-0065,Bus Terminal Underground,272628184424253
CDR-000656,2023-11-26,19:38:59,S0012,+91-9757993748,S0011,+91-7365548469,3245,VOICE,TWR-0047,Railway Station Complex,440595233424471
CDR-000657,2024-08-11,07:13:08,S0070,+91-8361473242,S0069,+91-7305439451,0,DATA,TWR-0194,"Anna Nagar, Chennai",763794019920634
CDR-000658,2024-04-23,19:45:59,S0072,+91-8873660196,S0074,+91-9129320527,2730,VOICE,TWR-0111,"Civil Lines, Lucknow",475536992868153
CDR-000659,2024-07-08,06:15:17,S0065,+91-7911433788,S0046,+91-8551797747,3178,VOICE,TWR-0112,Old Market Area,637986717594283
CDR-000660,2024-05-08,04:33:47,S0018,+91-8515942742,S0016,+91-9192173624,0,SMS,TWR-0044,"Indiranagar, Bangalore",817928609036350
CDR-000661,2023-06-26,06:41:00,S0041,+91-8047680798,S0011,+91-7365548469,3566,VOICE,TWR-0194,"Park Street, Kolkata",306435598550746
CDR-000662,2023-07-13,21:26:39,S0046,+91-8551797747,S0052,+91-8821211330,3119,VOICE,TWR-0047,45th Street Warehouse,202048477552217
CDR-000663,2024-08-10,06:22:18,S0022,+91-9029520745,S0032,+91-7090425118,2438,VOICE,TWR-0004,"Malviya Nagar, Jaipur",837603519324355
CDR-000664,2023-12-17,01:54:56,S0054,+91-8152869473,S0053,+91-8468512260,2383,VOICE,TWR-0050,"Anna Nagar, Chennai",637292105498285
CDR-000665,2023-02-21,03:04:22,S0037,+91-9353860328,S0032,+91-7090425118,2359,VOICE,TWR-0095,Highway NH-48 Rest Stop,706570503675420
CDR-000666,2024-08-29,08:05:23,S0080,+91-9719896275,S0072,+91-8873660196,0,DATA,TWR-0178,"Marine Drive, Mumbai",261643365692677
CDR-000667,2024-03-04,01:59:54,S0060,+91-9164020641,S0063,+91-8639980776,0,DATA,TWR-0034,"Salt Lake, Kolkata",345883791247435
CDR-000668,2023-08-22,16:51:30,S0068,+91-7943867424,S0046,+91-8551797747,715,VOICE,TWR-0109,"MG Road, Bangalore",842008967975677
CDR-000669,2024-10-20,22:28:20,S0019,+91-9469240982,S0015,+91-8928238864,1065,VOICE,TWR-0024,"Connaught Place, New Delhi",254491260711180
CDR-000670,2023-04-30,07:09:32,S0026,+91-9078465518,S0050,+91-8427287656,1888,VOICE,TWR-0121,Industrial Zone B-12,537257283500146
CDR-000671,2023-09-15,22:00:20,S0067,+91-8354117104,S0064,+91-7750198381,1202,VOICE,TWR-0012,Airport Cargo Terminal,632979969964426
CDR-000672,2023-03-30,18:00:03,S0042,+91-9807385456,S0013,+91-8601012552,0,SMS,TWR-0049,"Anna Nagar, Chennai",885125604220253
CDR-000673,2023-10-01,02:49:53,S0024,+91-8210847353,S0027,+91-8837911267,3153,VOICE,TWR-0057,"Civil Lines, Lucknow",582334900544298
CDR-000674,2023-01-12,06:01:33,S0043,+91-8599838760,S0065,+91-7911433788,0,DATA,TWR-0198,"Satellite, Ahmedabad",939195247914169
CDR-000675,2023-10-15,17:01:30,S0029,+91-8158983385,S0028,+91-8010157795,713,VOICE,TWR-0112,Railway Station Complex,399740210320274
CDR-000676,2024-10-02,11:23:39,S0009,+91-8669674686,S0003,+91-7303959797,0,SMS,TWR-0069,"Anna Nagar, Chennai",540015496940143
CDR-000677,2024-08-18,08:01:24,S0036,+91-8689097012,S0041,+91-8047680798,0,SMS,TWR-0068,Industrial Zone B-12,156192892549420
CDR-000678,2024-04-11,18:23:36,S0040,+91-9752093579,S0042,+91-9807385456,2145,VOICE,TWR-0055,"Andheri West, Mumbai",546058343521724
CDR-000679,2024-03-01,09:20:07,S0049,+91-9317730052,S0054,+91-8152869473,0,SMS,TWR-0034,Industrial Zone B-12,536514177189666
CDR-000680,2024-06-15,13:34:19,S0030,+91-7587753540,S0027,+91-8837911267,0,SMS,TWR-0156,"Kothrud, Pune",267929183190315
CDR-000681,2023-01-12,18:49:27,S0058,+91-7497129555,S0053,+91-8468512260,1266,VOICE,TWR-0179,"Andheri West, Mumbai",732867028650172
CDR-000682,2023-12-12,01:19:44,S0050,+91-8427287656,S0049,+91-9317730052,0,SMS,TWR-0114,"Civil Lines, Lucknow",578291487319809
CDR-000683,2024-03-26,07:40:54,S0076,+91-8453831805,S0071,+91-9835229476,0,SMS,TWR-0121,Old Market Area,235381255099763
CDR-000684,2024-05-01,20:55:18,S0071,+91-9835229476,S0024,+91-8210847353,2636,VOICE,TWR-0021,"Malviya Nagar, Jaipur",968176168619772
CDR-000685,2024-09-04,01:41:59,S0066,+91-9665882102,S0015,+91-8928238864,1591,VOICE,TWR-0053,"Kothrud, Pune",330078884245502
CDR-000686,2024-05-30,17:32:01,S0039,+91-9007576162,S0036,+91-8689097012,1642,VOICE,TWR-0081,Port District Dock 7,817968183369302
CDR-000687,2024-12-12,16:34:51,S0042,+91-9807385456,S0039,+91-9007576162,245,VOICE,TWR-0144,"Connaught Place, New Delhi",888310173067667
CDR-000688,2024-02-05,07:29:52,S0010,+91-8733842953,S0002,+91-7762376237,0,SMS,TWR-0196,"MG Road, Bangalore",959068201162090
CDR-000689,2023-07-01,18:31:51,S0021,+91-7186376562,S0020,+91-7191685914,0,SMS,TWR-0173,"Kothrud, Pune",704056296860017
CDR-000690,2023-08-27,16:52:51,S0021,+91-7186376562,S0014,+91-7694080686,375,VOICE,TWR-0002,"Satellite, Ahmedabad",446736276598249
CDR-000691,2023-07-31,21:31:50,S0079,+91-8925349210,S0073,+91-8723469890,0,SMS,TWR-0171,"Navrangpura, Ahmedabad",859496620904088
CDR-000692,2023-04-26,10:16:38,S0031,+91-7728836158,S0039,+91-9007576162,0,SMS,TWR-0157,"Connaught Place, New Delhi",130156896579293
CDR-000693,2024-03-25,06:54:44,S0049,+91-9317730052,S0052,+91-8821211330,13,VOICE,TWR-0156,"Gomti Nagar, Lucknow",405745834062230
CDR-000694,2023-02-25,05:20:28,S0030,+91-7587753540,S0025,+91-9877427601,0,DATA,TWR-0174,Airport Cargo Terminal,184833078974965
CDR-000695,2024-10-11,13:43:21,S0060,+91-9164020641,S0015,+91-8928238864,2630,VOICE,TWR-0057,Industrial Zone B-12,487015697262496
CDR-000696,2024-08-17,23:57:47,S0068,+91-7943867424,S0069,+91-7305439451,0,DATA,TWR-0168,"Gomti Nagar, Lucknow",469934523230820
CDR-000697,2023-02-25,21:48:42,S0001,+91-7731428289,S0011,+91-7365548469,644,VOICE,TWR-0077,"Marine Drive, Mumbai",329218315452669
CDR-000698,2024-04-10,05:48:04,S0004,+91-8808948427,S0006,+91-8996093227,1652,VOICE,TWR-0043,"Malviya Nagar, Jaipur",566819762912141
CDR-000699,2023-12-01,01:05:57,S0071,+91-9835229476,S0080,+91-9719896275,0,DATA,TWR-0118,"Jubilee Hills, Hyderabad",671554990579207
CDR-000700,2023-04-01,02:44:24,S0075,+91-9023218968,S0073,+91-8723469890,0,SMS,TWR-0109,River Bridge Underpass,871717972843081
CDR-000701,2024-02-06,04:49:18,S0015,+91-9319492719,S0050,+91-8427287656,0,SMS,TWR-0136,"Jubilee Hills, Hyderabad",118854222120555
CDR-000702,2024-03-07,07:05:09,S0031,+91-7728836158,S0038,+91-7164583060,0,DATA,TWR-0068,"Civil Lines, Lucknow",345832199856774
CDR-000703,2023-09-17,12:09:39,S0042,+91-9807385456,S0049,+91-9317730052,0,SMS,TWR-0125,Abandoned Factory Block C,191448468876523
CDR-000704,2023-06-16,23:56:36,S0023,+91-7870361876,S0028,+91-8010157795,3596,VOICE,TWR-0105,"Malviya Nagar, Jaipur",759286149616778
CDR-000705,2023-01-10,06:38:58,S0012,+91-9757993748,S0020,+91-7191685914,0,DATA,TWR-0146,"Andheri West, Mumbai",166201355517781
CDR-000706,2023-10-28,08:49:16,S0032,+91-7090425118,S0039,+91-9007576162,1542,VOICE,TWR-0196,Abandoned Factory Block C,447160873832211
CDR-000707,2024-12-17,19:23:53,S0006,+91-8996093227,S0005,+91-9533147930,3343,VOICE,TWR-0095,Highway NH-48 Rest Stop,413433577664746
CDR-000708,2024-07-13,05:20:50,S0003,+91-7303959797,S0052,+91-8821211330,491,VOICE,TWR-0184,"Kothrud, Pune",380089842941448
CDR-000709,2023-08-25,15:34:44,S0067,+91-8185491609,S0066,+91-9665882102,162,VOICE,TWR-0119,"Malviya Nagar, Jaipur",803609167985505
CDR-000710,2023-11-14,20:38:30,S0068,+91-7943867424,S0028,+91-8010157795,3349,VOICE,TWR-0171,Abandoned Factory Block C,251870791682210
CDR-000711,2024-07-31,22:34:09,S0007,+91-8314545093,S0024,+91-8210847353,532,VOICE,TWR-0107,"Salt Lake, Kolkata",740860365605644
CDR-000712,2024-11-04,05:37:07,S0075,+91-9023218968,S0078,+91-8505943466,0,DATA,TWR-0155,Port District Dock 7,926428808208286
CDR-000713,2024-02-14,20:14:33,S0071,+91-9835229476,S0080,+91-9719896275,2113,VOICE,TWR-0127,"Andheri West, Mumbai",310872633191870
CDR-000714,2023-09-18,19:07:17,S0048,+91-8745666148,S0056,+91-7990411854,712,VOICE,TWR-0065,Abandoned Factory Block C,207684480985326
CDR-000715,2023-05-10,14:39:10,S0042,+91-9807385456,S0033,+91-8986477033,45,VOICE,TWR-0018,"Koregaon Park, Pune",155921751907369
CDR-000716,2024-10-29,08:15:30,S0060,+91-9164020641,S0019,+91-9469240982,3498,VOICE,TWR-0073,Railway Station Complex,735036408710177
CDR-000717,2024-05-22,11:42:06,S0010,+91-8733842953,S0006,+91-8996093227,0,DATA,TWR-0140,"Velachery, Chennai",137345309272039
CDR-000718,2024-01-28,10:49:04,S0076,+91-8453831805,S0073,+91-8723469890,0,SMS,TWR-0171,Old Market Area,434222051750208
CDR-000719,2023-12-11,08:27:05,S0002,+91-7762376237,S0012,+91-9757993748,0,SMS,TWR-0125,"Connaught Place, New Delhi",785259575815698
CDR-000720,2024-08-05,19:51:00,S0014,+91-7694080686,S0015,+91-8928238864,3349,VOICE,TWR-0095,"Salt Lake, Kolkata",248290334151385
CDR-000721,2024-04-04,22:24:59,S0001,+91-7731428289,S0007,+91-8314545093,1678,VOICE,TWR-0135,"Connaught Place, New Delhi",475154964570731
CDR-000722,2024-05-17,09:22:47,S0062,+91-7376081376,S0060,+91-9164020641,0,SMS,TWR-0082,"Navrangpura, Ahmedabad",181677240017518
CDR-000723,2024-05-16,18:03:14,S0025,+91-9915424029,S0030,+91-7587753540,0,SMS,TWR-0019,"Velachery, Chennai",169927864117691
CDR-000724,2024-09-28,21:15:23,S0029,+91-8158983385,S0028,+91-8010157795,0,SMS,TWR-0152,"Aundh, Pune",645248312868718
CDR-000725,2023-11-14,10:00:52,S0025,+91-9877427601,S0030,+91-7587753540,3472,VOICE,TWR-0141,"Malviya Nagar, Jaipur",977895610636592
CDR-000726,2023-08-19,11:28:35,S0035,+91-9574786019,S0031,+91-7728836158,0,DATA,TWR-0002,Old Market Area,629663256542895
CDR-000727,2024-01-01,03:16:13,S0053,+91-8468512260,S0058,+91-7497129555,0,SMS,TWR-0169,"Anna Nagar, Chennai",705976351153042
CDR-000728,2023-02-07,22:01:40,S0076,+91-8453831805,S0073,+91-8723469890,3338,VOICE,TWR-0091,"Gomti Nagar, Lucknow",487659459421522
CDR-000729,2023-09-24,09:52:33,S0045,+91-7911765255,S0036,+91-8689097012,0,SMS,TWR-0101,Industrial Zone B-12,380209532222921
CDR-000730,2023-01-03,01:50:29,S0078,+91-8505943466,S0077,+91-7477042007,1172,VOICE,TWR-0063,Abandoned Factory Block C,907071653681509
CDR-000731,2024-09-10,19:52:36,S0040,+91-9752093579,S0041,+91-8047680798,617,VOICE,TWR-0139,"Sector 15, New Delhi",335319887935688
CDR-000732,2024-01-16,19:48:21,S0076,+91-8453831805,S0071,+91-9835229476,2276,VOICE,TWR-0072,45th Street Warehouse,880670315768529
CDR-000733,2024-09-14,12:18:15,S0003,+91-9777055082,S0002,+91-7762376237,0,DATA,TWR-0098,"Koregaon Park, Pune",592390908043956
CDR-000734,2023-05-16,07:17:05,S0077,+91-7477042007,S0076,+91-8453831805,0,DATA,TWR-0155,"Andheri West, Mumbai",396839363137255
CDR-000735,2024-05-14,01:32:59,S0003,+91-7303959797,S0002,+91-7762376237,0,SMS,TWR-0155,"Satellite, Ahmedabad",147918816209741
CDR-000736,2023-04-05,19:41:30,S0077,+91-7477042007,S0071,+91-9835229476,0,SMS,TWR-0178,45th Street Warehouse,188786518962647
CDR-000737,2023-04-09,12:12:26,S0012,+91-9757993748,S0011,+91-7365548469,2205,VOICE,TWR-0087,"Satellite, Ahmedabad",486079107264471
CDR-000738,2024-02-17,01:10:39,S0021,+91-7608918981,S0031,+91-7728836158,0,DATA,TWR-0176,Industrial Zone B-12,278945464972633
CDR-000739,2023-10-07,13:13:46,S0019,+91-9469240982,S0020,+91-7191685914,2917,VOICE,TWR-0123,Railway Station Complex,163843786737278
CDR-000740,2023-03-07,10:31:55,S0069,+91-7305439451,S0070,+91-8361473242,0,SMS,TWR-0159,"Kothrud, Pune",921001634315185
CDR-000741,2024-02-22,04:48:56,S0032,+91-7090425118,S0033,+91-8986477033,3579,VOICE,TWR-0064,"Banjara Hills, Hyderabad",954495353364123
CDR-000742,2024-01-29,02:40:56,S0074,+91-9129320527,S0072,+91-8873660196,0,SMS,TWR-0005,"Jubilee Hills, Hyderabad",647369418261619
CDR-000743,2023-02-23,14:19:19,S0072,+91-8873660196,S0001,+91-7731428289,973,VOICE,TWR-0102,"Navrangpura, Ahmedabad",517668425588556
CDR-000744,2024-09-30,19:50:36,S0006,+91-8996093227,S0005,+91-9533147930,2412,VOICE,TWR-0056,"Kothrud, Pune",766939889719093
CDR-000745,2023-05-19,00:50:54,S0016,+91-9192173624,S0008,+91-7468144718,2496,VOICE,TWR-0041,Old Market Area,964006545160987
CDR-000746,2023-04-25,20:54:57,S0059,+91-9818587139,S0073,+91-8723469890,0,SMS,TWR-0101,"Marine Drive, Mumbai",801750624294490
CDR-000747,2023-10-30,11:42:43,S0069,+91-7305439451,S0070,+91-8361473242,0,SMS,TWR-0162,"Kothrud, Pune",254322262977958
CDR-000748,2023-04-03,04:31:39,S0006,+91-8996093227,S0005,+91-9533147930,2288,VOICE,TWR-0144,"Park Street, Kolkata",717022382070269
CDR-000749,2023-10-17,12:01:16,S0077,+91-7477042007,S0071,+91-9835229476,0,DATA,TWR-0041,Bus Terminal Underground,772291951856152
CDR-000750,2024-12-17,14:49:58,S0048,+91-8745666148,S0047,+91-8940192213,1561,VOICE,TWR-0105,"Park Street, Kolkata",572879381907080
CDR-000751,2024-04-04,23:18:51,S0018,+91-8515942742,S0014,+91-7694080686,0,SMS,TWR-0104,"Sector 15, New Delhi",321509206316078
CDR-000752,2023-07-23,00:09:32,S0046,+91-8551797747,S0009,+91-8669674686,282,VOICE,TWR-0174,Railway Station Complex,576432519471288
CDR-000753,2024-03-26,20:49:43,S0064,+91-7750198381,S0041,+91-8047680798,258,VOICE,TWR-0046,"Civil Lines, Lucknow",184500484615646
CDR-000754,2023-09-28,13:18:09,S0027,+91-8837911267,S0026,+91-9078465518,880,VOICE,TWR-0082,Old Market Area,626403724086691
CDR-000755,2024-06-21,23:12:02,S0075,+91-9023218968,S0071,+91-9835229476,0,SMS,TWR-0112,Railway Station Complex,438159683338158
CDR-000756,2024-07-21,08:33:28,S0052,+91-8821211330,S0046,+91-8551797747,0,DATA,TWR-0183,"Malviya Nagar, Jaipur",397059243623334
CDR-000757,2024-12-11,17:24:47,S0072,+91-9541363841,S0074,+91-9129320527,3476,VOICE,TWR-0188,"MG Road, Bangalore",398768843178117
CDR-000758,2024-09-09,13:06:10,S0032,+91-7090425118,S0013,+91-8601012552,1776,VOICE,TWR-0056,"Aundh, Pune",877097639799661
CDR-000759,2024-08-02,14:44:27,S0078,+91-8505943466,S0073,+91-8723469890,1189,VOICE,TWR-0048,Bus Terminal Underground,462719150907601
CDR-000760,2024-08-30,23:45:56,S0031,+91-7728836158,S0051,+91-8102313761,770,VOICE,TWR-0113,"Velachery, Chennai",366566794955292
CDR-000761,2024-10-29,05:07:20,S0080,+91-9719896275,S0021,+91-7186376562,196,VOICE,TWR-0176,"Anna Nagar, Chennai",747651096628233
CDR-000762,2024-06-12,10:09:16,S0013,+91-8601012552,S0015,+91-8928238864,1206,VOICE,TWR-0077,"Velachery, Chennai",179489793750793
CDR-000763,2024-05-09,12:03:57,S0078,+91-8505943466,S0073,+91-8723469890,3363,VOICE,TWR-0022,"Banjara Hills, Hyderabad",402562590712309
CDR-000764,2024-08-05,22:11:08,S0044,+91-9971861645,S0033,+91-8986477033,2554,VOICE,TWR-0142,"Navrangpura, Ahmedabad",133161976430315
CDR-000765,2024-11-20,05:38:00,S0001,+91-7731428289,S0051,+91-8102313761,0,SMS,TWR-0111,45th Street Warehouse,977168578419410
CDR-000766,2023-07-28,02:44:47,S0020,+91-7191685914,S0064,+91-7750198381,0,DATA,TWR-0130,Old Market Area,138023174061414
CDR-000767,2023-01-04,07:32:55,S0051,+91-8102313761,S0046,+91-8551797747,2292,VOICE,TWR-0061,"Salt Lake, Kolkata",138902944338888
CDR-000768,2023-10-22,03:05:16,S0043,+91-8599838760,S0044,+91-9971861645,0,SMS,TWR-0164,"Velachery, Chennai",897205162398378
CDR-000769,2024-11-22,23:35:35,S0039,+91-9007576162,S0017,+91-8160965519,3562,VOICE,TWR-0195,"Indiranagar, Bangalore",288031547963408
CDR-000770,2023-06-13,00:30:07,S0055,+91-7906087278,S0053,+91-8468512260,3456,VOICE,TWR-0181,"Salt Lake, Kolkata",845750239881587
CDR-000771,2023-10-17,20:53:12,S0046,+91-8551797747,S0049,+91-9317730052,1839,VOICE,TWR-0153,"Velachery, Chennai",760001807654331
CDR-000772,2024-07-08,10:06:51,S0027,+91-8837911267,S0024,+91-8210847353,0,DATA,TWR-0020,"Civil Lines, Lucknow",669803458787550
CDR-000773,2024-09-03,07:33:22,S0055,+91-7906087278,S0058,+91-7497129555,0,SMS,TWR-0199,Bus Terminal Underground,433939877064429
CDR-000774,2023-04-14,04:45:39,S0028,+91-8010157795,S0030,+91-7587753540,418,VOICE,TWR-0141,"Kothrud, Pune",700856821613523
CDR-000775,2023-12-14,08:18:01,S0010,+91-8733842953,S0006,+91-8996093227,1035,VOICE,TWR-0180,"MG Road, Bangalore",871303895545082
CDR-000776,2024-08-28,19:20:06,S0058,+91-7497129555,S0053,+91-8468512260,0,DATA,TWR-0128,"Koregaon Park, Pune",281963320248867
CDR-000777,2023-03-07,18:41:31,S0044,+91-9971861645,S0033,+91-8986477033,0,SMS,TWR-0037,River Bridge Underpass,244980766540250
CDR-000778,2024-07-13,10:33:47,S0027,+91-8837911267,S0029,+91-8158983385,281,VOICE,TWR-0013,"Salt Lake, Kolkata",186735565437353
CDR-000779,2023-11-10,17:01:21,S0026,+91-9078465518,S0025,+91-9877427601,0,DATA,TWR-0154,"Satellite, Ahmedabad",405140111382861
CDR-000780,2024-09-30,09:48:22,S0051,+91-8102313761,S0046,+91-8551797747,0,SMS,TWR-0100,"Aundh, Pune",863666160105550
CDR-000781,2023-06-07,07:19:48,S0070,+91-8361473242,S0069,+91-7305439451,0,SMS,TWR-0013,Airport Cargo Terminal,166827728339661
CDR-000782,2023-01-08,03:36:10,S0074,+91-9129320527,S0054,+91-8152869473,1719,VOICE,TWR-0082,Railway Station Complex,870549128770607
CDR-000783,2024-02-13,11:44:27,S0065,+91-7911433788,S0066,+91-9665882102,0,SMS,TWR-0092,Abandoned Factory Block C,496388946420917
CDR-000784,2023-02-23,14:04:08,S0013,+91-8601012552,S0023,+91-7870361876,2150,VOICE,TWR-0134,Port District Dock 7,567167068681382
CDR-000785,2024-02-29,13:55:50,S0068,+91-7943867424,S0038,+91-7164583060,1450,VOICE,TWR-0028,"Jubilee Hills, Hyderabad",392746270280125
CDR-000786,2023-07-26,07:20:22,S0009,+91-8669674686,S0076,+91-8453831805,2172,VOICE,TWR-0137,"Connaught Place, New Delhi",677089058725067
CDR-000787,2024-04-08,00:43:25,S0030,+91-7587753540,S0061,+91-7944047056,1009,VOICE,TWR-0012,Abandoned Factory Block C,435856230020983
CDR-000788,2023-06-27,01:38:47,S0035,+91-9574786019,S0031,+91-7728836158,0,SMS,TWR-0188,"Marine Drive, Mumbai",788446924519253
CDR-000789,2024-11-15,21:03:30,S0069,+91-7305439451,S0068,+91-7943867424,0,SMS,TWR-0111,45th Street Warehouse,635512016138952
CDR-000790,2023-12-11,05:33:55,S0077,+91-7477042007,S0071,+91-9835229476,2279,VOICE,TWR-0054,"Indiranagar, Bangalore",786114107377049
CDR-000791,2023-12-29,13:44:58,S0035,+91-9574786019,S0028,+91-8010157795,0,SMS,TWR-0077,"Gomti Nagar, Lucknow",745181458090385
CDR-000792,2023-12-11,21:16:48,S0042,+91-9807385456,S0033,+91-8986477033,0,SMS,TWR-0141,"Marine Drive, Mumbai",840684892888054
CDR-000793,2023-08-27,03:16:39,S0056,+91-7990411854,S0054,+91-8152869473,0,DATA,TWR-0154,Highway NH-48 Rest Stop,473937633576617
CDR-000794,2023-08-21,03:30:31,S0067,+91-8354117104,S0065,+91-7911433788,0,SMS,TWR-0171,"Andheri West, Mumbai",421673599272140
CDR-000795,2023-11-13,02:25:41,S0069,+91-7305439451,S0068,+91-7943867424,0,DATA,TWR-0189,"Civil Lines, Lucknow",688486483503971
CDR-000796,2024-02-10,18:43:30,S0021,+91-7186376562,S0014,+91-7694080686,0,DATA,TWR-0028,"Kothrud, Pune",279213610501655
CDR-000797,2024-01-05,19:58:30,S0032,+91-7090425118,S0035,+91-9574786019,0,SMS,TWR-0194,"Civil Lines, Lucknow",617063234705996
CDR-000798,2024-12-17,00:05:26,S0054,+91-7823740217,S0038,+91-7164583060,1577,VOICE,TWR-0152,"Aundh, Pune",197335475376034
CDR-000799,2024-05-27,05:26:45,S0048,+91-8745666148,S0050,+91-8427287656,0,SMS,TWR-0098,Airport Cargo Terminal,734024532033647
CDR-000800,2023-05-17,16:45:15,S0040,+91-9752093579,S0042,+91-9807385456,2974,VOICE,TWR-0168,"Velachery, Chennai",607004220727080
CDR-000801,2024-11-26,20:52:11,S0080,+91-9719896275,S0072,+91-8873660196,236,VOICE,TWR-0196,"Connaught Place, New Delhi",904420743395080
CDR-000802,2023-10-15,16:58:01,S0070,+91-8361473242,S0068,+91-7943867424,0,SMS,TWR-0181,"Civil Lines, Lucknow",806071451856257
CDR-000803,2023-03-21,19:49:47,S0057,+91-9859711607,S0055,+91-7906087278,0,SMS,TWR-0011,Airport Cargo Terminal,943237167376007
CDR-000804,2023-03-01,20:18:35,S0027,+91-9893729536,S0024,+91-8210847353,2384,VOICE,TWR-0131,"Malviya Nagar, Jaipur",901873667381811
CDR-000805,2023-07-30,19:07:09,S0050,+91-8427287656,S0049,+91-9317730052,0,DATA,TWR-0005,Industrial Zone B-12,548774600056477
CDR-000806,2023-04-28,22:59:44,S0011,+91-7365548469,S0035,+91-9574786019,0,SMS,TWR-0008,45th Street Warehouse,475757453364525
CDR-000807,2024-06-19,23:25:54,S0012,+91-9757993748,S0011,+91-7365548469,0,SMS,TWR-0196,"Park Street, Kolkata",963582677899002
CDR-000808,2024-02-02,21:41:57,S0018,+91-8515942742,S0004,+91-8808948427,0,DATA,TWR-0013,"Andheri West, Mumbai",248569731172567
CDR-000809,2024-07-20,22:05:20,S0029,+91-8158983385,S0028,+91-8010157795,951,VOICE,TWR-0181,"Gomti Nagar, Lucknow",591635670206390
CDR-000810,2023-02-15,15:19:05,S0039,+91-9007576162,S0044,+91-9971861645,2015,VOICE,TWR-0131,"Malviya Nagar, Jaipur",981514199950053
CDR-000811,2023-01-14,17:43:30,S0029,+91-8158983385,S0025,+91-9877427601,1816,VOICE,TWR-0026,Highway NH-48 Rest Stop,841070001286698
CDR-000812,2023-11-22,16:01:08,S0028,+91-8010157795,S0025,+91-9877427601,0,DATA,TWR-0092,"Jubilee Hills, Hyderabad",205401262146328
CDR-000813,2024-12-28,10:12:00,S0068,+91-7943867424,S0028,+91-8010157795,1083,VOICE,TWR-0095,"Gomti Nagar, Lucknow",335581264279185
CDR-000814,2023-02-22,23:43:00,S0014,+91-7694080686,S0040,+91-9752093579,2878,VOICE,TWR-0040,River Bridge Underpass,993154118002305
CDR-000815,2023-11-29,22:51:25,S0042,+91-9807385456,S0026,+91-9078465518,3077,VOICE,TWR-0199,"Satellite, Ahmedabad",184046504503860
CDR-000816,2024-07-04,01:56:44,S0005,+91-9533147930,S0003,+91-7303959797,0,DATA,TWR-0060,45th Street Warehouse,440646627428668
CDR-000817,2023-10-28,00:54:02,S0035,+91-9574786019,S0028,+91-8010157795,0,DATA,TWR-0198,"Connaught Place, New Delhi",174749703801119
CDR-000818,2024-05-25,18:25:26,S0056,+91-7990411854,S0053,+91-8468512260,2716,VOICE,TWR-0031,"Indiranagar, Bangalore",512138611625887
CDR-000819,2024-03-25,08:30:08,S0058,+91-7497129555,S0021,+91-7186376562,0,SMS,TWR-0144,Highway NH-48 Rest Stop,334611484905699
CDR-000820,2023-11-08,23:23:38,S0005,+91-9533147930,S0001,+91-7731428289,0,DATA,TWR-0059,"Navrangpura, Ahmedabad",437864354175340
CDR-000821,2023-09-18,19:34:16,S0012,+91-9757993748,S0007,+91-8314545093,0,SMS,TWR-0100,"Sector 15, New Delhi",625304336297093
CDR-000822,2023-05-06,12:34:29,S0027,+91-8837911267,S0026,+91-9078465518,0,SMS,TWR-0092,"Satellite, Ahmedabad",832172882229670
CDR-000823,2023-03-07,16:05:27,S0011,+91-7365548469,S0063,+91-8639980776,17,VOICE,TWR-0042,Abandoned Factory Block C,186604431737934
CDR-000824,2023-04-12,08:17:54,S0066,+91-7288551224,S0015,+91-8928238864,0,SMS,TWR-0071,Industrial Zone B-12,535275520104567
CDR-000825,2023-10-22,00:56:25,S0008,+91-7468144718,S0033,+91-8986477033,0,DATA,TWR-0152,Port District Dock 7,703494983176798
CDR-000826,2024-03-10,23:05:54,S0052,+91-8821211330,S0050,+91-8427287656,0,DATA,TWR-0192,"Sector 15, New Delhi",917412056038892
CDR-000827,2024-04-08,16:44:11,S0075,+91-9023218968,S0078,+91-8505943466,0,SMS,TWR-0097,"Connaught Place, New Delhi",590336718875628
CDR-000828,2023-10-12,06:19:52,S0010,+91-8733842953,S0002,+91-7762376237,0,DATA,TWR-0009,"Jubilee Hills, Hyderabad",244121228032264
CDR-000829,2023-02-10,02:38:05,S0018,+91-8515942742,S0016,+91-9192173624,0,SMS,TWR-0109,"Satellite, Ahmedabad",649688902489523
CDR-000830,2023-12-02,05:27:04,S0046,+91-8551797747,S0051,+91-8102313761,2608,VOICE,TWR-0104,"Park Street, Kolkata",430748019845268
CDR-000831,2023-11-08,14:23:52,S0004,+91-8808948427,S0006,+91-8996093227,1481,VOICE,TWR-0079,"Jubilee Hills, Hyderabad",223897147273342
CDR-000832,2023-03-10,20:39:57,S0071,+91-9835229476,S0080,+91-9719896275,0,SMS,TWR-0092,Railway Station Complex,823783183997127
CDR-000833,2024-10-16,06:39:07,S0049,+91-9317730052,S0043,+91-8599838760,0,SMS,TWR-0097,Bus Terminal Underground,395785295775027
CDR-000834,2023-11-28,00:05:25,S0012,+91-9757993748,S0011,+91-7365548469,0,SMS,TWR-0086,"Banjara Hills, Hyderabad",920339026463475
CDR-000835,2024-02-13,17:31:00,S0027,+91-8837911267,S0035,+91-9574786019,581,VOICE,TWR-0138,"Navrangpura, Ahmedabad",100895812766078
CDR-000836,2023-10-10,13:45:41,S0039,+91-9007576162,S0036,+91-8689097012,0,SMS,TWR-0022,"Indiranagar, Bangalore",642912585104813
CDR-000837,2024-04-13,19:09:01,S0038,+91-9779825906,S0041,+91-8047680798,2122,VOICE,TWR-0082,"Aundh, Pune",250882473957721
CDR-000838,2024-10-28,15:51:14,S0002,+91-7762376237,S0005,+91-9533147930,1745,VOICE,TWR-0050,"Marine Drive, Mumbai",694855969951115
CDR-000839,2023-03-29,11:21:37,S0048,+91-8745666148,S0046,+91-8551797747,0,SMS,TWR-0084,"MG Road, Bangalore",173100078458909
CDR-000840,2024-05-12,19:58:13,S0033,+91-9947485574,S0042,+91-9807385456,0,SMS,TWR-0025,"Marine Drive, Mumbai",855916886099870
CDR-000841,2024-04-10,01:55:30,S0052,+91-8821211330,S0046,+91-8551797747,0,SMS,TWR-0167,Airport Cargo Terminal,260760635765974
CDR-000842,2023-07-03,07:08:33,S0055,+91-7906087278,S0026,+91-9078465518,55,VOICE,TWR-0014,"Anna Nagar, Chennai",161058093619388
CDR-000843,2024-12-13,00:41:12,S0024,+91-8210847353,S0056,+91-7990411854,2770,VOICE,TWR-0036,"Anna Nagar, Chennai",934178376431253
CDR-000844,2023-11-19,02:44:41,S0013,+91-8601012552,S0015,+91-8928238864,1053,VOICE,TWR-0151,"Kothrud, Pune",121496919773766
CDR-000845,2023-05-25,04:41:12,S0013,+91-8601012552,S0052,+91-8821211330,0,DATA,TWR-0072,"Marine Drive, Mumbai",361328657436391
CDR-000846,2023-05-24,23:50:54,S0076,+91-8453831805,S0079,+91-8925349210,117,VOICE,TWR-0170,Railway Station Complex,952880062662318
CDR-000847,2023-08-17,20:58:01,S0006,+91-8996093227,S0015,+91-8928238864,418,VOICE,TWR-0165,"Anna Nagar, Chennai",304390465406035
CDR-000848,2023-09-18,12:12:59,S0067,+91-8185491609,S0065,+91-7911433788,0,DATA,TWR-0174,"Koregaon Park, Pune",242134784052597
CDR-000849,2024-03-14,00:10:52,S0028,+91-8010157795,S0025,+91-9877427601,714,VOICE,TWR-0132,"Connaught Place, New Delhi",317666491847678
CDR-000850,2024-03-23,16:31:22,S0035,+91-9574786019,S0031,+91-7728836158,0,SMS,TWR-0161,Abandoned Factory Block C,411566559128758
CDR-000851,2023-08-26,12:58:09,S0074,+91-9129320527,S0079,+91-8925349210,0,SMS,TWR-0024,"Banjara Hills, Hyderabad",299920799201429
CDR-000852,2024-05-14,14:12:09,S0050,+91-8427287656,S0052,+91-8821211330,650,VOICE,TWR-0064,Bus Terminal Underground,675219126997809
CDR-000853,2023-08-13,09:04:24,S0008,+91-9441183579,S0006,+91-8996093227,0,SMS,TWR-0179,"Indiranagar, Bangalore",424867715292685
CDR-000854,2024-11-13,08:29:42,S0057,+91-9859711607,S0035,+91-9574786019,1389,VOICE,TWR-0149,Old Market Area,887803042250970
CDR-000855,2023-06-07,10:32:43,S0053,+91-8468512260,S0058,+91-7497129555,0,DATA,TWR-0182,Highway NH-48 Rest Stop,537141727948529
CDR-000856,2023-03-25,05:42:12,S0064,+91-7750198381,S0020,+91-7191685914,2630,VOICE,TWR-0166,Old Market Area,571020190000331
CDR-000857,2024-11-06,10:26:07,S0026,+91-9078465518,S0071,+91-9835229476,0,SMS,TWR-0129,Railway Station Complex,377366536261901
CDR-000858,2024-08-02,17:07:34,S0074,+91-9129320527,S0072,+91-8873660196,0,SMS,TWR-0158,"Malviya Nagar, Jaipur",715167130362449
CDR-000859,2023-03-27,03:41:44,S0010,+91-8733842953,S0002,+91-7762376237,0,DATA,TWR-0132,45th Street Warehouse,882092914732091
CDR-000860,2024-01-24,02:08:44,S0060,+91-9164020641,S0059,+91-9818587139,0,SMS,TWR-0199,Airport Cargo Terminal,104581756292694
CDR-000861,2024-07-23,05:05:41,S0013,+91-8601012552,S0014,+91-7694080686,0,SMS,TWR-0147,"Aundh, Pune",248408805998942
CDR-000862,2024-02-11,06:41:49,S0016,+91-9192173624,S0051,+91-8102313761,0,SMS,TWR-0037,Railway Station Complex,812508580246246
CDR-000863,2024-09-04,03:57:51,S0022,+91-9029520745,S0015,+91-8928238864,1889,VOICE,TWR-0150,Bus Terminal Underground,762742687578307
CDR-000864,2024-11-11,02:54:35,S0039,+91-9007576162,S0044,+91-9971861645,2740,VOICE,TWR-0165,"Connaught Place, New Delhi",909078995408146
CDR-000865,2024-02-26,20:03:01,S0038,+91-7164583060,S0041,+91-8047680798,923,VOICE,TWR-0057,"Malviya Nagar, Jaipur",136997324760904
CDR-000866,2023-01-29,04:08:08,S0014,+91-7694080686,S0014,+91-7694080686,0,SMS,TWR-0064,"Kothrud, Pune",406366896180571
CDR-000867,2024-05-02,15:15:53,S0075,+91-9023218968,S0078,+91-8505943466,3417,VOICE,TWR-0053,Industrial Zone B-12,700643761651356
CDR-000868,2024-03-20,17:58:20,S0013,+91-8189450306,S0014,+91-7694080686,2464,VOICE,TWR-0019,"Civil Lines, Lucknow",712947275625265
CDR-000869,2024-11-09,23:56:45,S0012,+91-9757993748,S0011,+91-7365548469,0,SMS,TWR-0013,Bus Terminal Underground,838765777782375
CDR-000870,2024-03-03,04:20:06,S0021,+91-7186376562,S0005,+91-9533147930,0,DATA,TWR-0009,Railway Station Complex,181466788558024
CDR-000871,2023-09-22,18:16:30,S0080,+91-9719896275,S0072,+91-8873660196,0,DATA,TWR-0078,"Satellite, Ahmedabad",335905631027567
CDR-000872,2024-05-12,21:32:32,S0041,+91-8047680798,S0035,+91-9574786019,413,VOICE,TWR-0140,"Salt Lake, Kolkata",189885327945911
CDR-000873,2023-04-29,07:24:04,S0042,+91-9807385456,S0013,+91-8601012552,3596,VOICE,TWR-0181,"Park Street, Kolkata",867689253277565
CDR-000874,2023-06-15,18:57:36,S0040,+91-9752093579,S0003,+91-7303959797,0,SMS,TWR-0023,"Koregaon Park, Pune",234239598040653
CDR-000875,2023-05-20,17:38:34,S0017,+91-8160965519,S0059,+91-9818587139,2860,VOICE,TWR-0156,"Aundh, Pune",591052070975596
CDR-000876,2023-07-12,22:02:04,S0061,+91-7944047056,S0048,+91-8745666148,298,VOICE,TWR-0021,"Marine Drive, Mumbai",817370855268450
CDR-000877,2023-10-21,06:09:53,S0064,+91-7750198381,S0065,+91-7911433788,0,SMS,TWR-0031,"Indiranagar, Bangalore",185719162958651
CDR-000878,2024-09-03,15:46:39,S0031,+91-7728836158,S0038,+91-7164583060,2716,VOICE,TWR-0018,"Connaught Place, New Delhi",385158116756366
CDR-000879,2023-01-03,05:03:29,S0045,+91-7911765255,S0036,+91-8689097012,2597,VOICE,TWR-0125,Railway Station Complex,173189716175878
CDR-000880,2024-02-04,22:00:34,S0060,+91-9164020641,S0061,+91-7944047056,0,SMS,TWR-0154,"Navrangpura, Ahmedabad",165704328784136
CDR-000881,2024-02-16,07:34:50,S0004,+91-8808948427,S0006,+91-8996093227,1502,VOICE,TWR-0130,"Koregaon Park, Pune",263981363937028
CDR-000882,2024-01-06,14:44:56,S0024,+91-8210847353,S0027,+91-8837911267,1508,VOICE,TWR-0098,Bus Terminal Underground,636389910000955
CDR-000883,2023-01-06,13:45:54,S0003,+91-7303959797,S0012,+91-9757993748,0,SMS,TWR-0108,Bus Terminal Underground,393493068439072
CDR-000884,2024-02-26,14:53:51,S0006,+91-8996093227,S0066,+91-9665882102,0,SMS,TWR-0173,"Civil Lines, Lucknow",955341896073722
CDR-000885,2024-05-28,04:03:11,S0013,+91-8601012552,S0014,+91-7694080686,503,VOICE,TWR-0169,"Anna Nagar, Chennai",358244099932055
CDR-000886,2023-10-12,17:09:00,S0019,+91-8591373092,S0020,+91-7191685914,0,DATA,TWR-0135,"Aundh, Pune",765469130541184
CDR-000887,2023-10-02,16:28:13,S0077,+91-7477042007,S0076,+91-8453831805,0,SMS,TWR-0059,"Indiranagar, Bangalore",980180060024689
CDR-000888,2023-07-18,11:36:10,S0014,+91-7694080686,S0032,+91-7090425118,0,DATA,TWR-0038,"Anna Nagar, Chennai",824100416928373
CDR-000889,2024-10-16,13:05:05,S0068,+91-7943867424,S0069,+91-7305439451,0,SMS,TWR-0011,"Malviya Nagar, Jaipur",622825334588863
CDR-000890,2023-01-25,10:55:34,S0068,+91-7943867424,S0069,+91-7305439451,0,SMS,TWR-0183,"Banjara Hills, Hyderabad",439213263964590
CDR-000891,2024-11-02,09:33:44,S0010,+91-8733842953,S0006,+91-8996093227,1184,VOICE,TWR-0105,Port District Dock 7,424074412835570
CDR-000892,2024-07-22,22:13:05,S0017,+91-8160965519,S0022,+91-9029520745,919,VOICE,TWR-0057,Highway NH-48 Rest Stop,660383041962627
CDR-000893,2024-11-14,05:18:44,S0072,+91-8873660196,S0074,+91-9129320527,403,VOICE,TWR-0170,"Malviya Nagar, Jaipur",600611590018437
CDR-000894,2023-12-06,20:07:03,S0033,+91-8986477033,S0031,+91-7728836158,0,DATA,TWR-0127,Port District Dock 7,766932709735353
CDR-000895,2023-01-01,15:15:32,S0074,+91-9129320527,S0072,+91-8873660196,0,DATA,TWR-0146,45th Street Warehouse,876272598840687
CDR-000896,2024-03-15,00:32:16,S0039,+91-9007576162,S0036,+91-8689097012,1550,VOICE,TWR-0013,"Salt Lake, Kolkata",573302525088959
CDR-000897,2023-02-14,03:01:18,S0059,+91-9818587139,S0044,+91-9971861645,1639,VOICE,TWR-0114,"Connaught Place, New Delhi",570909760631451
CDR-000898,2023-10-15,07:04:47,S0072,+91-8873660196,S0074,+91-9129320527,0,SMS,TWR-0158,"Malviya Nagar, Jaipur",820739152267621
CDR-000899,2023-07-04,11:45:50,S0079,+91-8925349210,S0038,+91-7164583060,0,DATA,TWR-0003,"Satellite, Ahmedabad",860334976556471
CDR-000900,2023-01-05,01:09:42,S0024,+91-9732081200,S0027,+91-8837911267,1126,VOICE,TWR-0182,"Jubilee Hills, Hyderabad",224533898799504
CDR-000901,2024-04-14,10:15:34,S0043,+91-8599838760,S0033,+91-8986477033,0,DATA,TWR-0008,"Salt Lake, Kolkata",733995150599646
CDR-000902,2023-09-02,07:45:04,S0049,+91-9317730052,S0054,+91-8152869473,0,SMS,TWR-0159,Port District Dock 7,860721763929080
CDR-000903,2024-07-04,05:04:18,S0077,+91-7477042007,S0076,+91-8453831805,2156,VOICE,TWR-0012,"Civil Lines, Lucknow",257426993131625
CDR-000904,2024-03-29,05:45:00,S0078,+91-8505943466,S0073,+91-8723469890,411,VOICE,TWR-0041,"Malviya Nagar, Jaipur",129768981063616
CDR-000905,2024-01-03,08:45:54,S0039,+91-9007576162,S0044,+91-9971861645,2423,VOICE,TWR-0104,"Salt Lake, Kolkata",336346055055436
CDR-000906,2023-02-03,07:50:39,S0061,+91-7944047056,S0001,+91-7731428289,0,SMS,TWR-0151,"Anna Nagar, Chennai",150841675846047
CDR-000907,2024-03-04,03:28:00,S0039,+91-9007576162,S0044,+91-9971861645,0,SMS,TWR-0028,"Kothrud, Pune",823939240618623
CDR-000908,2023-03-28,21:58:48,S0032,+91-7090425118,S0039,+91-9007576162,258,VOICE,TWR-0166,"Sector 15, New Delhi",897962763369422
CDR-000909,2024-01-21,10:13:21,S0075,+91-9242647667,S0071,+91-9835229476,2872,VOICE,TWR-0132,Railway Station Complex,498454288534867
CDR-000910,2023-08-21,00:01:01,S0077,+91-7477042007,S0071,+91-9835229476,0,SMS,TWR-0089,Railway Station Complex,253928265767678
CDR-000911,2024-07-01,02:44:51,S0030,+91-7587753540,S0028,+91-8010157795,1171,VOICE,TWR-0075,"Andheri West, Mumbai",424191578618427
CDR-000912,2023-07-20,22:21:54,S0032,+91-7090425118,S0039,+91-9007576162,0,DATA,TWR-0021,Industrial Zone B-12,581781509482109
CDR-000913,2024-03-04,02:26:08,S0054,+91-7823740217,S0044,+91-9971861645,517,VOICE,TWR-0148,"Anna Nagar, Chennai",197438006519652
CDR-000914,2023-03-03,05:40:31,S0042,+91-9807385456,S0033,+91-8986477033,545,VOICE,TWR-0173,"Park Street, Kolkata",638697951537895
CDR-000915,2024-10-09,15:34:03,S0071,+91-9835229476,S0080,+91-9719896275,842,VOICE,TWR-0035,"Jubilee Hills, Hyderabad",870062718587188
CDR-000916,2024-01-23,23:08:50,S0063,+91-8639980776,S0059,+91-9818587139,0,SMS,TWR-0166,"Gomti Nagar, Lucknow",566215983990703
CDR-000917,2024-09-12,11:20:37,S0029,+91-8158983385,S0011,+91-7365548469,793,VOICE,TWR-0008,Railway Station Complex,610655483210220
CDR-000918,2023-09-07,02:39:47,S0044,+91-9971861645,S0032,+91-7090425118,853,VOICE,TWR-0112,"Indiranagar, Bangalore",841636052404302
CDR-000919,2024-07-02,09:23:17,S0065,+91-7911433788,S0049,+91-9317730052,428,VOICE,TWR-0142,"Aundh, Pune",869004451637167
CDR-000920,2024-06-20,05:04:39,S0064,+91-7750198381,S0065,+91-7911433788,173,VOICE,TWR-0200,"Civil Lines, Lucknow",284272793417192
CDR-000921,2024-01-13,02:18:57,S0055,+91-7906087278,S0053,+91-8468512260,3304,VOICE,TWR-0047,"Civil Lines, Lucknow",348379442322013
CDR-000922,2024-09-20,17:05:07,S0032,+91-7090425118,S0033,+91-8986477033,1687,VOICE,TWR-0113,"Gomti Nagar, Lucknow",762796318746538
CDR-000923,2023-05-04,00:47:21,S0055,+91-7906087278,S0058,+91-7497129555,1261,VOICE,TWR-0036,"Banjara Hills, Hyderabad",751440939626512
CDR-000924,2023-04-23,05:12:22,S0017,+91-8160965519,S0054,+91-8152869473,0,SMS,TWR-0108,Highway NH-48 Rest Stop,945202861981918
CDR-000925,2024-12-20,00:47:35,S0058,+91-7497129555,S0064,+91-7750198381,2519,VOICE,TWR-0200,"Aundh, Pune",871033634505214
CDR-000926,2024-03-23,23:54:40,S0035,+91-9574786019,S0010,+91-8733842953,0,DATA,TWR-0048,"Jubilee Hills, Hyderabad",320545657634490
CDR-000927,2023-12-20,17:56:25,S0038,+91-7164583060,S0060,+91-9164020641,0,SMS,TWR-0036,"Indiranagar, Bangalore",427983114911290
CDR-000928,2023-10-27,16:29:07,S0007,+91-8314545093,S0008,+91-7468144718,0,SMS,TWR-0037,Highway NH-48 Rest Stop,317373633561377
CDR-000929,2023-11-21,02:19:52,S0057,+91-9859711607,S0058,+91-7497129555,0,DATA,TWR-0125,"Salt Lake, Kolkata",921733612615547
CDR-000930,2023-05-24,18:56:26,S0057,+91-9859711607,S0058,+91-7497129555,1751,VOICE,TWR-0029,"MG Road, Bangalore",255735464501056
CDR-000931,2024-05-30,09:46:22,S0020,+91-7191685914,S0013,+91-8601012552,523,VOICE,TWR-0065,Highway NH-48 Rest Stop,329164607801225
CDR-000932,2024-06-05,06:03:28,S0027,+91-8837911267,S0028,+91-8010157795,0,SMS,TWR-0104,"Velachery, Chennai",933239648944421
CDR-000933,2023-09-17,22:05:06,S0011,+91-7365548469,S0007,+91-8314545093,0,DATA,TWR-0154,"Jubilee Hills, Hyderabad",733082577592176
CDR-000934,2023-05-30,09:31:22,S0048,+91-8745666148,S0036,+91-8689097012,2551,VOICE,TWR-0024,River Bridge Underpass,521311445991619
CDR-000935,2023-04-23,17:18:04,S0007,+91-8314545093,S0001,+91-7731428289,0,SMS,TWR-0136,Old Market Area,823146686533213
CDR-000936,2023-02-06,10:24:25,S0008,+91-7468144718,S0010,+91-8733842953,0,SMS,TWR-0016,"Koregaon Park, Pune",406175597494852
CDR-000937,2024-12-04,07:46:33,S0031,+91-7728836158,S0038,+91-7164583060,3419,VOICE,TWR-0134,45th Street Warehouse,216001287916018
CDR-000938,2023-12-27,18:24:41,S0036,+91-8689097012,S0034,+91-9185263528,209,VOICE,TWR-0160,45th Street Warehouse,216088722678767
CDR-000939,2024-05-13,16:24:47,S0052,+91-8821211330,S0046,+91-8551797747,2253,VOICE,TWR-0024,River Bridge Underpass,141887133262918
CDR-000940,2024-10-23,07:26:05,S0020,+91-7191685914,S0014,+91-7694080686,0,SMS,TWR-0112,"MG Road, Bangalore",511866347136214
CDR-000941,2024-08-05,20:47:59,S0067,+91-8354117104,S0055,+91-7906087278,0,SMS,TWR-0099,"Andheri West, Mumbai",752054875016983
CDR-000942,2023-11-25,01:01:21,S0067,+91-8185491609,S0065,+91-7911433788,0,DATA,TWR-0138,"Aundh, Pune",313461484897366
CDR-000943,2024-07-12,13:27:26,S0033,+91-8986477033,S0042,+91-9807385456,1016,VOICE,TWR-0062,"Navrangpura, Ahmedabad",838741154528327
CDR-000944,2024-02-14,05:10:15,S0076,+91-8453831805,S0066,+91-9665882102,391,VOICE,TWR-0199,Old Market Area,477345011803688
CDR-000945,2024-05-11,22:01:06,S0072,+91-8873660196,S0079,+91-8925349210,3564,VOICE,TWR-0199,"Aundh, Pune",270712092859914
CDR-000946,2024-03-16,21:34:23,S0066,+91-7288551224,S0067,+91-8354117104,0,SMS,TWR-0057,"Civil Lines, Lucknow",178397398080128
CDR-000947,2024-01-15,10:54:58,S0048,+91-8745666148,S0008,+91-7468144718,1751,VOICE,TWR-0062,"Sector 15, New Delhi",712903875333294
CDR-000948,2024-10-16,16:37:37,S0060,+91-9164020641,S0001,+91-7731428289,0,SMS,TWR-0143,Bus Terminal Underground,993243606238585
CDR-000949,2023-11-23,04:40:12,S0061,+91-7944047056,S0063,+91-8639980776,0,SMS,TWR-0168,"Gomti Nagar, Lucknow",539031220021328
CDR-000950,2023-05-30,02:39:52,S0026,+91-9078465518,S0028,+91-8010157795,0,SMS,TWR-0184,Bus Terminal Underground,258541324624526
CDR-000951,2024-11-05,17:36:03,S0025,+91-9877427601,S0030,+91-7587753540,0,SMS,TWR-0170,"Andheri West, Mumbai",628783426113975
CDR-000952,2023-04-21,13:41:49,S0013,+91-8601012552,S0055,+91-7906087278,0,SMS,TWR-0112,"Indiranagar, Bangalore",548964836587978
CDR-000953,2024-11-28,13:44:56,S0052,+91-8821211330,S0053,+91-8468512260,0,DATA,TWR-0050,"Koregaon Park, Pune",399508595107245
CDR-000954,2023-05-22,13:49:49,S0003,+91-9777055082,S0002,+91-7762376237,0,SMS,TWR-0051,Highway NH-48 Rest Stop,802723045065600
CDR-000955,2023-09-22,08:52:45,S0026,+91-9078465518,S0024,+91-8210847353,0,SMS,TWR-0118,"Sector 15, New Delhi",880564615523492
CDR-000956,2023-12-09,17:56:37,S0037,+91-9353860328,S0032,+91-7090425118,0,SMS,TWR-0030,"MG Road, Bangalore",141817213577252
CDR-000957,2023-02-03,04:53:55,S0013,+91-8601012552,S0020,+91-7191685914,1648,VOICE,TWR-0147,Old Market Area,853703233307148
CDR-000958,2023-07-28,08:02:01,S0034,+91-9185263528,S0044,+91-9971861645,1310,VOICE,TWR-0129,Old Market Area,503246778613761
CDR-000959,2024-02-17,17:11:05,S0063,+91-8639980776,S0077,+91-7477042007,2340,VOICE,TWR-0065,"Salt Lake, Kolkata",900383889860935
CDR-000960,2023-06-09,00:50:07,S0065,+91-7911433788,S0050,+91-8427287656,3595,VOICE,TWR-0127,Old Market Area,558993093531790
CDR-000961,2023-09-28,21:33:46,S0055,+91-7906087278,S0053,+91-8468512260,0,DATA,TWR-0128,Industrial Zone B-12,426619930015490
CDR-000962,2023-01-22,19:52:58,S0001,+91-7731428289,S0005,+91-9533147930,0,SMS,TWR-0023,"Koregaon Park, Pune",940240199784548
CDR-000963,2023-12-13,10:11:14,S0049,+91-9317730052,S0041,+91-8047680798,0,SMS,TWR-0127,Abandoned Factory Block C,551083727182118
CDR-000964,2024-11-02,07:54:11,S0026,+91-9078465518,S0026,+91-9078465518,0,SMS,TWR-0196,Airport Cargo Terminal,326052275318650
CDR-000965,2024-06-22,21:40:12,S0002,+91-7762376237,S0012,+91-9757993748,2416,VOICE,TWR-0142,"Andheri West, Mumbai",228305795888043
CDR-000966,2024-06-23,23:26:10,S0001,+91-7731428289,S0040,+91-9752093579,949,VOICE,TWR-0072,"MG Road, Bangalore",712214667562487
CDR-000967,2023-02-20,09:33:27,S0077,+91-7477042007,S0080,+91-9719896275,2897,VOICE,TWR-0114,"Connaught Place, New Delhi",199666540165732
CDR-000968,2024-06-08,02:59:53,S0032,+91-7090425118,S0051,+91-8102313761,0,DATA,TWR-0173,45th Street Warehouse,685371525631180
CDR-000969,2023-01-04,12:39:05,S0009,+91-8669674686,S0008,+91-7468144718,2945,VOICE,TWR-0023,"Marine Drive, Mumbai",492774671078605
CDR-000970,2023-07-27,22:00:54,S0071,+91-9835229476,S0032,+91-7090425118,0,SMS,TWR-0075,"Jubilee Hills, Hyderabad",727911740354203
CDR-000971,2024-02-22,12:57:38,S0075,+91-9023218968,S0040,+91-9752093579,2657,VOICE,TWR-0187,"Park Street, Kolkata",580918164656290
CDR-000972,2024-11-04,19:19:29,S0062,+91-7376081376,S0061,+91-7944047056,0,SMS,TWR-0056,"Connaught Place, New Delhi",365926880866211
CDR-000973,2024-02-11,23:17:50,S0056,+91-7990411854,S0054,+91-8152869473,666,VOICE,TWR-0103,"Anna Nagar, Chennai",278922290772317
CDR-000974,2024-08-06,07:05:21,S0024,+91-8210847353,S0029,+91-8158983385,0,SMS,TWR-0022,"Salt Lake, Kolkata",290285626365055
CDR-000975,2024-08-02,19:29:43,S0024,+91-8210847353,S0027,+91-8837911267,439,VOICE,TWR-0088,"Malviya Nagar, Jaipur",640738429638816
CDR-000976,2023-07-12,20:16:52,S0060,+91-9164020641,S0061,+91-7944047056,0,DATA,TWR-0137,"Sector 15, New Delhi",133016775485989
CDR-000977,2023-12-04,17:34:47,S0010,+91-8733842953,S0038,+91-7164583060,0,SMS,TWR-0147,"MG Road, Bangalore",764539412196674
CDR-000978,2024-10-25,04:09:21,S0046,+91-8551797747,S0045,+91-7911765255,0,DATA,TWR-0135,"Connaught Place, New Delhi",163140483344881
CDR-000979,2024-12-21,23:15:02,S0047,+91-9284549529,S0001,+91-7731428289,0,SMS,TWR-0115,"Satellite, Ahmedabad",493592913016797
CDR-000980,2023-01-19,04:29:46,S0060,+91-9164020641,S0030,+91-7587753540,0,SMS,TWR-0039,"Banjara Hills, Hyderabad",114854718287137
CDR-000981,2024-08-08,00:50:09,S0009,+91-7154324371,S0005,+91-9533147930,0,SMS,TWR-0154,"Indiranagar, Bangalore",282450988802243
CDR-000982,2024-10-11,20:25:04,S0030,+91-7587753540,S0053,+91-8468512260,69,VOICE,TWR-0011,"Sector 15, New Delhi",819379098241985
CDR-000983,2024-01-30,23:42:35,S0026,+91-9078465518,S0027,+91-8837911267,2915,VOICE,TWR-0067,Old Market Area,746511999313839
CDR-000984,2024-12-15,11:53:32,S0058,+91-7497129555,S0057,+91-9859711607,0,DATA,TWR-0177,"MG Road, Bangalore",822829281053781
CDR-000985,2024-11-25,18:03:36,S0036,+91-8689097012,S0041,+91-8047680798,1052,VOICE,TWR-0098,"Satellite, Ahmedabad",655012438183278
CDR-000986,2023-10-15,13:51:54,S0027,+91-8837911267,S0026,+91-9078465518,2689,VOICE,TWR-0141,"Satellite, Ahmedabad",498497454531844
CDR-000987,2024-11-08,12:51:31,S0066,+91-9665882102,S0015,+91-8928238864,0,SMS,TWR-0110,45th Street Warehouse,343007078602321
CDR-000988,2023-01-31,16:46:27,S0056,+91-7990411854,S0039,+91-9007576162,1941,VOICE,TWR-0121,"Sector 15, New Delhi",671835915677765
CDR-000989,2024-07-28,07:57:11,S0078,+91-8505943466,S0073,+91-8723469890,0,SMS,TWR-0065,"Koregaon Park, Pune",920557691197954
CDR-000990,2023-01-25,11:07:35,S0056,+91-7990411854,S0044,+91-9971861645,0,SMS,TWR-0093,Railway Station Complex,770899798367229
CDR-000991,2024-04-13,07:10:30,S0023,+91-7870361876,S0030,+91-7587753540,1153,VOICE,TWR-0195,"Malviya Nagar, Jaipur",320846181070924
CDR-000992,2024-08-27,11:27:32,S0073,+91-8723469890,S0077,+91-7477042007,0,SMS,TWR-0089,Industrial Zone B-12,105388833726524
CDR-000993,2024-07-26,12:47:07,S0031,+91-7728836158,S0038,+91-7164583060,455,VOICE,TWR-0174,"Jubilee Hills, Hyderabad",884981247568783
CDR-000994,2023-04-07,11:20:48,S0001,+91-7731428289,S0011,+91-7365548469,864,VOICE,TWR-0017,"Jubilee Hills, Hyderabad",622413660619941
CDR-000995,2023-08-18,17:53:38,S0077,+91-7477042007,S0071,+91-9835229476,0,DATA,TWR-0195,"Banjara Hills, Hyderabad",188571623421547
CDR-000996,2024-02-15,13:01:59,S0013,+91-8601012552,S0015,+91-8928238864,0,DATA,TWR-0068,"Jubilee Hills, Hyderabad",588786826229985
CDR-000997,2024-05-22,08:08:07,S0049,+91-9317730052,S0045,+91-7911765255,2169,VOICE,TWR-0184,Industrial Zone B-12,492445550394026
CDR-000998,2024-10-02,02:56:33,S0038,+91-7164583060,S0041,+91-8047680798,2399,VOICE,TWR-0025,"MG Road, Bangalore",849357876173052
CDR-000999,2024-12-16,01:08:16,S0039,+91-9007576162,S0044,+91-9971861645,3137,VOICE,TWR-0122,"Anna Nagar, Chennai",568070293253871
CDR-001000,2023-03-30,11:33:30,S0059,+91-9818587139,S0044,+91-9971861645,3406,VOICE,TWR-0109,Railway Station Complex,958494048622036
CDR-001001,2023-01-30,18:42:11,S0022,+91-9029520745,S0033,+91-8986477033,0,SMS,TWR-0131,Port District Dock 7,597733688246817
CDR-001002,2024-09-09,15:42:35,S0051,+91-8102313761,S0048,+91-8745666148,990,VOICE,TWR-0061,River Bridge Underpass,772963902034260
CDR-001003,2023-12-10,01:10:58,S0044,+91-9971861645,S0056,+91-7990411854,2922,VOICE,TWR-0158,Airport Cargo Terminal,707822011536379
CDR-001004,2023-08-22,03:38:21,S0019,+91-9469240982,S0017,+91-8160965519,0,DATA,TWR-0056,"Civil Lines, Lucknow",358002042608820
CDR-001005,2023-04-03,23:56:29,S0068,+91-7943867424,S0068,+91-7943867424,0,SMS,TWR-0015,"Jubilee Hills, Hyderabad",784327315326245
CDR-001006,2023-06-29,08:38:55,S0032,+91-7090425118,S0033,+91-8986477033,443,VOICE,TWR-0034,"Velachery, Chennai",963685117457453
CDR-001007,2023-04-23,12:03:35,S0048,+91-8745666148,S0047,+91-8940192213,0,SMS,TWR-0192,"Koregaon Park, Pune",391338921914548
CDR-001008,2024-09-21,13:33:45,S0025,+91-9877427601,S0067,+91-8354117104,0,DATA,TWR-0022,Abandoned Factory Block C,871999060407022
CDR-001009,2023-01-17,14:51:17,S0021,+91-7186376562,S0048,+91-8745666148,0,SMS,TWR-0030,Industrial Zone B-12,626584190996369
CDR-001010,2023-08-07,05:53:17,S0078,+91-8505943466,S0077,+91-7477042007,2090,VOICE,TWR-0110,"Jubilee Hills, Hyderabad",791737491168786
CDR-001011,2023-06-09,05:42:23,S0011,+91-7365548469,S0065,+91-7911433788,0,SMS,TWR-0064,"Salt Lake, Kolkata",985910343582834
CDR-001012,2024-01-03,04:59:04,S0042,+91-9807385456,S0039,+91-9007576162,0,SMS,TWR-0116,"Velachery, Chennai",597726584268257
CDR-001013,2023-02-22,00:22:36,S0038,+91-9779825906,S0041,+91-8047680798,0,DATA,TWR-0002,"Jubilee Hills, Hyderabad",827557908423592
CDR-001014,2024-09-19,01:14:44,S0049,+91-9317730052,S0067,+91-8354117104,0,SMS,TWR-0080,45th Street Warehouse,291512829198324
CDR-001015,2024-10-26,01:43:49,S0077,+91-7477042007,S0080,+91-9719896275,1119,VOICE,TWR-0200,Railway Station Complex,331618088722114
CDR-001016,2023-03-12,19:31:56,S0035,+91-9574786019,S0028,+91-8010157795,0,SMS,TWR-0062,Port District Dock 7,709904356813271
CDR-001017,2024-11-11,04:48:42,S0065,+91-7911433788,S0066,+91-9665882102,1833,VOICE,TWR-0013,Bus Terminal Underground,453053829395254
CDR-001018,2023-06-02,00:06:22,S0013,+91-8189450306,S0020,+91-7191685914,408,VOICE,TWR-0169,"Satellite, Ahmedabad",507193690534644
CDR-001019,2024-02-01,19:02:26,S0031,+91-7728836158,S0038,+91-7164583060,0,SMS,TWR-0164,"Connaught Place, New Delhi",567624108901593
CDR-001020,2024-09-06,00:27:35,S0002,+91-7762376237,S0012,+91-9757993748,0,SMS,TWR-0152,Old Market Area,829600294835236
CDR-001021,2023-05-13,02:56:29,S0063,+91-8639980776,S0062,+91-7376081376,0,SMS,TWR-0026,Highway NH-48 Rest Stop,614253652165239
CDR-001022,2024-11-18,19:24:38,S0015,+91-8928238864,S0020,+91-7191685914,0,SMS,TWR-0027,"Anna Nagar, Chennai",616535172536707
CDR-001023,2023-03-24,22:39:15,S0001,+91-7731428289,S0005,+91-9533147930,0,SMS,TWR-0078,"Indiranagar, Bangalore",573233942231538
CDR-001024,2024-09-06,06:46:27,S0078,+91-8505943466,S0077,+91-7477042007,1862,VOICE,TWR-0021,"Navrangpura, Ahmedabad",602315491446521
CDR-001025,2023-09-04,21:17:11,S0015,+91-8928238864,S0021,+91-7186376562,1456,VOICE,TWR-0035,Railway Station Complex,961215682687800
CDR-001026,2024-01-08,18:00:04,S0049,+91-9317730052,S0057,+91-9859711607,854,VOICE,TWR-0051,"Satellite, Ahmedabad",637985562326243
CDR-001027,2023-10-23,13:51:49,S0037,+91-9353860328,S0006,+91-8996093227,286,VOICE,TWR-0101,Abandoned Factory Block C,298055464433613
CDR-001028,2023-03-15,16:38:30,S0064,+91-7750198381,S0065,+91-7911433788,0,SMS,TWR-0176,"Koregaon Park, Pune",805049694231075
CDR-001029,2024-02-11,19:21:52,S0014,+91-7694080686,S0015,+91-8928238864,3024,VOICE,TWR-0107,"Civil Lines, Lucknow",130638059861297
CDR-001030,2023-01-23,07:52:50,S0033,+91-8986477033,S0042,+91-9807385456,0,SMS,TWR-0200,"Navrangpura, Ahmedabad",131868670177895
CDR-001031,2024-02-16,08:15:55,S0036,+91-8689097012,S0033,+91-8986477033,0,SMS,TWR-0196,"Indiranagar, Bangalore",940843705332976
CDR-001032,2024-01-28,12:00:31,S0019,+91-9469240982,S0077,+91-7477042007,2455,VOICE,TWR-0017,"Marine Drive, Mumbai",397490513945443
CDR-001033,2023-06-24,04:40:14,S0007,+91-9992184341,S0004,+91-8808948427,2108,VOICE,TWR-0123,"Park Street, Kolkata",316825061347750
CDR-001034,2023-02-24,17:29:34,S0003,+91-7303959797,S0012,+91-9757993748,0,SMS,TWR-0135,"Malviya Nagar, Jaipur",989529513160751
CDR-001035,2024-09-06,02:04:15,S0067,+91-8354117104,S0066,+91-9665882102,1298,VOICE,TWR-0035,"Park Street, Kolkata",239880600858282
CDR-001036,2023-04-08,20:07:48,S0015,+91-8928238864,S0020,+91-7191685914,0,SMS,TWR-0027,Abandoned Factory Block C,110599841420656
CDR-001037,2024-02-21,08:51:23,S0056,+91-7990411854,S0053,+91-8468512260,0,DATA,TWR-0052,Airport Cargo Terminal,289331152577637
CDR-001038,2024-02-29,03:45:47,S0077,+91-7477042007,S0080,+91-9719896275,0,SMS,TWR-0156,"Connaught Place, New Delhi",649443217228640
CDR-001039,2024-10-25,21:08:41,S0072,+91-8873660196,S0074,+91-9129320527,2402,VOICE,TWR-0136,"Anna Nagar, Chennai",153325015575908
CDR-001040,2023-07-13,06:15:10,S0015,+91-8928238864,S0002,+91-7762376237,475,VOICE,TWR-0177,"Aundh, Pune",372557927009438
CDR-001041,2023-02-16,11:18:14,S0010,+91-8733842953,S0008,+91-7468144718,0,SMS,TWR-0015,"Navrangpura, Ahmedabad",857230549444875
CDR-001042,2023-12-16,15:19:54,S0021,+91-7186376562,S0013,+91-8601012552,0,DATA,TWR-0175,"Malviya Nagar, Jaipur",759775339957579
CDR-001043,2023-08-12,21:58:55,S0071,+91-9835229476,S0016,+91-9192173624,2594,VOICE,TWR-0083,Highway NH-48 Rest Stop,219165336616958
CDR-001044,2023-11-27,20:18:12,S0057,+91-9859711607,S0009,+91-8669674686,0,SMS,TWR-0066,Airport Cargo Terminal,219678984780654
CDR-001045,2023-08-27,20:48:20,S0024,+91-9732081200,S0052,+91-8821211330,2455,VOICE,TWR-0067,"Park Street, Kolkata",334087850118336
CDR-001046,2024-09-09,08:49:26,S0072,+91-8873660196,S0074,+91-9129320527,0,DATA,TWR-0121,"Malviya Nagar, Jaipur",686947653445397
CDR-001047,2024-12-13,11:08:08,S0044,+91-9971861645,S0080,+91-9719896275,0,DATA,TWR-0149,"Satellite, Ahmedabad",252683788766024
CDR-001048,2024-12-20,03:55:04,S0036,+91-8689097012,S0005,+91-9533147930,1892,VOICE,TWR-0199,Abandoned Factory Block C,469995060918831
CDR-001049,2024-04-26,06:59:40,S0012,+91-9757993748,S0011,+91-7365548469,1761,VOICE,TWR-0123,Old Market Area,236258421948106
CDR-001050,2024-10-23,06:12:58,S0062,+91-7376081376,S0060,+91-9164020641,0,DATA,TWR-0070,"Park Street, Kolkata",794374614132758
CDR-001051,2023-09-09,06:43:45,S0068,+91-7943867424,S0030,+91-7587753540,3009,VOICE,TWR-0081,"Koregaon Park, Pune",116234554559067
CDR-001052,2024-07-20,09:51:27,S0013,+91-8601012552,S0013,+91-8601012552,0,SMS,TWR-0172,"Sector 15, New Delhi",880391938494301
CDR-001053,2024-02-26,12:46:51,S0036,+91-8689097012,S0033,+91-8986477033,0,DATA,TWR-0024,"Park Street, Kolkata",928480586921456
CDR-001054,2024-08-12,10:22:36,S0066,+91-9665882102,S0067,+91-8354117104,427,VOICE,TWR-0090,"Aundh, Pune",707031869942682
CDR-001055,2024-10-13,04:53:14,S0080,+91-9719896275,S0025,+91-9877427601,0,SMS,TWR-0024,Industrial Zone B-12,802101024471348
CDR-001056,2023-01-28,23:24:39,S0008,+91-7468144718,S0010,+91-8733842953,822,VOICE,TWR-0082,"Malviya Nagar, Jaipur",304055043709925
CDR-001057,2024-05-06,13:54:59,S0074,+91-9129320527,S0072,+91-8873660196,2917,VOICE,TWR-0150,Industrial Zone B-12,775479915179627
CDR-001058,2024-08-05,09:06:14,S0023,+91-7870361876,S0073,+91-8723469890,0,SMS,TWR-0161,Airport Cargo Terminal,980943068949645
CDR-001059,2023-05-10,10:12:38,S0025,+91-9877427601,S0030,+91-7587753540,0,SMS,TWR-0039,"Koregaon Park, Pune",526202499135510
CDR-001060,2023-11-04,18:50:15,S0055,+91-7906087278,S0053,+91-8468512260,0,SMS,TWR-0061,"Civil Lines, Lucknow",632143049310726
CDR-001061,2023-09-18,01:21:26,S0048,+91-8745666148,S0050,+91-8427287656,2084,VOICE,TWR-0093,Port District Dock 7,297853200279746
CDR-001062,2023-12-04,12:30:26,S0037,+91-9353860328,S0032,+91-7090425118,90,VOICE,TWR-0053,"Banjara Hills, Hyderabad",750339746231907
CDR-001063,2023-01-09,09:03:22,S0045,+91-7911765255,S0036,+91-8689097012,2336,VOICE,TWR-0155,Bus Terminal Underground,575074751458737
CDR-001064,2024-02-19,11:56:49,S0037,+91-9353860328,S0044,+91-9971861645,188,VOICE,TWR-0032,Port District Dock 7,688885325815395
CDR-001065,2024-04-11,07:43:42,S0026,+91-9078465518,S0025,+91-9877427601,0,DATA,TWR-0190,Railway Station Complex,826268707017768
CDR-001066,2024-09-17,21:05:41,S0052,+91-8821211330,S0046,+91-8551797747,1062,VOICE,TWR-0105,Old Market Area,615181784533642
CDR-001067,2024-03-26,02:59:12,S0003,+91-9777055082,S0056,+91-7990411854,335,VOICE,TWR-0195,"Aundh, Pune",689522050305631
CDR-001068,2024-01-03,15:14:57,S0034,+91-9185263528,S0058,+91-7497129555,0,SMS,TWR-0001,45th Street Warehouse,186214333265981
CDR-001069,2024-05-18,10:39:02,S0070,+91-8361473242,S0055,+91-7906087278,0,SMS,TWR-0186,Industrial Zone B-12,330142303697995
CDR-001070,2024-06-13,11:55:47,S0037,+91-9353860328,S0044,+91-9971861645,0,DATA,TWR-0072,"Banjara Hills, Hyderabad",827004890689907
CDR-001071,2023-12-18,11:19:05,S0043,+91-8599838760,S0053,+91-8468512260,191,VOICE,TWR-0183,Railway Station Complex,397567794829759
CDR-001072,2023-06-21,12:03:22,S0023,+91-7870361876,S0056,+91-7990411854,3288,VOICE,TWR-0077,"Marine Drive, Mumbai",246427652088357
CDR-001073,2024-03-14,06:16:40,S0043,+91-8599838760,S0032,+91-7090425118,3099,VOICE,TWR-0078,"Gomti Nagar, Lucknow",988998069446851
CDR-001074,2023-09-08,14:49:33,S0010,+91-8733842953,S0006,+91-8996093227,0,SMS,TWR-0014,Industrial Zone B-12,320522455965655
CDR-001075,2023-05-25,15:59:36,S0042,+91-9807385456,S0033,+91-8986477033,0,SMS,TWR-0154,"Banjara Hills, Hyderabad",787241180977821
CDR-001076,2024-04-15,12:45:11,S0027,+91-8837911267,S0026,+91-9078465518,2152,VOICE,TWR-0122,"Marine Drive, Mumbai",343459755313996
CDR-001077,2023-11-08,10:14:25,S0050,+91-8427287656,S0049,+91-9317730052,0,SMS,TWR-0067,"Salt Lake, Kolkata",979194875114256
CDR-001078,2024-07-04,02:37:09,S0077,+91-7477042007,S0071,+91-9835229476,0,DATA,TWR-0051,"Navrangpura, Ahmedabad",595108242517933
CDR-001079,2023-11-05,10:11:32,S0054,+91-8152869473,S0057,+91-9859711607,3553,VOICE,TWR-0119,Abandoned Factory Block C,294847324629177
CDR-001080,2024-06-05,22:21:51,S0053,+91-8468512260,S0050,+91-8427287656,0,DATA,TWR-0155,"Velachery, Chennai",658332063500122
CDR-001081,2024-10-27,08:43:02,S0034,+91-9185263528,S0048,+91-8745666148,0,SMS,TWR-0183,"Banjara Hills, Hyderabad",761391197999923
CDR-001082,2023-09-03,17:20:16,S0046,+91-8551797747,S0058,+91-7497129555,1599,VOICE,TWR-0143,"Velachery, Chennai",128171899066276
CDR-001083,2023-12-30,02:55:53,S0034,+91-9185263528,S0003,+91-7303959797,0,SMS,TWR-0090,"Aundh, Pune",199378233399467
CDR-001084,2023-03-02,22:38:45,S0010,+91-8733842953,S0002,+91-7762376237,2414,VOICE,TWR-0009,45th Street Warehouse,152367323458085
CDR-001085,2024-01-01,18:25:53,S0074,+91-9129320527,S0005,+91-9533147930,619,VOICE,TWR-0075,Railway Station Complex,486638382211341
CDR-001086,2023-09-09,12:27:00,S0032,+91-7090425118,S0033,+91-8986477033,0,DATA,TWR-0174,"Jubilee Hills, Hyderabad",563443899794425
CDR-001087,2023-01-30,20:46:32,S0056,+91-7990411854,S0002,+91-7762376237,3023,VOICE,TWR-0016,Railway Station Complex,758552951873783
CDR-001088,2024-08-04,21:32:18,S0047,+91-8940192213,S0010,+91-8733842953,3018,VOICE,TWR-0081,"MG Road, Bangalore",716560107856974
CDR-001089,2023-10-11,14:37:43,S0014,+91-7694080686,S0015,+91-8928238864,1751,VOICE,TWR-0187,"Koregaon Park, Pune",605167483704118
CDR-001090,2024-05-13,00:00:07,S0055,+91-7906087278,S0066,+91-9665882102,0,SMS,TWR-0188,"Kothrud, Pune",550243189485765
CDR-001091,2024-01-13,14:42:48,S0050,+91-9790842177,S0049,+91-9317730052,0,DATA,TWR-0151,"Indiranagar, Bangalore",693070631119938
CDR-001092,2023-01-04,06:34:15,S0080,+91-9719896275,S0072,+91-8873660196,0,SMS,TWR-0128,"Connaught Place, New Delhi",421752786027200
CDR-001093,2023-06-09,02:26:33,S0003,+91-7303959797,S0004,+91-8808948427,1042,VOICE,TWR-0018,"Aundh, Pune",199350649500381
CDR-001094,2023-09-07,07:45:46,S0069,+91-7305439451,S0070,+91-8361473242,0,SMS,TWR-0024,"Civil Lines, Lucknow",925546202881669
CDR-001095,2023-05-12,00:05:49,S0065,+91-7911433788,S0066,+91-9665882102,774,VOICE,TWR-0068,"Koregaon Park, Pune",118786629813675
CDR-001096,2023-08-20,13:00:38,S0022,+91-9029520745,S0029,+91-8158983385,0,SMS,TWR-0192,Industrial Zone B-12,949809529262332
CDR-001097,2024-01-11,02:46:47,S0053,+91-7726163005,S0054,+91-8152869473,0,SMS,TWR-0003,"Jubilee Hills, Hyderabad",678842858596636
CDR-001098,2023-12-24,07:38:50,S0048,+91-8745666148,S0047,+91-8940192213,0,DATA,TWR-0199,"Satellite, Ahmedabad",817982659225991
CDR-001099,2024-09-29,22:34:08,S0022,+91-9029520745,S0015,+91-8928238864,0,SMS,TWR-0134,"Koregaon Park, Pune",993575150382405
CDR-001100,2023-04-24,13:43:06,S0010,+91-8733842953,S0071,+91-9835229476,1892,VOICE,TWR-0159,"Anna Nagar, Chennai",705775996315413
CDR-001101,2023-04-04,19:56:32,S0027,+91-8837911267,S0013,+91-8601012552,0,SMS,TWR-0188,"Marine Drive, Mumbai",320765582854076
CDR-001102,2023-05-11,22:05:21,S0069,+91-7305439451,S0068,+91-7943867424,3349,VOICE,TWR-0041,"Park Street, Kolkata",784848380071624
CDR-001103,2024-08-24,03:41:57,S0048,+91-8745666148,S0050,+91-8427287656,715,VOICE,TWR-0081,"Jubilee Hills, Hyderabad",432353989052213
CDR-001104,2023-09-13,03:03:10,S0012,+91-9757993748,S0038,+91-7164583060,0,DATA,TWR-0092,"Indiranagar, Bangalore",461103939981338
CDR-001105,2024-04-05,16:03:16,S0029,+91-8158983385,S0028,+91-8010157795,2187,VOICE,TWR-0183,"Park Street, Kolkata",153428936621548
CDR-001106,2024-11-10,11:23:27,S0079,+91-8925349210,S0053,+91-8468512260,1314,VOICE,TWR-0190,Airport Cargo Terminal,586567000556995
CDR-001107,2023-07-08,21:45:33,S0031,+91-7728836158,S0040,+91-9752093579,2425,VOICE,TWR-0105,"Malviya Nagar, Jaipur",400504250012448
CDR-001108,2023-04-16,00:50:02,S0044,+91-9971861645,S0033,+91-8986477033,0,DATA,TWR-0178,Railway Station Complex,528447214468909
CDR-001109,2023-06-13,09:06:15,S0079,+91-8925349210,S0073,+91-8723469890,0,SMS,TWR-0032,"Salt Lake, Kolkata",259195262984085
CDR-001110,2024-10-15,14:38:25,S0054,+91-8152869473,S0017,+91-8160965519,0,SMS,TWR-0098,Airport Cargo Terminal,740051566857948
CDR-001111,2024-05-23,20:51:35,S0049,+91-9317730052,S0004,+91-8808948427,0,DATA,TWR-0023,Railway Station Complex,112519846341836
CDR-001112,2024-05-19,04:42:54,S0045,+91-7911765255,S0036,+91-8689097012,3118,VOICE,TWR-0161,"Andheri West, Mumbai",892022245278236
CDR-001113,2023-10-01,20:20:50,S0026,+91-9078465518,S0028,+91-8010157795,0,SMS,TWR-0189,"Jubilee Hills, Hyderabad",726563535989996
CDR-001114,2023-02-15,12:03:28,S0060,+91-7569582350,S0019,+91-9469240982,0,DATA,TWR-0165,"Sector 15, New Delhi",549723946836238
CDR-001115,2023-09-26,00:27:56,S0003,+91-9777055082,S0006,+91-8996093227,0,SMS,TWR-0077,Abandoned Factory Block C,396664030224383
CDR-001116,2024-08-16,00:50:53,S0058,+91-7497129555,S0052,+91-8821211330,0,DATA,TWR-0163,"Gomti Nagar, Lucknow",920420237880384
CDR-001117,2023-12-04,22:49:42,S0075,+91-9023218968,S0071,+91-9835229476,3449,VOICE,TWR-0035,"Navrangpura, Ahmedabad",729223509947966
CDR-001118,2024-12-14,22:19:52,S0063,+91-8639980776,S0078,+91-8505943466,0,SMS,TWR-0019,"Aundh, Pune",841970157543547
CDR-001119,2023-04-11,07:02:46,S0007,+91-8314545093,S0008,+91-7468144718,2282,VOICE,TWR-0072,"Velachery, Chennai",763292547253536
CDR-001120,2024-09-22,00:33:41,S0036,+91-8689097012,S0033,+91-8986477033,0,SMS,TWR-0054,"Banjara Hills, Hyderabad",955600955814664
CDR-001121,2024-08-06,10:33:10,S0033,+91-8986477033,S0067,+91-8354117104,1266,VOICE,TWR-0183,Highway NH-48 Rest Stop,392298818433964
CDR-001122,2023-05-12,20:25:04,S0059,+91-9818587139,S0007,+91-8314545093,0,SMS,TWR-0024,Railway Station Complex,633939205288635
CDR-001123,2024-02-08,17:57:54,S0028,+91-8010157795,S0025,+91-9877427601,0,SMS,TWR-0066,Bus Terminal Underground,954713569527990
CDR-001124,2024-12-06,05:26:02,S0067,+91-8354117104,S0066,+91-9665882102,0,DATA,TWR-0095,Highway NH-48 Rest Stop,702127195233738
CDR-001125,2023-04-24,19:11:07,S0024,+91-8210847353,S0021,+91-7186376562,899,VOICE,TWR-0096,"Aundh, Pune",591778229607238
CDR-001126,2024-05-11,14:54:34,S0066,+91-9665882102,S0015,+91-8928238864,2622,VOICE,TWR-0005,"Malviya Nagar, Jaipur",549489583706388
CDR-001127,2024-08-11,11:50:57,S0036,+91-8689097012,S0041,+91-8047680798,0,SMS,TWR-0086,"Jubilee Hills, Hyderabad",360137919987291
CDR-001128,2024-09-06,22:52:59,S0046,+91-8551797747,S0051,+91-8102313761,0,DATA,TWR-0180,"Malviya Nagar, Jaipur",409102304642111
CDR-001129,2023-10-26,19:10:17,S0069,+91-7305439451,S0036,+91-8689097012,0,SMS,TWR-0041,"Connaught Place, New Delhi",463923074871373
CDR-001130,2023-12-09,08:09:22,S0016,+91-9192173624,S0016,+91-9192173624,0,SMS,TWR-0092,Port District Dock 7,181000155295648
CDR-001131,2024-09-05,15:32:17,S0046,+91-8551797747,S0056,+91-7990411854,0,DATA,TWR-0003,River Bridge Underpass,156095747273573
CDR-001132,2024-02-10,06:58:42,S0073,+91-8723469890,S0045,+91-7911765255,3433,VOICE,TWR-0195,Railway Station Complex,748073315921999
CDR-001133,2024-06-20,10:13:20,S0061,+91-7944047056,S0060,+91-9164020641,0,SMS,TWR-0191,"Aundh, Pune",969526030304745
CDR-001134,2024-10-05,18:55:44,S0077,+91-7477042007,S0080,+91-9719896275,3143,VOICE,TWR-0168,Old Market Area,409164775119010
CDR-001135,2023-03-15,12:08:51,S0002,+91-7762376237,S0026,+91-9078465518,3570,VOICE,TWR-0192,"Navrangpura, Ahmedabad",994596052560841
CDR-001136,2023-09-25,09:55:25,S0068,+91-7943867424,S0028,+91-8010157795,0,DATA,TWR-0089,"Navrangpura, Ahmedabad",273660928544537
CDR-001137,2024-10-10,05:00:59,S0051,+91-8102313761,S0047,+91-8940192213,2035,VOICE,TWR-0162,"Banjara Hills, Hyderabad",332171970744383
CDR-001138,2024-09-05,05:34:34,S0051,+91-8102313761,S0039,+91-9007576162,0,SMS,TWR-0090,"Connaught Place, New Delhi",931911304318818
CDR-001139,2024-01-01,11:41:11,S0020,+91-7191685914,S0047,+91-8940192213,0,DATA,TWR-0167,Airport Cargo Terminal,344893264325018
CDR-001140,2024-07-16,05:03:07,S0072,+91-8873660196,S0074,+91-9129320527,0,DATA,TWR-0099,"Anna Nagar, Chennai",392532012608456
CDR-001141,2023-10-01,10:30:23,S0028,+91-8010157795,S0048,+91-8745666148,3070,VOICE,TWR-0115,"Satellite, Ahmedabad",974556743540251
CDR-001142,2023-04-13,22:06:20,S0003,+91-7303959797,S0044,+91-9971861645,2072,VOICE,TWR-0124,"Indiranagar, Bangalore",177147793105762
CDR-001143,2024-09-10,06:00:54,S0020,+91-7191685914,S0021,+91-7186376562,1393,VOICE,TWR-0026,"Connaught Place, New Delhi",410289558621273
CDR-001144,2024-08-07,17:19:33,S0080,+91-9719896275,S0072,+91-8873660196,1119,VOICE,TWR-0112,"Indiranagar, Bangalore",978348210639180
CDR-001145,2023-09-27,23:36:58,S0041,+91-8047680798,S0035,+91-9574786019,0,SMS,TWR-0164,Airport Cargo Terminal,350685670071758
CDR-001146,2024-07-31,06:21:41,S0056,+91-7990411854,S0054,+91-8152869473,0,SMS,TWR-0150,"Civil Lines, Lucknow",789603246213745
CDR-001147,2024-01-04,21:37:02,S0007,+91-8314545093,S0004,+91-8808948427,1904,VOICE,TWR-0014,Industrial Zone B-12,223609363814948
CDR-001148,2024-09-21,09:34:09,S0016,+91-9192173624,S0033,+91-8986477033,0,SMS,TWR-0169,"Civil Lines, Lucknow",704111606732890
CDR-001149,2023-09-18,03:46:53,S0062,+91-7376081376,S0060,+91-9164020641,919,VOICE,TWR-0166,Railway Station Complex,649213075535296
CDR-001150,2024-11-12,11:26:06,S0040,+91-9752093579,S0042,+91-9807385456,626,VOICE,TWR-0038,"Satellite, Ahmedabad",493523685033086
CDR-001151,2024-01-06,18:15:43,S0071,+91-9835229476,S0080,+91-9719896275,0,SMS,TWR-0104,"Marine Drive, Mumbai",986550636740120
CDR-001152,2024-02-25,06:06:13,S0068,+91-7943867424,S0034,+91-9185263528,981,VOICE,TWR-0189,45th Street Warehouse,439966581895944
CDR-001153,2024-08-30,16:11:13,S0057,+91-9859711607,S0058,+91-7497129555,0,SMS,TWR-0066,Railway Station Complex,654733591101276
CDR-001154,2023-12-24,11:37:36,S0076,+91-8453831805,S0079,+91-8925349210,2347,VOICE,TWR-0011,"Gomti Nagar, Lucknow",344043103503040
CDR-001155,2024-04-17,00:55:29,S0064,+91-7750198381,S0048,+91-8745666148,0,SMS,TWR-0100,"Park Street, Kolkata",187630300611619
CDR-001156,2024-03-24,01:17:02,S0059,+91-9818587139,S0061,+91-7944047056,1574,VOICE,TWR-0166,"Civil Lines, Lucknow",137656446275544
CDR-001157,2023-11-18,03:33:47,S0063,+91-8639980776,S0078,+91-8505943466,0,DATA,TWR-0040,"Park Street, Kolkata",998613455590302
CDR-001158,2024-03-31,14:37:45,S0047,+91-8940192213,S0048,+91-8745666148,2777,VOICE,TWR-0051,Port District Dock 7,648095501664258
CDR-001159,2023-02-16,17:48:20,S0031,+91-7728836158,S0038,+91-7164583060,241,VOICE,TWR-0035,"Satellite, Ahmedabad",341392359050601
CDR-001160,2023-07-18,22:17:08,S0035,+91-9574786019,S0028,+91-8010157795,34,VOICE,TWR-0049,"Marine Drive, Mumbai",627029439404207
CDR-001161,2023-08-19,11:25:10,S0040,+91-9752093579,S0042,+91-9807385456,0,SMS,TWR-0187,"Kothrud, Pune",597230142173551
CDR-001162,2023-01-12,01:52:36,S0009,+91-7154324371,S0035,+91-9574786019,0,SMS,TWR-0059,Port District Dock 7,971647997103787
CDR-001163,2024-06-09,06:20:20,S0056,+91-7990411854,S0072,+91-8873660196,3485,VOICE,TWR-0172,"Connaught Place, New Delhi",630161011122154
CDR-001164,2024-02-04,15:37:31,S0076,+91-8453831805,S0009,+91-8669674686,2394,VOICE,TWR-0033,Industrial Zone B-12,997073481592795
CDR-001165,2023-03-26,03:56:22,S0022,+91-9029520745,S0021,+91-7186376562,2403,VOICE,TWR-0165,"Satellite, Ahmedabad",265223004353059
CDR-001166,2024-10-06,09:56:02,S0043,+91-8599838760,S0040,+91-9752093579,0,DATA,TWR-0180,"Aundh, Pune",521968428732806
CDR-001167,2024-11-12,12:28:26,S0041,+91-7494240311,S0035,+91-9574786019,354,VOICE,TWR-0116,"Aundh, Pune",873661127519309
CDR-001168,2023-04-13,21:35:40,S0044,+91-9971861645,S0033,+91-8986477033,891,VOICE,TWR-0185,"Connaught Place, New Delhi",438793518555525
CDR-001169,2024-11-17,04:53:59,S0013,+91-8601012552,S0020,+91-7191685914,684,VOICE,TWR-0020,"Civil Lines, Lucknow",687975275622929
CDR-001170,2023-04-24,06:43:13,S0032,+91-7090425118,S0033,+91-8986477033,1819,VOICE,TWR-0054,River Bridge Underpass,112856508578107
CDR-001171,2024-05-09,01:40:56,S0026,+91-9078465518,S0023,+91-7870361876,0,SMS,TWR-0108,Industrial Zone B-12,643999118949411
CDR-001172,2024-09-10,13:35:12,S0056,+91-7990411854,S0053,+91-8468512260,15,VOICE,TWR-0168,"Velachery, Chennai",816641345236712
CDR-001173,2024-06-12,14:22:20,S0054,+91-7823740217,S0057,+91-9859711607,2302,VOICE,TWR-0077,"Park Street, Kolkata",539025118857777
CDR-001174,2023-11-01,23:49:25,S0074,+91-9129320527,S0072,+91-8873660196,0,SMS,TWR-0066,"Malviya Nagar, Jaipur",626096683312120
CDR-001175,2023-08-25,22:10:52,S0039,+91-9007576162,S0036,+91-8689097012,2797,VOICE,TWR-0065,Port District Dock 7,740782481473823
CDR-001176,2023-05-14,12:14:38,S0005,+91-9533147930,S0063,+91-8639980776,0,SMS,TWR-0030,Old Market Area,771243092728046
CDR-001177,2024-07-26,20:53:38,S0058,+91-7497129555,S0056,+91-7990411854,413,VOICE,TWR-0140,"Jubilee Hills, Hyderabad",540520104946553
CDR-001178,2023-03-10,21:47:08,S0060,+91-7569582350,S0060,+91-9164020641,0,SMS,TWR-0102,Railway Station Complex,979279184794684
CDR-001179,2023-04-26,15:25:01,S0044,+91-9971861645,S0052,+91-8821211330,0,SMS,TWR-0194,"Sector 15, New Delhi",896955020571906
CDR-001180,2023-08-26,07:14:41,S0066,+91-7288551224,S0015,+91-8928238864,0,DATA,TWR-0140,"Navrangpura, Ahmedabad",666874505580757
CDR-001181,2023-09-03,11:52:45,S0039,+91-9007576162,S0036,+91-8689097012,3491,VOICE,TWR-0080,"Banjara Hills, Hyderabad",385666513790823
CDR-001182,2023-03-25,11:04:39,S0049,+91-9317730052,S0054,+91-8152869473,0,DATA,TWR-0196,"MG Road, Bangalore",375331211020122
CDR-001183,2024-08-02,21:03:04,S0025,+91-9877427601,S0030,+91-7587753540,0,DATA,TWR-0087,Port District Dock 7,610927603992324
CDR-001184,2023-12-20,14:57:25,S0013,+91-8601012552,S0020,+91-7191685914,2054,VOICE,TWR-0015,Abandoned Factory Block C,441671404936234
CDR-001185,2024-02-06,09:13:29,S0010,+91-8733842953,S0008,+91-7468144718,0,SMS,TWR-0195,45th Street Warehouse,725191035477061
CDR-001186,2023-04-29,20:17:33,S0076,+91-8453831805,S0071,+91-9835229476,0,SMS,TWR-0104,"Andheri West, Mumbai",590423706429767
CDR-001187,2024-04-10,23:07:13,S0008,+91-7468144718,S0006,+91-8996093227,0,SMS,TWR-0021,45th Street Warehouse,631896320067714
CDR-001188,2024-04-07,12:08:10,S0031,+91-7728836158,S0038,+91-7164583060,0,DATA,TWR-0068,Bus Terminal Underground,230955014371694
CDR-001189,2024-08-23,11:02:56,S0001,+91-7731428289,S0011,+91-7365548469,0,DATA,TWR-0113,Railway Station Complex,344567472301740
CDR-001190,2023-06-16,17:36:32,S0015,+91-8928238864,S0020,+91-7191685914,215,VOICE,TWR-0200,Bus Terminal Underground,505191248955364
CDR-001191,2023-04-21,01:51:54,S0075,+91-9023218968,S0039,+91-9007576162,0,DATA,TWR-0148,"Velachery, Chennai",445282695366400
CDR-001192,2024-04-17,05:27:22,S0058,+91-7497129555,S0053,+91-8468512260,0,SMS,TWR-0117,"Jubilee Hills, Hyderabad",536171823543845
CDR-001193,2023-07-28,21:06:57,S0074,+91-9129320527,S0079,+91-8925349210,0,SMS,TWR-0067,Industrial Zone B-12,694953387800243
CDR-001194,2023-07-06,23:39:50,S0045,+91-7911765255,S0002,+91-7762376237,0,DATA,TWR-0018,"Aundh, Pune",248861502330818
CDR-001195,2024-04-12,15:59:04,S0053,+91-8468512260,S0061,+91-7944047056,2446,VOICE,TWR-0011,Highway NH-48 Rest Stop,330947496474830
CDR-001196,2023-07-08,16:10:01,S0073,+91-8723469890,S0077,+91-7477042007,0,SMS,TWR-0022,"Marine Drive, Mumbai",592924576213018
CDR-001197,2023-06-26,06:49:27,S0031,+91-7728836158,S0016,+91-9192173624,0,SMS,TWR-0105,"Satellite, Ahmedabad",423605032150243
CDR-001198,2023-08-09,22:27:22,S0026,+91-9078465518,S0027,+91-8837911267,0,DATA,TWR-0065,"Civil Lines, Lucknow",125397769779897
CDR-001199,2024-12-25,08:14:56,S0052,+91-8821211330,S0004,+91-8808948427,0,DATA,TWR-0103,"Malviya Nagar, Jaipur",836751576587358
CDR-001200,2024-09-05,11:07:25,S0017,+91-8160965519,S0022,+91-9029520745,375,VOICE,TWR-0088,"Navrangpura, Ahmedabad",905471648624525
CDR-001201,2023-12-11,10:27:32,S0007,+91-8314545093,S0003,+91-7303959797,2182,VOICE,TWR-0088,"Navrangpura, Ahmedabad",231108629666434
CDR-001202,2024-06-26,00:14:06,S0075,+91-9023218968,S0078,+91-8505943466,1332,VOICE,TWR-0114,"Connaught Place, New Delhi",511136311397663
CDR-001203,2024-07-11,14:27:00,S0043,+91-8599838760,S0062,+91-7376081376,0,SMS,TWR-0011,"Navrangpura, Ahmedabad",764387297475654
CDR-001204,2023-04-06,22:37:32,S0017,+91-8160965519,S0022,+91-9029520745,0,DATA,TWR-0144,"Salt Lake, Kolkata",566918626998601
CDR-001205,2024-06-21,17:37:23,S0027,+91-8837911267,S0074,+91-9129320527,0,DATA,TWR-0133,"Velachery, Chennai",887756262245728
CDR-001206,2024-02-23,06:19:24,S0010,+91-8733842953,S0006,+91-8996093227,0,SMS,TWR-0122,River Bridge Underpass,750136357300347
CDR-001207,2023-07-07,19:43:48,S0051,+91-8102313761,S0048,+91-8745666148,0,SMS,TWR-0121,"Sector 15, New Delhi",464994994011496
CDR-001208,2024-12-02,02:53:12,S0011,+91-7365548469,S0023,+91-7870361876,0,DATA,TWR-0038,Industrial Zone B-12,922607180073869
CDR-001209,2023-03-10,14:30:12,S0001,+91-7731428289,S0011,+91-7365548469,0,SMS,TWR-0159,"Jubilee Hills, Hyderabad",176732580796487
CDR-001210,2024-10-27,00:39:07,S0008,+91-9441183579,S0035,+91-9574786019,3199,VOICE,TWR-0044,"Salt Lake, Kolkata",866229385214261
CDR-001211,2023-02-26,17:31:22,S0074,+91-9129320527,S0076,+91-8453831805,0,DATA,TWR-0088,"Koregaon Park, Pune",711198477619944
CDR-001212,2023-08-10,14:29:13,S0025,+91-9915424029,S0030,+91-7587753540,0,SMS,TWR-0003,"Connaught Place, New Delhi",995788654368109
CDR-001213,2023-05-18,14:36:43,S0012,+91-9757993748,S0043,+91-8599838760,1993,VOICE,TWR-0190,Industrial Zone B-12,485329568810377
CDR-001214,2024-01-09,01:36:44,S0065,+91-7911433788,S0080,+91-9719896275,2963,VOICE,TWR-0111,"Velachery, Chennai",853575563052368
CDR-001215,2023-02-17,04:20:18,S0017,+91-8160965519,S0022,+91-9029520745,0,SMS,TWR-0141,Railway Station Complex,497253211256884
CDR-001216,2023-10-03,20:56:52,S0017,+91-8160965519,S0022,+91-9029520745,0,DATA,TWR-0194,"Velachery, Chennai",483332640798204
CDR-001217,2023-11-27,04:32:49,S0065,+91-7911433788,S0066,+91-9665882102,321,VOICE,TWR-0055,Port District Dock 7,827247933093100
CDR-001218,2023-12-09,16:43:46,S0057,+91-9859711607,S0054,+91-8152869473,0,SMS,TWR-0029,Port District Dock 7,448776956064801
CDR-001219,2023-05-14,12:35:28,S0024,+91-8210847353,S0029,+91-8158983385,2467,VOICE,TWR-0140,"Navrangpura, Ahmedabad",178914410973925
CDR-001220,2024-12-26,16:47:15,S0023,+91-7870361876,S0030,+91-7587753540,1971,VOICE,TWR-0193,"Civil Lines, Lucknow",315350936114413
CDR-001221,2024-05-22,05:59:59,S0040,+91-9752093579,S0041,+91-8047680798,0,DATA,TWR-0097,"Indiranagar, Bangalore",224208206012278
CDR-001222,2024-10-25,01:33:57,S0044,+91-9971861645,S0040,+91-9752093579,3424,VOICE,TWR-0147,"Marine Drive, Mumbai",404230685801474
CDR-001223,2024-03-04,01:50:27,S0069,+91-7305439451,S0068,+91-7943867424,2571,VOICE,TWR-0013,"Kothrud, Pune",110678521699093
CDR-001224,2024-03-01,04:38:24,S0077,+91-7477042007,S0071,+91-9835229476,0,DATA,TWR-0104,"Salt Lake, Kolkata",977310182702972
CDR-001225,2024-02-27,21:49:50,S0018,+91-8515942742,S0014,+91-7694080686,950,VOICE,TWR-0195,"MG Road, Bangalore",808789133571000
CDR-001226,2024-04-16,06:42:42,S0008,+91-7468144718,S0043,+91-8599838760,3362,VOICE,TWR-0080,River Bridge Underpass,391181885552683
CDR-001227,2023-01-12,23:05:17,S0063,+91-8639980776,S0043,+91-8599838760,0,SMS,TWR-0033,River Bridge Underpass,997552002162994
CDR-001228,2024-04-04,11:08:50,S0029,+91-8158983385,S0028,+91-8010157795,675,VOICE,TWR-0138,45th Street Warehouse,828884991234899
CDR-001229,2023-03-26,12:50:56,S0042,+91-9807385456,S0039,+91-9007576162,0,DATA,TWR-0006,Port District Dock 7,287080910515719
CDR-001230,2024-02-17,11:48:45,S0056,+91-7990411854,S0021,+91-7186376562,48,VOICE,TWR-0052,"Jubilee Hills, Hyderabad",733621944254074
CDR-001231,2024-02-21,02:27:34,S0003,+91-7303959797,S0002,+91-7762376237,0,SMS,TWR-0080,"Koregaon Park, Pune",608464623861873
CDR-001232,2023-10-18,06:24:33,S0065,+91-7911433788,S0066,+91-9665882102,2631,VOICE,TWR-0103,"Malviya Nagar, Jaipur",774067168506522
CDR-001233,2024-08-07,08:10:43,S0019,+91-9469240982,S0008,+91-7468144718,2552,VOICE,TWR-0060,Industrial Zone B-12,550634731416925
CDR-001234,2024-08-27,06:40:15,S0076,+91-8453831805,S0073,+91-8723469890,0,DATA,TWR-0089,"Anna Nagar, Chennai",627832210810086
CDR-001235,2023-04-11,08:03:28,S0072,+91-8873660196,S0079,+91-8925349210,1013,VOICE,TWR-0124,"Navrangpura, Ahmedabad",483241122533891
CDR-001236,2024-03-09,11:17:41,S0032,+91-7090425118,S0039,+91-9007576162,0,SMS,TWR-0040,"Koregaon Park, Pune",635538433413205
CDR-001237,2023-12-22,01:37:54,S0033,+91-9947485574,S0042,+91-9807385456,0,DATA,TWR-0103,"Marine Drive, Mumbai",379826248345357
CDR-001238,2023-11-29,19:27:14,S0017,+91-8160965519,S0022,+91-9029520745,3524,VOICE,TWR-0151,"Civil Lines, Lucknow",158917065422093
CDR-001239,2023-03-22,21:37:01,S0035,+91-9574786019,S0028,+91-8010157795,2547,VOICE,TWR-0096,Bus Terminal Underground,248163863055204
CDR-001240,2023-04-04,09:04:58,S0042,+91-9807385456,S0033,+91-8986477033,0,DATA,TWR-0089,Abandoned Factory Block C,493268772033476
CDR-001241,2024-09-23,17:07:42,S0029,+91-8158983385,S0040,+91-9752093579,455,VOICE,TWR-0128,Bus Terminal Underground,453599316475129
CDR-001242,2024-06-11,23:00:11,S0046,+91-8551797747,S0051,+91-8102313761,2665,VOICE,TWR-0072,"Connaught Place, New Delhi",119646237108589
CDR-001243,2024-07-03,23:55:31,S0056,+91-7990411854,S0054,+91-8152869473,0,DATA,TWR-0184,"Connaught Place, New Delhi",455718801214444
CDR-001244,2023-02-12,10:31:41,S0017,+91-8160965519,S0022,+91-9029520745,635,VOICE,TWR-0156,"Satellite, Ahmedabad",533936263478531
CDR-001245,2023-11-10,06:54:43,S0065,+91-7911433788,S0054,+91-8152869473,2814,VOICE,TWR-0109,"Sector 15, New Delhi",147324119426304
CDR-001246,2023-04-09,01:49:20,S0076,+91-8453831805,S0071,+91-9835229476,3006,VOICE,TWR-0039,"Velachery, Chennai",678088987539396
CDR-001247,2023-10-15,14:13:34,S0068,+91-7943867424,S0069,+91-7305439451,2693,VOICE,TWR-0063,"Satellite, Ahmedabad",228219904967074
CDR-001248,2024-12-02,12:51:37,S0053,+91-8468512260,S0061,+91-7944047056,0,DATA,TWR-0012,"Indiranagar, Bangalore",139615179367129
CDR-001249,2024-01-25,17:25:35,S0076,+91-8453831805,S0073,+91-8723469890,0,SMS,TWR-0004,"Velachery, Chennai",275736958865354
CDR-001250,2024-11-20,10:34:21,S0063,+91-8639980776,S0062,+91-7376081376,1837,VOICE,TWR-0050,"Andheri West, Mumbai",495984005075383
CDR-001251,2024-06-30,08:04:50,S0054,+91-8152869473,S0053,+91-8468512260,0,SMS,TWR-0155,"Andheri West, Mumbai",955950562612066
CDR-001252,2023-12-21,10:20:31,S0077,+91-7477042007,S0071,+91-9835229476,0,SMS,TWR-0106,"Andheri West, Mumbai",189433638854321
CDR-001253,2024-06-23,18:45:15,S0034,+91-9185263528,S0045,+91-7911765255,2967,VOICE,TWR-0096,"MG Road, Bangalore",731840663619931
CDR-001254,2024-03-17,01:39:15,S0044,+91-9971861645,S0013,+91-8601012552,0,SMS,TWR-0094,Airport Cargo Terminal,333317235730578
CDR-001255,2024-03-25,07:37:40,S0039,+91-9007576162,S0036,+91-8689097012,0,DATA,TWR-0005,Railway Station Complex,251659729227524
CDR-001256,2024-04-25,17:21:37,S0045,+91-7911765255,S0036,+91-8689097012,0,SMS,TWR-0005,Industrial Zone B-12,211936296931868
CDR-001257,2024-03-01,03:55:20,S0049,+91-9317730052,S0054,+91-8152869473,1525,VOICE,TWR-0124,Industrial Zone B-12,114204116979791
CDR-001258,2023-12-12,11:41:46,S0014,+91-7694080686,S0017,+91-8160965519,0,SMS,TWR-0088,"Koregaon Park, Pune",671144885672331
CDR-001259,2024-04-14,08:37:31,S0005,+91-9533147930,S0011,+91-7365548469,0,SMS,TWR-0035,"Koregaon Park, Pune",209656431412408
CDR-001260,2023-08-14,02:09:50,S0051,+91-8102313761,S0050,+91-8427287656,117,VOICE,TWR-0021,"Koregaon Park, Pune",452261292218738
CDR-001261,2023-04-19,15:56:07,S0021,+91-7186376562,S0014,+91-7694080686,0,SMS,TWR-0165,"Connaught Place, New Delhi",565347987574001
CDR-001262,2024-01-22,05:42:27,S0050,+91-8427287656,S0049,+91-9317730052,600,VOICE,TWR-0116,Highway NH-48 Rest Stop,811385428941241
CDR-001263,2023-08-18,10:26:53,S0052,+91-8821211330,S0050,+91-8427287656,164,VOICE,TWR-0191,"Andheri West, Mumbai",214937419894239
CDR-001264,2023-04-15,18:48:29,S0024,+91-8210847353,S0029,+91-8158983385,0,SMS,TWR-0198,Bus Terminal Underground,113481508132047
CDR-001265,2023-04-28,06:32:32,S0044,+91-9971861645,S0033,+91-8986477033,0,SMS,TWR-0125,"Gomti Nagar, Lucknow",430916721768828
CDR-001266,2023-07-18,15:09:23,S0036,+91-8689097012,S0041,+91-8047680798,344,VOICE,TWR-0122,"Salt Lake, Kolkata",463618852614470
CDR-001267,2023-05-29,05:49:40,S0071,+91-9835229476,S0037,+91-9353860328,0,DATA,TWR-0178,"Satellite, Ahmedabad",382669618321847
CDR-001268,2023-08-29,16:49:18,S0069,+91-7305439451,S0068,+91-7943867424,319,VOICE,TWR-0011,"Navrangpura, Ahmedabad",182952753636046
CDR-001269,2024-08-24,04:26:02,S0015,+91-8928238864,S0005,+91-9533147930,0,SMS,TWR-0155,Highway NH-48 Rest Stop,853827957445794
CDR-001270,2023-04-05,18:15:14,S0074,+91-9129320527,S0076,+91-8453831805,0,SMS,TWR-0032,Airport Cargo Terminal,793146731298158
CDR-001271,2023-11-08,17:42:07,S0017,+91-8160965519,S0049,+91-9317730052,0,SMS,TWR-0172,Highway NH-48 Rest Stop,425907321422810
CDR-001272,2024-06-12,03:46:24,S0009,+91-8669674686,S0029,+91-8158983385,0,DATA,TWR-0144,45th Street Warehouse,451337359571499
CDR-001273,2024-10-13,04:13:03,S0002,+91-7762376237,S0044,+91-9971861645,0,DATA,TWR-0172,"Sector 15, New Delhi",451076251969866
CDR-001274,2023-02-18,14:04:05,S0058,+91-7497129555,S0057,+91-9859711607,1861,VOICE,TWR-0170,Airport Cargo Terminal,616532108665862
CDR-001275,2024-02-04,09:53:40,S0068,+91-7943867424,S0069,+91-7305439451,1294,VOICE,TWR-0196,"Jubilee Hills, Hyderabad",469433577877797
CDR-001276,2023-08-08,16:22:27,S0061,+91-7944047056,S0063,+91-8639980776,1092,VOICE,TWR-0161,"Kothrud, Pune",691395391153622
CDR-001277,2024-02-07,22:23:12,S0058,+91-7497129555,S0056,+91-7990411854,1188,VOICE,TWR-0162,"Salt Lake, Kolkata",438288647214667
CDR-001278,2024-04-06,12:45:52,S0010,+91-8733842953,S0002,+91-7762376237,0,DATA,TWR-0180,45th Street Warehouse,151198400408760
CDR-001279,2023-01-28,19:26:08,S0045,+91-7911765255,S0036,+91-8689097012,2473,VOICE,TWR-0086,"Koregaon Park, Pune",985864522671359
CDR-001280,2023-03-04,10:13:37,S0013,+91-8601012552,S0015,+91-8928238864,1810,VOICE,TWR-0134,"Salt Lake, Kolkata",774917448206494
CDR-001281,2024-06-15,21:30:55,S0039,+91-9007576162,S0049,+91-9317730052,0,SMS,TWR-0133,"MG Road, Bangalore",113642823157823
CDR-001282,2024-04-24,00:08:34,S0032,+91-7090425118,S0035,+91-9574786019,3091,VOICE,TWR-0125,Highway NH-48 Rest Stop,349863423085647
CDR-001283,2024-03-30,19:13:00,S0062,+91-7376081376,S0060,+91-9164020641,427,VOICE,TWR-0019,"Andheri West, Mumbai",745967834202604
CDR-001284,2023-04-06,09:45:33,S0055,+91-7906087278,S0005,+91-9533147930,1178,VOICE,TWR-0092,"Banjara Hills, Hyderabad",766440837739923
CDR-001285,2024-06-15,11:01:59,S0055,+91-7906087278,S0053,+91-8468512260,0,SMS,TWR-0105,Old Market Area,485558894692734
CDR-001286,2023-01-28,07:41:11,S0048,+91-8745666148,S0030,+91-7587753540,2982,VOICE,TWR-0063,River Bridge Underpass,952456247535574
CDR-001287,2024-01-31,04:03:56,S0008,+91-7468144718,S0010,+91-8733842953,0,SMS,TWR-0166,Airport Cargo Terminal,364988557321254
CDR-001288,2024-12-12,05:38:06,S0014,+91-7694080686,S0028,+91-8010157795,0,SMS,TWR-0184,Railway Station Complex,320765262862115
CDR-001289,2023-06-07,17:26:44,S0072,+91-8873660196,S0068,+91-7943867424,0,SMS,TWR-0142,"Andheri West, Mumbai",204134333011071
CDR-001290,2024-05-08,22:10:17,S0034,+91-9185263528,S0031,+91-7728836158,1604,VOICE,TWR-0009,"Connaught Place, New Delhi",511277503514325
CDR-001291,2023-05-09,04:18:44,S0047,+91-8940192213,S0048,+91-8745666148,2942,VOICE,TWR-0035,"Banjara Hills, Hyderabad",542703859251656
CDR-001292,2024-02-07,11:00:17,S0076,+91-8453831805,S0071,+91-9835229476,1646,VOICE,TWR-0152,"Satellite, Ahmedabad",771001426229381
CDR-001293,2024-01-05,17:41:40,S0058,+91-7497129555,S0057,+91-9859711607,0,SMS,TWR-0060,"Malviya Nagar, Jaipur",367218766271132
CDR-001294,2024-08-20,05:29:40,S0033,+91-8986477033,S0042,+91-9807385456,1488,VOICE,TWR-0155,Airport Cargo Terminal,830087971140572
CDR-001295,2023-04-24,02:00:59,S0008,+91-9441183579,S0010,+91-8733842953,0,SMS,TWR-0109,"MG Road, Bangalore",179278289955679
CDR-001296,2024-10-03,18:43:26,S0075,+91-9023218968,S0071,+91-9835229476,340,VOICE,TWR-0023,Bus Terminal Underground,101358201751786
CDR-001297,2023-11-07,13:40:13,S0007,+91-8314545093,S0004,+91-8808948427,0,SMS,TWR-0014,Highway NH-48 Rest Stop,873041200997506
CDR-001298,2023-03-04,09:36:03,S0072,+91-8873660196,S0062,+91-7376081376,2730,VOICE,TWR-0032,"Velachery, Chennai",375859857143736
CDR-001299,2023-03-15,19:18:28,S0053,+91-7726163005,S0047,+91-8940192213,2245,VOICE,TWR-0036,"Sector 15, New Delhi",340180629933913
CDR-001300,2024-01-29,02:17:54,S0011,+91-7365548469,S0007,+91-8314545093,0,SMS,TWR-0184,"Navrangpura, Ahmedabad",132714029177804
CDR-001301,2024-03-22,22:07:12,S0020,+91-7191685914,S0021,+91-7186376562,982,VOICE,TWR-0049,"Banjara Hills, Hyderabad",804451572554552
CDR-001302,2023-01-16,08:52:37,S0079,+91-8925349210,S0073,+91-8723469890,608,VOICE,TWR-0148,Industrial Zone B-12,902785513051600
CDR-001303,2023-06-02,23:07:19,S0074,+91-9129320527,S0023,+91-7870361876,3302,VOICE,TWR-0117,River Bridge Underpass,296813018165590
CDR-001304,2024-10-01,20:40:05,S0049,+91-9317730052,S0031,+91-7728836158,0,SMS,TWR-0043,River Bridge Underpass,452428637452310
CDR-001305,2023-10-13,09:02:26,S0024,+91-8210847353,S0054,+91-8152869473,0,DATA,TWR-0162,"Connaught Place, New Delhi",892042507162722
CDR-001306,2023-08-16,08:02:18,S0070,+91-8361473242,S0069,+91-7305439451,194,VOICE,TWR-0007,"Malviya Nagar, Jaipur",685175153039466
CDR-001307,2023-11-21,12:39:36,S0004,+91-8808948427,S0006,+91-8996093227,0,SMS,TWR-0178,"Marine Drive, Mumbai",820922161659072
CDR-001308,2023-06-25,12:58:24,S0050,+91-8427287656,S0049,+91-9317730052,2368,VOICE,TWR-0039,"Sector 15, New Delhi",921608832227749
CDR-001309,2023-07-02,14:26:54,S0035,+91-9574786019,S0031,+91-7728836158,0,SMS,TWR-0056,"Jubilee Hills, Hyderabad",464789569486692
CDR-001310,2024-08-26,20:40:19,S0066,+91-9665882102,S0067,+91-8354117104,2010,VOICE,TWR-0059,Railway Station Complex,996956318434918
CDR-001311,2023-03-11,20:32:47,S0074,+91-9129320527,S0076,+91-8453831805,0,SMS,TWR-0066,Railway Station Complex,403355479032227
CDR-001312,2023-01-13,07:57:08,S0011,+91-7365548469,S0007,+91-8314545093,0,SMS,TWR-0038,"Indiranagar, Bangalore",621308754858121
CDR-001313,2023-07-30,07:34:22,S0056,+91-7990411854,S0053,+91-8468512260,0,SMS,TWR-0140,"Marine Drive, Mumbai",548022476151460
CDR-001314,2024-10-05,09:12:07,S0032,+91-7090425118,S0039,+91-9007576162,0,SMS,TWR-0131,"Andheri West, Mumbai",292847744566835
CDR-001315,2024-10-13,16:04:12,S0015,+91-8928238864,S0020,+91-7191685914,0,SMS,TWR-0091,Highway NH-48 Rest Stop,427198853464125
CDR-001316,2023-03-07,22:28:15,S0070,+91-8361473242,S0069,+91-7305439451,0,SMS,TWR-0141,"Koregaon Park, Pune",713356281139019
CDR-001317,2024-05-16,22:19:16,S0061,+91-7944047056,S0063,+91-8639980776,2864,VOICE,TWR-0054,45th Street Warehouse,467320186972812
CDR-001318,2024-12-27,00:42:33,S0009,+91-8669674686,S0008,+91-7468144718,0,DATA,TWR-0021,"Marine Drive, Mumbai",229280720077030
CDR-001319,2023-06-27,07:34:21,S0080,+91-9719896275,S0007,+91-8314545093,2831,VOICE,TWR-0054,"Connaught Place, New Delhi",251592811164825
CDR-001320,2023-01-03,06:55:56,S0017,+91-8160965519,S0022,+91-9029520745,2747,VOICE,TWR-0037,Abandoned Factory Block C,820291009134522
CDR-001321,2024-03-21,20:52:00,S0036,+91-8689097012,S0033,+91-8986477033,0,SMS,TWR-0144,"Sector 15, New Delhi",782461131297734
CDR-001322,2024-09-18,14:02:09,S0015,+91-8928238864,S0051,+91-8102313761,0,SMS,TWR-0187,Industrial Zone B-12,110412313047360
CDR-001323,2023-03-07,00:41:12,S0032,+91-7090425118,S0035,+91-9574786019,1600,VOICE,TWR-0101,"Civil Lines, Lucknow",622764436737138
CDR-001324,2024-07-19,01:00:00,S0001,+91-7731428289,S0007,+91-8314545093,413,VOICE,TWR-0168,"Park Street, Kolkata",558485567561858
CDR-001325,2024-08-23,04:43:06,S0039,+91-9007576162,S0044,+91-9971861645,1216,VOICE,TWR-0092,"Sector 15, New Delhi",836556904482773
CDR-001326,2023-04-12,07:06:17,S0079,+91-8925349210,S0053,+91-8468512260,505,VOICE,TWR-0042,Old Market Area,519370620139604
CDR-001327,2023-11-29,18:19:17,S0021,+91-7186376562,S0014,+91-7694080686,0,SMS,TWR-0117,45th Street Warehouse,816028794308935
CDR-001328,2024-05-23,14:43:50,S0039,+91-9007576162,S0044,+91-9971861645,0,DATA,TWR-0192,Bus Terminal Underground,323465758397045
CDR-001329,2023-06-12,11:49:09,S0077,+91-7477042007,S0076,+91-8453831805,0,SMS,TWR-0112,Airport Cargo Terminal,621298140451819
CDR-001330,2023-08-15,03:00:07,S0058,+91-7497129555,S0071,+91-9835229476,1828,VOICE,TWR-0151,"Sector 15, New Delhi",367919928369114
CDR-001331,2024-12-24,21:35:26,S0003,+91-7303959797,S0004,+91-8808948427,1933,VOICE,TWR-0140,"Connaught Place, New Delhi",999899017237792
CDR-001332,2024-12-20,11:57:34,S0040,+91-9752093579,S0017,+91-8160965519,0,SMS,TWR-0170,Railway Station Complex,771326428568176
CDR-001333,2024-09-05,22:06:35,S0024,+91-8210847353,S0029,+91-8158983385,3497,VOICE,TWR-0175,"Aundh, Pune",605770131484765
CDR-001334,2024-04-23,14:59:19,S0076,+91-8453831805,S0029,+91-8158983385,589,VOICE,TWR-0065,"Banjara Hills, Hyderabad",217182525463807
CDR-001335,2024-06-27,20:46:08,S0012,+91-9757993748,S0001,+91-7731428289,0,DATA,TWR-0010,Port District Dock 7,222757709484048
CDR-001336,2024-12-27,18:59:38,S0045,+91-7911765255,S0036,+91-8689097012,0,SMS,TWR-0016,"Sector 15, New Delhi",678733594936958
CDR-001337,2024-06-03,23:08:31,S0026,+91-9078465518,S0023,+91-7870361876,0,DATA,TWR-0151,"Malviya Nagar, Jaipur",355897250391439
CDR-001338,2023-04-30,08:58:18,S0001,+91-7731428289,S0011,+91-7365548469,0,SMS,TWR-0155,Highway NH-48 Rest Stop,639493586754380
CDR-001339,2023-12-03,14:20:35,S0074,+91-9129320527,S0077,+91-7477042007,0,DATA,TWR-0057,"Aundh, Pune",861963795170986
CDR-001340,2024-06-09,13:18:26,S0063,+91-8639980776,S0067,+91-8354117104,0,SMS,TWR-0144,Bus Terminal Underground,676576230099453
CDR-001341,2024-08-12,17:01:04,S0051,+91-8102313761,S0048,+91-8745666148,0,SMS,TWR-0014,Old Market Area,109631758250103
CDR-001342,2024-09-18,23:47:32,S0001,+91-7731428289,S0011,+91-7365548469,3379,VOICE,TWR-0071,"Banjara Hills, Hyderabad",870106802699722
CDR-001343,2024-02-17,21:10:22,S0033,+91-8986477033,S0040,+91-9752093579,3397,VOICE,TWR-0110,"Jubilee Hills, Hyderabad",820856082204033
CDR-001344,2024-08-04,03:58:23,S0044,+91-9971861645,S0033,+91-8986477033,2828,VOICE,TWR-0188,"Civil Lines, Lucknow",483799349103267
CDR-001345,2024-12-28,20:40:08,S0075,+91-9023218968,S0078,+91-8505943466,3039,VOICE,TWR-0156,Old Market Area,744355830751635
CDR-001346,2024-11-19,18:05:26,S0055,+91-7906087278,S0058,+91-7497129555,1356,VOICE,TWR-0142,"MG Road, Bangalore",636997091338872
CDR-001347,2024-12-11,07:39:52,S0068,+91-7943867424,S0069,+91-7305439451,0,DATA,TWR-0167,Industrial Zone B-12,624323018890752
CDR-001348,2024-05-18,18:29:26,S0050,+91-9790842177,S0049,+91-9317730052,2194,VOICE,TWR-0150,"Anna Nagar, Chennai",314761887986544
CDR-001349,2023-07-13,14:53:02,S0026,+91-9078465518,S0065,+91-7911433788,0,SMS,TWR-0088,"Jubilee Hills, Hyderabad",724118679804599
CDR-001350,2024-11-30,14:17:37,S0043,+91-8599838760,S0044,+91-9971861645,1295,VOICE,TWR-0118,"Navrangpura, Ahmedabad",881775588923639
CDR-001351,2023-07-12,05:05:04,S0043,+91-8591313804,S0037,+91-9353860328,529,VOICE,TWR-0124,"Velachery, Chennai",428784362896764
CDR-001352,2024-12-28,12:59:44,S0055,+91-7906087278,S0043,+91-8599838760,1290,VOICE,TWR-0178,"Andheri West, Mumbai",267533711822435
CDR-001353,2024-03-04,11:15:23,S0005,+91-9533147930,S0001,+91-7731428289,0,DATA,TWR-0093,"Kothrud, Pune",999955739529845
CDR-001354,2024-07-31,09:04:33,S0061,+91-7944047056,S0015,+91-8928238864,0,SMS,TWR-0163,"Jubilee Hills, Hyderabad",862234192303826
CDR-001355,2023-04-16,05:36:01,S0002,+91-7762376237,S0042,+91-9807385456,0,DATA,TWR-0139,45th Street Warehouse,838829881478246
CDR-001356,2023-09-12,00:09:32,S0004,+91-8808948427,S0006,+91-8996093227,1056,VOICE,TWR-0083,Port District Dock 7,482930434665280
CDR-001357,2024-05-26,18:08:48,S0075,+91-9023218968,S0078,+91-8505943466,0,SMS,TWR-0156,Port District Dock 7,450845880431681
CDR-001358,2024-08-13,21:52:02,S0028,+91-8010157795,S0030,+91-7587753540,257,VOICE,TWR-0106,"Marine Drive, Mumbai",684957491395472
CDR-001359,2024-03-10,20:29:28,S0023,+91-7870361876,S0026,+91-9078465518,76,VOICE,TWR-0176,"Anna Nagar, Chennai",169879760719386
CDR-001360,2023-02-08,15:42:59,S0073,+91-8723469890,S0077,+91-7477042007,0,DATA,TWR-0119,"Sector 15, New Delhi",912117832599513
CDR-001361,2023-09-16,11:15:45,S0009,+91-7154324371,S0014,+91-7694080686,2510,VOICE,TWR-0112,"Malviya Nagar, Jaipur",530532308514472
CDR-001362,2023-08-25,21:24:52,S0024,+91-8210847353,S0071,+91-9835229476,0,SMS,TWR-0019,Railway Station Complex,277389005246839
CDR-001363,2023-08-18,00:54:22,S0074,+91-9129320527,S0079,+91-8925349210,1972,VOICE,TWR-0045,River Bridge Underpass,147426823762232
CDR-001364,2024-03-31,10:11:04,S0008,+91-7468144718,S0017,+91-8160965519,749,VOICE,TWR-0014,"Banjara Hills, Hyderabad",798556184527443
CDR-001365,2024-02-14,07:02:44,S0072,+91-8873660196,S0079,+91-8925349210,622,VOICE,TWR-0170,"Gomti Nagar, Lucknow",881039075187762
CDR-001366,2023-10-26,09:25:06,S0004,+91-8808948427,S0022,+91-9029520745,0,SMS,TWR-0094,"Gomti Nagar, Lucknow",464842781245508
CDR-001367,2024-03-02,00:42:29,S0018,+91-8515942742,S0035,+91-9574786019,2654,VOICE,TWR-0068,"Andheri West, Mumbai",882243062052653
CDR-001368,2024-04-21,09:07:27,S0033,+91-8986477033,S0044,+91-9971861645,1927,VOICE,TWR-0138,"Civil Lines, Lucknow",597103870339628
CDR-001369,2024-04-24,16:40:50,S0001,+91-7731428289,S0078,+91-8505943466,0,DATA,TWR-0112,"MG Road, Bangalore",678654994494513
CDR-001370,2024-06-18,02:13:54,S0065,+91-7911433788,S0066,+91-9665882102,0,SMS,TWR-0132,Port District Dock 7,265089905266185
CDR-001371,2023-09-21,04:21:06,S0052,+91-8821211330,S0050,+91-8427287656,1797,VOICE,TWR-0088,"Aundh, Pune",654724514178386
CDR-001372,2024-07-09,18:45:42,S0010,+91-8733842953,S0002,+91-7762376237,0,SMS,TWR-0020,Old Market Area,551957867796035
CDR-001373,2024-10-13,02:20:02,S0049,+91-9317730052,S0054,+91-8152869473,596,VOICE,TWR-0135,"Aundh, Pune",238722708747081
CDR-001374,2024-11-19,09:49:56,S0023,+91-7870361876,S0034,+91-9185263528,0,SMS,TWR-0005,"MG Road, Bangalore",779964519774470
CDR-001375,2024-06-18,16:01:10,S0011,+91-7365548469,S0072,+91-8873660196,0,DATA,TWR-0031,"Velachery, Chennai",879278871231445
CDR-001376,2024-04-23,23:37:27,S0066,+91-9665882102,S0052,+91-8821211330,0,SMS,TWR-0015,"Velachery, Chennai",421142551671086
CDR-001377,2024-09-03,13:48:36,S0008,+91-7468144718,S0010,+91-8733842953,0,SMS,TWR-0166,River Bridge Underpass,564188441756469
CDR-001378,2023-01-01,01:51:56,S0011,+91-7365548469,S0007,+91-8314545093,2775,VOICE,TWR-0028,"Velachery, Chennai",929686987227223
CDR-001379,2023-10-23,20:35:01,S0047,+91-9284549529,S0048,+91-8745666148,1944,VOICE,TWR-0196,River Bridge Underpass,358555427984071
CDR-001380,2024-04-26,13:16:12,S0080,+91-9719896275,S0072,+91-8873660196,0,SMS,TWR-0122,"Civil Lines, Lucknow",618714575224780
CDR-001381,2023-11-13,09:15:45,S0043,+91-8599838760,S0032,+91-7090425118,0,SMS,TWR-0089,"Jubilee Hills, Hyderabad",846591517550716
CDR-001382,2023-10-16,03:02:08,S0079,+91-8925349210,S0034,+91-9185263528,1661,VOICE,TWR-0090,Highway NH-48 Rest Stop,337776771690839
CDR-001383,2023-09-02,16:41:47,S0057,+91-9859711607,S0054,+91-8152869473,0,DATA,TWR-0197,"Navrangpura, Ahmedabad",600058182080797
CDR-001384,2024-04-03,13:48:38,S0055,+91-7906087278,S0051,+91-8102313761,2190,VOICE,TWR-0174,Abandoned Factory Block C,963702361373982
CDR-001385,2024-04-13,10:57:56,S0001,+91-7731428289,S0041,+91-8047680798,0,SMS,TWR-0093,"Gomti Nagar, Lucknow",792852520368760
CDR-001386,2023-02-05,18:46:08,S0051,+91-8102313761,S0048,+91-8745666148,243,VOICE,TWR-0087,"Gomti Nagar, Lucknow",292433436014387
CDR-001387,2023-01-28,20:34:07,S0037,+91-9353860328,S0046,+91-8551797747,0,SMS,TWR-0112,"Aundh, Pune",390971933909470
CDR-001388,2023-04-22,03:32:16,S0048,+91-8745666148,S0041,+91-8047680798,482,VOICE,TWR-0015,River Bridge Underpass,683306814786984
CDR-001389,2024-03-10,18:37:46,S0048,+91-8745666148,S0010,+91-8733842953,0,SMS,TWR-0187,"Banjara Hills, Hyderabad",350369090337409
CDR-001390,2024-05-27,07:37:58,S0022,+91-9029520745,S0015,+91-8928238864,0,SMS,TWR-0117,Railway Station Complex,323560325349852
CDR-001391,2023-06-01,23:54:27,S0036,+91-8689097012,S0041,+91-8047680798,3521,VOICE,TWR-0040,"Indiranagar, Bangalore",657705576178493
CDR-001392,2024-08-11,18:49:29,S0018,+91-8515942742,S0014,+91-7694080686,0,DATA,TWR-0124,River Bridge Underpass,717061351676889
CDR-001393,2023-09-19,22:10:03,S0014,+91-7694080686,S0019,+91-9469240982,0,SMS,TWR-0115,"Koregaon Park, Pune",105537873263671
CDR-001394,2024-11-29,17:16:25,S0038,+91-7164583060,S0041,+91-8047680798,0,DATA,TWR-0021,"Civil Lines, Lucknow",188409452712239
CDR-001395,2023-12-19,05:14:41,S0059,+91-9818587139,S0044,+91-9971861645,0,SMS,TWR-0047,"Connaught Place, New Delhi",797689210098106
CDR-001396,2024-04-26,12:02:18,S0065,+91-7911433788,S0066,+91-9665882102,1205,VOICE,TWR-0132,"Civil Lines, Lucknow",608815685162865
CDR-001397,2024-08-18,07:45:22,S0038,+91-9779825906,S0031,+91-7728836158,0,DATA,TWR-0001,Old Market Area,589727641849544
CDR-001398,2023-09-15,13:43:18,S0024,+91-8210847353,S0029,+91-8158983385,0,SMS,TWR-0007,"Park Street, Kolkata",694462031637596
CDR-001399,2023-12-24,14:49:22,S0037,+91-9353860328,S0062,+91-7376081376,0,DATA,TWR-0018,"Indiranagar, Bangalore",724180766366643
CDR-001400,2024-04-21,01:01:39,S0052,+91-8821211330,S0050,+91-8427287656,2697,VOICE,TWR-0158,"Civil Lines, Lucknow",134065612393562
CDR-001401,2024-10-12,10:54:17,S0041,+91-7494240311,S0014,+91-7694080686,993,VOICE,TWR-0055,Airport Cargo Terminal,298451863818920
CDR-001402,2023-11-02,16:37:23,S0063,+91-8639980776,S0059,+91-9818587139,0,DATA,TWR-0108,"Aundh, Pune",170514178545322
CDR-001403,2024-05-18,19:49:32,S0014,+91-7694080686,S0022,+91-9029520745,3476,VOICE,TWR-0125,"Satellite, Ahmedabad",998407335965197
CDR-001404,2024-09-29,18:35:32,S0007,+91-8314545093,S0054,+91-8152869473,0,SMS,TWR-0097,"Navrangpura, Ahmedabad",587523256638628
CDR-001405,2024-10-05,20:03:37,S0042,+91-9807385456,S0038,+91-7164583060,0,SMS,TWR-0087,"Jubilee Hills, Hyderabad",689195050185473
CDR-001406,2023-10-07,14:12:12,S0070,+91-8361473242,S0069,+91-7305439451,0,DATA,TWR-0156,"Gomti Nagar, Lucknow",449214175178430
CDR-001407,2023-12-03,05:36:40,S0023,+91-7870361876,S0026,+91-9078465518,187,VOICE,TWR-0172,"Navrangpura, Ahmedabad",859435428946134
CDR-001408,2023-08-03,05:48:05,S0022,+91-9029520745,S0070,+91-8361473242,73,VOICE,TWR-0111,"Salt Lake, Kolkata",591432404079881
CDR-001409,2024-07-08,12:18:12,S0038,+91-7164583060,S0034,+91-9185263528,767,VOICE,TWR-0136,"Andheri West, Mumbai",526398936252523
CDR-001410,2024-04-04,20:25:36,S0004,+91-8808948427,S0020,+91-7191685914,0,SMS,TWR-0113,"MG Road, Bangalore",936972975420264
CDR-001411,2023-09-30,23:13:08,S0001,+91-7731428289,S0007,+91-8314545093,2598,VOICE,TWR-0194,Highway NH-48 Rest Stop,892896646728007
CDR-001412,2024-10-27,04:41:56,S0048,+91-8745666148,S0047,+91-8940192213,0,SMS,TWR-0116,"Velachery, Chennai",903711407484909
CDR-001413,2024-12-23,21:15:47,S0005,+91-9533147930,S0007,+91-8314545093,1929,VOICE,TWR-0033,Highway NH-48 Rest Stop,348401419050990
CDR-001414,2023-11-16,05:56:33,S0017,+91-8160965519,S0022,+91-9029520745,3235,VOICE,TWR-0196,Railway Station Complex,271579523776128
CDR-001415,2023-08-17,21:04:30,S0043,+91-8599838760,S0033,+91-8986477033,3264,VOICE,TWR-0118,45th Street Warehouse,430081287718160
CDR-001416,2024-01-04,21:15:17,S0014,+91-7694080686,S0015,+91-8928238864,0,SMS,TWR-0074,"Salt Lake, Kolkata",826119495234299
CDR-001417,2023-01-11,10:48:51,S0059,+91-9818587139,S0044,+91-9971861645,0,SMS,TWR-0068,Railway Station Complex,585527460453710
CDR-001418,2024-12-07,05:56:09,S0064,+91-7750198381,S0027,+91-8837911267,0,SMS,TWR-0085,"Indiranagar, Bangalore",623820802730565
CDR-001419,2023-09-02,22:23:24,S0057,+91-9859711607,S0054,+91-8152869473,0,DATA,TWR-0150,Airport Cargo Terminal,862784442964734
CDR-001420,2023-01-25,23:09:45,S0036,+91-8689097012,S0054,+91-8152869473,0,SMS,TWR-0053,"Marine Drive, Mumbai",244985576698585
CDR-001421,2024-05-31,18:09:38,S0007,+91-9992184341,S0008,+91-7468144718,0,DATA,TWR-0097,"Jubilee Hills, Hyderabad",352026723720209
CDR-001422,2023-03-19,01:23:25,S0032,+91-7090425118,S0039,+91-9007576162,0,SMS,TWR-0030,"Indiranagar, Bangalore",345963408041000
CDR-001423,2024-11-02,16:22:42,S0027,+91-8837911267,S0024,+91-8210847353,2016,VOICE,TWR-0197,"Andheri West, Mumbai",511871820077792
CDR-001424,2023-12-28,18:00:33,S0078,+91-8505943466,S0077,+91-7477042007,0,SMS,TWR-0157,"Kothrud, Pune",128618946973590
CDR-001425,2024-07-30,22:59:37,S0044,+91-9971861645,S0033,+91-8986477033,344,VOICE,TWR-0077,"Gomti Nagar, Lucknow",422263593243202
CDR-001426,2023-05-15,13:21:39,S0010,+91-8733842953,S0008,+91-7468144718,0,SMS,TWR-0016,"Andheri West, Mumbai",852928787503941
CDR-001427,2023-11-17,03:30:19,S0068,+91-7943867424,S0028,+91-8010157795,3583,VOICE,TWR-0162,Old Market Area,204179521189230
CDR-001428,2023-11-24,05:25:21,S0039,+91-9007576162,S0048,+91-8745666148,0,SMS,TWR-0011,Port District Dock 7,848513185799269
CDR-001429,2024-04-19,07:22:19,S0018,+91-8515942742,S0014,+91-7694080686,0,SMS,TWR-0199,"Satellite, Ahmedabad",437975879212599
CDR-001430,2023-10-19,10:24:11,S0008,+91-9441183579,S0006,+91-8996093227,0,SMS,TWR-0045,"Kothrud, Pune",591463542375581
CDR-001431,2023-04-01,20:05:09,S0030,+91-7587753540,S0027,+91-8837911267,163,VOICE,TWR-0169,"Anna Nagar, Chennai",638401438980103
CDR-001432,2024-09-14,09:12:25,S0074,+91-9129320527,S0079,+91-8925349210,367,VOICE,TWR-0168,"Navrangpura, Ahmedabad",273237094587640
CDR-001433,2023-03-31,04:08:42,S0042,+91-9807385456,S0033,+91-8986477033,0,SMS,TWR-0190,Railway Station Complex,362589908418741
CDR-001434,2024-09-07,22:41:51,S0034,+91-9185263528,S0047,+91-8940192213,0,SMS,TWR-0119,"Connaught Place, New Delhi",568385712264072
CDR-001435,2023-06-04,00:56:37,S0012,+91-9757993748,S0011,+91-7365548469,3172,VOICE,TWR-0023,Abandoned Factory Block C,896856860823346
CDR-001436,2024-07-27,01:15:04,S0027,+91-8837911267,S0024,+91-8210847353,0,SMS,TWR-0155,"Marine Drive, Mumbai",713654430601512
CDR-001437,2024-01-05,05:44:40,S0068,+91-7943867424,S0075,+91-9023218968,776,VOICE,TWR-0147,"Park Street, Kolkata",748199368141344
CDR-001438,2023-11-25,14:17:32,S0076,+91-8453831805,S0071,+91-9835229476,0,SMS,TWR-0179,"Aundh, Pune",597950322520843
CDR-001439,2023-02-25,10:56:13,S0020,+91-7191685914,S0021,+91-7186376562,0,DATA,TWR-0018,River Bridge Underpass,195788440486741
CDR-001440,2023-04-05,22:30:52,S0002,+91-7762376237,S0028,+91-8010157795,0,DATA,TWR-0196,"Velachery, Chennai",140266566355174
CDR-001441,2023-06-12,00:50:04,S0042,+91-9807385456,S0004,+91-8808948427,0,DATA,TWR-0064,"Civil Lines, Lucknow",999610761703571
CDR-001442,2024-06-15,17:17:06,S0034,+91-9185263528,S0045,+91-7911765255,3158,VOICE,TWR-0015,Airport Cargo Terminal,658370296615623
CDR-001443,2023-08-20,02:44:22,S0059,+91-9818587139,S0061,+91-7944047056,3386,VOICE,TWR-0192,"Aundh, Pune",544022814392076
CDR-001444,2023-04-06,23:45:01,S0004,+91-8808948427,S0064,+91-7750198381,0,SMS,TWR-0197,"Marine Drive, Mumbai",967554683899480
CDR-001445,2023-07-30,02:12:00,S0057,+91-9859711607,S0004,+91-8808948427,1743,VOICE,TWR-0119,"Sector 15, New Delhi",488849217798251
CDR-001446,2024-02-11,22:00:45,S0077,+91-7477042007,S0080,+91-9719896275,0,DATA,TWR-0036,Highway NH-48 Rest Stop,345668898736666
CDR-001447,2023-01-28,21:07:01,S0060,+91-9164020641,S0062,+91-7376081376,0,DATA,TWR-0017,"Civil Lines, Lucknow",154669161088981
CDR-001448,2024-02-20,12:17:35,S0072,+91-8873660196,S0074,+91-9129320527,0,SMS,TWR-0076,"Koregaon Park, Pune",883453066238733
CDR-001449,2024-04-24,12:11:56,S0070,+91-8361473242,S0069,+91-7305439451,0,SMS,TWR-0148,"Velachery, Chennai",260035577445495
CDR-001450,2024-12-03,13:36:39,S0068,+91-7943867424,S0042,+91-9807385456,0,DATA,TWR-0191,"Civil Lines, Lucknow",456196052071295
CDR-001451,2023-08-08,11:18:59,S0015,+91-8928238864,S0018,+91-8515942742,0,DATA,TWR-0200,Highway NH-48 Rest Stop,582295772779392
CDR-001452,2024-07-30,23:06:58,S0064,+91-7750198381,S0065,+91-7911433788,793,VOICE,TWR-0062,"Satellite, Ahmedabad",136636144023416
CDR-001453,2023-11-15,15:02:51,S0034,+91-9185263528,S0045,+91-7911765255,0,DATA,TWR-0071,"Gomti Nagar, Lucknow",930974942521804
CDR-001454,2023-05-14,01:24:18,S0062,+91-7376081376,S0035,+91-9574786019,1644,VOICE,TWR-0118,"Banjara Hills, Hyderabad",747488519084580
CDR-001455,2023-11-06,00:10:38,S0057,+91-9859711607,S0058,+91-7497129555,2105,VOICE,TWR-0192,Highway NH-48 Rest Stop,384920697351923
CDR-001456,2024-12-29,07:47:52,S0011,+91-7365548469,S0003,+91-7303959797,2884,VOICE,TWR-0018,"MG Road, Bangalore",706876362380367
CDR-001457,2024-01-20,02:46:18,S0049,+91-9317730052,S0054,+91-8152869473,0,SMS,TWR-0043,"Salt Lake, Kolkata",942559834208771
CDR-001458,2023-06-29,14:29:57,S0003,+91-7303959797,S0044,+91-9971861645,0,DATA,TWR-0098,"Gomti Nagar, Lucknow",387654374048616
CDR-001459,2024-11-23,09:55:42,S0030,+91-7587753540,S0027,+91-8837911267,0,SMS,TWR-0072,"Banjara Hills, Hyderabad",737939427854694
CDR-001460,2023-04-05,21:52:50,S0046,+91-8551797747,S0049,+91-9317730052,0,SMS,TWR-0036,"Jubilee Hills, Hyderabad",973061609730480
CDR-001461,2024-12-04,04:34:36,S0020,+91-7191685914,S0067,+91-8354117104,2833,VOICE,TWR-0187,Highway NH-48 Rest Stop,937383095116083
CDR-001462,2024-08-17,11:49:37,S0027,+91-8837911267,S0029,+91-8158983385,0,SMS,TWR-0116,"Sector 15, New Delhi",989457575645232
CDR-001463,2024-01-05,01:12:24,S0075,+91-9023218968,S0078,+91-8505943466,2231,VOICE,TWR-0049,"Connaught Place, New Delhi",880446253450730
CDR-001464,2024-10-05,09:10:14,S0034,+91-9185263528,S0003,+91-7303959797,2306,VOICE,TWR-0191,"Velachery, Chennai",621743233818483
CDR-001465,2024-12-30,20:59:10,S0005,+91-9533147930,S0003,+91-7303959797,0,DATA,TWR-0032,"Koregaon Park, Pune",304061675711741
CDR-001466,2024-03-14,20:58:27,S0077,+91-7477042007,S0033,+91-8986477033,1353,VOICE,TWR-0022,Railway Station Complex,884414580086849
CDR-001467,2023-12-18,06:08:12,S0061,+91-7944047056,S0046,+91-8551797747,2055,VOICE,TWR-0004,"Park Street, Kolkata",935967839816503
CDR-001468,2023-10-19,11:36:42,S0009,+91-8669674686,S0005,+91-9533147930,2401,VOICE,TWR-0081,Industrial Zone B-12,901189252290258
CDR-001469,2024-09-12,17:42:35,S0028,+91-8010157795,S0030,+91-7587753540,2947,VOICE,TWR-0175,Bus Terminal Underground,159695948801136
CDR-001470,2024-12-30,22:40:52,S0012,+91-9757993748,S0007,+91-8314545093,0,SMS,TWR-0087,"Andheri West, Mumbai",930535327556314
CDR-001471,2023-10-16,03:16:18,S0031,+91-7728836158,S0038,+91-7164583060,0,DATA,TWR-0074,"Anna Nagar, Chennai",894451377234973
CDR-001472,2023-07-26,23:17:53,S0032,+91-7090425118,S0033,+91-8986477033,878,VOICE,TWR-0173,"Satellite, Ahmedabad",631282342120503
CDR-001473,2023-05-22,15:05:36,S0046,+91-7714270952,S0063,+91-8639980776,1339,VOICE,TWR-0164,"Andheri West, Mumbai",900487202460387
CDR-001474,2023-03-08,19:06:11,S0061,+91-7944047056,S0063,+91-8639980776,0,DATA,TWR-0120,"Marine Drive, Mumbai",989906579688053
CDR-001475,2023-05-04,04:13:23,S0077,+91-7477042007,S0071,+91-9835229476,1711,VOICE,TWR-0077,River Bridge Underpass,390251318590255
CDR-001476,2024-08-13,16:39:22,S0033,+91-8986477033,S0042,+91-9807385456,0,SMS,TWR-0045,Railway Station Complex,439992907308521
CDR-001477,2024-10-29,12:15:03,S0063,+91-8639980776,S0078,+91-8505943466,2914,VOICE,TWR-0128,Railway Station Complex,643642654244189
CDR-001478,2023-05-04,23:01:46,S0038,+91-9779825906,S0034,+91-9185263528,607,VOICE,TWR-0045,"Banjara Hills, Hyderabad",206746822632286
CDR-001479,2024-08-08,21:19:09,S0021,+91-7186376562,S0020,+91-7191685914,0,SMS,TWR-0171,"Salt Lake, Kolkata",919670507884036
CDR-001480,2024-10-24,13:08:37,S0003,+91-7303959797,S0004,+91-8808948427,1886,VOICE,TWR-0079,"Salt Lake, Kolkata",696286066377361
CDR-001481,2024-04-28,00:21:01,S0018,+91-8515942742,S0001,+91-7731428289,0,SMS,TWR-0152,Airport Cargo Terminal,123841294117792
CDR-001482,2024-06-24,22:59:33,S0058,+91-7497129555,S0056,+91-7990411854,0,SMS,TWR-0107,River Bridge Underpass,893816100380011
CDR-001483,2024-12-24,01:16:43,S0056,+91-7990411854,S0075,+91-9023218968,0,DATA,TWR-0132,"Navrangpura, Ahmedabad",668135151312270
CDR-001484,2024-02-24,06:24:28,S0035,+91-9574786019,S0028,+91-8010157795,2526,VOICE,TWR-0016,Bus Terminal Underground,998968758953842
CDR-001485,2024-03-28,04:51:02,S0037,+91-9353860328,S0044,+91-9971861645,1754,VOICE,TWR-0093,Industrial Zone B-12,201117601219494
CDR-001486,2024-05-25,17:21:12,S0077,+91-7477042007,S0071,+91-9835229476,2370,VOICE,TWR-0011,"Aundh, Pune",475875382887241
CDR-001487,2024-09-18,08:13:11,S0017,+91-8160965519,S0008,+91-7468144718,243,VOICE,TWR-0191,"Salt Lake, Kolkata",387882655722156
CDR-001488,2024-04-17,09:23:24,S0045,+91-7911765255,S0036,+91-8689097012,0,SMS,TWR-0188,"Salt Lake, Kolkata",477189298290339
CDR-001489,2024-04-21,14:33:11,S0012,+91-9757993748,S0007,+91-8314545093,3055,VOICE,TWR-0032,"Jubilee Hills, Hyderabad",897237595898054
CDR-001490,2024-02-14,14:51:42,S0072,+91-8873660196,S0074,+91-9129320527,0,DATA,TWR-0050,"Jubilee Hills, Hyderabad",589177415736820
CDR-001491,2024-12-14,14:34:21,S0030,+91-7587753540,S0028,+91-8010157795,0,SMS,TWR-0198,"Gomti Nagar, Lucknow",623939757084479
CDR-001492,2023-12-12,21:06:26,S0018,+91-8515942742,S0029,+91-8158983385,856,VOICE,TWR-0060,Port District Dock 7,907789844481996
CDR-001493,2023-11-16,05:11:27,S0061,+91-7944047056,S0007,+91-8314545093,2687,VOICE,TWR-0009,"Aundh, Pune",601895889775223
CDR-001494,2024-10-09,22:49:08,S0002,+91-7762376237,S0012,+91-9757993748,0,DATA,TWR-0132,"Aundh, Pune",416300862375499
CDR-001495,2024-10-02,00:27:36,S0047,+91-8940192213,S0048,+91-8745666148,1108,VOICE,TWR-0113,"Park Street, Kolkata",689705849226268
CDR-001496,2024-01-30,19:40:25,S0048,+91-8745666148,S0015,+91-8928238864,0,DATA,TWR-0168,45th Street Warehouse,433033422687522
CDR-001497,2023-04-09,13:23:08,S0048,+91-8745666148,S0046,+91-8551797747,0,SMS,TWR-0139,Port District Dock 7,621929676226471
CDR-001498,2024-12-31,05:17:46,S0080,+91-9719896275,S0007,+91-8314545093,0,SMS,TWR-0051,45th Street Warehouse,778394243183433
CDR-001499,2024-06-22,20:14:48,S0055,+91-7906087278,S0058,+91-7497129555,0,SMS,TWR-0147,"Marine Drive, Mumbai",779177012384606
CDR-001500,2023-08-11,07:41:25,S0059,+91-9818587139,S0044,+91-9971861645,0,SMS,TWR-0006,"Navrangpura, Ahmedabad",206511602560875
CDR-001501,2024-01-07,02:56:17,S0077,+91-7477042007,S0071,+91-9835229476,0,SMS,TWR-0008,"Jubilee Hills, Hyderabad",113152614165166
CDR-001502,2024-02-17,23:31:42,S0051,+91-8102313761,S0047,+91-8940192213,1879,VOICE,TWR-0077,"Velachery, Chennai",630335765143887
CDR-001503,2023-09-10,05:10:54,S0012,+91-9757993748,S0073,+91-8723469890,0,SMS,TWR-0186,"Malviya Nagar, Jaipur",101094060082321
CDR-001504,2024-01-26,06:08:57,S0030,+91-7587753540,S0027,+91-8837911267,630,VOICE,TWR-0091,"Kothrud, Pune",550858863443007
CDR-001505,2024-02-29,08:17:45,S0031,+91-7728836158,S0057,+91-9859711607,0,SMS,TWR-0158,"Banjara Hills, Hyderabad",771573614623881
CDR-001506,2024-03-21,23:46:19,S0037,+91-9353860328,S0044,+91-9971861645,1512,VOICE,TWR-0121,"Marine Drive, Mumbai",652365064707209
CDR-001507,2023-05-30,17:01:47,S0028,+91-8010157795,S0030,+91-7587753540,840,VOICE,TWR-0097,"Navrangpura, Ahmedabad",936439223978676
CDR-001508,2023-06-24,07:26:44,S0022,+91-9029520745,S0015,+91-8928238864,0,DATA,TWR-0116,"Civil Lines, Lucknow",340748225407978
CDR-001509,2024-08-17,04:30:32,S0077,+91-7477042007,S0055,+91-7906087278,0,SMS,TWR-0078,"Satellite, Ahmedabad",585028592564356
CDR-001510,2024-02-28,11:16:12,S0051,+91-8102313761,S0003,+91-7303959797,0,DATA,TWR-0115,Highway NH-48 Rest Stop,727824441404043
CDR-001511,2024-09-20,13:13:07,S0074,+91-9129320527,S0072,+91-8873660196,0,DATA,TWR-0024,"Velachery, Chennai",584979081566006
CDR-001512,2024-02-29,10:39:16,S0008,+91-7468144718,S0079,+91-8925349210,0,SMS,TWR-0170,"Indiranagar, Bangalore",220970155754143
CDR-001513,2024-03-04,15:50:59,S0002,+91-7762376237,S0005,+91-9533147930,0,SMS,TWR-0066,River Bridge Underpass,992586519094588
CDR-001514,2023-02-28,11:51:14,S0028,+91-8010157795,S0030,+91-7587753540,0,SMS,TWR-0147,"Sector 15, New Delhi",473523251991632
CDR-001515,2024-04-05,16:06:44,S0050,+91-8427287656,S0049,+91-9317730052,0,SMS,TWR-0193,"Satellite, Ahmedabad",366152691434279
CDR-001516,2024-06-04,11:36:40,S0057,+91-9859711607,S0055,+91-7906087278,2540,VOICE,TWR-0011,"Salt Lake, Kolkata",940942389154371
CDR-001517,2024-10-22,21:32:34,S0042,+91-9807385456,S0033,+91-8986477033,0,SMS,TWR-0072,"Salt Lake, Kolkata",784840275802044
CDR-001518,2024-06-25,14:46:15,S0022,+91-9029520745,S0021,+91-7186376562,2441,VOICE,TWR-0029,"Anna Nagar, Chennai",214979797451108
CDR-001519,2023-02-16,07:37:49,S0046,+91-7714270952,S0051,+91-8102313761,0,DATA,TWR-0108,"Malviya Nagar, Jaipur",529824395822107
CDR-001520,2024-02-17,09:27:00,S0055,+91-7906087278,S0058,+91-7497129555,1812,VOICE,TWR-0111,Railway Station Complex,756219093880357
CDR-001521,2023-02-15,08:39:21,S0016,+91-7433584847,S0014,+91-7694080686,0,SMS,TWR-0175,"Salt Lake, Kolkata",452417952657941
CDR-001522,2024-10-15,20:29:57,S0045,+91-7911765255,S0036,+91-8689097012,2621,VOICE,TWR-0078,"Park Street, Kolkata",686745420242273
CDR-001523,2024-03-01,14:36:12,S0078,+91-8505943466,S0073,+91-8723469890,10,VOICE,TWR-0058,"Gomti Nagar, Lucknow",455392711615529
CDR-001524,2023-07-17,18:53:01,S0001,+91-7731428289,S0004,+91-8808948427,52,VOICE,TWR-0008,"MG Road, Bangalore",206594498508711
CDR-001525,2023-04-03,21:45:46,S0070,+91-8361473242,S0068,+91-7943867424,0,SMS,TWR-0198,"Kothrud, Pune",313572041701256
CDR-001526,2024-08-12,03:27:17,S0052,+91-8821211330,S0046,+91-8551797747,0,SMS,TWR-0152,"Navrangpura, Ahmedabad",563627015303025
CDR-001527,2024-05-09,00:17:00,S0069,+91-7305439451,S0068,+91-7943867424,2201,VOICE,TWR-0080,"Malviya Nagar, Jaipur",266189240871983
CDR-001528,2023-01-18,17:51:17,S0077,+91-7477042007,S0021,+91-7186376562,2880,VOICE,TWR-0109,"MG Road, Bangalore",347701892184326
CDR-001529,2023-05-19,01:31:56,S0027,+91-8837911267,S0010,+91-8733842953,0,DATA,TWR-0198,Port District Dock 7,146554289488535
CDR-001530,2024-01-07,19:00:39,S0007,+91-9992184341,S0028,+91-8010157795,2281,VOICE,TWR-0040,Old Market Area,386974463143161
CDR-001531,2024-02-29,04:46:50,S0070,+91-8361473242,S0068,+91-7943867424,2957,VOICE,TWR-0059,River Bridge Underpass,766430268347186
CDR-001532,2023-06-22,04:00:39,S0048,+91-8745666148,S0055,+91-7906087278,0,SMS,TWR-0013,Airport Cargo Terminal,171462428480283
CDR-001533,2024-12-28,23:29:10,S0070,+91-8361473242,S0069,+91-7305439451,3199,VOICE,TWR-0174,"Malviya Nagar, Jaipur",785338670426378
CDR-001534,2024-05-22,21:08:47,S0029,+91-8158983385,S0028,+91-8010157795,0,DATA,TWR-0016,"Connaught Place, New Delhi",269611643084076
CDR-001535,2024-03-16,20:12:21,S0029,+91-8158983385,S0028,+91-8010157795,0,SMS,TWR-0180,"Malviya Nagar, Jaipur",218733578297847
CDR-001536,2023-02-19,10:29:35,S0003,+91-7303959797,S0050,+91-8427287656,1476,VOICE,TWR-0042,"MG Road, Bangalore",258729385970076
CDR-001537,2023-04-16,20:16:20,S0007,+91-9992184341,S0055,+91-7906087278,3153,VOICE,TWR-0066,Railway Station Complex,889782385297664
CDR-001538,2024-07-19,08:35:44,S0010,+91-8733842953,S0002,+91-7762376237,1123,VOICE,TWR-0084,"Civil Lines, Lucknow",737301336975370
CDR-001539,2024-05-28,01:15:52,S0046,+91-8551797747,S0049,+91-9317730052,0,SMS,TWR-0178,"Andheri West, Mumbai",483344137502812
CDR-001540,2023-12-23,20:48:27,S0051,+91-8102313761,S0050,+91-8427287656,2683,VOICE,TWR-0067,"Jubilee Hills, Hyderabad",188013647422102
CDR-001541,2024-10-28,16:07:53,S0040,+91-9752093579,S0042,+91-9807385456,1770,VOICE,TWR-0049,Industrial Zone B-12,806052942670627
CDR-001542,2024-09-06,12:34:31,S0069,+91-7305439451,S0068,+91-7943867424,804,VOICE,TWR-0101,Bus Terminal Underground,421662844788468
CDR-001543,2024-12-30,13:39:54,S0064,+91-7750198381,S0065,+91-7911433788,2129,VOICE,TWR-0004,"Jubilee Hills, Hyderabad",980811747408517
CDR-001544,2023-05-21,19:39:57,S0050,+91-9790842177,S0049,+91-9317730052,1639,VOICE,TWR-0197,"Aundh, Pune",771897418597856
CDR-001545,2024-02-27,17:35:23,S0067,+91-8354117104,S0064,+91-7750198381,2669,VOICE,TWR-0102,"Indiranagar, Bangalore",277216271154829
CDR-001546,2024-05-24,04:48:39,S0064,+91-7750198381,S0038,+91-7164583060,849,VOICE,TWR-0038,"Banjara Hills, Hyderabad",407949790602766
CDR-001547,2023-01-01,18:58:08,S0023,+91-7870361876,S0044,+91-9971861645,0,SMS,TWR-0134,Airport Cargo Terminal,447791931639191
CDR-001548,2023-02-27,12:21:36,S0077,+91-7477042007,S0076,+91-8453831805,3170,VOICE,TWR-0161,"Indiranagar, Bangalore",924328383844487
CDR-001549,2024-01-16,15:03:45,S0030,+91-7587753540,S0027,+91-8837911267,73,VOICE,TWR-0160,"Navrangpura, Ahmedabad",847462986073754
CDR-001550,2023-03-29,05:20:52,S0020,+91-7191685914,S0013,+91-8601012552,2375,VOICE,TWR-0067,Abandoned Factory Block C,354703346774455
CDR-001551,2023-10-15,01:07:39,S0014,+91-7694080686,S0036,+91-8689097012,0,DATA,TWR-0125,"Gomti Nagar, Lucknow",398630031487153
CDR-001552,2023-06-04,11:03:31,S0026,+91-9078465518,S0023,+91-7870361876,0,SMS,TWR-0025,River Bridge Underpass,580852146436922
CDR-001553,2024-11-28,18:49:30,S0068,+91-7943867424,S0069,+91-7305439451,0,SMS,TWR-0168,"Sector 15, New Delhi",148004678158863
CDR-001554,2024-09-23,15:50:45,S0073,+91-8723469890,S0077,+91-7477042007,3325,VOICE,TWR-0086,"Indiranagar, Bangalore",633080620261063
CDR-001555,2024-12-20,10:56:28,S0058,+91-7497129555,S0045,+91-7911765255,0,SMS,TWR-0137,"Jubilee Hills, Hyderabad",943283308160939
CDR-001556,2023-05-12,23:16:46,S0064,+91-7750198381,S0020,+91-7191685914,1323,VOICE,TWR-0030,"MG Road, Bangalore",624604051766931
CDR-001557,2023-09-13,09:09:59,S0068,+91-7943867424,S0069,+91-7305439451,1382,VOICE,TWR-0142,Railway Station Complex,310193669095032
CDR-001558,2024-01-24,13:47:38,S0066,+91-9665882102,S0021,+91-7186376562,2907,VOICE,TWR-0033,"Satellite, Ahmedabad",436899361325132
CDR-001559,2023-05-13,02:01:29,S0042,+91-9807385456,S0065,+91-7911433788,2568,VOICE,TWR-0054,"MG Road, Bangalore",342235389061268
CDR-001560,2024-02-10,04:40:28,S0050,+91-8427287656,S0049,+91-9317730052,0,SMS,TWR-0009,"Velachery, Chennai",432743320128466
CDR-001561,2023-01-16,14:06:55,S0011,+91-7365548469,S0007,+91-8314545093,339,VOICE,TWR-0074,"Indiranagar, Bangalore",765269570645025
CDR-001562,2023-07-29,07:46:28,S0077,+91-7477042007,S0080,+91-9719896275,0,SMS,TWR-0157,Bus Terminal Underground,208858002654417
CDR-001563,2024-08-17,16:25:03,S0016,+91-9192173624,S0017,+91-8160965519,0,SMS,TWR-0158,"Andheri West, Mumbai",203843841648109
CDR-001564,2023-10-29,10:58:41,S0004,+91-8808948427,S0027,+91-8837911267,0,SMS,TWR-0094,Railway Station Complex,711069527647049
CDR-001565,2023-04-05,17:20:11,S0046,+91-8551797747,S0053,+91-8468512260,2101,VOICE,TWR-0182,River Bridge Underpass,230155250864870
CDR-001566,2023-08-13,18:44:58,S0047,+91-8940192213,S0048,+91-8745666148,527,VOICE,TWR-0074,"Kothrud, Pune",150705814750941
CDR-001567,2023-09-28,20:16:14,S0027,+91-8837911267,S0024,+91-8210847353,0,DATA,TWR-0113,"Sector 15, New Delhi",607181047926309
CDR-001568,2024-04-19,11:16:26,S0027,+91-8837911267,S0026,+91-9078465518,1888,VOICE,TWR-0128,"Civil Lines, Lucknow",616834916956122
CDR-001569,2024-04-05,13:44:56,S0003,+91-7303959797,S0004,+91-8808948427,2942,VOICE,TWR-0141,Bus Terminal Underground,235270659226151
CDR-001570,2024-03-01,19:33:29,S0024,+91-8210847353,S0069,+91-7305439451,680,VOICE,TWR-0067,Highway NH-48 Rest Stop,250493250433300
CDR-001571,2023-11-03,13:06:45,S0055,+91-7906087278,S0053,+91-8468512260,0,SMS,TWR-0111,"Kothrud, Pune",845632805782360
CDR-001572,2024-07-10,12:49:38,S0005,+91-9533147930,S0052,+91-8821211330,953,VOICE,TWR-0052,"Civil Lines, Lucknow",331465514067023
CDR-001573,2024-06-17,23:57:02,S0044,+91-9971861645,S0033,+91-8986477033,0,DATA,TWR-0111,"Indiranagar, Bangalore",273409725817774
CDR-001574,2024-04-23,20:17:30,S0034,+91-9185263528,S0042,+91-9807385456,2799,VOICE,TWR-0194,Old Market Area,445568855174815
CDR-001575,2023-03-27,14:57:20,S0072,+91-8873660196,S0029,+91-8158983385,2981,VOICE,TWR-0090,River Bridge Underpass,931039069398807
CDR-001576,2024-09-29,08:59:01,S0071,+91-9835229476,S0048,+91-8745666148,0,SMS,TWR-0051,River Bridge Underpass,334832080276220
CDR-001577,2024-02-14,16:47:32,S0053,+91-8468512260,S0058,+91-7497129555,0,SMS,TWR-0122,"Velachery, Chennai",739462073250867
CDR-001578,2023-04-02,17:40:38,S0027,+91-8837911267,S0029,+91-8158983385,0,DATA,TWR-0019,"Kothrud, Pune",347765264660616
CDR-001579,2023-07-16,07:17:57,S0072,+91-8873660196,S0079,+91-8925349210,0,SMS,TWR-0174,Port District Dock 7,229456353207174
CDR-001580,2023-12-09,11:12:43,S0047,+91-9284549529,S0005,+91-9533147930,0,DATA,TWR-0079,"Koregaon Park, Pune",943729933250181
CDR-001581,2023-09-25,21:18:00,S0026,+91-9078465518,S0025,+91-9877427601,2477,VOICE,TWR-0001,Bus Terminal Underground,690621251413380
CDR-001582,2024-12-21,22:02:57,S0051,+91-8102313761,S0047,+91-8940192213,80,VOICE,TWR-0161,Port District Dock 7,778676381226809
CDR-001583,2024-11-08,00:58:27,S0074,+91-9129320527,S0044,+91-9971861645,1567,VOICE,TWR-0147,"Salt Lake, Kolkata",850195331030372
CDR-001584,2023-05-02,01:38:25,S0030,+91-7587753540,S0027,+91-8837911267,3285,VOICE,TWR-0050,"Andheri West, Mumbai",586779486693131
CDR-001585,2024-08-02,15:58:38,S0040,+91-9752093579,S0044,+91-9971861645,0,DATA,TWR-0093,"Malviya Nagar, Jaipur",628018916451288
CDR-001586,2024-03-30,22:30:10,S0014,+91-7694080686,S0017,+91-8160965519,805,VOICE,TWR-0126,"Andheri West, Mumbai",233466139273373
CDR-001587,2024-05-26,07:29:08,S0015,+91-9319492719,S0020,+91-7191685914,0,SMS,TWR-0187,Airport Cargo Terminal,565797149145367
CDR-001588,2024-06-04,20:05:28,S0001,+91-7731428289,S0076,+91-8453831805,0,SMS,TWR-0165,Industrial Zone B-12,572989931946983
CDR-001589,2024-05-27,13:46:51,S0009,+91-8669674686,S0008,+91-7468144718,0,DATA,TWR-0152,"Koregaon Park, Pune",339297664615484
CDR-001590,2024-01-27,07:18:34,S0025,+91-9877427601,S0053,+91-8468512260,620,VOICE,TWR-0127,Industrial Zone B-12,961556703940137
CDR-001591,2024-01-30,22:32:16,S0045,+91-7911765255,S0036,+91-8689097012,0,SMS,TWR-0163,"Civil Lines, Lucknow",598344937015457
CDR-001592,2023-09-16,11:38:25,S0011,+91-7365548469,S0035,+91-9574786019,2658,VOICE,TWR-0164,"Jubilee Hills, Hyderabad",126479560812967
CDR-001593,2024-11-26,19:05:10,S0047,+91-8940192213,S0048,+91-8745666148,2508,VOICE,TWR-0059,45th Street Warehouse,391270181103349
CDR-001594,2024-05-08,19:06:49,S0043,+91-8599838760,S0031,+91-7728836158,34,VOICE,TWR-0137,"Aundh, Pune",921228665269297
CDR-001595,2023-05-04,09:01:03,S0069,+91-7305439451,S0068,+91-7943867424,0,SMS,TWR-0078,Railway Station Complex,148299161507209
CDR-001596,2023-02-26,10:00:23,S0036,+91-8689097012,S0004,+91-8808948427,362,VOICE,TWR-0185,Abandoned Factory Block C,345922896682596
CDR-001597,2024-02-22,13:08:32,S0023,+91-7870361876,S0033,+91-8986477033,2120,VOICE,TWR-0137,"Andheri West, Mumbai",754628743226401
CDR-001598,2024-03-13,09:42:07,S0056,+91-7990411854,S0054,+91-8152869473,0,DATA,TWR-0101,Bus Terminal Underground,939431738092722
CDR-001599,2024-09-26,17:16:38,S0005,+91-9533147930,S0011,+91-7365548469,1088,VOICE,TWR-0153,"Jubilee Hills, Hyderabad",160446435824436
CDR-001600,2024-10-05,17:48:44,S0074,+91-9129320527,S0072,+91-8873660196,1791,VOICE,TWR-0137,"Park Street, Kolkata",469180770089167
CDR-001601,2024-10-11,17:05:16,S0015,+91-8928238864,S0021,+91-7186376562,0,SMS,TWR-0061,Bus Terminal Underground,124463423016030
CDR-001602,2024-01-16,09:48:55,S0055,+91-7906087278,S0058,+91-7497129555,0,DATA,TWR-0136,"Kothrud, Pune",125814219722794
CDR-001603,2024-02-18,19:13:07,S0045,+91-7268371644,S0036,+91-8689097012,1931,VOICE,TWR-0194,"Velachery, Chennai",641428131985810
CDR-001604,2024-09-06,06:38:18,S0011,+91-7365548469,S0035,+91-9574786019,0,DATA,TWR-0103,River Bridge Underpass,741746361546478
CDR-001605,2024-06-17,10:50:06,S0015,+91-8928238864,S0020,+91-7191685914,2758,VOICE,TWR-0189,"Aundh, Pune",660953860758301
CDR-001606,2024-05-16,21:04:21,S0053,+91-8468512260,S0058,+91-7497129555,0,SMS,TWR-0161,Port District Dock 7,555385735191920
CDR-001607,2024-04-10,19:12:48,S0047,+91-8940192213,S0048,+91-8745666148,0,SMS,TWR-0175,45th Street Warehouse,596933305577753
CDR-001608,2024-06-13,12:47:21,S0068,+91-7943867424,S0066,+91-9665882102,1899,VOICE,TWR-0085,Industrial Zone B-12,876982281667390
CDR-001609,2024-06-10,02:06:10,S0001,+91-7731428289,S0034,+91-9185263528,2521,VOICE,TWR-0031,Bus Terminal Underground,723841644754334
CDR-001610,2024-03-14,17:55:46,S0065,+91-7911433788,S0066,+91-9665882102,0,SMS,TWR-0192,"Malviya Nagar, Jaipur",720171981574221
CDR-001611,2024-10-02,01:13:33,S0072,+91-8873660196,S0079,+91-8925349210,0,SMS,TWR-0096,"Connaught Place, New Delhi",273969120397149
CDR-001612,2024-10-26,01:22:29,S0055,+91-7906087278,S0057,+91-9859711607,0,SMS,TWR-0154,Industrial Zone B-12,552842550258910
CDR-001613,2024-01-02,14:32:49,S0049,+91-9317730052,S0052,+91-8821211330,1449,VOICE,TWR-0001,"Navrangpura, Ahmedabad",595583517447765
CDR-001614,2023-07-04,16:51:14,S0077,+91-7477042007,S0076,+91-8453831805,0,DATA,TWR-0007,"Park Street, Kolkata",807015932699128
CDR-001615,2023-10-27,04:39:40,S0078,+91-8505943466,S0073,+91-8723469890,826,VOICE,TWR-0137,"Jubilee Hills, Hyderabad",143888981376968
CDR-001616,2024-12-10,01:11:04,S0050,+91-8427287656,S0017,+91-8160965519,2325,VOICE,TWR-0015,River Bridge Underpass,490227674975656
CDR-001617,2024-05-12,21:50:43,S0039,+91-9007576162,S0044,+91-9971861645,0,DATA,TWR-0151,Port District Dock 7,269293645589678
CDR-001618,2024-06-22,03:49:19,S0035,+91-9574786019,S0043,+91-8599838760,0,DATA,TWR-0138,"Anna Nagar, Chennai",263636046448241
CDR-001619,2023-04-11,18:21:58,S0025,+91-9877427601,S0018,+91-8515942742,1411,VOICE,TWR-0093,"Indiranagar, Bangalore",625839917804349
CDR-001620,2023-02-12,08:52:19,S0054,+91-8152869473,S0068,+91-7943867424,0,DATA,TWR-0032,"Kothrud, Pune",919576067081582
CDR-001621,2023-04-16,12:19:38,S0080,+91-9719896275,S0007,+91-8314545093,0,SMS,TWR-0196,"Koregaon Park, Pune",724206978162253
CDR-001622,2024-06-06,20:49:47,S0037,+91-9353860328,S0032,+91-7090425118,0,SMS,TWR-0074,"Connaught Place, New Delhi",427051932041160
CDR-001623,2024-01-05,12:37:18,S0006,+91-8996093227,S0005,+91-9533147930,3215,VOICE,TWR-0179,Port District Dock 7,514632751149328
CDR-001624,2024-11-10,05:33:14,S0043,+91-8599838760,S0044,+91-9971861645,1834,VOICE,TWR-0085,"Koregaon Park, Pune",964282483912570
CDR-001625,2024-01-14,10:20:07,S0058,+91-7497129555,S0057,+91-9859711607,2905,VOICE,TWR-0056,"Gomti Nagar, Lucknow",267067559351021
CDR-001626,2023-02-09,00:37:11,S0037,+91-9353860328,S0032,+91-7090425118,2026,VOICE,TWR-0073,Bus Terminal Underground,775363696635472
CDR-001627,2023-04-19,15:53:16,S0037,+91-9353860328,S0044,+91-9971861645,1751,VOICE,TWR-0174,"Kothrud, Pune",987311642819068
CDR-001628,2023-12-18,01:05:15,S0054,+91-8152869473,S0053,+91-8468512260,0,SMS,TWR-0111,"Andheri West, Mumbai",802632011577454
CDR-001629,2023-06-01,17:34:25,S0003,+91-7303959797,S0012,+91-9757993748,1632,VOICE,TWR-0017,"Koregaon Park, Pune",514128550789881
CDR-001630,2023-02-27,12:20:31,S0015,+91-8928238864,S0018,+91-8515942742,0,DATA,TWR-0087,"Satellite, Ahmedabad",989802293239461
CDR-001631,2023-05-06,15:26:09,S0038,+91-7164583060,S0034,+91-9185263528,0,DATA,TWR-0170,"Aundh, Pune",519971366323643
CDR-001632,2023-12-31,00:16:59,S0062,+91-7488244816,S0059,+91-9818587139,0,DATA,TWR-0191,"Kothrud, Pune",133741656744702
CDR-001633,2023-04-01,13:29:29,S0065,+91-7911433788,S0066,+91-9665882102,0,SMS,TWR-0144,"Banjara Hills, Hyderabad",278652454444740
CDR-001634,2024-07-23,13:58:14,S0012,+91-9757993748,S0007,+91-8314545093,0,SMS,TWR-0158,Industrial Zone B-12,373112527323073
CDR-001635,2024-06-02,19:53:27,S0009,+91-8669674686,S0005,+91-9533147930,0,SMS,TWR-0007,"MG Road, Bangalore",514954113838909
CDR-001636,2023-04-21,13:27:01,S0048,+91-8745666148,S0071,+91-9835229476,3450,VOICE,TWR-0012,"Anna Nagar, Chennai",420921699672452
CDR-001637,2024-08-07,15:46:50,S0007,+91-8314545093,S0004,+91-8808948427,1000,VOICE,TWR-0011,"Anna Nagar, Chennai",102748391006525
CDR-001638,2024-07-27,19:22:49,S0031,+91-7728836158,S0038,+91-7164583060,2523,VOICE,TWR-0077,"Koregaon Park, Pune",685165456129695
CDR-001639,2023-05-19,00:17:15,S0013,+91-8601012552,S0053,+91-8468512260,2231,VOICE,TWR-0132,Old Market Area,308959147050142
CDR-001640,2023-11-11,10:00:20,S0038,+91-7164583060,S0034,+91-9185263528,3479,VOICE,TWR-0119,45th Street Warehouse,318564695809039
CDR-001641,2024-03-28,21:37:21,S0022,+91-9029520745,S0077,+91-7477042007,0,SMS,TWR-0133,"MG Road, Bangalore",880312592226718
CDR-001642,2023-11-15,14:07:58,S0071,+91-9835229476,S0080,+91-9719896275,2161,VOICE,TWR-0023,"Koregaon Park, Pune",532371167575004
CDR-001643,2023-12-05,15:54:59,S0079,+91-8925349210,S0073,+91-8723469890,1657,VOICE,TWR-0037,"Aundh, Pune",414295463439136
CDR-001644,2024-07-22,20:35:01,S0002,+91-7762376237,S0049,+91-9317730052,3303,VOICE,TWR-0197,"Kothrud, Pune",539634521446969
CDR-001645,2023-05-23,20:59:28,S0054,+91-8152869473,S0057,+91-9859711607,0,SMS,TWR-0063,Industrial Zone B-12,831754074280046
CDR-001646,2023-08-20,17:01:43,S0018,+91-8515942742,S0019,+91-9469240982,856,VOICE,TWR-0181,"Satellite, Ahmedabad",403816423937217
CDR-001647,2023-12-01,18:03:01,S0007,+91-8314545093,S0009,+91-8669674686,2058,VOICE,TWR-0068,Port District Dock 7,469136675282974
CDR-001648,2024-01-16,16:45:42,S0075,+91-9023218968,S0071,+91-9835229476,2062,VOICE,TWR-0174,"Sector 15, New Delhi",479792587324485
CDR-001649,2023-09-25,23:16:14,S0009,+91-8669674686,S0017,+91-8160965519,0,DATA,TWR-0068,"Aundh, Pune",566386066761188
CDR-001650,2024-03-20,12:55:47,S0029,+91-8158983385,S0028,+91-8010157795,0,DATA,TWR-0065,"Anna Nagar, Chennai",169187809895482
CDR-001651,2023-05-21,01:50:46,S0038,+91-7164583060,S0034,+91-9185263528,1027,VOICE,TWR-0162,"Kothrud, Pune",743618427267874
CDR-001652,2024-10-04,03:41:15,S0068,+91-7943867424,S0028,+91-8010157795,969,VOICE,TWR-0141,"Banjara Hills, Hyderabad",711839779448674
CDR-001653,2024-12-27,20:29:08,S0012,+91-9757993748,S0011,+91-7365548469,0,DATA,TWR-0122,Abandoned Factory Block C,562471011652162
CDR-001654,2023-05-12,07:32:39,S0027,+91-8837911267,S0026,+91-9078465518,0,SMS,TWR-0001,"Salt Lake, Kolkata",937655983090722
CDR-001655,2024-01-08,05:30:05,S0065,+91-7911433788,S0066,+91-9665882102,0,SMS,TWR-0136,"Civil Lines, Lucknow",616930880243838
CDR-001656,2024-04-29,00:41:23,S0038,+91-7164583060,S0034,+91-9185263528,2885,VOICE,TWR-0158,"Malviya Nagar, Jaipur",207728213180466
CDR-001657,2023-01-07,22:50:49,S0015,+91-8928238864,S0028,+91-8010157795,1987,VOICE,TWR-0190,Railway Station Complex,239051139370304
CDR-001658,2023-05-24,03:57:32,S0029,+91-8158983385,S0028,+91-8010157795,0,SMS,TWR-0117,"Koregaon Park, Pune",326494824885976
CDR-001659,2023-09-09,03:00:37,S0059,+91-9818587139,S0044,+91-9971861645,2501,VOICE,TWR-0073,"Navrangpura, Ahmedabad",197941574579936
CDR-001660,2023-07-26,14:37:32,S0023,+91-7870361876,S0030,+91-7587753540,0,DATA,TWR-0092,"Banjara Hills, Hyderabad",124960246217345
CDR-001661,2024-04-12,05:03:18,S0054,+91-8152869473,S0033,+91-8986477033,0,SMS,TWR-0104,45th Street Warehouse,632631313906846
CDR-001662,2024-03-23,20:01:11,S0008,+91-9441183579,S0006,+91-8996093227,2001,VOICE,TWR-0149,"Sector 15, New Delhi",620568587127140
CDR-001663,2024-04-09,21:48:09,S0010,+91-8733842953,S0023,+91-7870361876,0,SMS,TWR-0062,"Indiranagar, Bangalore",995925021571643
CDR-001664,2023-10-07,19:17:12,S0025,+91-9915424029,S0030,+91-7587753540,0,SMS,TWR-0180,"Banjara Hills, Hyderabad",192212811770669
CDR-001665,2023-04-21,19:13:27,S0054,+91-8152869473,S0057,+91-9859711607,935,VOICE,TWR-0070,"Anna Nagar, Chennai",869445091648465
CDR-001666,2024-08-10,00:53:37,S0034,+91-9185263528,S0045,+91-7911765255,0,SMS,TWR-0078,"MG Road, Bangalore",972367369717645
CDR-001667,2023-02-21,22:05:33,S0009,+91-7154324371,S0005,+91-9533147930,911,VOICE,TWR-0101,Highway NH-48 Rest Stop,914481985913509
CDR-001668,2024-05-08,13:24:34,S0032,+91-7090425118,S0033,+91-8986477033,2871,VOICE,TWR-0120,Old Market Area,159600705012556
CDR-001669,2023-09-27,08:29:37,S0001,+91-7731428289,S0007,+91-8314545093,0,DATA,TWR-0009,45th Street Warehouse,265195809950465
CDR-001670,2023-12-16,22:39:39,S0013,+91-8601012552,S0002,+91-7762376237,0,SMS,TWR-0175,Airport Cargo Terminal,352173872269360
CDR-001671,2024-10-19,19:37:37,S0028,+91-8010157795,S0073,+91-8723469890,1537,VOICE,TWR-0028,"Andheri West, Mumbai",781316583168505
CDR-001672,2024-12-06,20:29:27,S0057,+91-9859711607,S0055,+91-7906087278,983,VOICE,TWR-0180,"MG Road, Bangalore",164411543070001
CDR-001673,2023-09-11,23:40:57,S0045,+91-7911765255,S0076,+91-8453831805,306,VOICE,TWR-0055,Abandoned Factory Block C,423721889052321
CDR-001674,2023-12-25,22:55:07,S0064,+91-7750198381,S0065,+91-7911433788,0,DATA,TWR-0091,Airport Cargo Terminal,476104874670149
CDR-001675,2024-01-27,13:25:22,S0074,+91-9129320527,S0076,+91-8453831805,0,SMS,TWR-0101,"Anna Nagar, Chennai",113906542960445
CDR-001676,2024-04-05,04:01:44,S0061,+91-7944047056,S0059,+91-9818587139,0,SMS,TWR-0041,"Connaught Place, New Delhi",955780935629584
CDR-001677,2024-03-22,18:39:38,S0017,+91-8160965519,S0050,+91-8427287656,0,DATA,TWR-0190,"Park Street, Kolkata",987151004048964
CDR-001678,2023-10-13,20:49:03,S0029,+91-8158983385,S0028,+91-8010157795,0,SMS,TWR-0018,45th Street Warehouse,155123617544332
CDR-001679,2023-12-19,19:04:26,S0007,+91-8314545093,S0018,+91-8515942742,1896,VOICE,TWR-0126,Bus Terminal Underground,983713125278375
CDR-001680,2023-05-13,03:39:40,S0007,+91-9992184341,S0004,+91-8808948427,0,SMS,TWR-0110,45th Street Warehouse,970219026405913
CDR-001681,2023-07-27,23:08:47,S0077,+91-7477042007,S0040,+91-9752093579,0,DATA,TWR-0093,"Salt Lake, Kolkata",998647583842490
CDR-001682,2023-07-29,13:24:46,S0073,+91-8723469890,S0072,+91-8873660196,1648,VOICE,TWR-0187,Airport Cargo Terminal,846356818845982
CDR-001683,2023-12-27,01:38:03,S0059,+91-9818587139,S0068,+91-7943867424,204,VOICE,TWR-0028,"Connaught Place, New Delhi",941055386449484
CDR-001684,2024-01-07,19:42:34,S0035,+91-9574786019,S0068,+91-7943867424,0,SMS,TWR-0188,"Park Street, Kolkata",918459662670833
CDR-001685,2023-09-02,13:36:36,S0064,+91-7750198381,S0065,+91-7911433788,0,DATA,TWR-0160,Industrial Zone B-12,837017818614471
CDR-001686,2024-08-27,17:06:01,S0071,+91-9835229476,S0080,+91-9719896275,3084,VOICE,TWR-0090,"Jubilee Hills, Hyderabad",140642300655843
CDR-001687,2024-03-12,23:19:00,S0011,+91-7365548469,S0003,+91-7303959797,2372,VOICE,TWR-0098,Port District Dock 7,226029333776724
CDR-001688,2024-01-14,08:42:02,S0074,+91-9129320527,S0076,+91-8453831805,2783,VOICE,TWR-0161,"MG Road, Bangalore",960922953138723
CDR-001689,2024-06-11,17:22:59,S0072,+91-8873660196,S0074,+91-9129320527,1536,VOICE,TWR-0085,Airport Cargo Terminal,300335878262522
CDR-001690,2024-07-16,17:52:31,S0055,+91-7906087278,S0057,+91-9859711607,1043,VOICE,TWR-0032,"Park Street, Kolkata",728848436781445
CDR-001691,2023-06-19,04:38:36,S0021,+91-7608918981,S0014,+91-7694080686,0,SMS,TWR-0022,"Andheri West, Mumbai",618014479951428
CDR-001692,2024-03-25,13:35:58,S0066,+91-9665882102,S0067,+91-8354117104,0,SMS,TWR-0166,"Marine Drive, Mumbai",466654126476285
CDR-001693,2024-04-14,10:56:47,S0062,+91-7376081376,S0059,+91-9818587139,839,VOICE,TWR-0033,Industrial Zone B-12,338333324159080
CDR-001694,2023-03-12,12:01:49,S0039,+91-9007576162,S0036,+91-8689097012,2032,VOICE,TWR-0151,"Jubilee Hills, Hyderabad",277805029344864
CDR-001695,2024-04-06,23:26:04,S0007,+91-8314545093,S0004,+91-8808948427,0,DATA,TWR-0048,Abandoned Factory Block C,388886423005870
CDR-001696,2023-01-05,18:57:49,S0026,+91-9078465518,S0028,+91-8010157795,2204,VOICE,TWR-0005,"Salt Lake, Kolkata",954576397279761
CDR-001697,2023-01-17,10:55:00,S0035,+91-9574786019,S0028,+91-8010157795,0,DATA,TWR-0200,Railway Station Complex,633613578757690
CDR-001698,2023-01-02,03:53:19,S0034,+91-9185263528,S0045,+91-7911765255,0,SMS,TWR-0019,"Gomti Nagar, Lucknow",792377248307004
CDR-001699,2024-08-23,08:56:07,S0054,+91-8152869473,S0057,+91-9859711607,1519,VOICE,TWR-0083,"Aundh, Pune",445296166379600
CDR-001700,2023-02-08,06:52:07,S0065,+91-7911433788,S0010,+91-8733842953,1232,VOICE,TWR-0102,"Marine Drive, Mumbai",204155718702300
CDR-001701,2023-11-28,10:20:02,S0053,+91-7726163005,S0058,+91-7497129555,0,DATA,TWR-0001,River Bridge Underpass,484701210756557
CDR-001702,2023-10-19,00:08:39,S0033,+91-9947485574,S0080,+91-9719896275,0,SMS,TWR-0022,Highway NH-48 Rest Stop,377104610506417
CDR-001703,2023-12-15,09:26:12,S0038,+91-7164583060,S0034,+91-9185263528,0,SMS,TWR-0185,Industrial Zone B-12,569633416462635
CDR-001704,2024-03-28,21:02:51,S0007,+91-8314545093,S0032,+91-7090425118,3174,VOICE,TWR-0101,"Aundh, Pune",250265174497545
CDR-001705,2023-06-19,10:35:50,S0010,+91-8733842953,S0008,+91-7468144718,2598,VOICE,TWR-0087,"Salt Lake, Kolkata",531184941120800
CDR-001706,2023-12-10,09:49:24,S0066,+91-9665882102,S0015,+91-8928238864,504,VOICE,TWR-0173,"Aundh, Pune",541425721020355
CDR-001707,2023-12-03,15:41:44,S0047,+91-8940192213,S0002,+91-7762376237,0,SMS,TWR-0082,"Satellite, Ahmedabad",594544509974417
CDR-001708,2024-08-02,02:10:04,S0079,+91-8925349210,S0073,+91-8723469890,2888,VOICE,TWR-0189,Port District Dock 7,767263129885534
CDR-001709,2024-08-07,21:13:21,S0023,+91-9115149321,S0027,+91-8837911267,2493,VOICE,TWR-0029,"Koregaon Park, Pune",420027076286817
CDR-001710,2024-08-14,21:09:23,S0001,+91-7731428289,S0028,+91-8010157795,0,SMS,TWR-0073,Bus Terminal Underground,564080529576147
CDR-001711,2023-04-21,16:23:31,S0042,+91-9807385456,S0033,+91-8986477033,0,DATA,TWR-0039,"Marine Drive, Mumbai",828007720241283
CDR-001712,2024-02-05,14:40:54,S0039,+91-9007576162,S0056,+91-7990411854,0,SMS,TWR-0140,"MG Road, Bangalore",710760202351678
CDR-001713,2023-12-01,22:05:17,S0019,+91-9469240982,S0017,+91-8160965519,0,DATA,TWR-0080,"Civil Lines, Lucknow",819749304553826
CDR-001714,2024-07-27,23:50:03,S0074,+91-9129320527,S0076,+91-8453831805,0,DATA,TWR-0026,"Aundh, Pune",682518089147854
CDR-001715,2023-06-24,08:35:09,S0041,+91-8047680798,S0028,+91-8010157795,1192,VOICE,TWR-0065,River Bridge Underpass,918826978175906
CDR-001716,2023-03-25,22:55:40,S0017,+91-8160965519,S0022,+91-9029520745,0,DATA,TWR-0041,"Sector 15, New Delhi",256993918057426
CDR-001717,2024-04-03,17:15:39,S0041,+91-8047680798,S0035,+91-9574786019,1581,VOICE,TWR-0198,"Jubilee Hills, Hyderabad",322821751153057
CDR-001718,2024-04-26,11:00:34,S0076,+91-8453831805,S0064,+91-7750198381,0,DATA,TWR-0180,Abandoned Factory Block C,648082920719174
CDR-001719,2024-12-05,01:53:04,S0018,+91-8515942742,S0014,+91-7694080686,88,VOICE,TWR-0056,Old Market Area,517001773709723
CDR-001720,2023-05-29,10:19:39,S0010,+91-8733842953,S0008,+91-7468144718,3274,VOICE,TWR-0036,"Indiranagar, Bangalore",305867560030324
CDR-001721,2024-11-18,07:33:00,S0056,+91-7990411854,S0053,+91-8468512260,2436,VOICE,TWR-0112,Highway NH-48 Rest Stop,898914397695796
CDR-001722,2024-11-04,03:45:52,S0030,+91-7587753540,S0028,+91-8010157795,0,SMS,TWR-0131,"Kothrud, Pune",829699401507295
CDR-001723,2023-01-22,17:24:26,S0025,+91-9877427601,S0022,+91-9029520745,0,DATA,TWR-0071,"Anna Nagar, Chennai",496632637353411
CDR-001724,2024-01-12,21:04:26,S0059,+91-9818587139,S0030,+91-7587753540,968,VOICE,TWR-0021,Railway Station Complex,867516782057234
CDR-001725,2023-02-28,12:36:14,S0075,+91-9023218968,S0078,+91-8505943466,0,SMS,TWR-0168,"Sector 15, New Delhi",639853747967517
CDR-001726,2024-11-05,21:02:22,S0048,+91-8745666148,S0050,+91-8427287656,0,SMS,TWR-0103,"Aundh, Pune",490128124084764
CDR-001727,2023-09-01,19:54:34,S0059,+91-9818587139,S0044,+91-9971861645,0,SMS,TWR-0149,"Indiranagar, Bangalore",787796376139322
CDR-001728,2023-12-07,12:15:24,S0033,+91-9947485574,S0042,+91-9807385456,417,VOICE,TWR-0049,Old Market Area,935972582966128
CDR-001729,2023-08-02,12:54:10,S0042,+91-9807385456,S0039,+91-9007576162,0,DATA,TWR-0181,River Bridge Underpass,212029569311818
CDR-001730,2023-08-24,15:36:55,S0004,+91-8808948427,S0006,+91-8996093227,944,VOICE,TWR-0092,Railway Station Complex,111053551052549
CDR-001731,2023-05-25,08:38:17,S0043,+91-8599838760,S0033,+91-8986477033,1073,VOICE,TWR-0180,"Velachery, Chennai",665573505323658
CDR-001732,2023-06-26,07:52:54,S0060,+91-9164020641,S0006,+91-8996093227,0,SMS,TWR-0029,"Jubilee Hills, Hyderabad",190273838634991
CDR-001733,2023-08-24,12:51:48,S0057,+91-9859711607,S0054,+91-8152869473,3530,VOICE,TWR-0114,Railway Station Complex,460466937728811
CDR-001734,2024-08-18,15:24:18,S0018,+91-8515942742,S0016,+91-9192173624,0,SMS,TWR-0128,Abandoned Factory Block C,344838118591639
CDR-001735,2023-01-17,19:28:48,S0010,+91-8733842953,S0008,+91-7468144718,2068,VOICE,TWR-0062,"Marine Drive, Mumbai",586374192993355
CDR-001736,2023-08-29,19:23:22,S0043,+91-8599838760,S0075,+91-9023218968,0,SMS,TWR-0005,"Navrangpura, Ahmedabad",570044248758424
CDR-001737,2023-02-15,04:41:46,S0039,+91-9007576162,S0044,+91-9971861645,0,SMS,TWR-0078,"MG Road, Bangalore",384660581536053
CDR-001738,2024-03-08,02:16:55,S0004,+91-8808948427,S0006,+91-8996093227,0,SMS,TWR-0121,"Satellite, Ahmedabad",822299448972451
CDR-001739,2023-08-03,04:40:24,S0025,+91-9877427601,S0030,+91-7587753540,89,VOICE,TWR-0165,"Koregaon Park, Pune",657970644468533
CDR-001740,2024-01-05,02:24:55,S0033,+91-9947485574,S0042,+91-9807385456,3571,VOICE,TWR-0006,"Koregaon Park, Pune",544841975394987
CDR-001741,2023-08-29,12:14:30,S0001,+91-7731428289,S0007,+91-8314545093,1505,VOICE,TWR-0191,"Andheri West, Mumbai",441667101788194
CDR-001742,2023-05-11,08:26:51,S0018,+91-8515942742,S0014,+91-7694080686,0,DATA,TWR-0109,Highway NH-48 Rest Stop,622704788935759
CDR-001743,2024-09-06,20:21:48,S0017,+91-8160965519,S0022,+91-9029520745,0,SMS,TWR-0184,"Satellite, Ahmedabad",611108938685508
CDR-001744,2023-08-11,18:12:29,S0063,+91-8639980776,S0078,+91-8505943466,1972,VOICE,TWR-0020,"Jubilee Hills, Hyderabad",339911675530943
CDR-001745,2023-06-14,01:31:08,S0078,+91-8505943466,S0073,+91-8723469890,0,SMS,TWR-0058,"Marine Drive, Mumbai",506725993729269
CDR-001746,2024-10-22,16:36:40,S0015,+91-8928238864,S0020,+91-7191685914,0,SMS,TWR-0072,"Park Street, Kolkata",725461220505956
CDR-001747,2023-02-11,09:01:42,S0004,+91-8808948427,S0006,+91-8996093227,0,SMS,TWR-0028,"Indiranagar, Bangalore",645456020649795
CDR-001748,2023-11-30,08:40:50,S0041,+91-7494240311,S0035,+91-9574786019,2715,VOICE,TWR-0036,"Marine Drive, Mumbai",776608985802756
CDR-001749,2023-09-15,01:07:55,S0025,+91-9915424029,S0075,+91-9023218968,1686,VOICE,TWR-0081,Bus Terminal Underground,109493836601270
CDR-001750,2023-07-21,16:41:54,S0018,+91-8515942742,S0060,+91-9164020641,0,SMS,TWR-0048,"Marine Drive, Mumbai",504243809527248
CDR-001751,2024-04-05,18:47:32,S0045,+91-7911765255,S0029,+91-8158983385,0,SMS,TWR-0106,"Andheri West, Mumbai",886492126252602
CDR-001752,2024-10-21,04:55:50,S0065,+91-7911433788,S0069,+91-7305439451,3277,VOICE,TWR-0009,Railway Station Complex,612879390896231
CDR-001753,2023-11-14,18:00:13,S0018,+91-8515942742,S0016,+91-9192173624,0,DATA,TWR-0032,Port District Dock 7,432190696954731
CDR-001754,2024-12-10,00:34:07,S0052,+91-8821211330,S0046,+91-8551797747,1149,VOICE,TWR-0006,Old Market Area,449734829974657
CDR-001755,2023-10-07,05:25:21,S0071,+91-9835229476,S0080,+91-9719896275,1780,VOICE,TWR-0075,"Koregaon Park, Pune",660209597595606
CDR-001756,2024-05-29,16:51:50,S0008,+91-9441183579,S0006,+91-8996093227,0,SMS,TWR-0060,"Navrangpura, Ahmedabad",467379292037424
CDR-001757,2024-04-19,08:53:37,S0060,+91-9164020641,S0037,+91-9353860328,556,VOICE,TWR-0097,Industrial Zone B-12,969956033131528
CDR-001758,2024-09-07,02:10:43,S0068,+91-7943867424,S0028,+91-8010157795,3096,VOICE,TWR-0199,"Marine Drive, Mumbai",998572702883095
CDR-001759,2024-09-01,18:12:43,S0030,+91-7587753540,S0027,+91-8837911267,0,SMS,TWR-0067,"Salt Lake, Kolkata",745829256497741
CDR-001760,2023-03-02,03:23:41,S0021,+91-7608918981,S0020,+91-7191685914,2100,VOICE,TWR-0074,"Navrangpura, Ahmedabad",378615112174957
CDR-001761,2023-04-10,18:34:20,S0011,+91-7365548469,S0046,+91-8551797747,3229,VOICE,TWR-0119,"Indiranagar, Bangalore",190832522495661
CDR-001762,2023-10-05,07:12:07,S0061,+91-7944047056,S0060,+91-9164020641,0,SMS,TWR-0091,Abandoned Factory Block C,628043391115110
CDR-001763,2024-11-18,05:38:14,S0038,+91-9779825906,S0034,+91-9185263528,846,VOICE,TWR-0087,"Civil Lines, Lucknow",817182698120096
CDR-001764,2023-04-15,09:01:25,S0009,+91-7154324371,S0003,+91-7303959797,3023,VOICE,TWR-0150,"Aundh, Pune",982770624744836
CDR-001765,2023-09-29,05:58:09,S0005,+91-9533147930,S0011,+91-7365548469,0,DATA,TWR-0113,45th Street Warehouse,942467474494538
CDR-001766,2023-05-03,04:30:12,S0047,+91-9284549529,S0072,+91-8873660196,3414,VOICE,TWR-0176,"Banjara Hills, Hyderabad",960692840644219
CDR-001767,2024-06-30,10:01:12,S0080,+91-9719896275,S0007,+91-8314545093,0,SMS,TWR-0081,"Aundh, Pune",959274515796759
CDR-001768,2024-01-13,02:11:07,S0041,+91-7494240311,S0035,+91-9574786019,2191,VOICE,TWR-0157,"Kothrud, Pune",450094195632622
CDR-001769,2024-01-15,21:35:46,S0005,+91-9533147930,S0011,+91-7365548469,0,SMS,TWR-0131,"Marine Drive, Mumbai",332223271026217
CDR-001770,2023-11-20,01:39:33,S0043,+91-8591313804,S0022,+91-9029520745,3580,VOICE,TWR-0171,"Gomti Nagar, Lucknow",759672995012979
CDR-001771,2024-01-02,06:35:02,S0058,+91-7497129555,S0047,+91-8940192213,0,SMS,TWR-0122,"Velachery, Chennai",643160842887040
CDR-001772,2023-02-04,11:08:43,S0033,+91-8986477033,S0042,+91-9807385456,1754,VOICE,TWR-0014,"Marine Drive, Mumbai",109807277621245
CDR-001773,2024-04-13,13:15:30,S0050,+91-8427287656,S0049,+91-9317730052,3307,VOICE,TWR-0054,"Velachery, Chennai",768436337221961
CDR-001774,2024-10-30,13:49:46,S0030,+91-7587753540,S0072,+91-8873660196,0,SMS,TWR-0036,"Park Street, Kolkata",386164421479667
CDR-001775,2024-09-09,15:50:24,S0004,+91-8808948427,S0006,+91-8996093227,183,VOICE,TWR-0112,"Marine Drive, Mumbai",791863360914770
CDR-001776,2023-05-27,14:27:33,S0029,+91-8158983385,S0028,+91-8010157795,562,VOICE,TWR-0027,Old Market Area,433995885179589
CDR-001777,2024-01-16,02:08:16,S0026,+91-9078465518,S0023,+91-7870361876,0,SMS,TWR-0192,Industrial Zone B-12,879738335471569
CDR-001778,2023-06-09,08:50:23,S0075,+91-9023218968,S0071,+91-9835229476,1755,VOICE,TWR-0128,"Kothrud, Pune",397911431411443
CDR-001779,2024-12-29,22:41:21,S0073,+91-8723469890,S0077,+91-7477042007,0,SMS,TWR-0188,"Gomti Nagar, Lucknow",230579357465424
CDR-001780,2024-11-28,23:59:03,S0023,+91-7870361876,S0026,+91-9078465518,3285,VOICE,TWR-0187,"Park Street, Kolkata",357361007740524
CDR-001781,2024-09-06,07:35:50,S0017,+91-8160965519,S0036,+91-8689097012,0,DATA,TWR-0034,"Velachery, Chennai",215248521594042
CDR-001782,2023-10-12,14:10:44,S0060,+91-9164020641,S0061,+91-7944047056,0,SMS,TWR-0026,"MG Road, Bangalore",721980685608759
CDR-001783,2023-05-20,04:46:44,S0049,+91-9317730052,S0052,+91-8821211330,0,SMS,TWR-0042,"Marine Drive, Mumbai",972511769240708
CDR-001784,2024-03-28,15:17:30,S0038,+91-9779825906,S0034,+91-9185263528,2013,VOICE,TWR-0070,"Anna Nagar, Chennai",803628198191849
CDR-001785,2023-07-18,04:50:57,S0027,+91-8837911267,S0026,+91-9078465518,2935,VOICE,TWR-0056,"Malviya Nagar, Jaipur",966644592240979
CDR-001786,2024-05-16,16:03:25,S0075,+91-9242647667,S0071,+91-9835229476,3103,VOICE,TWR-0066,"Aundh, Pune",807101485655639
CDR-001787,2023-08-10,18:05:05,S0033,+91-8986477033,S0067,+91-8354117104,284,VOICE,TWR-0092,"Velachery, Chennai",225422702819967
CDR-001788,2023-03-09,20:14:50,S0004,+91-8808948427,S0006,+91-8996093227,1861,VOICE,TWR-0171,Port District Dock 7,158254193427609
CDR-001789,2023-04-18,04:44:22,S0061,+91-7944047056,S0060,+91-9164020641,2512,VOICE,TWR-0050,Abandoned Factory Block C,409800056262648
CDR-001790,2024-12-01,16:31:29,S0011,+91-7365548469,S0067,+91-8354117104,0,DATA,TWR-0096,"Malviya Nagar, Jaipur",884440966427650
CDR-001791,2023-03-02,17:11:15,S0004,+91-8808948427,S0006,+91-8996093227,622,VOICE,TWR-0144,45th Street Warehouse,637719718894754
CDR-001792,2023-12-22,06:33:11,S0011,+91-7365548469,S0016,+91-9192173624,0,SMS,TWR-0165,Old Market Area,742025985081350
CDR-001793,2024-09-30,18:47:25,S0053,+91-7726163005,S0017,+91-8160965519,2960,VOICE,TWR-0090,"Park Street, Kolkata",506198508752226
CDR-001794,2024-07-18,19:08:34,S0058,+91-7497129555,S0004,+91-8808948427,2210,VOICE,TWR-0112,Bus Terminal Underground,418641927215628
CDR-001795,2023-02-18,16:09:16,S0009,+91-7154324371,S0003,+91-7303959797,0,SMS,TWR-0109,"Velachery, Chennai",493559233389228
CDR-001796,2024-08-24,12:20:04,S0067,+91-8354117104,S0063,+91-8639980776,0,SMS,TWR-0078,"Banjara Hills, Hyderabad",434024086665093
CDR-001797,2024-09-28,10:36:17,S0080,+91-9719896275,S0057,+91-9859711607,2778,VOICE,TWR-0115,"Anna Nagar, Chennai",583289054821805
CDR-001798,2023-08-20,23:42:47,S0044,+91-9971861645,S0033,+91-8986477033,2271,VOICE,TWR-0170,"Banjara Hills, Hyderabad",151775458399112
CDR-001799,2023-09-25,07:02:26,S0034,+91-9185263528,S0019,+91-9469240982,0,SMS,TWR-0052,Bus Terminal Underground,220041271615756
CDR-001800,2024-07-23,20:22:46,S0055,+91-7906087278,S0049,+91-9317730052,0,DATA,TWR-0108,"Kothrud, Pune",928411190709821
CDR-001801,2023-02-25,14:23:31,S0047,+91-9284549529,S0048,+91-8745666148,0,SMS,TWR-0112,"Andheri West, Mumbai",270276731981012
CDR-001802,2024-10-30,21:04:59,S0055,+91-7906087278,S0057,+91-9859711607,0,SMS,TWR-0082,"Aundh, Pune",632221414541481
CDR-001803,2024-03-17,09:41:01,S0007,+91-8314545093,S0008,+91-7468144718,0,SMS,TWR-0153,"Gomti Nagar, Lucknow",265755665735031
CDR-001804,2023-01-03,10:39:28,S0034,+91-9185263528,S0057,+91-9859711607,165,VOICE,TWR-0151,"Aundh, Pune",487940296692845
CDR-001805,2024-12-14,21:27:45,S0009,+91-8669674686,S0058,+91-7497129555,0,SMS,TWR-0199,Highway NH-48 Rest Stop,852358958541401
CDR-001806,2024-05-10,06:43:14,S0021,+91-7608918981,S0014,+91-7694080686,301,VOICE,TWR-0064,"Sector 15, New Delhi",722134718139893
CDR-001807,2023-08-28,05:09:54,S0044,+91-9971861645,S0033,+91-8986477033,2895,VOICE,TWR-0088,Highway NH-48 Rest Stop,528583569559318
CDR-001808,2024-07-04,07:44:59,S0003,+91-7303959797,S0002,+91-7762376237,0,SMS,TWR-0012,Old Market Area,331416934152154
CDR-001809,2024-02-20,12:19:11,S0004,+91-8808948427,S0006,+91-8996093227,2684,VOICE,TWR-0151,"Gomti Nagar, Lucknow",588283335016267
CDR-001810,2024-05-25,01:35:02,S0069,+91-7305439451,S0068,+91-7943867424,1750,VOICE,TWR-0128,"Civil Lines, Lucknow",524836426550492
CDR-001811,2024-08-28,02:53:19,S0013,+91-8189450306,S0031,+91-7728836158,0,DATA,TWR-0125,"Koregaon Park, Pune",321771854861595
CDR-001812,2023-09-02,18:20:25,S0050,+91-8427287656,S0049,+91-9317730052,2882,VOICE,TWR-0048,Bus Terminal Underground,896993364349541
CDR-001813,2024-05-28,15:54:55,S0063,+91-8639980776,S0001,+91-7731428289,1762,VOICE,TWR-0039,"Koregaon Park, Pune",707101187776087
CDR-001814,2023-08-28,22:51:22,S0064,+91-7750198381,S0065,+91-7911433788,265,VOICE,TWR-0186,Railway Station Complex,666457242450055
CDR-001815,2023-06-26,02:59:28,S0065,+91-7911433788,S0066,+91-9665882102,2597,VOICE,TWR-0053,Old Market Area,748790109549882
CDR-001816,2023-01-15,16:47:07,S0075,+91-9242647667,S0068,+91-7943867424,0,SMS,TWR-0055,Bus Terminal Underground,256066097095589
CDR-001817,2024-03-05,16:30:25,S0001,+91-7731428289,S0011,+91-7365548469,3261,VOICE,TWR-0094,Airport Cargo Terminal,850699413467858
CDR-001818,2023-10-31,11:29:32,S0035,+91-9574786019,S0028,+91-8010157795,0,SMS,TWR-0060,"Kothrud, Pune",552462343776260
CDR-001819,2024-04-05,14:32:43,S0040,+91-9752093579,S0042,+91-9807385456,0,SMS,TWR-0185,"Connaught Place, New Delhi",551338291290844
CDR-001820,2024-11-18,12:27:09,S0033,+91-8986477033,S0042,+91-9807385456,0,SMS,TWR-0151,"Connaught Place, New Delhi",471017789993020
CDR-001821,2024-08-09,22:41:24,S0042,+91-9807385456,S0010,+91-8733842953,0,SMS,TWR-0136,"Jubilee Hills, Hyderabad",728605371646100
CDR-001822,2023-05-26,06:03:58,S0065,+91-7911433788,S0066,+91-9665882102,25,VOICE,TWR-0176,Old Market Area,507367142580917
CDR-001823,2024-10-22,19:09:28,S0006,+91-8996093227,S0005,+91-9533147930,0,SMS,TWR-0071,"Marine Drive, Mumbai",527731763055721
CDR-001824,2023-06-16,03:11:37,S0062,+91-7376081376,S0059,+91-9818587139,1057,VOICE,TWR-0050,"MG Road, Bangalore",883962716940101
CDR-001825,2024-06-04,09:34:11,S0025,+91-9877427601,S0031,+91-7728836158,2743,VOICE,TWR-0091,"Civil Lines, Lucknow",698729186071893
CDR-001826,2023-12-31,05:35:16,S0042,+91-9807385456,S0039,+91-9007576162,2337,VOICE,TWR-0088,"MG Road, Bangalore",317137554089631
CDR-001827,2023-11-21,02:39:09,S0053,+91-8468512260,S0054,+91-8152869473,0,DATA,TWR-0140,"Aundh, Pune",664833941542620
CDR-001828,2024-02-11,15:26:42,S0059,+91-9818587139,S0012,+91-9757993748,2534,VOICE,TWR-0064,Industrial Zone B-12,328934585978277
CDR-001829,2023-09-14,02:29:11,S0070,+91-8361473242,S0074,+91-9129320527,0,SMS,TWR-0037,"Banjara Hills, Hyderabad",868446720513063
CDR-001830,2023-05-13,09:36:08,S0050,+91-8427287656,S0016,+91-9192173624,3530,VOICE,TWR-0155,"Koregaon Park, Pune",629765463363903
CDR-001831,2024-07-03,10:20:18,S0054,+91-8152869473,S0022,+91-9029520745,567,VOICE,TWR-0093,Airport Cargo Terminal,646337522099205
CDR-001832,2023-02-19,03:17:36,S0076,+91-8453831805,S0073,+91-8723469890,0,DATA,TWR-0034,45th Street Warehouse,783101994575763
CDR-001833,2023-07-12,19:39:42,S0008,+91-7468144718,S0006,+91-8996093227,2710,VOICE,TWR-0026,River Bridge Underpass,239836097582090
CDR-001834,2023-06-25,11:05:43,S0047,+91-8940192213,S0048,+91-8745666148,0,DATA,TWR-0070,"Connaught Place, New Delhi",305895099870219
CDR-001835,2024-10-09,08:35:09,S0020,+91-7191685914,S0021,+91-7186376562,2469,VOICE,TWR-0174,"Indiranagar, Bangalore",687633287106965
CDR-001836,2024-11-20,19:36:17,S0020,+91-7191685914,S0013,+91-8601012552,0,DATA,TWR-0004,"Navrangpura, Ahmedabad",824183256156414
CDR-001837,2023-03-04,05:08:19,S0064,+91-7750198381,S0065,+91-7911433788,0,SMS,TWR-0049,Highway NH-48 Rest Stop,490154606114343
CDR-001838,2023-07-08,18:46:06,S0007,+91-8314545093,S0003,+91-7303959797,0,DATA,TWR-0164,Abandoned Factory Block C,784663163336015
CDR-001839,2023-03-30,00:52:32,S0060,+91-9164020641,S0061,+91-7944047056,2543,VOICE,TWR-0124,"Park Street, Kolkata",727420287046911
CDR-001840,2024-05-01,22:55:22,S0023,+91-7870361876,S0028,+91-8010157795,2639,VOICE,TWR-0112,"Indiranagar, Bangalore",389641183347819
CDR-001841,2023-08-19,12:17:23,S0057,+91-9859711607,S0055,+91-7906087278,1317,VOICE,TWR-0028,"Koregaon Park, Pune",302349212220365
CDR-001842,2023-05-11,22:06:29,S0050,+91-8427287656,S0049,+91-9317730052,1095,VOICE,TWR-0182,"Marine Drive, Mumbai",256318909305075
CDR-001843,2024-10-13,09:05:10,S0009,+91-8669674686,S0008,+91-7468144718,2337,VOICE,TWR-0041,"Velachery, Chennai",707530600933705
CDR-001844,2024-04-02,17:13:37,S0079,+91-8925349210,S0073,+91-8723469890,778,VOICE,TWR-0145,"MG Road, Bangalore",248167057415844
CDR-001845,2023-04-23,05:23:23,S0078,+91-8505943466,S0006,+91-8996093227,1813,VOICE,TWR-0063,"Kothrud, Pune",986660336362026
CDR-001846,2024-03-07,06:48:26,S0047,+91-9284549529,S0048,+91-8745666148,731,VOICE,TWR-0181,"Salt Lake, Kolkata",835714396037901
CDR-001847,2023-07-14,14:20:25,S0042,+91-9807385456,S0033,+91-8986477033,0,DATA,TWR-0101,"Civil Lines, Lucknow",382575734314444
CDR-001848,2023-06-10,00:16:17,S0027,+91-8837911267,S0073,+91-8723469890,2591,VOICE,TWR-0162,"Jubilee Hills, Hyderabad",548078654078690
CDR-001849,2024-06-03,16:14:23,S0065,+91-7911433788,S0066,+91-9665882102,2238,VOICE,TWR-0124,"Park Street, Kolkata",777320879689056
CDR-001850,2024-08-25,01:34:46,S0028,+91-8010157795,S0025,+91-9877427601,0,SMS,TWR-0055,45th Street Warehouse,258205014990901
CDR-001851,2023-10-18,14:39:14,S0044,+91-9971861645,S0033,+91-8986477033,0,SMS,TWR-0031,"Velachery, Chennai",722328587958172
CDR-001852,2023-08-10,08:01:04,S0040,+91-9752093579,S0004,+91-8808948427,0,SMS,TWR-0097,"Indiranagar, Bangalore",988283626508751
CDR-001853,2023-07-25,12:07:13,S0053,+91-8468512260,S0068,+91-7943867424,500,VOICE,TWR-0127,"Aundh, Pune",951515870076177
CDR-001854,2024-02-10,20:42:44,S0009,+91-8669674686,S0066,+91-9665882102,2768,VOICE,TWR-0181,Airport Cargo Terminal,506370763036110
CDR-001855,2024-12-23,07:58:15,S0075,+91-9023218968,S0071,+91-9835229476,0,SMS,TWR-0040,"Anna Nagar, Chennai",929523090820707
CDR-001856,2023-07-08,04:39:21,S0035,+91-9574786019,S0031,+91-7728836158,1340,VOICE,TWR-0068,"Banjara Hills, Hyderabad",640381416947833
CDR-001857,2023-08-24,17:38:47,S0076,+91-8453831805,S0079,+91-8925349210,1629,VOICE,TWR-0070,"MG Road, Bangalore",262041749093281
CDR-001858,2023-02-17,19:50:50,S0055,+91-7906087278,S0057,+91-9859711607,322,VOICE,TWR-0125,"Jubilee Hills, Hyderabad",764659842490096
CDR-001859,2023-11-15,06:55:28,S0072,+91-8873660196,S0074,+91-9129320527,2487,VOICE,TWR-0156,45th Street Warehouse,137084333682074
CDR-001860,2024-07-24,09:28:38,S0012,+91-9757993748,S0040,+91-9752093579,109,VOICE,TWR-0111,Industrial Zone B-12,851669297755796
CDR-001861,2024-07-05,07:44:02,S0076,+91-8453831805,S0026,+91-9078465518,0,DATA,TWR-0076,Highway NH-48 Rest Stop,553597933544868
CDR-001862,2023-11-15,11:02:53,S0059,+91-9818587139,S0061,+91-7944047056,1640,VOICE,TWR-0101,"Salt Lake, Kolkata",447461168756158
CDR-001863,2024-02-23,18:24:24,S0072,+91-8873660196,S0074,+91-9129320527,0,DATA,TWR-0191,"Indiranagar, Bangalore",920531620854334
CDR-001864,2023-06-19,20:47:04,S0003,+91-7303959797,S0004,+91-8808948427,0,SMS,TWR-0097,"Salt Lake, Kolkata",945303532545393
CDR-001865,2023-09-08,23:00:38,S0019,+91-9469240982,S0020,+91-7191685914,0,SMS,TWR-0106,River Bridge Underpass,782000939060075
CDR-001866,2023-07-01,07:00:23,S0022,+91-9029520745,S0021,+91-7186376562,0,SMS,TWR-0062,"Civil Lines, Lucknow",383058265008871
CDR-001867,2024-09-05,14:03:57,S0056,+91-7990411854,S0053,+91-8468512260,0,SMS,TWR-0097,Bus Terminal Underground,545695255458716
CDR-001868,2024-04-27,22:25:50,S0022,+91-9029520745,S0015,+91-8928238864,698,VOICE,TWR-0065,"Malviya Nagar, Jaipur",948827353241973
CDR-001869,2024-06-16,15:33:19,S0032,+91-7090425118,S0039,+91-9007576162,0,SMS,TWR-0107,Port District Dock 7,358445734346941
CDR-001870,2024-07-11,09:00:50,S0039,+91-9007576162,S0036,+91-8689097012,2235,VOICE,TWR-0102,"Kothrud, Pune",314614109283132
CDR-001871,2024-05-20,17:58:47,S0035,+91-9574786019,S0031,+91-7728836158,0,DATA,TWR-0064,45th Street Warehouse,786713601020733
CDR-001872,2023-06-13,01:00:44,S0071,+91-9835229476,S0012,+91-9757993748,319,VOICE,TWR-0025,"Gomti Nagar, Lucknow",513277921119462
CDR-001873,2023-03-16,07:05:39,S0024,+91-9732081200,S0027,+91-8837911267,0,SMS,TWR-0102,45th Street Warehouse,872066584704218
CDR-001874,2023-07-01,02:53:46,S0028,+91-8010157795,S0025,+91-9877427601,692,VOICE,TWR-0047,"Navrangpura, Ahmedabad",718415685897672
CDR-001875,2023-07-07,22:39:42,S0077,+91-7477042007,S0062,+91-7376081376,0,SMS,TWR-0063,"Park Street, Kolkata",970639963474852
CDR-001876,2023-01-08,00:12:27,S0059,+91-9818587139,S0044,+91-9971861645,2832,VOICE,TWR-0149,45th Street Warehouse,946473619588056
CDR-001877,2023-06-28,10:42:18,S0011,+91-7365548469,S0049,+91-9317730052,3486,VOICE,TWR-0062,"Civil Lines, Lucknow",346256207035175
CDR-001878,2024-05-19,11:05:04,S0066,+91-9665882102,S0062,+91-7376081376,0,SMS,TWR-0030,"Andheri West, Mumbai",805216348638305
CDR-001879,2023-07-10,01:12:28,S0008,+91-9441183579,S0071,+91-9835229476,3461,VOICE,TWR-0012,"Malviya Nagar, Jaipur",839478423945817
CDR-001880,2024-10-18,04:09:06,S0067,+91-8354117104,S0066,+91-9665882102,0,SMS,TWR-0043,"Park Street, Kolkata",849924398693468
CDR-001881,2024-07-13,08:29:56,S0002,+91-7762376237,S0012,+91-9757993748,0,SMS,TWR-0194,"Indiranagar, Bangalore",900960663835462
CDR-001882,2023-06-17,03:12:48,S0058,+91-7497129555,S0057,+91-9859711607,907,VOICE,TWR-0112,"Andheri West, Mumbai",489925323294111
CDR-001883,2023-03-27,14:35:45,S0038,+91-7164583060,S0041,+91-8047680798,0,SMS,TWR-0029,Port District Dock 7,627241264640930
CDR-001884,2023-04-09,12:07:39,S0069,+91-7305439451,S0070,+91-8361473242,0,SMS,TWR-0066,Highway NH-48 Rest Stop,586736485827500
CDR-001885,2024-08-10,10:52:53,S0057,+91-9859711607,S0058,+91-7497129555,347,VOICE,TWR-0087,"Aundh, Pune",418532053994608
CDR-001886,2023-03-18,02:12:29,S0002,+91-7762376237,S0012,+91-9757993748,2727,VOICE,TWR-0115,"Banjara Hills, Hyderabad",459986099983247
CDR-001887,2024-02-27,17:49:05,S0001,+91-7731428289,S0007,+91-8314545093,1834,VOICE,TWR-0128,"Gomti Nagar, Lucknow",591074751626481
CDR-001888,2023-08-21,00:51:45,S0058,+91-7497129555,S0056,+91-7990411854,2669,VOICE,TWR-0070,Industrial Zone B-12,482514255597368
CDR-001889,2024-03-28,06:04:48,S0066,+91-7288551224,S0015,+91-8928238864,0,SMS,TWR-0114,"Navrangpura, Ahmedabad",916374197418481
CDR-001890,2023-08-30,04:44:56,S0018,+91-8515942742,S0019,+91-9469240982,49,VOICE,TWR-0024,Highway NH-48 Rest Stop,171168285196898
CDR-001891,2023-03-16,22:29:56,S0025,+91-9877427601,S0030,+91-7587753540,2448,VOICE,TWR-0008,"Anna Nagar, Chennai",146674710331600
CDR-001892,2024-05-01,02:49:36,S0052,+91-8821211330,S0050,+91-8427287656,2950,VOICE,TWR-0013,Industrial Zone B-12,405700279653958
CDR-001893,2024-07-23,14:45:54,S0070,+91-8361473242,S0068,+91-7943867424,0,SMS,TWR-0023,"Anna Nagar, Chennai",993030153442412
CDR-001894,2023-11-01,19:46:15,S0033,+91-8986477033,S0058,+91-7497129555,2809,VOICE,TWR-0064,"Satellite, Ahmedabad",840443697434258
CDR-001895,2023-12-10,14:48:49,S0067,+91-8185491609,S0065,+91-7911433788,0,SMS,TWR-0103,"Andheri West, Mumbai",568479738175165
CDR-001896,2023-01-30,03:30:39,S0010,+91-8733842953,S0002,+91-7762376237,1987,VOICE,TWR-0040,Port District Dock 7,606484424501711
CDR-001897,2023-02-11,04:41:39,S0055,+91-7906087278,S0057,+91-9859711607,0,SMS,TWR-0143,"Sector 15, New Delhi",892598640309984
CDR-001898,2024-11-03,04:57:03,S0045,+91-7911765255,S0040,+91-9752093579,0,DATA,TWR-0187,"Jubilee Hills, Hyderabad",794981797839529
CDR-001899,2023-08-30,13:08:05,S0046,+91-8551797747,S0051,+91-8102313761,0,SMS,TWR-0045,"Andheri West, Mumbai",292976992253480
CDR-001900,2024-12-18,17:12:24,S0080,+91-9719896275,S0072,+91-8873660196,0,SMS,TWR-0042,Old Market Area,387032239798196
CDR-001901,2024-11-12,15:25:33,S0004,+91-8808948427,S0079,+91-8925349210,0,SMS,TWR-0136,"Koregaon Park, Pune",532485020917005
CDR-001902,2024-08-22,20:17:18,S0037,+91-9353860328,S0044,+91-9971861645,957,VOICE,TWR-0195,"Salt Lake, Kolkata",862274214764521
CDR-001903,2024-11-08,16:31:43,S0045,+91-7911765255,S0036,+91-8689097012,1664,VOICE,TWR-0040,"Velachery, Chennai",475475700090167
CDR-001904,2023-06-11,02:03:28,S0029,+91-8158983385,S0040,+91-9752093579,3495,VOICE,TWR-0109,"Aundh, Pune",404183524693190
CDR-001905,2024-12-06,12:30:06,S0008,+91-7468144718,S0010,+91-8733842953,0,DATA,TWR-0107,"Aundh, Pune",292897294130707
CDR-001906,2024-04-15,01:10:14,S0068,+91-7943867424,S0069,+91-7305439451,1165,VOICE,TWR-0094,"Indiranagar, Bangalore",906821629080247
CDR-001907,2023-03-21,03:49:55,S0016,+91-9192173624,S0040,+91-9752093579,1918,VOICE,TWR-0148,"Civil Lines, Lucknow",474304542827450
CDR-001908,2023-07-03,22:46:20,S0062,+91-7376081376,S0063,+91-8639980776,3151,VOICE,TWR-0061,"Gomti Nagar, Lucknow",183985367134744
CDR-001909,2024-09-17,06:19:19,S0021,+91-7186376562,S0020,+91-7191685914,0,SMS,TWR-0074,"Anna Nagar, Chennai",771297318011977
CDR-001910,2023-11-27,07:48:22,S0065,+91-7911433788,S0023,+91-7870361876,0,DATA,TWR-0159,"Gomti Nagar, Lucknow",658272227884527
CDR-001911,2023-01-03,02:13:35,S0048,+91-8745666148,S0073,+91-8723469890,1908,VOICE,TWR-0031,"Civil Lines, Lucknow",832867208508131
CDR-001912,2023-07-01,08:32:30,S0010,+91-8733842953,S0029,+91-8158983385,204,VOICE,TWR-0120,Airport Cargo Terminal,727923740433773
CDR-001913,2023-04-04,05:06:31,S0022,+91-9029520745,S0021,+91-7186376562,1033,VOICE,TWR-0077,Abandoned Factory Block C,368654285193264
CDR-001914,2023-03-14,09:46:52,S0062,+91-7376081376,S0059,+91-9818587139,2593,VOICE,TWR-0109,"Connaught Place, New Delhi",937045044083822
CDR-001915,2024-10-03,15:02:41,S0076,+91-8453831805,S0079,+91-8925349210,0,SMS,TWR-0080,"Malviya Nagar, Jaipur",265548707188324
CDR-001916,2024-03-10,02:49:21,S0009,+91-7154324371,S0005,+91-9533147930,0,SMS,TWR-0113,"MG Road, Bangalore",754494389590785
CDR-001917,2023-03-25,15:07:16,S0002,+91-7762376237,S0012,+91-9757993748,185,VOICE,TWR-0066,Highway NH-48 Rest Stop,310818696082760
CDR-001918,2023-04-26,06:17:09,S0062,+91-7376081376,S0059,+91-9818587139,0,SMS,TWR-0021,"Civil Lines, Lucknow",890401747144692
CDR-001919,2024-09-25,14:22:57,S0079,+91-8925349210,S0073,+91-8723469890,3129,VOICE,TWR-0155,Airport Cargo Terminal,947185033527980
CDR-001920,2023-03-11,10:24:35,S0058,+91-7497129555,S0057,+91-9859711607,352,VOICE,TWR-0070,"Jubilee Hills, Hyderabad",541639707619713
CDR-001921,2024-12-23,19:24:55,S0002,+91-7762376237,S0012,+91-9757993748,1738,VOICE,TWR-0091,"Kothrud, Pune",291015956989664
CDR-001922,2024-04-12,11:47:03,S0067,+91-8354117104,S0042,+91-9807385456,2707,VOICE,TWR-0112,"Aundh, Pune",948393030621694
CDR-001923,2023-01-30,12:22:46,S0063,+91-8639980776,S0078,+91-8505943466,1292,VOICE,TWR-0148,"Velachery, Chennai",822055302429825
CDR-001924,2024-04-25,11:21:19,S0069,+91-7305439451,S0027,+91-8837911267,0,SMS,TWR-0011,"Indiranagar, Bangalore",345919462024095
CDR-001925,2023-08-24,20:44:44,S0078,+91-8505943466,S0073,+91-8723469890,0,DATA,TWR-0088,Port District Dock 7,935501850606296
CDR-001926,2024-09-25,23:02:12,S0004,+91-8808948427,S0068,+91-7943867424,1574,VOICE,TWR-0004,Bus Terminal Underground,571916478335032
CDR-001927,2023-12-01,02:58:53,S0028,+91-8010157795,S0025,+91-9877427601,3270,VOICE,TWR-0015,"MG Road, Bangalore",427596484774171
CDR-001928,2023-10-20,03:46:43,S0017,+91-8160965519,S0022,+91-9029520745,2161,VOICE,TWR-0034,Bus Terminal Underground,488695731810921
CDR-001929,2024-01-18,08:45:10,S0075,+91-9023218968,S0071,+91-9835229476,1382,VOICE,TWR-0071,45th Street Warehouse,629879753953101
CDR-001930,2024-03-03,13:11:56,S0059,+91-9818587139,S0076,+91-8453831805,0,SMS,TWR-0118,Abandoned Factory Block C,647007994782483
CDR-001931,2023-12-05,20:03:15,S0033,+91-8986477033,S0042,+91-9807385456,3402,VOICE,TWR-0118,Port District Dock 7,157847369277533
CDR-001932,2024-05-06,21:26:39,S0011,+91-7365548469,S0007,+91-8314545093,0,SMS,TWR-0045,"Malviya Nagar, Jaipur",733440132435013
CDR-001933,2023-09-18,21:17:31,S0055,+91-7906087278,S0053,+91-8468512260,0,SMS,TWR-0037,"Marine Drive, Mumbai",352281310616400
CDR-001934,2023-12-17,20:45:56,S0067,+91-8185491609,S0065,+91-7911433788,2931,VOICE,TWR-0033,"Koregaon Park, Pune",567078309777111
CDR-001935,2023-12-15,02:31:08,S0073,+91-8723469890,S0061,+91-7944047056,0,DATA,TWR-0173,"Malviya Nagar, Jaipur",642767346959760
CDR-001936,2023-03-14,11:22:12,S0049,+91-9317730052,S0043,+91-8599838760,0,SMS,TWR-0192,"Anna Nagar, Chennai",405252009143658
CDR-001937,2024-02-22,02:46:31,S0008,+91-7468144718,S0010,+91-8733842953,0,SMS,TWR-0128,"Gomti Nagar, Lucknow",312633076339701
CDR-001938,2024-09-09,06:51:59,S0058,+91-7497129555,S0056,+91-7990411854,2704,VOICE,TWR-0130,"Marine Drive, Mumbai",215303924062997
CDR-001939,2023-07-27,08:25:30,S0079,+91-8925349210,S0073,+91-8723469890,0,SMS,TWR-0096,"Koregaon Park, Pune",197767549039798
CDR-001940,2023-02-25,06:34:49,S0068,+91-7943867424,S0069,+91-7305439451,2777,VOICE,TWR-0155,River Bridge Underpass,198132268407499
CDR-001941,2023-02-02,21:07:47,S0029,+91-8158983385,S0028,+91-8010157795,0,DATA,TWR-0125,Railway Station Complex,914256978659214
CDR-001942,2023-12-17,16:36:27,S0053,+91-8468512260,S0054,+91-8152869473,1551,VOICE,TWR-0090,"Koregaon Park, Pune",795219187147985
CDR-001943,2023-07-26,13:02:33,S0008,+91-7468144718,S0010,+91-8733842953,0,SMS,TWR-0029,"Park Street, Kolkata",156886419823342
CDR-001944,2023-08-29,01:47:43,S0018,+91-8515942742,S0016,+91-9192173624,0,SMS,TWR-0193,"Jubilee Hills, Hyderabad",878162999927254
CDR-001945,2023-11-15,23:50:29,S0032,+91-7090425118,S0035,+91-9574786019,2135,VOICE,TWR-0192,Port District Dock 7,622989700070954
CDR-001946,2023-01-15,14:02:09,S0003,+91-9777055082,S0004,+91-8808948427,1807,VOICE,TWR-0028,"Banjara Hills, Hyderabad",940315175982267
CDR-001947,2023-10-20,20:28:46,S0039,+91-9007576162,S0044,+91-9971861645,0,SMS,TWR-0066,Industrial Zone B-12,610216928259523
CDR-001948,2023-12-02,17:24:10,S0075,+91-9023218968,S0078,+91-8505943466,696,VOICE,TWR-0171,"Marine Drive, Mumbai",357707304938454
CDR-001949,2024-07-13,06:34:49,S0047,+91-8940192213,S0048,+91-8745666148,2204,VOICE,TWR-0197,"Satellite, Ahmedabad",766239985415979
CDR-001950,2024-01-29,12:09:13,S0076,+91-8453831805,S0039,+91-9007576162,0,SMS,TWR-0192,Old Market Area,757502371631631
CDR-001951,2023-09-15,11:42:10,S0036,+91-8689097012,S0033,+91-8986477033,596,VOICE,TWR-0150,"Sector 15, New Delhi",390284084223775
CDR-001952,2024-01-20,18:02:28,S0010,+91-8733842953,S0022,+91-9029520745,2210,VOICE,TWR-0066,"Velachery, Chennai",110513609982730
CDR-001953,2023-05-08,10:58:06,S0009,+91-8669674686,S0005,+91-9533147930,1544,VOICE,TWR-0012,Railway Station Complex,793628341974535
CDR-001954,2023-05-12,18:19:55,S0030,+91-7587753540,S0027,+91-8837911267,2862,VOICE,TWR-0177,"Koregaon Park, Pune",186378947872752
CDR-001955,2023-02-13,09:02:10,S0060,+91-9164020641,S0063,+91-8639980776,438,VOICE,TWR-0057,Industrial Zone B-12,114157492420184
CDR-001956,2024-01-30,09:45:52,S0063,+91-8639980776,S0062,+91-7376081376,1438,VOICE,TWR-0046,"Velachery, Chennai",424911464074272
CDR-001957,2024-05-16,18:16:54,S0023,+91-7870361876,S0026,+91-9078465518,0,DATA,TWR-0091,Industrial Zone B-12,576144593725322
CDR-001958,2023-04-23,11:50:11,S0051,+91-8102313761,S0048,+91-8745666148,0,SMS,TWR-0174,"Connaught Place, New Delhi",566778855491056
CDR-001959,2024-02-02,09:08:03,S0072,+91-8873660196,S0039,+91-9007576162,0,SMS,TWR-0088,"Kothrud, Pune",517143899463017
CDR-001960,2024-03-01,06:50:25,S0041,+91-8047680798,S0035,+91-9574786019,772,VOICE,TWR-0096,River Bridge Underpass,675062081771059
CDR-001961,2023-05-29,23:20:48,S0020,+91-7191685914,S0021,+91-7186376562,2909,VOICE,TWR-0146,"Andheri West, Mumbai",932127775898609
CDR-001962,2024-06-22,17:32:21,S0040,+91-9752093579,S0042,+91-9807385456,0,SMS,TWR-0130,45th Street Warehouse,932632703797800
CDR-001963,2024-05-21,22:49:38,S0026,+91-9078465518,S0023,+91-7870361876,213,VOICE,TWR-0053,"Salt Lake, Kolkata",303144150014720
CDR-001964,2023-05-18,17:34:25,S0045,+91-7268371644,S0011,+91-7365548469,1158,VOICE,TWR-0184,Highway NH-48 Rest Stop,224519734715720
CDR-001965,2024-05-29,15:28:58,S0063,+91-8639980776,S0062,+91-7376081376,1003,VOICE,TWR-0175,45th Street Warehouse,508500885763095
CDR-001966,2023-01-13,15:02:42,S0045,+91-7911765255,S0036,+91-8689097012,777,VOICE,TWR-0121,"Aundh, Pune",929683061222866
CDR-001967,2024-06-17,11:15:52,S0046,+91-8551797747,S0049,+91-9317730052,3283,VOICE,TWR-0077,Abandoned Factory Block C,899319073392995
CDR-001968,2023-05-11,11:14:00,S0005,+91-9533147930,S0011,+91-7365548469,0,SMS,TWR-0182,"Andheri West, Mumbai",333080921331645
CDR-001969,2023-03-24,04:13:15,S0042,+91-9807385456,S0033,+91-8986477033,0,SMS,TWR-0193,"Jubilee Hills, Hyderabad",708034120310124
CDR-001970,2023-12-04,18:24:26,S0001,+91-7731428289,S0011,+91-7365548469,0,DATA,TWR-0036,Industrial Zone B-12,732958208569986
CDR-001971,2023-06-17,18:17:45,S0043,+91-8599838760,S0032,+91-7090425118,3126,VOICE,TWR-0125,Port District Dock 7,133799687072572
CDR-001972,2023-11-08,17:28:55,S0027,+91-8837911267,S0026,+91-9078465518,0,SMS,TWR-0167,"Navrangpura, Ahmedabad",566283804664462
CDR-001973,2024-12-01,17:53:20,S0042,+91-9807385456,S0039,+91-9007576162,2508,VOICE,TWR-0045,Industrial Zone B-12,776911172634660
CDR-001974,2023-08-12,12:33:44,S0036,+91-8689097012,S0004,+91-8808948427,0,SMS,TWR-0171,Railway Station Complex,843261732820242
CDR-001975,2024-12-06,12:00:56,S0026,+91-9078465518,S0025,+91-9877427601,1703,VOICE,TWR-0026,"Kothrud, Pune",485398717072862
CDR-001976,2023-03-05,16:36:19,S0007,+91-8314545093,S0032,+91-7090425118,3239,VOICE,TWR-0180,Bus Terminal Underground,548127322207858
CDR-001977,2023-06-13,21:49:23,S0043,+91-8599838760,S0032,+91-7090425118,2074,VOICE,TWR-0129,Abandoned Factory Block C,183132154506266
CDR-001978,2024-08-11,03:14:58,S0042,+91-9807385456,S0039,+91-9007576162,1012,VOICE,TWR-0022,"Connaught Place, New Delhi",496373328141467
CDR-001979,2023-05-18,14:04:49,S0057,+91-9859711607,S0055,+91-7906087278,0,SMS,TWR-0168,"Banjara Hills, Hyderabad",402746474616473
CDR-001980,2024-08-17,10:47:43,S0073,+91-8723469890,S0072,+91-8873660196,0,SMS,TWR-0191,Airport Cargo Terminal,933564057460238
CDR-001981,2024-07-09,19:31:01,S0041,+91-7494240311,S0035,+91-9574786019,3463,VOICE,TWR-0161,"Banjara Hills, Hyderabad",974760354820617
CDR-001982,2024-08-31,12:37:19,S0005,+91-9533147930,S0075,+91-9023218968,2955,VOICE,TWR-0114,"Gomti Nagar, Lucknow",259477236008924
CDR-001983,2023-07-12,13:58:02,S0027,+91-8837911267,S0029,+91-8158983385,3310,VOICE,TWR-0030,"Kothrud, Pune",420631249502802
CDR-001984,2024-07-29,11:54:44,S0012,+91-9757993748,S0007,+91-8314545093,2754,VOICE,TWR-0009,Old Market Area,654757436675430
CDR-001985,2023-01-30,08:08:13,S0069,+91-7305439451,S0068,+91-7943867424,0,SMS,TWR-0141,"Satellite, Ahmedabad",277824817393912
CDR-001986,2024-03-14,08:00:14,S0002,+91-7762376237,S0074,+91-9129320527,1819,VOICE,TWR-0005,"Aundh, Pune",599674978526509
CDR-001987,2024-01-06,15:18:39,S0029,+91-8158983385,S0028,+91-8010157795,1983,VOICE,TWR-0164,"Park Street, Kolkata",808109451221170
CDR-001988,2023-07-18,21:26:35,S0001,+91-7731428289,S0007,+91-8314545093,1676,VOICE,TWR-0009,"Banjara Hills, Hyderabad",540329756560051
CDR-001989,2023-01-06,21:29:37,S0058,+91-7497129555,S0056,+91-7990411854,0,DATA,TWR-0070,"Connaught Place, New Delhi",718968757737067
CDR-001990,2024-06-13,18:17:58,S0069,+91-7305439451,S0070,+91-8361473242,0,SMS,TWR-0015,Bus Terminal Underground,472125247210992
CDR-001991,2023-05-11,11:30:49,S0028,+91-8010157795,S0018,+91-8515942742,0,DATA,TWR-0200,"Gomti Nagar, Lucknow",154837689686455
CDR-001992,2023-10-28,14:03:27,S0005,+91-9533147930,S0001,+91-7731428289,0,SMS,TWR-0156,Port District Dock 7,965330541048852
CDR-001993,2024-04-06,07:37:57,S0002,+91-7762376237,S0012,+91-9757993748,0,SMS,TWR-0082,"Civil Lines, Lucknow",596551444749489
CDR-001994,2024-08-09,08:26:45,S0030,+91-7587753540,S0025,+91-9877427601,0,SMS,TWR-0009,"Satellite, Ahmedabad",411078487117905
CDR-001995,2024-05-24,02:27:51,S0014,+91-7694080686,S0017,+91-8160965519,2149,VOICE,TWR-0028,"Aundh, Pune",114946310340208
CDR-001996,2023-03-30,21:13:25,S0045,+91-7911765255,S0036,+91-8689097012,2692,VOICE,TWR-0194,"Indiranagar, Bangalore",438029393075568
CDR-001997,2023-07-05,11:24:52,S0002,+91-7762376237,S0012,+91-9757993748,2318,VOICE,TWR-0160,Railway Station Complex,763863733782855
CDR-001998,2024-07-09,16:17:55,S0005,+91-9533147930,S0030,+91-7587753540,2787,VOICE,TWR-0120,"Salt Lake, Kolkata",584368598627042
CDR-001999,2024-08-14,11:39:26,S0005,+91-9533147930,S0050,+91-8427287656,3435,VOICE,TWR-0052,Highway NH-48 Rest Stop,118796107220613
CDR-002000,2023-10-21,10:33:56,S0028,+91-8010157795,S0025,+91-9877427601,0,SMS,TWR-0050,"Sector 15, New Delhi",212500346330537
CDR-002001,2024-12-01,16:18:03,S0066,+91-9665882102,S0067,+91-8354117104,2895,VOICE,TWR-0099,Highway NH-48 Rest Stop,372869502408299
CDR-002002,2023-03-23,20:03:31,S0066,+91-9665882102,S0067,+91-8354117104,1339,VOICE,TWR-0058,Airport Cargo Terminal,218716620321934
CDR-002003,2024-04-04,14:46:54,S0010,+91-8733842953,S0066,+91-9665882102,3454,VOICE,TWR-0019,"Kothrud, Pune",980720428923653
CDR-002004,2024-06-27,16:09:44,S0072,+91-8873660196,S0074,+91-9129320527,0,SMS,TWR-0070,"Marine Drive, Mumbai",666868499139292
CDR-002005,2023-08-03,15:12:21,S0080,+91-9719896275,S0024,+91-8210847353,58,VOICE,TWR-0126,"Gomti Nagar, Lucknow",224710741330356
CDR-002006,2023-06-29,13:45:45,S0077,+91-7477042007,S0022,+91-9029520745,1330,VOICE,TWR-0120,"MG Road, Bangalore",417283857983604
CDR-002007,2023-11-20,08:19:59,S0074,+91-9129320527,S0062,+91-7376081376,1858,VOICE,TWR-0046,"Indiranagar, Bangalore",909719203811912
CDR-002008,2023-11-27,05:04:44,S0039,+91-9007576162,S0039,+91-9007576162,2955,VOICE,TWR-0155,"Kothrud, Pune",154644727779771
CDR-002009,2024-05-02,09:05:22,S0015,+91-8928238864,S0047,+91-8940192213,3229,VOICE,TWR-0089,"MG Road, Bangalore",617854170202037
CDR-002010,2023-03-03,15:03:45,S0055,+91-7906087278,S0054,+91-8152869473,0,DATA,TWR-0137,"Sector 15, New Delhi",785133056593028
CDR-002011,2024-03-20,11:46:56,S0070,+91-8361473242,S0069,+91-7305439451,2882,VOICE,TWR-0195,"Velachery, Chennai",673246364583770
CDR-002012,2024-12-05,08:46:34,S0055,+91-7906087278,S0058,+91-7497129555,3503,VOICE,TWR-0139,"Kothrud, Pune",374955863735204
CDR-002013,2024-04-07,01:57:05,S0039,+91-9007576162,S0044,+91-9971861645,1393,VOICE,TWR-0087,Railway Station Complex,818290127402018
CDR-002014,2023-07-27,06:03:02,S0018,+91-8515942742,S0019,+91-9469240982,0,DATA,TWR-0190,Bus Terminal Underground,263646448762270
CDR-002015,2024-12-05,18:36:50,S0060,+91-9164020641,S0063,+91-8639980776,2593,VOICE,TWR-0119,Railway Station Complex,642008770653414
CDR-002016,2024-12-01,20:15:42,S0054,+91-8152869473,S0024,+91-8210847353,0,SMS,TWR-0072,"Velachery, Chennai",952785342815764
CDR-002017,2023-07-13,04:28:22,S0057,+91-9859711607,S0024,+91-8210847353,0,SMS,TWR-0046,Railway Station Complex,201641605874605
CDR-002018,2023-07-09,12:41:20,S0023,+91-7870361876,S0029,+91-8158983385,0,SMS,TWR-0065,Bus Terminal Underground,206728787734263
CDR-002019,2024-09-19,05:58:40,S0065,+91-7911433788,S0066,+91-9665882102,0,SMS,TWR-0136,Abandoned Factory Block C,196307078332138
CDR-002020,2023-08-19,01:01:08,S0034,+91-9185263528,S0007,+91-8314545093,0,DATA,TWR-0041,"Gomti Nagar, Lucknow",585366311277226
CDR-002021,2024-04-02,21:06:05,S0061,+91-7944047056,S0059,+91-9818587139,0,SMS,TWR-0098,"Indiranagar, Bangalore",212886528235167
CDR-002022,2023-04-05,07:05:19,S0055,+91-7906087278,S0065,+91-7911433788,0,SMS,TWR-0094,"Marine Drive, Mumbai",570430020680110
CDR-002023,2023-08-04,10:51:06,S0023,+91-7870361876,S0053,+91-8468512260,1800,VOICE,TWR-0176,Industrial Zone B-12,296849252943686
CDR-002024,2024-09-04,23:42:16,S0027,+91-8837911267,S0024,+91-8210847353,2625,VOICE,TWR-0120,River Bridge Underpass,848028147791064
CDR-002025,2024-07-21,10:41:11,S0028,+91-8010157795,S0030,+91-7587753540,1591,VOICE,TWR-0121,"Anna Nagar, Chennai",543754922455052
CDR-002026,2023-11-16,22:09:38,S0020,+91-7191685914,S0013,+91-8601012552,0,SMS,TWR-0073,Port District Dock 7,851528594050799
CDR-002027,2023-09-18,23:44:18,S0064,+91-7750198381,S0065,+91-7911433788,2902,VOICE,TWR-0175,"Marine Drive, Mumbai",168749949603215
CDR-002028,2024-06-20,09:58:49,S0013,+91-8601012552,S0015,+91-8928238864,0,SMS,TWR-0079,"MG Road, Bangalore",944572205008471
CDR-002029,2023-06-05,05:55:43,S0001,+91-7731428289,S0011,+91-7365548469,2359,VOICE,TWR-0196,Airport Cargo Terminal,813656507942203
CDR-002030,2024-02-29,01:35:35,S0001,+91-7731428289,S0007,+91-8314545093,0,SMS,TWR-0016,"Anna Nagar, Chennai",538502701804330
CDR-002031,2023-09-26,22:17:59,S0001,+91-7731428289,S0007,+91-8314545093,2708,VOICE,TWR-0131,Airport Cargo Terminal,802852647033275
CDR-002032,2023-10-12,02:38:34,S0014,+91-7694080686,S0049,+91-9317730052,102,VOICE,TWR-0161,"Velachery, Chennai",712881291953405
CDR-002033,2023-03-19,15:40:36,S0037,+91-9353860328,S0044,+91-9971861645,1435,VOICE,TWR-0046,River Bridge Underpass,408278507366357
CDR-002034,2023-09-18,00:30:33,S0020,+91-7191685914,S0068,+91-7943867424,1892,VOICE,TWR-0018,45th Street Warehouse,117239676623886
CDR-002035,2024-11-05,00:55:46,S0060,+91-7569582350,S0079,+91-8925349210,0,SMS,TWR-0192,"Sector 15, New Delhi",579240355919030
CDR-002036,2024-11-03,07:15:09,S0056,+91-7990411854,S0054,+91-8152869473,3184,VOICE,TWR-0196,"MG Road, Bangalore",612373512576776
CDR-002037,2024-07-19,06:02:16,S0074,+91-9129320527,S0046,+91-8551797747,0,SMS,TWR-0149,"Anna Nagar, Chennai",106511843073387
CDR-002038,2024-11-27,12:53:47,S0024,+91-9732081200,S0027,+91-8837911267,573,VOICE,TWR-0113,Bus Terminal Underground,716479816503018
CDR-002039,2023-12-09,01:39:22,S0001,+91-7731428289,S0005,+91-9533147930,3490,VOICE,TWR-0015,"Velachery, Chennai",356674704548970
CDR-002040,2023-10-30,08:41:15,S0018,+91-8515942742,S0019,+91-9469240982,226,VOICE,TWR-0177,Highway NH-48 Rest Stop,511372692454041
CDR-002041,2023-09-03,20:25:51,S0006,+91-8996093227,S0022,+91-9029520745,0,SMS,TWR-0073,"Koregaon Park, Pune",954200478733240
CDR-002042,2024-08-21,21:32:57,S0030,+91-7587753540,S0028,+91-8010157795,1094,VOICE,TWR-0188,"Satellite, Ahmedabad",501230508360018
CDR-002043,2023-09-18,03:29:46,S0068,+91-7943867424,S0069,+91-7305439451,0,SMS,TWR-0168,"Navrangpura, Ahmedabad",244164139915446
CDR-002044,2023-10-06,18:36:38,S0076,+91-8453831805,S0079,+91-8925349210,3506,VOICE,TWR-0028,"Banjara Hills, Hyderabad",131222627903586
CDR-002045,2023-03-02,22:21:56,S0041,+91-8047680798,S0035,+91-9574786019,217,VOICE,TWR-0074,"Civil Lines, Lucknow",744453273699455
CDR-002046,2023-09-15,00:21:35,S0030,+91-7587753540,S0025,+91-9877427601,126,VOICE,TWR-0066,"Indiranagar, Bangalore",694330678784361
CDR-002047,2024-05-05,10:41:45,S0065,+91-7911433788,S0066,+91-9665882102,3202,VOICE,TWR-0097,"Salt Lake, Kolkata",598190457629426
CDR-002048,2024-04-26,09:35:13,S0018,+91-8515942742,S0014,+91-7694080686,429,VOICE,TWR-0143,"Park Street, Kolkata",101771859686271
CDR-002049,2024-06-30,21:19:19,S0025,+91-9915424029,S0030,+91-7587753540,2565,VOICE,TWR-0079,"Aundh, Pune",378174641652337
CDR-002050,2024-05-09,16:03:43,S0047,+91-8940192213,S0048,+91-8745666148,1534,VOICE,TWR-0111,"Connaught Place, New Delhi",426140749546671
CDR-002051,2024-06-19,02:31:49,S0072,+91-8873660196,S0028,+91-8010157795,1888,VOICE,TWR-0067,Airport Cargo Terminal,723159586076876
CDR-002052,2024-06-11,08:22:31,S0009,+91-8669674686,S0003,+91-7303959797,0,SMS,TWR-0003,"Aundh, Pune",802695116720474
CDR-002053,2023-12-21,06:51:08,S0046,+91-7714270952,S0049,+91-9317730052,0,SMS,TWR-0144,Airport Cargo Terminal,426826553178856
CDR-002054,2024-04-11,11:58:48,S0004,+91-8808948427,S0006,+91-8996093227,0,SMS,TWR-0052,Industrial Zone B-12,836569150593542
CDR-002055,2024-08-12,15:10:58,S0058,+91-7497129555,S0005,+91-9533147930,0,SMS,TWR-0155,"Koregaon Park, Pune",538382122966529
CDR-002056,2023-02-02,07:18:09,S0044,+91-9971861645,S0033,+91-8986477033,0,SMS,TWR-0006,"Banjara Hills, Hyderabad",331479281662362
CDR-002057,2023-10-28,03:59:13,S0052,+91-8821211330,S0050,+91-8427287656,0,SMS,TWR-0081,"Connaught Place, New Delhi",819594389596766
CDR-002058,2024-12-02,18:18:30,S0036,+91-8689097012,S0005,+91-9533147930,0,SMS,TWR-0117,Industrial Zone B-12,862717765872984
CDR-002059,2024-06-02,16:50:33,S0055,+91-7906087278,S0074,+91-9129320527,746,VOICE,TWR-0064,"Koregaon Park, Pune",178974841579934
CDR-002060,2024-04-05,04:01:07,S0016,+91-9192173624,S0021,+91-7186376562,600,VOICE,TWR-0123,Old Market Area,718360012898598
CDR-002061,2024-07-29,22:42:41,S0009,+91-8669674686,S0003,+91-7303959797,0,SMS,TWR-0131,"Indiranagar, Bangalore",830174126258679
CDR-002062,2024-06-26,10:38:19,S0022,+91-9029520745,S0021,+91-7186376562,0,SMS,TWR-0090,Industrial Zone B-12,730797549170213
CDR-002063,2023-08-08,16:35:33,S0043,+91-8591313804,S0025,+91-9877427601,1710,VOICE,TWR-0136,"Banjara Hills, Hyderabad",736678944333629
CDR-002064,2023-09-19,09:17:38,S0052,+91-8821211330,S0003,+91-7303959797,0,SMS,TWR-0025,"Civil Lines, Lucknow",443879776638823
CDR-002065,2024-01-14,14:56:18,S0001,+91-7731428289,S0007,+91-8314545093,189,VOICE,TWR-0199,Bus Terminal Underground,238529853059182
CDR-002066,2023-06-12,21:16:26,S0007,+91-8314545093,S0040,+91-9752093579,0,SMS,TWR-0042,"Anna Nagar, Chennai",732548751595615
CDR-002067,2023-07-31,09:44:05,S0065,+91-7911433788,S0066,+91-9665882102,0,DATA,TWR-0183,"Velachery, Chennai",774648054854166
CDR-002068,2024-12-07,07:05:46,S0020,+91-7191685914,S0048,+91-8745666148,3332,VOICE,TWR-0162,Airport Cargo Terminal,462206948867238
CDR-002069,2024-12-20,08:51:41,S0036,+91-8689097012,S0033,+91-8986477033,2736,VOICE,TWR-0018,River Bridge Underpass,463232689324635
CDR-002070,2024-12-10,18:02:34,S0025,+91-9877427601,S0019,+91-9469240982,1887,VOICE,TWR-0083,"Aundh, Pune",551825039283634
CDR-002071,2023-09-21,02:13:50,S0001,+91-7731428289,S0014,+91-7694080686,651,VOICE,TWR-0016,"Marine Drive, Mumbai",236138839027822
CDR-002072,2024-04-21,12:49:13,S0026,+91-9078465518,S0053,+91-8468512260,609,VOICE,TWR-0001,"Andheri West, Mumbai",748129668467860
CDR-002073,2023-07-02,16:41:39,S0060,+91-7569582350,S0062,+91-7376081376,0,SMS,TWR-0156,River Bridge Underpass,874116416490370
CDR-002074,2024-03-24,01:15:41,S0038,+91-7164583060,S0041,+91-8047680798,0,SMS,TWR-0080,"Navrangpura, Ahmedabad",180912677383724
CDR-002075,2023-11-13,15:19:42,S0051,+91-8102313761,S0050,+91-8427287656,0,DATA,TWR-0033,"Banjara Hills, Hyderabad",160998923160763
CDR-002076,2023-02-15,07:26:00,S0037,+91-9353860328,S0044,+91-9971861645,0,SMS,TWR-0101,Old Market Area,221036078435095
CDR-002077,2023-09-01,09:22:13,S0041,+91-8047680798,S0045,+91-7911765255,0,SMS,TWR-0121,"Navrangpura, Ahmedabad",274208748597385
CDR-002078,2024-11-02,00:09:17,S0008,+91-7468144718,S0056,+91-7990411854,1333,VOICE,TWR-0163,"Anna Nagar, Chennai",276507168778260
CDR-002079,2024-05-27,15:48:49,S0015,+91-8928238864,S0020,+91-7191685914,305,VOICE,TWR-0171,"Sector 15, New Delhi",723772555939575
CDR-002080,2023-08-17,13:46:06,S0009,+91-8669674686,S0008,+91-7468144718,0,SMS,TWR-0143,Highway NH-48 Rest Stop,730607085105968
CDR-002081,2023-05-03,01:05:54,S0050,+91-9790842177,S0049,+91-9317730052,1809,VOICE,TWR-0189,"Indiranagar, Bangalore",511400596119758
CDR-002082,2024-02-13,19:21:18,S0064,+91-7750198381,S0065,+91-7911433788,0,DATA,TWR-0069,"Koregaon Park, Pune",242657736493015
CDR-002083,2024-02-11,21:43:30,S0025,+91-9877427601,S0030,+91-7587753540,0,DATA,TWR-0064,"Banjara Hills, Hyderabad",128095231722647
CDR-002084,2024-01-10,03:10:54,S0005,+91-9533147930,S0011,+91-7365548469,0,SMS,TWR-0151,Bus Terminal Underground,602982569011306
CDR-002085,2023-03-10,06:17:10,S0047,+91-8940192213,S0048,+91-8745666148,0,SMS,TWR-0069,Highway NH-48 Rest Stop,382801555966128
CDR-002086,2024-12-05,05:48:26,S0043,+91-8599838760,S0044,+91-9971861645,463,VOICE,TWR-0069,"Connaught Place, New Delhi",200406728802315
CDR-002087,2023-12-10,09:02:20,S0051,+91-8102313761,S0047,+91-8940192213,0,SMS,TWR-0033,Bus Terminal Underground,990435519544638
CDR-002088,2023-01-03,03:54:12,S0034,+91-9185263528,S0058,+91-7497129555,0,SMS,TWR-0028,"Anna Nagar, Chennai",911257401064660
CDR-002089,2024-09-07,23:58:04,S0057,+91-9859711607,S0054,+91-8152869473,1033,VOICE,TWR-0197,Port District Dock 7,440070993916767
CDR-002090,2024-06-11,04:00:13,S0071,+91-9835229476,S0080,+91-9719896275,0,SMS,TWR-0154,"Navrangpura, Ahmedabad",919458320828292
CDR-002091,2024-09-14,00:26:02,S0002,+91-7762376237,S0012,+91-9757993748,0,DATA,TWR-0131,"Marine Drive, Mumbai",235938062143943
CDR-002092,2024-07-20,04:05:20,S0035,+91-9574786019,S0031,+91-7728836158,0,SMS,TWR-0013,"Banjara Hills, Hyderabad",899619611706281
CDR-002093,2024-10-11,06:42:46,S0029,+91-8158983385,S0028,+91-8010157795,0,SMS,TWR-0018,"Park Street, Kolkata",889992279562538
CDR-002094,2023-10-25,15:39:42,S0054,+91-8152869473,S0053,+91-8468512260,0,SMS,TWR-0199,"Civil Lines, Lucknow",669388728675006
CDR-002095,2024-02-11,05:46:40,S0015,+91-8928238864,S0021,+91-7186376562,216,VOICE,TWR-0069,"Malviya Nagar, Jaipur",982055543791849
CDR-002096,2024-02-03,00:09:49,S0034,+91-9185263528,S0045,+91-7911765255,0,SMS,TWR-0001,"Navrangpura, Ahmedabad",188984094906069
CDR-002097,2024-03-05,14:13:35,S0034,+91-9185263528,S0048,+91-8745666148,1456,VOICE,TWR-0132,45th Street Warehouse,337653840073287
CDR-002098,2024-05-28,20:44:46,S0003,+91-7303959797,S0002,+91-7762376237,0,SMS,TWR-0075,45th Street Warehouse,548034239780087
CDR-002099,2023-07-14,04:44:23,S0035,+91-9574786019,S0028,+91-8010157795,3154,VOICE,TWR-0058,"Sector 15, New Delhi",722156000645672
CDR-002100,2024-11-16,20:41:55,S0063,+91-8639980776,S0062,+91-7376081376,0,SMS,TWR-0200,"Indiranagar, Bangalore",382933075189939
CDR-002101,2024-05-31,07:17:04,S0042,+91-9807385456,S0033,+91-8986477033,2366,VOICE,TWR-0010,"Gomti Nagar, Lucknow",515448833236822
CDR-002102,2024-04-30,18:44:56,S0035,+91-9574786019,S0028,+91-8010157795,2177,VOICE,TWR-0140,River Bridge Underpass,240718203720896
CDR-002103,2024-09-19,07:08:29,S0076,+91-8453831805,S0073,+91-8723469890,733,VOICE,TWR-0154,"Connaught Place, New Delhi",259960946939216
CDR-002104,2023-08-30,03:01:06,S0059,+91-9818587139,S0061,+91-7944047056,3307,VOICE,TWR-0088,"Navrangpura, Ahmedabad",386336474996104
CDR-002105,2024-10-12,17:07:23,S0016,+91-9192173624,S0021,+91-7186376562,0,SMS,TWR-0192,Highway NH-48 Rest Stop,136837723894440
CDR-002106,2024-05-24,02:56:13,S0021,+91-7608918981,S0018,+91-8515942742,0,DATA,TWR-0108,"Jubilee Hills, Hyderabad",433493748116046
CDR-002107,2023-10-01,16:33:35,S0047,+91-8940192213,S0003,+91-7303959797,0,SMS,TWR-0171,"Aundh, Pune",207504223585650
CDR-002108,2024-12-18,04:30:13,S0037,+91-9353860328,S0032,+91-7090425118,0,SMS,TWR-0170,Railway Station Complex,817365079172583
CDR-002109,2024-05-08,23:30:59,S0007,+91-8314545093,S0055,+91-7906087278,2604,VOICE,TWR-0014,Old Market Area,209882128555491
CDR-002110,2024-06-05,09:06:50,S0011,+91-7365548469,S0003,+91-7303959797,0,SMS,TWR-0143,"Anna Nagar, Chennai",120089255465837
CDR-002111,2023-12-21,23:27:36,S0011,+91-7365548469,S0007,+91-8314545093,913,VOICE,TWR-0192,River Bridge Underpass,260401061970333
CDR-002112,2023-09-28,04:39:56,S0018,+91-8515942742,S0019,+91-9469240982,0,DATA,TWR-0127,"Velachery, Chennai",966902431073975
CDR-002113,2023-04-20,23:58:13,S0024,+91-8210847353,S0029,+91-8158983385,0,SMS,TWR-0089,"Anna Nagar, Chennai",212369629804247
CDR-002114,2023-07-14,19:20:31,S0037,+91-9353860328,S0044,+91-9971861645,0,SMS,TWR-0102,Old Market Area,701491984321413
CDR-002115,2024-11-14,10:23:22,S0063,+91-8639980776,S0078,+91-8505943466,1897,VOICE,TWR-0177,45th Street Warehouse,969033322552397
CDR-002116,2024-12-19,08:53:59,S0072,+91-9541363841,S0079,+91-8925349210,0,SMS,TWR-0135,"Banjara Hills, Hyderabad",247271170190150
CDR-002117,2024-12-21,23:29:54,S0007,+91-9992184341,S0003,+91-7303959797,0,SMS,TWR-0075,"Connaught Place, New Delhi",826031773364186
CDR-002118,2023-08-09,15:04:58,S0058,+91-7497129555,S0056,+91-7990411854,0,DATA,TWR-0058,Bus Terminal Underground,466556450009829
CDR-002119,2023-04-28,20:23:56,S0080,+91-9719896275,S0042,+91-9807385456,0,SMS,TWR-0045,"Navrangpura, Ahmedabad",812199864467579
CDR-002120,2024-05-14,20:47:15,S0043,+91-8599838760,S0007,+91-8314545093,1735,VOICE,TWR-0173,"Aundh, Pune",756867066712650
CDR-002121,2024-11-26,16:55:17,S0049,+91-9317730052,S0046,+91-8551797747,2340,VOICE,TWR-0123,"Satellite, Ahmedabad",811189147809605
CDR-002122,2023-05-07,00:50:46,S0020,+91-7191685914,S0018,+91-8515942742,3236,VOICE,TWR-0191,"Civil Lines, Lucknow",668139038014291
CDR-002123,2024-05-15,11:46:23,S0053,+91-7726163005,S0058,+91-7497129555,2405,VOICE,TWR-0065,Bus Terminal Underground,963810620177729
CDR-002124,2023-01-15,18:36:50,S0006,+91-8996093227,S0005,+91-9533147930,37,VOICE,TWR-0068,45th Street Warehouse,497486080949721
CDR-002125,2024-10-18,10:40:03,S0066,+91-9665882102,S0067,+91-8354117104,0,DATA,TWR-0178,"Kothrud, Pune",543695713688491
CDR-002126,2023-07-23,01:38:01,S0055,+91-7906087278,S0053,+91-8468512260,1419,VOICE,TWR-0032,"Kothrud, Pune",274837229798317
CDR-002127,2023-08-26,15:43:45,S0043,+91-8599838760,S0032,+91-7090425118,1902,VOICE,TWR-0115,Industrial Zone B-12,660366462138018
CDR-002128,2024-06-28,17:33:10,S0057,+91-9859711607,S0054,+91-8152869473,1326,VOICE,TWR-0171,"MG Road, Bangalore",437266640862911
CDR-002129,2023-03-18,22:55:16,S0076,+91-8453831805,S0071,+91-9835229476,0,SMS,TWR-0131,"Sector 15, New Delhi",987760959327985
CDR-002130,2024-02-08,14:18:36,S0053,+91-7726163005,S0058,+91-7497129555,0,DATA,TWR-0155,Highway NH-48 Rest Stop,407316371175165
CDR-002131,2023-10-24,08:23:01,S0061,+91-7944047056,S0063,+91-8639980776,1513,VOICE,TWR-0129,Industrial Zone B-12,375826277246841
CDR-002132,2024-01-16,05:15:27,S0007,+91-8314545093,S0003,+91-7303959797,1489,VOICE,TWR-0115,Railway Station Complex,651264978458142
CDR-002133,2024-11-08,18:10:33,S0027,+91-8837911267,S0024,+91-8210847353,0,SMS,TWR-0058,45th Street Warehouse,434992826387029
CDR-002134,2024-11-27,13:47:40,S0060,+91-9164020641,S0035,+91-9574786019,366,VOICE,TWR-0179,45th Street Warehouse,783976929221684
CDR-002135,2024-03-27,12:09:04,S0027,+91-8837911267,S0029,+91-8158983385,0,SMS,TWR-0066,"Navrangpura, Ahmedabad",143064615104644
CDR-002136,2024-10-29,14:20:24,S0075,+91-9023218968,S0071,+91-9835229476,827,VOICE,TWR-0183,River Bridge Underpass,992322912739470
CDR-002137,2024-12-30,23:35:31,S0007,+91-9992184341,S0008,+91-7468144718,0,DATA,TWR-0129,"Park Street, Kolkata",330223520258007
CDR-002138,2023-09-10,22:00:13,S0047,+91-8940192213,S0026,+91-9078465518,1707,VOICE,TWR-0041,"Velachery, Chennai",807750145460074
CDR-002139,2024-04-16,17:04:08,S0021,+91-7186376562,S0077,+91-7477042007,2859,VOICE,TWR-0093,"Koregaon Park, Pune",767349943248656
CDR-002140,2024-09-11,13:59:15,S0075,+91-9023218968,S0005,+91-9533147930,0,SMS,TWR-0025,"Banjara Hills, Hyderabad",892409837236213
CDR-002141,2024-08-10,09:00:12,S0071,+91-9835229476,S0080,+91-9719896275,0,SMS,TWR-0027,"Aundh, Pune",244894933415995
CDR-002142,2023-06-10,02:20:32,S0051,+91-8102313761,S0050,+91-8427287656,1027,VOICE,TWR-0140,Bus Terminal Underground,423275899439665
CDR-002143,2023-03-11,19:09:43,S0010,+91-8733842953,S0002,+91-7762376237,1094,VOICE,TWR-0161,45th Street Warehouse,171070431925937
CDR-002144,2024-11-13,13:16:27,S0076,+91-8453831805,S0073,+91-8723469890,0,SMS,TWR-0041,"Jubilee Hills, Hyderabad",879932646599958
CDR-002145,2024-05-17,00:56:25,S0048,+91-8745666148,S0046,+91-8551797747,0,DATA,TWR-0112,"Aundh, Pune",982517019742029
CDR-002146,2023-08-30,12:59:28,S0020,+91-7191685914,S0071,+91-9835229476,0,SMS,TWR-0113,"Gomti Nagar, Lucknow",660534517356412
CDR-002147,2023-11-04,17:38:14,S0014,+91-7694080686,S0022,+91-9029520745,646,VOICE,TWR-0171,"Koregaon Park, Pune",930375449977277
CDR-002148,2024-04-10,05:29:37,S0064,+91-7750198381,S0065,+91-7911433788,2134,VOICE,TWR-0195,"Sector 15, New Delhi",917372449073876
CDR-002149,2023-12-26,00:55:50,S0007,+91-8314545093,S0008,+91-7468144718,0,SMS,TWR-0139,"Park Street, Kolkata",113484696262600
CDR-002150,2024-03-06,17:42:44,S0041,+91-8047680798,S0035,+91-9574786019,2440,VOICE,TWR-0067,"Civil Lines, Lucknow",590040734147933
CDR-002151,2023-07-18,13:59:04,S0011,+91-7365548469,S0007,+91-8314545093,0,SMS,TWR-0100,Highway NH-48 Rest Stop,372731842758007
CDR-002152,2024-02-23,08:19:58,S0029,+91-8158983385,S0028,+91-8010157795,0,DATA,TWR-0148,Abandoned Factory Block C,266519578397616
CDR-002153,2024-09-22,02:42:14,S0020,+91-7191685914,S0056,+91-7990411854,1417,VOICE,TWR-0056,"Velachery, Chennai",332762703909783
CDR-002154,2023-11-27,05:59:33,S0071,+91-9835229476,S0064,+91-7750198381,0,SMS,TWR-0003,"Banjara Hills, Hyderabad",813140270876980
CDR-002155,2024-05-04,23:21:35,S0001,+91-7731428289,S0005,+91-9533147930,2313,VOICE,TWR-0153,"MG Road, Bangalore",500146081371384
CDR-002156,2024-06-29,11:32:40,S0076,+91-8453831805,S0071,+91-9835229476,2383,VOICE,TWR-0143,"MG Road, Bangalore",945973004208714
CDR-002157,2024-09-20,16:03:51,S0039,+91-9007576162,S0036,+91-8689097012,0,SMS,TWR-0090,"Gomti Nagar, Lucknow",669664273385023
CDR-002158,2024-04-08,04:14:25,S0077,+91-7477042007,S0080,+91-9719896275,1007,VOICE,TWR-0162,"Malviya Nagar, Jaipur",385037803351579
CDR-002159,2023-11-24,06:35:35,S0034,+91-9185263528,S0045,+91-7911765255,1393,VOICE,TWR-0123,"Velachery, Chennai",412624155610596
CDR-002160,2023-10-08,18:45:30,S0031,+91-7728836158,S0038,+91-7164583060,1869,VOICE,TWR-0099,Abandoned Factory Block C,181861281320559
CDR-002161,2024-11-15,19:34:59,S0080,+91-9719896275,S0007,+91-8314545093,0,DATA,TWR-0033,Railway Station Complex,145589336876838
CDR-002162,2023-12-26,04:07:31,S0004,+91-8808948427,S0042,+91-9807385456,1799,VOICE,TWR-0083,"Satellite, Ahmedabad",420187081693992
CDR-002163,2023-07-09,10:34:29,S0005,+91-9533147930,S0001,+91-7731428289,1679,VOICE,TWR-0169,Railway Station Complex,628439331689972
CDR-002164,2024-02-21,12:14:30,S0014,+91-7694080686,S0025,+91-9877427601,974,VOICE,TWR-0050,Abandoned Factory Block C,514815301650721
CDR-002165,2023-01-21,20:45:53,S0079,+91-8925349210,S0041,+91-8047680798,0,DATA,TWR-0041,"Gomti Nagar, Lucknow",922173503025114
CDR-002166,2023-11-30,23:02:34,S0016,+91-9192173624,S0014,+91-7694080686,0,SMS,TWR-0142,"Jubilee Hills, Hyderabad",889886483073538
CDR-002167,2024-08-25,17:04:14,S0061,+91-7944047056,S0060,+91-9164020641,1871,VOICE,TWR-0165,Airport Cargo Terminal,915977280696307
CDR-002168,2024-11-04,20:43:50,S0032,+91-7090425118,S0050,+91-8427287656,0,SMS,TWR-0084,River Bridge Underpass,990544336781589
CDR-002169,2024-09-07,14:33:13,S0008,+91-7468144718,S0006,+91-8996093227,0,DATA,TWR-0187,Highway NH-48 Rest Stop,130626296886109
CDR-002170,2024-12-07,05:22:21,S0011,+91-7365548469,S0007,+91-8314545093,1662,VOICE,TWR-0115,"Gomti Nagar, Lucknow",489146191913286
CDR-002171,2024-03-11,18:11:59,S0038,+91-7164583060,S0041,+91-8047680798,500,VOICE,TWR-0114,"Banjara Hills, Hyderabad",757586135974269
CDR-002172,2023-11-20,20:09:23,S0071,+91-9835229476,S0057,+91-9859711607,0,SMS,TWR-0152,Port District Dock 7,618310438755030
CDR-002173,2024-12-29,11:29:03,S0005,+91-9533147930,S0065,+91-7911433788,3137,VOICE,TWR-0141,Port District Dock 7,510461444078329
CDR-002174,2024-03-23,18:59:23,S0026,+91-9078465518,S0044,+91-9971861645,0,DATA,TWR-0095,"Marine Drive, Mumbai",610528887255077
CDR-002175,2024-03-01,16:19:37,S0004,+91-8808948427,S0006,+91-8996093227,749,VOICE,TWR-0033,"Satellite, Ahmedabad",457552190943518
CDR-002176,2024-06-17,12:08:45,S0050,+91-8427287656,S0049,+91-9317730052,924,VOICE,TWR-0143,Highway NH-48 Rest Stop,225692886180763
CDR-002177,2024-04-29,03:45:56,S0037,+91-9353860328,S0074,+91-9129320527,1968,VOICE,TWR-0110,Old Market Area,737661735097225
CDR-002178,2024-02-22,20:21:44,S0005,+91-9533147930,S0068,+91-7943867424,0,SMS,TWR-0129,"Aundh, Pune",976359837561255
CDR-002179,2023-12-11,15:03:52,S0067,+91-8185491609,S0055,+91-7906087278,0,DATA,TWR-0122,"Velachery, Chennai",493951296937317
CDR-002180,2023-11-23,23:15:29,S0073,+91-8723469890,S0072,+91-8873660196,0,DATA,TWR-0124,Abandoned Factory Block C,247311618443059
CDR-002181,2024-10-28,22:23:09,S0046,+91-8551797747,S0038,+91-7164583060,0,SMS,TWR-0017,"Sector 15, New Delhi",708638218572815
CDR-002182,2023-10-26,13:05:58,S0041,+91-8047680798,S0068,+91-7943867424,3217,VOICE,TWR-0039,"Marine Drive, Mumbai",123959588425957
CDR-002183,2023-03-02,16:59:59,S0020,+91-7191685914,S0013,+91-8601012552,0,DATA,TWR-0196,"Koregaon Park, Pune",375503167654114
CDR-002184,2023-04-28,03:07:50,S0015,+91-9319492719,S0018,+91-8515942742,0,SMS,TWR-0162,"Salt Lake, Kolkata",591713493594309
CDR-002185,2024-11-01,12:58:20,S0012,+91-9757993748,S0007,+91-8314545093,189,VOICE,TWR-0080,"Banjara Hills, Hyderabad",438750736407085
CDR-002186,2024-05-04,00:50:28,S0005,+91-9533147930,S0071,+91-9835229476,0,DATA,TWR-0147,"Malviya Nagar, Jaipur",141814434810860
CDR-002187,2024-12-13,23:38:48,S0050,+91-8427287656,S0049,+91-9317730052,0,SMS,TWR-0011,River Bridge Underpass,353625024692782
CDR-002188,2023-06-18,11:04:58,S0051,+91-8102313761,S0050,+91-8427287656,1491,VOICE,TWR-0131,River Bridge Underpass,209529155613282
CDR-002189,2023-10-31,23:24:16,S0063,+91-8639980776,S0078,+91-8505943466,2740,VOICE,TWR-0070,45th Street Warehouse,789697803123615
CDR-002190,2023-09-24,12:59:48,S0053,+91-7726163005,S0057,+91-9859711607,0,SMS,TWR-0182,"Satellite, Ahmedabad",407622815683580
CDR-002191,2023-06-19,11:30:42,S0071,+91-9835229476,S0070,+91-8361473242,432,VOICE,TWR-0176,"Kothrud, Pune",223275768297693
CDR-002192,2024-05-24,00:30:23,S0057,+91-9859711607,S0054,+91-8152869473,0,SMS,TWR-0030,Abandoned Factory Block C,215571389265045
CDR-002193,2024-01-24,21:56:42,S0029,+91-8158983385,S0030,+91-7587753540,0,SMS,TWR-0141,"Park Street, Kolkata",161526973467019
CDR-002194,2024-03-25,08:26:00,S0013,+91-8601012552,S0020,+91-7191685914,462,VOICE,TWR-0090,"Navrangpura, Ahmedabad",221600925288075
CDR-002195,2024-08-21,12:54:45,S0017,+91-8160965519,S0022,+91-9029520745,0,SMS,TWR-0164,"Kothrud, Pune",447995180301965
CDR-002196,2024-10-25,18:24:31,S0063,+91-8639980776,S0062,+91-7376081376,0,SMS,TWR-0031,"Andheri West, Mumbai",360691216545106
CDR-002197,2023-02-07,10:06:44,S0029,+91-8158983385,S0028,+91-8010157795,711,VOICE,TWR-0022,"Civil Lines, Lucknow",384261422632254
CDR-002198,2023-09-26,03:48:54,S0058,+91-7497129555,S0057,+91-9859711607,1520,VOICE,TWR-0067,"Koregaon Park, Pune",488441002122874
CDR-002199,2023-10-20,13:26:20,S0065,+91-7911433788,S0019,+91-9469240982,1057,VOICE,TWR-0173,Airport Cargo Terminal,998651354792864
CDR-002200,2024-03-14,04:54:59,S0015,+91-8928238864,S0060,+91-9164020641,0,SMS,TWR-0141,Port District Dock 7,600171242518611
CDR-002201,2024-05-01,15:10:43,S0032,+91-7090425118,S0033,+91-8986477033,0,SMS,TWR-0125,"Koregaon Park, Pune",860967959866907
CDR-002202,2024-12-11,04:30:49,S0016,+91-7433584847,S0017,+91-8160965519,784,VOICE,TWR-0073,"Jubilee Hills, Hyderabad",497689600032478
CDR-002203,2023-04-01,07:33:59,S0044,+91-9971861645,S0033,+91-8986477033,2189,VOICE,TWR-0032,Bus Terminal Underground,505422097579157
CDR-002204,2024-01-06,05:08:48,S0045,+91-7911765255,S0036,+91-8689097012,3553,VOICE,TWR-0002,"Indiranagar, Bangalore",666684604297539
CDR-002205,2024-03-25,05:41:33,S0008,+91-7468144718,S0006,+91-8996093227,1933,VOICE,TWR-0101,"Aundh, Pune",445483757033432
CDR-002206,2024-06-26,03:50:04,S0005,+91-9533147930,S0011,+91-7365548469,0,SMS,TWR-0039,"Connaught Place, New Delhi",278294700434585
CDR-002207,2024-04-02,15:38:21,S0058,+91-7497129555,S0056,+91-7990411854,1803,VOICE,TWR-0158,"Banjara Hills, Hyderabad",670392751730307
CDR-002208,2024-10-17,16:40:05,S0066,+91-9665882102,S0075,+91-9023218968,3087,VOICE,TWR-0176,"Jubilee Hills, Hyderabad",747595064226293
CDR-002209,2024-10-14,18:01:08,S0038,+91-7164583060,S0041,+91-8047680798,0,DATA,TWR-0187,Highway NH-48 Rest Stop,554063446374276
CDR-002210,2023-08-24,14:43:17,S0053,+91-8468512260,S0058,+91-7497129555,2663,VOICE,TWR-0113,45th Street Warehouse,335581109664887
CDR-002211,2023-04-20,17:36:34,S0024,+91-8210847353,S0027,+91-8837911267,0,SMS,TWR-0088,"Navrangpura, Ahmedabad",146421305363589
CDR-002212,2024-11-11,03:29:21,S0027,+91-9893729536,S0029,+91-8158983385,2102,VOICE,TWR-0102,"Salt Lake, Kolkata",708606656425447
CDR-002213,2024-09-03,08:05:08,S0002,+91-7762376237,S0005,+91-9533147930,0,SMS,TWR-0178,Railway Station Complex,791983288458780
CDR-002214,2023-09-04,20:30:41,S0047,+91-8940192213,S0010,+91-8733842953,0,SMS,TWR-0025,"Indiranagar, Bangalore",377048947144291
CDR-002215,2024-01-22,15:31:16,S0034,+91-9185263528,S0041,+91-8047680798,0,SMS,TWR-0047,"Navrangpura, Ahmedabad",527906370746226
CDR-002216,2023-05-27,11:19:15,S0046,+91-8551797747,S0049,+91-9317730052,0,DATA,TWR-0142,45th Street Warehouse,248423783838609
CDR-002217,2024-03-12,23:20:46,S0019,+91-9469240982,S0044,+91-9971861645,0,DATA,TWR-0199,"Navrangpura, Ahmedabad",148538874322794
CDR-002218,2024-09-20,21:11:15,S0054,+91-7823740217,S0057,+91-9859711607,0,DATA,TWR-0005,"Salt Lake, Kolkata",898370579709936
CDR-002219,2024-10-19,12:52:55,S0079,+91-8925349210,S0009,+91-8669674686,0,DATA,TWR-0109,"Gomti Nagar, Lucknow",571073712373257
CDR-002220,2024-02-05,20:17:07,S0048,+91-8745666148,S0050,+91-8427287656,0,SMS,TWR-0042,"Park Street, Kolkata",147254479642379
CDR-002221,2024-04-09,03:00:47,S0057,+91-9859711607,S0061,+91-7944047056,0,SMS,TWR-0149,"Sector 15, New Delhi",797065439771676
CDR-002222,2024-02-05,06:26:50,S0002,+91-7762376237,S0012,+91-9757993748,0,SMS,TWR-0124,"Sector 15, New Delhi",299589846775086
CDR-002223,2024-06-19,19:27:06,S0037,+91-9353860328,S0044,+91-9971861645,0,SMS,TWR-0044,"MG Road, Bangalore",289417639982490
CDR-002224,2023-08-01,06:17:45,S0060,+91-9164020641,S0063,+91-8639980776,0,SMS,TWR-0172,Industrial Zone B-12,469267419036676
CDR-002225,2024-12-01,10:46:03,S0033,+91-8986477033,S0042,+91-9807385456,0,SMS,TWR-0095,"Koregaon Park, Pune",821568398763750
CDR-002226,2023-10-02,16:32:55,S0011,+91-7365548469,S0007,+91-8314545093,2241,VOICE,TWR-0122,Airport Cargo Terminal,746254409666987
CDR-002227,2024-06-19,08:49:03,S0023,+91-7870361876,S0035,+91-9574786019,0,SMS,TWR-0093,45th Street Warehouse,511520786369776
CDR-002228,2023-01-14,18:11:49,S0003,+91-7303959797,S0004,+91-8808948427,3067,VOICE,TWR-0009,"Malviya Nagar, Jaipur",161038275865119
CDR-002229,2024-01-07,21:23:32,S0025,+91-9877427601,S0030,+91-7587753540,0,SMS,TWR-0073,"Aundh, Pune",366245922379319
CDR-002230,2023-04-29,01:46:31,S0015,+91-8928238864,S0048,+91-8745666148,346,VOICE,TWR-0008,"MG Road, Bangalore",795904474226527
CDR-002231,2023-06-20,06:20:26,S0026,+91-9078465518,S0027,+91-8837911267,0,DATA,TWR-0014,Industrial Zone B-12,333137555242057
CDR-002232,2023-08-25,04:15:31,S0010,+91-8733842953,S0036,+91-8689097012,1557,VOICE,TWR-0014,Abandoned Factory Block C,314259409245566
CDR-002233,2024-08-19,10:44:39,S0014,+91-7694080686,S0015,+91-8928238864,1301,VOICE,TWR-0190,"Civil Lines, Lucknow",476552866174744
CDR-002234,2024-12-27,00:25:22,S0015,+91-9319492719,S0021,+91-7186376562,0,SMS,TWR-0194,Airport Cargo Terminal,565073372711186
CDR-002235,2023-08-20,13:16:55,S0057,+91-9859711607,S0030,+91-7587753540,2454,VOICE,TWR-0121,Port District Dock 7,368673535479065
CDR-002236,2024-06-23,13:42:11,S0047,+91-8940192213,S0048,+91-8745666148,0,DATA,TWR-0014,"Salt Lake, Kolkata",467642389635163
CDR-002237,2024-04-01,16:01:51,S0055,+91-7906087278,S0058,+91-7497129555,1822,VOICE,TWR-0171,"Koregaon Park, Pune",149364550112991
CDR-002238,2024-12-31,18:03:30,S0048,+91-8745666148,S0047,+91-8940192213,0,SMS,TWR-0159,Bus Terminal Underground,655295617038605
CDR-002239,2024-10-01,19:04:55,S0045,+91-7911765255,S0036,+91-8689097012,0,SMS,TWR-0030,"Salt Lake, Kolkata",920441041067566
CDR-002240,2023-04-06,02:25:41,S0071,+91-9835229476,S0013,+91-8601012552,1062,VOICE,TWR-0068,"Park Street, Kolkata",429617940360630
CDR-002241,2023-08-11,02:42:26,S0065,+91-7911433788,S0066,+91-9665882102,0,DATA,TWR-0114,"MG Road, Bangalore",934374376329550
CDR-002242,2024-11-29,14:55:22,S0061,+91-7944047056,S0034,+91-9185263528,0,SMS,TWR-0080,Abandoned Factory Block C,457452707363355
CDR-002243,2024-10-27,03:18:16,S0007,+91-9992184341,S0003,+91-7303959797,2024,VOICE,TWR-0023,"Andheri West, Mumbai",535668721845428
CDR-002244,2024-04-07,07:45:46,S0014,+91-7694080686,S0022,+91-9029520745,2185,VOICE,TWR-0024,Industrial Zone B-12,688113962218607
CDR-002245,2024-01-25,13:01:18,S0012,+91-9757993748,S0011,+91-7365548469,3439,VOICE,TWR-0004,"Sector 15, New Delhi",741462228972655
CDR-002246,2023-02-28,15:56:08,S0009,+91-8669674686,S0008,+91-7468144718,0,SMS,TWR-0039,Bus Terminal Underground,184577745432900
CDR-002247,2024-11-07,02:32:17,S0016,+91-9192173624,S0017,+91-8160965519,3430,VOICE,TWR-0122,"Banjara Hills, Hyderabad",428362609192340
CDR-002248,2023-08-23,02:16:25,S0051,+91-8102313761,S0019,+91-9469240982,2643,VOICE,TWR-0076,"Jubilee Hills, Hyderabad",182513805065590
CDR-002249,2024-06-14,21:45:28,S0011,+91-7365548469,S0035,+91-9574786019,3318,VOICE,TWR-0161,Old Market Area,790606422834279
CDR-002250,2024-05-22,10:26:08,S0020,+91-7191685914,S0021,+91-7186376562,1744,VOICE,TWR-0049,Highway NH-48 Rest Stop,363036361840710
CDR-002251,2024-10-23,10:29:07,S0013,+91-8189450306,S0035,+91-9574786019,428,VOICE,TWR-0055,"Velachery, Chennai",835512842133670
CDR-002252,2024-10-09,03:49:46,S0014,+91-7694080686,S0038,+91-7164583060,0,SMS,TWR-0128,"Satellite, Ahmedabad",151241897346900
CDR-002253,2023-08-21,00:29:54,S0062,+91-7488244816,S0060,+91-9164020641,1128,VOICE,TWR-0173,"Banjara Hills, Hyderabad",413352081858867
CDR-002254,2024-01-16,23:49:32,S0037,+91-9353860328,S0044,+91-9971861645,0,SMS,TWR-0156,"Velachery, Chennai",586410409008510
CDR-002255,2023-06-09,13:12:34,S0078,+91-8505943466,S0073,+91-8723469890,3432,VOICE,TWR-0171,Port District Dock 7,890818763557151
CDR-002256,2023-08-08,17:14:57,S0062,+91-7376081376,S0041,+91-8047680798,80,VOICE,TWR-0192,"Park Street, Kolkata",468703693776674
CDR-002257,2024-01-03,06:09:31,S0080,+91-9719896275,S0007,+91-8314545093,2317,VOICE,TWR-0186,Port District Dock 7,136603233039745
CDR-002258,2023-10-01,16:16:17,S0077,+91-7477042007,S0071,+91-9835229476,2994,VOICE,TWR-0102,"Gomti Nagar, Lucknow",546672516964280
CDR-002259,2024-03-12,23:08:09,S0027,+91-8837911267,S0078,+91-8505943466,393,VOICE,TWR-0089,Bus Terminal Underground,139669475046400
CDR-002260,2023-01-27,18:35:15,S0049,+91-9317730052,S0054,+91-8152869473,0,DATA,TWR-0191,45th Street Warehouse,543322460933562
CDR-002261,2023-05-01,16:45:38,S0065,+91-7911433788,S0012,+91-9757993748,2391,VOICE,TWR-0036,Abandoned Factory Block C,267218342908063
CDR-002262,2023-12-21,00:05:02,S0021,+91-7186376562,S0020,+91-7191685914,0,SMS,TWR-0055,"Gomti Nagar, Lucknow",487349576916864
CDR-002263,2023-09-25,03:20:49,S0055,+91-7906087278,S0053,+91-8468512260,781,VOICE,TWR-0045,"Velachery, Chennai",897578230234904
CDR-002264,2024-12-17,17:50:35,S0064,+91-7750198381,S0065,+91-7911433788,3539,VOICE,TWR-0026,Industrial Zone B-12,448488904286611
CDR-002265,2023-09-02,17:31:05,S0020,+91-7191685914,S0021,+91-7186376562,1073,VOICE,TWR-0167,"Gomti Nagar, Lucknow",173750839128034
CDR-002266,2023-12-04,20:37:42,S0080,+91-9719896275,S0037,+91-9353860328,0,SMS,TWR-0085,"Navrangpura, Ahmedabad",821700121495759
CDR-002267,2024-07-14,17:54:07,S0001,+91-7731428289,S0074,+91-9129320527,0,SMS,TWR-0181,"Malviya Nagar, Jaipur",545157141306155
CDR-002268,2023-06-02,08:06:07,S0038,+91-7164583060,S0041,+91-8047680798,0,SMS,TWR-0026,"Connaught Place, New Delhi",866758868561339
CDR-002269,2023-04-15,23:10:45,S0010,+91-8733842953,S0006,+91-8996093227,306,VOICE,TWR-0054,"Marine Drive, Mumbai",133080297266147
CDR-002270,2023-09-24,14:44:44,S0061,+91-7944047056,S0059,+91-9818587139,2367,VOICE,TWR-0135,Airport Cargo Terminal,901038408946700
CDR-002271,2023-06-24,01:12:55,S0014,+91-7694080686,S0022,+91-9029520745,2289,VOICE,TWR-0064,"Gomti Nagar, Lucknow",462262249012346
CDR-002272,2023-09-12,17:28:39,S0061,+91-7944047056,S0059,+91-9818587139,0,DATA,TWR-0091,"Satellite, Ahmedabad",594955802070822
CDR-002273,2024-07-21,06:45:53,S0067,+91-8354117104,S0066,+91-9665882102,580,VOICE,TWR-0014,"Gomti Nagar, Lucknow",794981571086808
CDR-002274,2023-03-18,16:21:09,S0077,+91-7477042007,S0076,+91-8453831805,0,SMS,TWR-0070,Old Market Area,713014663053391
CDR-002275,2024-10-27,15:56:06,S0072,+91-9541363841,S0032,+91-7090425118,0,SMS,TWR-0140,"Park Street, Kolkata",351449271449840
CDR-002276,2024-01-11,11:24:06,S0027,+91-8837911267,S0029,+91-8158983385,1268,VOICE,TWR-0125,Abandoned Factory Block C,117179799170167
CDR-002277,2024-06-15,04:44:21,S0002,+91-7762376237,S0012,+91-9757993748,3503,VOICE,TWR-0068,"Satellite, Ahmedabad",213849805708943
CDR-002278,2023-08-26,18:50:26,S0016,+91-9192173624,S0004,+91-8808948427,1323,VOICE,TWR-0035,Railway Station Complex,702291470300499
CDR-002279,2024-05-12,12:53:33,S0036,+91-8689097012,S0041,+91-8047680798,902,VOICE,TWR-0096,"Connaught Place, New Delhi",431901200511160
CDR-002280,2024-02-25,15:08:58,S0013,+91-8601012552,S0015,+91-8928238864,0,DATA,TWR-0016,45th Street Warehouse,845910793533803
CDR-002281,2024-03-17,03:23:48,S0052,+91-8821211330,S0050,+91-8427287656,0,DATA,TWR-0152,"Banjara Hills, Hyderabad",937176472565894
CDR-002282,2023-07-14,09:18:26,S0029,+91-8158983385,S0028,+91-8010157795,2811,VOICE,TWR-0125,"Velachery, Chennai",186889863170508
CDR-002283,2024-02-29,03:33:02,S0060,+91-9164020641,S0059,+91-9818587139,0,SMS,TWR-0036,Abandoned Factory Block C,422899998848300
CDR-002284,2024-02-05,06:38:42,S0048,+91-8745666148,S0046,+91-8551797747,3397,VOICE,TWR-0178,"Koregaon Park, Pune",436141865824032
CDR-002285,2023-03-04,15:27:33,S0056,+91-7990411854,S0054,+91-8152869473,0,SMS,TWR-0148,Industrial Zone B-12,127108140945375
CDR-002286,2023-01-25,16:23:41,S0043,+91-8599838760,S0029,+91-8158983385,0,DATA,TWR-0192,Railway Station Complex,799628844595676
CDR-002287,2023-01-12,19:33:20,S0045,+91-7911765255,S0036,+91-8689097012,0,SMS,TWR-0193,Port District Dock 7,566587422208895
CDR-002288,2024-12-21,16:15:49,S0070,+91-8361473242,S0034,+91-9185263528,0,SMS,TWR-0138,Highway NH-48 Rest Stop,603575162209837
CDR-002289,2024-10-13,13:09:50,S0034,+91-9185263528,S0042,+91-9807385456,0,DATA,TWR-0095,River Bridge Underpass,849826946178526
CDR-002290,2023-02-19,04:15:41,S0042,+91-9807385456,S0039,+91-9007576162,2992,VOICE,TWR-0128,Port District Dock 7,777137310986585
CDR-002291,2024-10-04,02:51:21,S0077,+91-7477042007,S0076,+91-8453831805,0,DATA,TWR-0090,Railway Station Complex,706684012593054
CDR-002292,2024-03-19,13:05:00,S0007,+91-9992184341,S0003,+91-7303959797,0,SMS,TWR-0002,"Marine Drive, Mumbai",145260423568365
CDR-002293,2024-09-30,16:49:10,S0038,+91-7164583060,S0034,+91-9185263528,0,SMS,TWR-0055,"Koregaon Park, Pune",495199013651405
CDR-002294,2023-05-26,10:16:05,S0022,+91-9029520745,S0021,+91-7186376562,1628,VOICE,TWR-0081,"Andheri West, Mumbai",168137173882549
CDR-002295,2023-03-23,03:14:48,S0011,+91-7365548469,S0068,+91-7943867424,2082,VOICE,TWR-0171,Abandoned Factory Block C,992408763324597
CDR-002296,2023-12-04,21:54:21,S0050,+91-8427287656,S0049,+91-9317730052,97,VOICE,TWR-0028,"Banjara Hills, Hyderabad",124249128012890
CDR-002297,2024-10-09,15:45:32,S0057,+91-9859711607,S0010,+91-8733842953,2805,VOICE,TWR-0124,Bus Terminal Underground,844561450370679
CDR-002298,2023-06-10,09:00:40,S0050,+91-8427287656,S0013,+91-8601012552,0,SMS,TWR-0103,"Velachery, Chennai",282575013510452
CDR-002299,2024-01-24,21:36:59,S0047,+91-8940192213,S0048,+91-8745666148,1722,VOICE,TWR-0195,45th Street Warehouse,783352940916120
CDR-002300,2023-03-10,03:12:16,S0024,+91-8210847353,S0029,+91-8158983385,0,SMS,TWR-0062,Bus Terminal Underground,812373772325552
CDR-002301,2024-12-28,05:43:13,S0017,+91-8160965519,S0022,+91-9029520745,0,SMS,TWR-0192,Old Market Area,203940676858636
CDR-002302,2023-01-06,20:54:52,S0035,+91-9574786019,S0039,+91-9007576162,2710,VOICE,TWR-0087,Bus Terminal Underground,387181031522533
CDR-002303,2024-05-21,20:23:39,S0052,+91-8821211330,S0050,+91-8427287656,0,SMS,TWR-0123,Highway NH-48 Rest Stop,638650076024256
CDR-002304,2024-04-26,07:29:31,S0051,+91-8102313761,S0047,+91-8940192213,0,SMS,TWR-0083,"Navrangpura, Ahmedabad",494751079897603
CDR-002305,2024-08-08,16:15:06,S0015,+91-8928238864,S0021,+91-7186376562,1260,VOICE,TWR-0118,"Connaught Place, New Delhi",881599974329154
CDR-002306,2023-07-14,13:16:52,S0052,+91-8821211330,S0079,+91-8925349210,675,VOICE,TWR-0065,"Jubilee Hills, Hyderabad",749490720544417
CDR-002307,2024-06-27,12:55:35,S0079,+91-8925349210,S0073,+91-8723469890,0,SMS,TWR-0115,"Banjara Hills, Hyderabad",231480009166724
CDR-002308,2024-10-29,15:08:02,S0004,+91-8808948427,S0006,+91-8996093227,1991,VOICE,TWR-0078,Bus Terminal Underground,983939820991015
CDR-002309,2023-12-30,16:23:39,S0058,+91-7497129555,S0057,+91-9859711607,0,SMS,TWR-0015,"Jubilee Hills, Hyderabad",511169972134917
CDR-002310,2024-10-17,22:36:23,S0003,+91-7303959797,S0004,+91-8808948427,0,SMS,TWR-0138,"Banjara Hills, Hyderabad",248826302351998
CDR-002311,2024-07-16,09:47:49,S0048,+91-8745666148,S0050,+91-8427287656,1467,VOICE,TWR-0087,Old Market Area,836899002688750
CDR-002312,2024-12-07,09:53:04,S0061,+91-7944047056,S0062,+91-7376081376,757,VOICE,TWR-0086,"Sector 15, New Delhi",736466907282352
CDR-002313,2024-04-26,04:45:36,S0044,+91-9971861645,S0002,+91-7762376237,0,SMS,TWR-0179,Highway NH-48 Rest Stop,634578013259170
CDR-002314,2024-10-22,15:31:26,S0050,+91-8427287656,S0049,+91-9317730052,3351,VOICE,TWR-0061,"Connaught Place, New Delhi",577011631210347
CDR-002315,2023-11-10,09:37:09,S0079,+91-8925349210,S0073,+91-8723469890,2220,VOICE,TWR-0198,"Malviya Nagar, Jaipur",321290826079998
CDR-002316,2023-08-18,17:24:38,S0047,+91-8940192213,S0048,+91-8745666148,0,DATA,TWR-0120,Industrial Zone B-12,388284756893052
CDR-002317,2024-08-23,04:04:00,S0018,+91-8515942742,S0016,+91-9192173624,1600,VOICE,TWR-0175,"Connaught Place, New Delhi",475683288802655
CDR-002318,2023-02-06,03:36:30,S0003,+91-7303959797,S0061,+91-7944047056,0,SMS,TWR-0090,"Connaught Place, New Delhi",636413983524948
CDR-002319,2024-05-04,01:40:39,S0068,+91-7943867424,S0028,+91-8010157795,0,SMS,TWR-0051,"Aundh, Pune",446637144767449
CDR-002320,2024-08-10,06:23:34,S0075,+91-9023218968,S0078,+91-8505943466,0,SMS,TWR-0160,"Koregaon Park, Pune",721722705385202
CDR-002321,2024-09-17,22:19:29,S0001,+91-7731428289,S0011,+91-7365548469,487,VOICE,TWR-0178,"Anna Nagar, Chennai",573474190498608
CDR-002322,2024-04-18,21:49:44,S0034,+91-9185263528,S0042,+91-9807385456,391,VOICE,TWR-0092,"Kothrud, Pune",207959796373755
CDR-002323,2024-07-30,02:10:06,S0011,+91-7365548469,S0003,+91-7303959797,0,SMS,TWR-0099,"Connaught Place, New Delhi",587193945762481
CDR-002324,2023-08-01,17:32:13,S0075,+91-9023218968,S0078,+91-8505943466,0,DATA,TWR-0174,Railway Station Complex,696614590062707
CDR-002325,2024-10-04,20:01:15,S0065,+91-7911433788,S0066,+91-9665882102,0,SMS,TWR-0014,Railway Station Complex,110953213032221
CDR-002326,2024-08-12,07:26:24,S0023,+91-7870361876,S0061,+91-7944047056,3339,VOICE,TWR-0041,"Indiranagar, Bangalore",471556939744414
CDR-002327,2024-10-10,11:06:47,S0046,+91-8551797747,S0049,+91-9317730052,0,SMS,TWR-0131,"Navrangpura, Ahmedabad",624504373897181
CDR-002328,2024-11-12,19:10:09,S0019,+91-9469240982,S0014,+91-7694080686,0,SMS,TWR-0153,"MG Road, Bangalore",293053631735522
CDR-002329,2023-09-21,18:07:35,S0068,+91-7943867424,S0057,+91-9859711607,0,SMS,TWR-0158,"MG Road, Bangalore",431649008040332
CDR-002330,2024-01-26,11:24:50,S0003,+91-7303959797,S0002,+91-7762376237,0,SMS,TWR-0073,"Park Street, Kolkata",456622918498471
CDR-002331,2023-10-20,00:44:06,S0063,+91-8639980776,S0078,+91-8505943466,1085,VOICE,TWR-0003,"Andheri West, Mumbai",215164418448757
CDR-002332,2024-01-09,15:56:23,S0073,+91-8723469890,S0077,+91-7477042007,0,DATA,TWR-0075,"Malviya Nagar, Jaipur",349968795964279
CDR-002333,2024-11-08,02:53:34,S0046,+91-8551797747,S0051,+91-8102313761,0,DATA,TWR-0185,"Banjara Hills, Hyderabad",440180785116403
CDR-002334,2024-05-03,02:05:41,S0048,+91-8745666148,S0046,+91-8551797747,2849,VOICE,TWR-0179,Old Market Area,880312510544569
CDR-002335,2023-08-27,00:14:52,S0060,+91-9164020641,S0059,+91-9818587139,0,DATA,TWR-0181,River Bridge Underpass,601368606525472
CDR-002336,2024-11-05,01:36:45,S0028,+91-8010157795,S0030,+91-7587753540,0,SMS,TWR-0002,"Park Street, Kolkata",425863223585792
CDR-002337,2024-11-24,09:30:19,S0073,+91-8723469890,S0072,+91-8873660196,0,DATA,TWR-0107,"MG Road, Bangalore",690215302245098
CDR-002338,2023-11-17,03:05:42,S0049,+91-9317730052,S0054,+91-8152869473,1114,VOICE,TWR-0139,Railway Station Complex,193967317263072
CDR-002339,2023-03-26,11:29:56,S0009,+91-8669674686,S0004,+91-8808948427,3062,VOICE,TWR-0018,Old Market Area,744211217869254
CDR-002340,2024-09-06,06:56:14,S0042,+91-9807385456,S0039,+91-9007576162,0,DATA,TWR-0071,Port District Dock 7,656639601044851
CDR-002341,2023-12-07,13:41:26,S0063,+91-8639980776,S0059,+91-9818587139,618,VOICE,TWR-0090,"Sector 15, New Delhi",407780953005545
CDR-002342,2024-02-01,21:30:19,S0022,+91-9029520745,S0015,+91-8928238864,3596,VOICE,TWR-0192,Old Market Area,567281705385076
CDR-002343,2023-06-13,18:09:18,S0015,+91-8928238864,S0063,+91-8639980776,3188,VOICE,TWR-0030,"Koregaon Park, Pune",728338948263210
CDR-002344,2024-11-18,12:01:35,S0013,+91-8601012552,S0020,+91-7191685914,0,DATA,TWR-0011,"Satellite, Ahmedabad",552041744815889
CDR-002345,2023-09-26,09:51:38,S0063,+91-8639980776,S0049,+91-9317730052,3011,VOICE,TWR-0077,Abandoned Factory Block C,414120952456646
CDR-002346,2024-05-20,22:54:24,S0018,+91-8515942742,S0014,+91-7694080686,0,SMS,TWR-0016,Old Market Area,172954501866890
CDR-002347,2024-02-25,18:33:46,S0043,+91-8599838760,S0030,+91-7587753540,0,DATA,TWR-0114,"Marine Drive, Mumbai",260980928996279
CDR-002348,2024-01-27,19:37:24,S0033,+91-8986477033,S0042,+91-9807385456,326,VOICE,TWR-0003,"Marine Drive, Mumbai",702216387728216
CDR-002349,2023-06-07,08:12:53,S0010,+91-8733842953,S0029,+91-8158983385,0,SMS,TWR-0120,"Salt Lake, Kolkata",930012785617944
CDR-002350,2023-03-27,11:44:23,S0014,+91-7694080686,S0015,+91-8928238864,159,VOICE,TWR-0127,"Connaught Place, New Delhi",190439186062417
CDR-002351,2023-01-06,16:20:22,S0059,+91-9818587139,S0061,+91-7944047056,0,SMS,TWR-0046,"Gomti Nagar, Lucknow",508238220843974
CDR-002352,2024-03-19,15:34:41,S0059,+91-9818587139,S0044,+91-9971861645,2004,VOICE,TWR-0024,"Malviya Nagar, Jaipur",279382427811595
CDR-002353,2023-01-11,23:07:22,S0023,+91-7870361876,S0026,+91-9078465518,0,SMS,TWR-0029,"Indiranagar, Bangalore",609439636376417
CDR-002354,2023-10-15,01:58:48,S0023,+91-7870361876,S0080,+91-9719896275,0,SMS,TWR-0027,"Anna Nagar, Chennai",967350121121769
CDR-002355,2024-08-28,19:25:14,S0006,+91-8996093227,S0005,+91-9533147930,0,SMS,TWR-0024,"Anna Nagar, Chennai",971683675258520
CDR-002356,2023-08-10,15:06:27,S0022,+91-9029520745,S0015,+91-8928238864,0,SMS,TWR-0144,"Satellite, Ahmedabad",267443759506756
CDR-002357,2023-06-22,01:43:15,S0046,+91-8551797747,S0051,+91-8102313761,0,SMS,TWR-0184,"Navrangpura, Ahmedabad",170108716888864
CDR-002358,2023-04-19,11:34:46,S0029,+91-8158983385,S0044,+91-9971861645,509,VOICE,TWR-0097,Highway NH-48 Rest Stop,590434055830471
CDR-002359,2024-01-31,01:58:43,S0053,+91-8468512260,S0058,+91-7497129555,0,SMS,TWR-0063,Bus Terminal Underground,678074146961223
CDR-002360,2023-07-02,11:52:39,S0063,+91-8639980776,S0062,+91-7376081376,3581,VOICE,TWR-0012,Port District Dock 7,535956444680686
CDR-002361,2024-10-27,20:20:49,S0079,+91-8925349210,S0073,+91-8723469890,0,DATA,TWR-0138,River Bridge Underpass,816070691868904
CDR-002362,2024-02-03,11:44:45,S0037,+91-9353860328,S0008,+91-7468144718,2216,VOICE,TWR-0074,"Navrangpura, Ahmedabad",901083777989799
CDR-002363,2024-12-19,11:24:09,S0073,+91-8723469890,S0072,+91-8873660196,0,SMS,TWR-0107,"Sector 15, New Delhi",700873264467185
CDR-002364,2024-08-01,08:55:09,S0078,+91-8505943466,S0077,+91-7477042007,1931,VOICE,TWR-0002,"Koregaon Park, Pune",626332276241515
CDR-002365,2023-03-01,09:34:06,S0079,+91-8925349210,S0041,+91-8047680798,1929,VOICE,TWR-0126,45th Street Warehouse,749586014084075
CDR-002366,2023-07-12,00:09:34,S0004,+91-8808948427,S0006,+91-8996093227,0,DATA,TWR-0013,"Banjara Hills, Hyderabad",809970640196356
CDR-002367,2023-12-03,10:52:41,S0007,+91-8314545093,S0016,+91-9192173624,1980,VOICE,TWR-0139,"Gomti Nagar, Lucknow",100269615707304
CDR-002368,2024-06-06,05:59:35,S0070,+91-8361473242,S0068,+91-7943867424,2058,VOICE,TWR-0001,"Andheri West, Mumbai",487840545296723
CDR-002369,2023-11-24,13:27:49,S0041,+91-8047680798,S0035,+91-9574786019,234,VOICE,TWR-0085,"Anna Nagar, Chennai",627049407957071
CDR-002370,2023-12-20,00:29:24,S0011,+91-7365548469,S0007,+91-8314545093,2952,VOICE,TWR-0054,Bus Terminal Underground,940119750958272
CDR-002371,2023-10-24,03:42:26,S0016,+91-7433584847,S0035,+91-9574786019,525,VOICE,TWR-0183,River Bridge Underpass,103649969787846
CDR-002372,2024-03-14,21:08:04,S0064,+91-7750198381,S0065,+91-7911433788,0,DATA,TWR-0055,"Aundh, Pune",968845264710519
CDR-002373,2024-08-20,09:39:24,S0020,+91-7191685914,S0013,+91-8601012552,1840,VOICE,TWR-0120,Airport Cargo Terminal,328632326554687
CDR-002374,2023-02-19,13:40:14,S0006,+91-9389242087,S0005,+91-9533147930,214,VOICE,TWR-0051,"Connaught Place, New Delhi",151079235155308
CDR-002375,2023-07-30,22:12:00,S0057,+91-9859711607,S0055,+91-7906087278,3467,VOICE,TWR-0023,"Jubilee Hills, Hyderabad",452336118189046
CDR-002376,2024-02-03,21:03:58,S0069,+91-7305439451,S0009,+91-8669674686,0,DATA,TWR-0111,"Koregaon Park, Pune",494000661091037
CDR-002377,2024-01-17,15:19:03,S0025,+91-9877427601,S0030,+91-7587753540,0,SMS,TWR-0095,"Marine Drive, Mumbai",711421898395855
CDR-002378,2023-04-21,19:26:46,S0075,+91-9023218968,S0078,+91-8505943466,0,SMS,TWR-0149,"Velachery, Chennai",562580336150571
CDR-002379,2023-01-09,10:14:16,S0030,+91-7587753540,S0025,+91-9877427601,0,SMS,TWR-0054,"Navrangpura, Ahmedabad",349970588163328
CDR-002380,2023-11-29,00:59:11,S0067,+91-8354117104,S0065,+91-7911433788,0,SMS,TWR-0169,"Jubilee Hills, Hyderabad",118187020371394
CDR-002381,2024-03-15,18:45:14,S0034,+91-9185263528,S0045,+91-7911765255,1246,VOICE,TWR-0128,45th Street Warehouse,537632054066744
CDR-002382,2024-03-12,07:22:26,S0006,+91-8996093227,S0060,+91-9164020641,0,SMS,TWR-0092,"Aundh, Pune",317898661169127
CDR-002383,2023-07-14,01:34:17,S0068,+91-7943867424,S0028,+91-8010157795,2316,VOICE,TWR-0024,"Malviya Nagar, Jaipur",710248627754687
CDR-002384,2024-01-06,03:36:52,S0022,+91-9029520745,S0015,+91-8928238864,0,SMS,TWR-0102,"Jubilee Hills, Hyderabad",103578155776866
CDR-002385,2023-06-28,18:24:15,S0073,+91-8723469890,S0077,+91-7477042007,0,SMS,TWR-0109,"Satellite, Ahmedabad",746246323390455
CDR-002386,2024-06-20,02:18:16,S0050,+91-8427287656,S0049,+91-9317730052,0,DATA,TWR-0125,"Kothrud, Pune",450804540450183
CDR-002387,2024-07-13,02:44:00,S0021,+91-7186376562,S0013,+91-8601012552,2780,VOICE,TWR-0035,"Anna Nagar, Chennai",421429473893665
CDR-002388,2023-08-11,04:29:22,S0013,+91-8601012552,S0014,+91-7694080686,0,SMS,TWR-0136,"Aundh, Pune",729110765254608
CDR-002389,2024-04-11,20:03:38,S0001,+91-7731428289,S0011,+91-7365548469,2354,VOICE,TWR-0070,Abandoned Factory Block C,701213577830386
CDR-002390,2024-12-09,16:40:13,S0032,+91-7090425118,S0033,+91-8986477033,0,SMS,TWR-0100,"Marine Drive, Mumbai",212541813168454
CDR-002391,2023-11-01,02:02:34,S0028,+91-8010157795,S0030,+91-7587753540,0,DATA,TWR-0156,Abandoned Factory Block C,636529796941430
CDR-002392,2023-01-09,07:42:21,S0039,+91-9007576162,S0036,+91-8689097012,0,SMS,TWR-0165,Highway NH-48 Rest Stop,894926868403223
CDR-002393,2023-01-24,10:27:41,S0031,+91-7728836158,S0038,+91-7164583060,333,VOICE,TWR-0082,"Velachery, Chennai",210825775330700
CDR-002394,2023-05-03,17:24:15,S0031,+91-7728836158,S0038,+91-7164583060,2743,VOICE,TWR-0036,"Civil Lines, Lucknow",769011939447856
CDR-002395,2024-05-23,19:49:44,S0078,+91-8505943466,S0077,+91-7477042007,656,VOICE,TWR-0185,Port District Dock 7,496155066069484
CDR-002396,2023-01-15,16:02:21,S0079,+91-8925349210,S0073,+91-8723469890,2138,VOICE,TWR-0103,"Civil Lines, Lucknow",115259575902944
CDR-002397,2024-09-06,22:22:18,S0015,+91-8928238864,S0020,+91-7191685914,2863,VOICE,TWR-0170,"Banjara Hills, Hyderabad",581250409056594
CDR-002398,2023-06-03,09:34:40,S0044,+91-9971861645,S0033,+91-8986477033,0,SMS,TWR-0109,"Salt Lake, Kolkata",296496705498853
CDR-002399,2024-04-28,22:25:26,S0079,+91-8925349210,S0073,+91-8723469890,1116,VOICE,TWR-0171,"Sector 15, New Delhi",454017399082896
CDR-002400,2024-11-18,19:34:17,S0034,+91-9185263528,S0042,+91-9807385456,2157,VOICE,TWR-0061,"Malviya Nagar, Jaipur",850311615557297
CDR-002401,2024-03-09,23:38:09,S0078,+91-8505943466,S0073,+91-8723469890,0,SMS,TWR-0048,"Kothrud, Pune",167998295362434
CDR-002402,2023-02-23,20:22:22,S0030,+91-7587753540,S0028,+91-8010157795,1283,VOICE,TWR-0167,River Bridge Underpass,894921477248884
CDR-002403,2024-01-10,00:08:53,S0040,+91-9548278327,S0075,+91-9023218968,2657,VOICE,TWR-0014,Railway Station Complex,267358027009064
CDR-002404,2024-08-22,15:47:57,S0055,+91-7906087278,S0058,+91-7497129555,314,VOICE,TWR-0010,"Kothrud, Pune",107151479553638
CDR-002405,2023-11-13,12:22:20,S0007,+91-8314545093,S0003,+91-7303959797,0,DATA,TWR-0064,"Marine Drive, Mumbai",208181871095154
CDR-002406,2024-05-17,10:51:14,S0061,+91-7944047056,S0035,+91-9574786019,0,SMS,TWR-0177,"Anna Nagar, Chennai",454423478863736
CDR-002407,2024-04-13,07:11:27,S0024,+91-8210847353,S0017,+91-8160965519,236,VOICE,TWR-0051,"Anna Nagar, Chennai",563491863929777
CDR-002408,2023-03-02,22:50:08,S0051,+91-8102313761,S0047,+91-8940192213,0,SMS,TWR-0104,Highway NH-48 Rest Stop,174001889983697
CDR-002409,2023-05-31,13:01:11,S0016,+91-9192173624,S0012,+91-9757993748,0,DATA,TWR-0105,"Civil Lines, Lucknow",266289005330641
CDR-002410,2024-10-23,11:09:47,S0059,+91-9818587139,S0033,+91-8986477033,0,SMS,TWR-0087,"Jubilee Hills, Hyderabad",585326655634006
CDR-002411,2023-09-27,02:53:44,S0046,+91-8551797747,S0049,+91-9317730052,0,DATA,TWR-0004,"Anna Nagar, Chennai",521097956896972
CDR-002412,2023-12-18,13:04:34,S0074,+91-9129320527,S0025,+91-9877427601,0,SMS,TWR-0144,"Velachery, Chennai",456267206656214
CDR-002413,2023-11-27,05:57:30,S0073,+91-8723469890,S0024,+91-8210847353,0,DATA,TWR-0189,Port District Dock 7,958723583595111
CDR-002414,2023-01-21,23:59:19,S0030,+91-7587753540,S0027,+91-8837911267,0,SMS,TWR-0035,"Malviya Nagar, Jaipur",657331962469822
CDR-002415,2023-05-29,21:35:44,S0059,+91-9818587139,S0038,+91-7164583060,2881,VOICE,TWR-0174,"Andheri West, Mumbai",582546126819588
CDR-002416,2024-04-10,04:42:51,S0064,+91-7750198381,S0065,+91-7911433788,0,SMS,TWR-0196,"Salt Lake, Kolkata",408437576105960
CDR-002417,2023-01-11,14:55:48,S0080,+91-9719896275,S0072,+91-8873660196,0,SMS,TWR-0169,Bus Terminal Underground,124524583135490
CDR-002418,2024-09-20,18:29:26,S0005,+91-9533147930,S0003,+91-7303959797,0,SMS,TWR-0064,"MG Road, Bangalore",816131590986542
CDR-002419,2024-06-02,12:41:38,S0034,+91-9185263528,S0042,+91-9807385456,2480,VOICE,TWR-0199,"Marine Drive, Mumbai",963008680808084
CDR-002420,2024-08-09,20:40:32,S0024,+91-8210847353,S0027,+91-8837911267,367,VOICE,TWR-0136,Railway Station Complex,357372741413618
CDR-002421,2024-10-28,05:21:58,S0034,+91-9185263528,S0045,+91-7911765255,3161,VOICE,TWR-0053,River Bridge Underpass,409883029596478
CDR-002422,2024-10-29,07:52:51,S0008,+91-7468144718,S0060,+91-9164020641,0,DATA,TWR-0062,"Kothrud, Pune",787191884486692
CDR-002423,2024-09-26,00:44:53,S0038,+91-7164583060,S0034,+91-9185263528,3045,VOICE,TWR-0177,Railway Station Complex,239061732764232
CDR-002424,2023-07-06,14:19:30,S0020,+91-7191685914,S0013,+91-8601012552,0,SMS,TWR-0025,Industrial Zone B-12,188641729205838
CDR-002425,2024-10-12,16:35:33,S0041,+91-8047680798,S0035,+91-9574786019,217,VOICE,TWR-0095,Bus Terminal Underground,599839825346607
CDR-002426,2024-11-15,07:54:43,S0004,+91-8808948427,S0006,+91-8996093227,764,VOICE,TWR-0046,River Bridge Underpass,903658197367018
CDR-002427,2024-09-12,19:07:28,S0026,+91-9078465518,S0025,+91-9877427601,220,VOICE,TWR-0126,"Marine Drive, Mumbai",678066010346765
CDR-002428,2024-05-21,11:58:17,S0080,+91-9719896275,S0031,+91-7728836158,0,SMS,TWR-0167,"Aundh, Pune",763064010363308
CDR-002429,2024-06-15,10:56:32,S0080,+91-9719896275,S0072,+91-8873660196,1487,VOICE,TWR-0028,Bus Terminal Underground,714006747501229
CDR-002430,2023-06-19,14:33:18,S0029,+91-8158983385,S0047,+91-8940192213,3316,VOICE,TWR-0155,"Sector 15, New Delhi",572210611470196
CDR-002431,2024-05-20,03:35:57,S0046,+91-8551797747,S0049,+91-9317730052,0,SMS,TWR-0189,"Navrangpura, Ahmedabad",179573738610828
CDR-002432,2023-11-02,18:01:34,S0058,+91-7497129555,S0056,+91-7990411854,0,DATA,TWR-0017,"Malviya Nagar, Jaipur",576281086140242
CDR-002433,2023-01-21,01:34:40,S0013,+91-8189450306,S0049,+91-9317730052,707,VOICE,TWR-0109,"Koregaon Park, Pune",787708715652666
CDR-002434,2023-11-30,08:16:33,S0073,+91-8723469890,S0077,+91-7477042007,0,DATA,TWR-0014,Bus Terminal Underground,984478290457038
CDR-002435,2024-09-04,07:34:48,S0054,+91-8152869473,S0057,+91-9859711607,0,SMS,TWR-0120,45th Street Warehouse,869739005314153
CDR-002436,2023-07-11,06:31:00,S0022,+91-9029520745,S0064,+91-7750198381,0,DATA,TWR-0174,"Malviya Nagar, Jaipur",457201588347629
CDR-002437,2024-07-05,17:54:47,S0025,+91-9877427601,S0030,+91-7587753540,0,DATA,TWR-0007,"Andheri West, Mumbai",602224807424536
CDR-002438,2024-10-31,22:09:44,S0078,+91-8505943466,S0073,+91-8723469890,0,SMS,TWR-0030,"Kothrud, Pune",735555114904307
CDR-002439,2024-01-29,06:24:03,S0049,+91-9317730052,S0054,+91-8152869473,2597,VOICE,TWR-0052,"Satellite, Ahmedabad",107139429447764
CDR-002440,2023-03-18,12:54:57,S0074,+91-9129320527,S0019,+91-9469240982,0,DATA,TWR-0059,Industrial Zone B-12,566157007784971
CDR-002441,2023-04-23,19:43:13,S0068,+91-7943867424,S0028,+91-8010157795,644,VOICE,TWR-0166,River Bridge Underpass,989806063908293
CDR-002442,2023-05-14,00:41:22,S0004,+91-8808948427,S0012,+91-9757993748,1958,VOICE,TWR-0027,"Civil Lines, Lucknow",520282915864092
CDR-002443,2024-12-03,13:42:20,S0054,+91-8152869473,S0057,+91-9859711607,3266,VOICE,TWR-0024,Railway Station Complex,161466706742415
CDR-002444,2024-02-06,23:48:47,S0035,+91-9574786019,S0031,+91-7728836158,1528,VOICE,TWR-0097,Old Market Area,619533435116763
CDR-002445,2023-07-17,05:04:14,S0048,+91-8745666148,S0050,+91-8427287656,0,SMS,TWR-0123,"Koregaon Park, Pune",960763344738377
CDR-002446,2023-09-05,08:52:17,S0008,+91-7468144718,S0006,+91-8996093227,0,SMS,TWR-0077,Abandoned Factory Block C,579889033066209
CDR-002447,2024-01-20,12:10:32,S0024,+91-8210847353,S0029,+91-8158983385,0,SMS,TWR-0119,"Navrangpura, Ahmedabad",114292751451995
CDR-002448,2024-05-17,19:13:50,S0042,+91-9807385456,S0039,+91-9007576162,0,SMS,TWR-0107,"Jubilee Hills, Hyderabad",327876270703290
CDR-002449,2023-02-21,15:43:20,S0008,+91-7468144718,S0049,+91-9317730052,1635,VOICE,TWR-0155,"Marine Drive, Mumbai",588038079827175
CDR-002450,2024-11-03,20:54:11,S0059,+91-9818587139,S0061,+91-7944047056,0,DATA,TWR-0121,"Andheri West, Mumbai",584973141891821
CDR-002451,2024-09-28,14:05:56,S0026,+91-9078465518,S0025,+91-9877427601,2762,VOICE,TWR-0119,"Civil Lines, Lucknow",573093292871683
CDR-002452,2024-05-16,19:41:57,S0009,+91-8669674686,S0020,+91-7191685914,2122,VOICE,TWR-0121,"Andheri West, Mumbai",734091145373499
CDR-002453,2024-09-28,14:40:57,S0070,+91-8361473242,S0069,+91-7305439451,0,SMS,TWR-0138,Industrial Zone B-12,603267847942679
CDR-002454,2024-08-06,16:01:47,S0033,+91-9947485574,S0024,+91-8210847353,0,DATA,TWR-0066,"Velachery, Chennai",474868243302418
CDR-002455,2024-01-29,16:28:07,S0076,+91-8453831805,S0003,+91-7303959797,3518,VOICE,TWR-0169,"MG Road, Bangalore",529931928026336
CDR-002456,2023-06-13,19:28:05,S0058,+91-7497129555,S0067,+91-8354117104,0,DATA,TWR-0193,Airport Cargo Terminal,447434532006941
CDR-002457,2024-03-06,11:52:16,S0078,+91-8505943466,S0073,+91-8723469890,0,SMS,TWR-0172,45th Street Warehouse,847496828335478
CDR-002458,2023-08-30,17:04:56,S0028,+91-8010157795,S0025,+91-9877427601,2211,VOICE,TWR-0058,"Park Street, Kolkata",835959319175303
CDR-002459,2024-01-26,21:07:29,S0079,+91-8925349210,S0073,+91-8723469890,3295,VOICE,TWR-0071,Abandoned Factory Block C,768943046558258
CDR-002460,2024-11-29,19:53:28,S0007,+91-8314545093,S0004,+91-8808948427,270,VOICE,TWR-0155,Highway NH-48 Rest Stop,793809973652035
CDR-002461,2023-03-16,22:39:19,S0033,+91-8986477033,S0064,+91-7750198381,2813,VOICE,TWR-0137,"Malviya Nagar, Jaipur",123764287468178
CDR-002462,2024-06-19,02:38:37,S0080,+91-9719896275,S0007,+91-8314545093,3415,VOICE,TWR-0021,"Connaught Place, New Delhi",819097339819167
CDR-002463,2024-12-02,05:32:17,S0055,+91-7906087278,S0050,+91-8427287656,0,SMS,TWR-0042,"Sector 15, New Delhi",627812248003583
CDR-002464,2023-06-07,10:11:57,S0007,+91-8314545093,S0008,+91-7468144718,2783,VOICE,TWR-0160,45th Street Warehouse,645527331052124
CDR-002465,2023-01-07,01:13:08,S0076,+91-8453831805,S0042,+91-9807385456,949,VOICE,TWR-0022,"Indiranagar, Bangalore",940387937899416
CDR-002466,2023-07-02,05:32:46,S0067,+91-8354117104,S0012,+91-9757993748,2815,VOICE,TWR-0078,45th Street Warehouse,627198344585913
CDR-002467,2024-06-02,07:42:50,S0054,+91-8152869473,S0057,+91-9859711607,0,DATA,TWR-0020,"Malviya Nagar, Jaipur",142668664368704
CDR-002468,2023-05-18,05:16:35,S0011,+91-7365548469,S0007,+91-8314545093,0,DATA,TWR-0125,Old Market Area,633086014123109
CDR-002469,2023-08-29,22:27:51,S0008,+91-9441183579,S0006,+91-8996093227,0,SMS,TWR-0190,"Indiranagar, Bangalore",323498346706920
CDR-002470,2023-01-05,04:16:00,S0036,+91-8689097012,S0034,+91-9185263528,499,VOICE,TWR-0087,"Velachery, Chennai",777816299964633
CDR-002471,2024-07-12,13:11:53,S0036,+91-8689097012,S0048,+91-8745666148,0,SMS,TWR-0064,"Anna Nagar, Chennai",629793685430089
CDR-002472,2023-06-20,11:38:33,S0047,+91-8940192213,S0048,+91-8745666148,0,SMS,TWR-0184,"Navrangpura, Ahmedabad",413855367405572
CDR-002473,2024-05-09,20:58:31,S0031,+91-7728836158,S0038,+91-7164583060,1776,VOICE,TWR-0112,"Anna Nagar, Chennai",107303813970388
CDR-002474,2024-12-27,09:25:51,S0063,+91-8639980776,S0062,+91-7376081376,0,SMS,TWR-0198,"Banjara Hills, Hyderabad",689075038744698
CDR-002475,2023-02-12,17:19:31,S0006,+91-9389242087,S0040,+91-9752093579,0,SMS,TWR-0041,"Gomti Nagar, Lucknow",310747083255398
CDR-002476,2023-01-24,15:34:29,S0047,+91-8940192213,S0067,+91-8354117104,0,SMS,TWR-0162,45th Street Warehouse,915092292212722
CDR-002477,2024-11-23,04:56:50,S0028,+91-8010157795,S0030,+91-7587753540,1717,VOICE,TWR-0052,River Bridge Underpass,848040309470013
CDR-002478,2024-01-14,07:12:27,S0011,+91-7365548469,S0059,+91-9818587139,3487,VOICE,TWR-0116,Railway Station Complex,342102047027546
CDR-002479,2024-12-15,19:50:10,S0039,+91-9007576162,S0037,+91-9353860328,0,SMS,TWR-0108,"Aundh, Pune",648938636704673
CDR-002480,2023-01-09,19:06:54,S0012,+91-9757993748,S0007,+91-8314545093,0,DATA,TWR-0177,Bus Terminal Underground,379419116617484
CDR-002481,2024-11-01,08:07:09,S0065,+91-7911433788,S0066,+91-9665882102,0,DATA,TWR-0100,Port District Dock 7,471655664744244
CDR-002482,2024-05-13,14:09:36,S0058,+91-7497129555,S0057,+91-9859711607,0,SMS,TWR-0086,"Park Street, Kolkata",805109756843060
CDR-002483,2024-11-03,07:28:56,S0042,+91-9807385456,S0020,+91-7191685914,3220,VOICE,TWR-0105,Airport Cargo Terminal,861790860545131
CDR-002484,2023-05-05,07:38:05,S0035,+91-9574786019,S0017,+91-8160965519,2125,VOICE,TWR-0020,"Satellite, Ahmedabad",523431989461629
CDR-002485,2024-09-05,09:34:31,S0006,+91-8996093227,S0056,+91-7990411854,1397,VOICE,TWR-0099,Industrial Zone B-12,695917473461785
CDR-002486,2023-05-30,21:11:52,S0026,+91-9078465518,S0027,+91-8837911267,0,DATA,TWR-0097,"Sector 15, New Delhi",881393304909469
CDR-002487,2023-09-09,15:20:48,S0024,+91-8210847353,S0029,+91-8158983385,2671,VOICE,TWR-0004,"Indiranagar, Bangalore",773847626505643
CDR-002488,2023-02-05,21:09:48,S0043,+91-8599838760,S0032,+91-7090425118,0,SMS,TWR-0019,"Jubilee Hills, Hyderabad",459279229506212
CDR-002489,2024-06-15,13:57:59,S0022,+91-9029520745,S0021,+91-7186376562,3128,VOICE,TWR-0018,"MG Road, Bangalore",618351028591219
CDR-002490,2024-02-28,18:37:02,S0013,+91-8601012552,S0014,+91-7694080686,0,SMS,TWR-0086,"Satellite, Ahmedabad",669244925259937
CDR-002491,2023-07-23,06:19:38,S0037,+91-9353860328,S0044,+91-9971861645,0,DATA,TWR-0183,Old Market Area,339158453561103
CDR-002492,2024-05-31,01:59:45,S0072,+91-8873660196,S0029,+91-8158983385,3286,VOICE,TWR-0132,Abandoned Factory Block C,886358248062487
CDR-002493,2024-06-08,09:31:05,S0031,+91-7728836158,S0038,+91-7164583060,728,VOICE,TWR-0032,"Satellite, Ahmedabad",173976658213260
CDR-002494,2023-04-04,08:18:56,S0068,+91-7943867424,S0061,+91-7944047056,434,VOICE,TWR-0099,"Indiranagar, Bangalore",878843438611030
CDR-002495,2023-08-06,03:53:30,S0057,+91-9859711607,S0058,+91-7497129555,549,VOICE,TWR-0136,"Park Street, Kolkata",985576934952921
CDR-002496,2024-07-11,20:04:33,S0003,+91-7303959797,S0002,+91-7762376237,0,DATA,TWR-0137,"Banjara Hills, Hyderabad",127217923971997
CDR-002497,2023-06-21,14:25:36,S0054,+91-8152869473,S0056,+91-7990411854,0,SMS,TWR-0146,"Park Street, Kolkata",747161418786480
CDR-002498,2023-11-28,02:20:45,S0045,+91-7911765255,S0036,+91-8689097012,928,VOICE,TWR-0164,"Anna Nagar, Chennai",319512153980225
CDR-002499,2023-06-30,01:05:18,S0070,+91-8361473242,S0069,+91-7305439451,0,SMS,TWR-0144,Abandoned Factory Block C,202425724038237
CDR-002500,2024-02-01,02:59:55,S0077,+91-7477042007,S0076,+91-8453831805,0,SMS,TWR-0104,"Marine Drive, Mumbai",624024388527533
CDR-002501,2024-01-09,01:46:05,S0064,+91-7750198381,S0065,+91-7911433788,0,SMS,TWR-0142,"Sector 15, New Delhi",928462400300373
CDR-002502,2023-04-25,14:38:43,S0027,+91-8837911267,S0026,+91-9078465518,2914,VOICE,TWR-0034,"Banjara Hills, Hyderabad",176828263896470
CDR-002503,2023-02-06,13:13:23,S0005,+91-9533147930,S0007,+91-8314545093,2731,VOICE,TWR-0187,"Banjara Hills, Hyderabad",332993817495278
CDR-002504,2023-02-26,21:21:12,S0029,+91-8158983385,S0028,+91-8010157795,0,DATA,TWR-0039,"Koregaon Park, Pune",100137333572368
CDR-002505,2023-12-12,08:41:47,S0062,+91-7376081376,S0063,+91-8639980776,0,SMS,TWR-0057,Port District Dock 7,353649532400394
CDR-002506,2024-08-25,11:39:14,S0067,+91-8354117104,S0047,+91-8940192213,0,SMS,TWR-0180,"Sector 15, New Delhi",995548044674368
CDR-002507,2024-01-05,01:35:40,S0071,+91-9835229476,S0080,+91-9719896275,0,SMS,TWR-0111,"Gomti Nagar, Lucknow",830016627110681
CDR-002508,2024-01-15,13:08:04,S0016,+91-9192173624,S0017,+91-8160965519,0,SMS,TWR-0186,Old Market Area,427022892701065
CDR-002509,2024-10-23,21:45:55,S0050,+91-9790842177,S0037,+91-9353860328,92,VOICE,TWR-0044,"Sector 15, New Delhi",522552175170623
CDR-002510,2023-12-24,01:10:39,S0045,+91-7911765255,S0036,+91-8689097012,0,DATA,TWR-0031,River Bridge Underpass,936522117828991
CDR-002511,2023-10-15,14:36:31,S0075,+91-9023218968,S0050,+91-8427287656,0,DATA,TWR-0166,"Anna Nagar, Chennai",263671161487034
CDR-002512,2024-07-04,23:10:21,S0066,+91-9665882102,S0015,+91-8928238864,0,SMS,TWR-0164,"Velachery, Chennai",111433910184300
CDR-002513,2023-08-21,13:57:40,S0019,+91-9469240982,S0033,+91-8986477033,0,SMS,TWR-0059,"Koregaon Park, Pune",524009856851873
CDR-002514,2023-04-28,21:11:29,S0038,+91-7164583060,S0034,+91-9185263528,0,DATA,TWR-0087,"Aundh, Pune",509071138997905
CDR-002515,2023-01-19,15:31:46,S0075,+91-9242647667,S0078,+91-8505943466,0,SMS,TWR-0079,"Velachery, Chennai",578198717264856
CDR-002516,2024-10-06,03:22:48,S0033,+91-8986477033,S0042,+91-9807385456,0,DATA,TWR-0157,"Sector 15, New Delhi",686265464677099
CDR-002517,2024-11-11,10:49:05,S0021,+91-7608918981,S0020,+91-7191685914,1815,VOICE,TWR-0051,"Connaught Place, New Delhi",595046546372840
CDR-002518,2023-06-23,12:13:11,S0038,+91-9779825906,S0041,+91-8047680798,0,DATA,TWR-0052,Industrial Zone B-12,190368939796292
CDR-002519,2023-01-29,20:58:17,S0025,+91-9915424029,S0030,+91-7587753540,1423,VOICE,TWR-0018,"Velachery, Chennai",399377989436394
CDR-002520,2024-07-16,09:45:48,S0005,+91-9533147930,S0011,+91-7365548469,2276,VOICE,TWR-0030,"Andheri West, Mumbai",790811936968793
CDR-002521,2023-01-27,19:46:35,S0027,+91-8837911267,S0029,+91-8158983385,0,SMS,TWR-0109,45th Street Warehouse,588717258879830
CDR-002522,2023-10-12,14:53:01,S0014,+91-7694080686,S0022,+91-9029520745,0,DATA,TWR-0123,"Salt Lake, Kolkata",621895476499786
CDR-002523,2023-12-28,02:06:38,S0072,+91-8873660196,S0049,+91-9317730052,0,SMS,TWR-0167,Bus Terminal Underground,444194137753169
CDR-002524,2024-04-24,00:34:06,S0032,+91-7090425118,S0074,+91-9129320527,0,SMS,TWR-0044,"Gomti Nagar, Lucknow",234889598022110
CDR-002525,2023-09-14,08:40:49,S0002,+91-7762376237,S0005,+91-9533147930,0,SMS,TWR-0040,"Banjara Hills, Hyderabad",475559170845698
CDR-002526,2023-05-01,19:32:29,S0019,+91-9469240982,S0020,+91-7191685914,0,DATA,TWR-0145,Port District Dock 7,695711338554761
CDR-002527,2023-02-13,12:20:15,S0005,+91-9533147930,S0024,+91-8210847353,802,VOICE,TWR-0111,"Velachery, Chennai",926356067012769
CDR-002528,2023-10-24,00:40:32,S0070,+91-8361473242,S0069,+91-7305439451,0,SMS,TWR-0164,"Velachery, Chennai",991426749766124
CDR-002529,2023-12-03,00:27:44,S0052,+91-8821211330,S0050,+91-8427287656,3464,VOICE,TWR-0026,"Kothrud, Pune",139412587855346
CDR-002530,2023-01-26,15:53:32,S0078,+91-8505943466,S0077,+91-7477042007,0,DATA,TWR-0030,Abandoned Factory Block C,378358159339562
CDR-002531,2023-04-30,23:04:25,S0066,+91-9665882102,S0015,+91-8928238864,0,SMS,TWR-0096,"Connaught Place, New Delhi",578070642215279
CDR-002532,2023-07-04,14:53:20,S0078,+91-8505943466,S0077,+91-7477042007,933,VOICE,TWR-0122,"Aundh, Pune",650594313317861
CDR-002533,2024-02-20,11:41:33,S0006,+91-8996093227,S0005,+91-9533147930,0,SMS,TWR-0028,River Bridge Underpass,398993875215872
CDR-002534,2024-10-29,08:23:55,S0009,+91-8669674686,S0005,+91-9533147930,0,DATA,TWR-0200,"Gomti Nagar, Lucknow",533076344141931
CDR-002535,2023-03-30,21:13:36,S0071,+91-9835229476,S0080,+91-9719896275,428,VOICE,TWR-0002,"Anna Nagar, Chennai",401771620803572
CDR-002536,2023-08-09,16:50:20,S0024,+91-8210847353,S0055,+91-7906087278,0,SMS,TWR-0018,"Aundh, Pune",184722395981496
CDR-002537,2024-11-21,17:31:57,S0068,+91-7943867424,S0025,+91-9877427601,2936,VOICE,TWR-0112,Railway Station Complex,260879001792591
CDR-002538,2023-01-26,16:12:37,S0053,+91-8468512260,S0057,+91-9859711607,844,VOICE,TWR-0138,"Velachery, Chennai",990749957013310
CDR-002539,2023-12-24,15:12:10,S0030,+91-7587753540,S0040,+91-9752093579,3571,VOICE,TWR-0050,"MG Road, Bangalore",210014092239834
CDR-002540,2023-08-25,17:14:11,S0051,+91-8102313761,S0046,+91-8551797747,0,SMS,TWR-0004,"Satellite, Ahmedabad",828597685918056
CDR-002541,2024-07-14,13:19:20,S0067,+91-8185491609,S0035,+91-9574786019,0,SMS,TWR-0027,"Salt Lake, Kolkata",111005568377889
CDR-002542,2024-06-04,22:36:12,S0067,+91-8354117104,S0065,+91-7911433788,0,SMS,TWR-0172,"Jubilee Hills, Hyderabad",420130890556163
CDR-002543,2024-03-18,02:23:18,S0052,+91-8821211330,S0024,+91-8210847353,1919,VOICE,TWR-0178,"Salt Lake, Kolkata",615110653930944
CDR-002544,2024-07-31,07:06:18,S0028,+91-8010157795,S0056,+91-7990411854,2829,VOICE,TWR-0022,"Aundh, Pune",959187306950162
CDR-002545,2023-01-07,23:39:48,S0020,+91-7191685914,S0013,+91-8601012552,943,VOICE,TWR-0165,"Gomti Nagar, Lucknow",931405969921751
CDR-002546,2024-05-16,15:00:56,S0030,+91-7587753540,S0027,+91-8837911267,0,SMS,TWR-0186,"Velachery, Chennai",731477005264901
CDR-002547,2023-05-15,05:52:30,S0053,+91-8468512260,S0057,+91-9859711607,2608,VOICE,TWR-0179,Highway NH-48 Rest Stop,216267162996499
CDR-002548,2024-12-05,18:20:41,S0072,+91-8873660196,S0079,+91-8925349210,2196,VOICE,TWR-0045,"MG Road, Bangalore",547570811394128
CDR-002549,2023-11-15,02:38:45,S0063,+91-8639980776,S0062,+91-7376081376,2978,VOICE,TWR-0134,"Andheri West, Mumbai",115016939392445
CDR-002550,2024-02-28,09:08:02,S0020,+91-7191685914,S0021,+91-7186376562,0,SMS,TWR-0001,"Banjara Hills, Hyderabad",134096434686721
CDR-002551,2024-06-27,18:35:42,S0032,+91-7090425118,S0033,+91-8986477033,2746,VOICE,TWR-0157,45th Street Warehouse,777493387117230
CDR-002552,2023-06-08,06:41:35,S0070,+91-8361473242,S0069,+91-7305439451,3229,VOICE,TWR-0133,"Park Street, Kolkata",579293756799460
CDR-002553,2024-08-27,18:48:29,S0074,+91-9129320527,S0079,+91-8925349210,2991,VOICE,TWR-0199,"Anna Nagar, Chennai",593899947759813
CDR-002554,2024-03-18,05:47:58,S0022,+91-9029520745,S0015,+91-8928238864,0,DATA,TWR-0178,"Salt Lake, Kolkata",722106678160621
CDR-002555,2023-10-11,02:49:12,S0004,+91-8808948427,S0006,+91-8996093227,3481,VOICE,TWR-0001,"Civil Lines, Lucknow",592608245435660
CDR-002556,2023-05-12,10:22:31,S0014,+91-7694080686,S0021,+91-7186376562,2251,VOICE,TWR-0129,"Banjara Hills, Hyderabad",309213881514815
CDR-002557,2024-05-06,08:03:34,S0028,+91-8010157795,S0070,+91-8361473242,0,SMS,TWR-0116,"Andheri West, Mumbai",558500510012694
CDR-002558,2024-10-17,02:24:45,S0004,+91-8808948427,S0025,+91-9877427601,2896,VOICE,TWR-0143,"Kothrud, Pune",755419997202865
CDR-002559,2023-09-15,23:27:44,S0007,+91-8314545093,S0003,+91-7303959797,0,DATA,TWR-0107,"Salt Lake, Kolkata",897549362812625
CDR-002560,2024-06-03,09:54:58,S0032,+91-7090425118,S0033,+91-8986477033,1453,VOICE,TWR-0124,"Andheri West, Mumbai",904427968417748
CDR-002561,2023-10-11,12:20:59,S0064,+91-7750198381,S0047,+91-8940192213,2073,VOICE,TWR-0019,"Satellite, Ahmedabad",866896359331945
CDR-002562,2023-06-20,06:55:17,S0066,+91-9665882102,S0025,+91-9877427601,0,SMS,TWR-0097,"Marine Drive, Mumbai",246957812386131
CDR-002563,2024-05-23,23:19:02,S0035,+91-9574786019,S0031,+91-7728836158,259,VOICE,TWR-0123,Port District Dock 7,294847707003454
CDR-002564,2023-01-04,08:31:30,S0080,+91-9719896275,S0072,+91-8873660196,0,SMS,TWR-0054,Highway NH-48 Rest Stop,763268199687652
CDR-002565,2023-06-10,15:54:44,S0038,+91-7164583060,S0041,+91-8047680798,0,DATA,TWR-0141,"Sector 15, New Delhi",923201402958078
CDR-002566,2024-09-21,21:36:42,S0049,+91-9317730052,S0052,+91-8821211330,0,DATA,TWR-0001,Bus Terminal Underground,940249042425283
CDR-002567,2024-09-29,11:04:04,S0065,+91-7911433788,S0066,+91-9665882102,137,VOICE,TWR-0121,Port District Dock 7,762087965410384
CDR-002568,2023-11-24,17:17:10,S0038,+91-7164583060,S0041,+91-8047680798,0,SMS,TWR-0055,45th Street Warehouse,725146012471655
CDR-002569,2024-02-08,02:09:35,S0010,+91-8733842953,S0064,+91-7750198381,0,DATA,TWR-0081,"Velachery, Chennai",689261825795910
CDR-002570,2024-01-24,04:14:21,S0037,+91-9353860328,S0044,+91-9971861645,0,DATA,TWR-0173,Bus Terminal Underground,843081168885211
CDR-002571,2024-12-10,05:59:24,S0044,+91-9971861645,S0033,+91-8986477033,1206,VOICE,TWR-0096,"Salt Lake, Kolkata",621317120982423
CDR-002572,2024-09-26,16:26:25,S0076,+91-8453831805,S0071,+91-9835229476,1349,VOICE,TWR-0093,"Civil Lines, Lucknow",984180836199847
CDR-002573,2023-08-30,19:06:38,S0003,+91-7303959797,S0012,+91-9757993748,2243,VOICE,TWR-0162,"Koregaon Park, Pune",893119862156638
CDR-002574,2024-07-13,04:11:54,S0076,+91-8453831805,S0076,+91-8453831805,2109,VOICE,TWR-0082,"Gomti Nagar, Lucknow",140753037595712
CDR-002575,2024-06-23,16:11:55,S0037,+91-9353860328,S0032,+91-7090425118,1070,VOICE,TWR-0036,Port District Dock 7,539485720297398
CDR-002576,2023-06-11,23:50:46,S0016,+91-9192173624,S0031,+91-7728836158,0,DATA,TWR-0054,Abandoned Factory Block C,776281350035834
CDR-002577,2024-12-31,11:46:47,S0038,+91-9779825906,S0041,+91-8047680798,0,SMS,TWR-0156,"Malviya Nagar, Jaipur",134400955309860
CDR-002578,2024-05-11,04:46:26,S0006,+91-8996093227,S0005,+91-9533147930,1027,VOICE,TWR-0165,"Aundh, Pune",571862034250012
CDR-002579,2023-02-23,10:22:11,S0045,+91-7911765255,S0036,+91-8689097012,410,VOICE,TWR-0125,"Andheri West, Mumbai",782528227887396
CDR-002580,2024-09-07,13:56:44,S0047,+91-8940192213,S0026,+91-9078465518,1968,VOICE,TWR-0021,"Kothrud, Pune",631031567562731
CDR-002581,2023-11-10,12:10:41,S0041,+91-8047680798,S0035,+91-9574786019,0,SMS,TWR-0042,"Satellite, Ahmedabad",803213727770774
CDR-002582,2024-08-25,16:16:12,S0036,+91-8689097012,S0027,+91-8837911267,0,SMS,TWR-0031,"Navrangpura, Ahmedabad",537587052512302
CDR-002583,2024-09-08,00:17:49,S0050,+91-8427287656,S0049,+91-9317730052,0,SMS,TWR-0133,"Connaught Place, New Delhi",735956803715546
CDR-002584,2023-11-28,21:15:57,S0011,+91-7365548469,S0039,+91-9007576162,0,SMS,TWR-0160,"Koregaon Park, Pune",159603880687673
CDR-002585,2023-02-24,16:29:00,S0037,+91-9353860328,S0034,+91-9185263528,569,VOICE,TWR-0070,"Banjara Hills, Hyderabad",269516888855219
CDR-002586,2023-06-17,20:00:38,S0062,+91-7376081376,S0061,+91-7944047056,1951,VOICE,TWR-0015,"Andheri West, Mumbai",376620004276458
CDR-002587,2024-07-13,06:07:44,S0079,+91-8925349210,S0073,+91-8723469890,0,DATA,TWR-0008,"Navrangpura, Ahmedabad",566013890797923
CDR-002588,2024-10-29,23:32:48,S0067,+91-8354117104,S0078,+91-8505943466,0,SMS,TWR-0123,"Andheri West, Mumbai",628825233856773
CDR-002589,2024-10-04,06:18:40,S0046,+91-8551797747,S0051,+91-8102313761,1325,VOICE,TWR-0116,Airport Cargo Terminal,638344053180053
CDR-002590,2024-05-08,02:26:28,S0039,+91-9007576162,S0051,+91-8102313761,2129,VOICE,TWR-0105,"Connaught Place, New Delhi",594993826026676
CDR-002591,2024-07-29,14:17:03,S0068,+91-7943867424,S0070,+91-8361473242,0,SMS,TWR-0031,"Navrangpura, Ahmedabad",260340568995542
CDR-002592,2024-09-16,09:12:23,S0053,+91-8468512260,S0058,+91-7497129555,1653,VOICE,TWR-0071,"Kothrud, Pune",609479700135026
CDR-002593,2023-09-20,20:30:12,S0004,+91-8808948427,S0029,+91-8158983385,2666,VOICE,TWR-0027,"Jubilee Hills, Hyderabad",834938091704094
CDR-002594,2024-12-18,06:25:51,S0060,+91-9164020641,S0063,+91-8639980776,0,SMS,TWR-0064,Abandoned Factory Block C,284105953608169
CDR-002595,2023-01-20,12:56:16,S0069,+91-7305439451,S0070,+91-8361473242,0,DATA,TWR-0083,"Sector 15, New Delhi",812678048865585
CDR-002596,2024-09-07,06:10:04,S0046,+91-8551797747,S0049,+91-9317730052,3595,VOICE,TWR-0023,Port District Dock 7,455940716525899
CDR-002597,2024-04-12,11:54:27,S0018,+91-8515942742,S0002,+91-7762376237,0,SMS,TWR-0178,Port District Dock 7,620353092230889
CDR-002598,2024-08-07,07:11:06,S0055,+91-7906087278,S0057,+91-9859711607,3299,VOICE,TWR-0062,Airport Cargo Terminal,590765849943408
CDR-002599,2023-09-20,11:40:06,S0079,+91-8925349210,S0073,+91-8723469890,1838,VOICE,TWR-0097,"MG Road, Bangalore",907594839466798
CDR-002600,2023-03-21,19:27:55,S0023,+91-7870361876,S0047,+91-8940192213,1262,VOICE,TWR-0167,Abandoned Factory Block C,648132278822569
CDR-002601,2023-08-06,09:18:26,S0032,+91-7090425118,S0039,+91-9007576162,0,DATA,TWR-0095,Old Market Area,416875651959258
CDR-002602,2023-08-14,19:43:14,S0055,+91-7906087278,S0017,+91-8160965519,0,SMS,TWR-0106,"Andheri West, Mumbai",295372373256612
CDR-002603,2024-09-24,06:17:40,S0056,+91-7990411854,S0053,+91-8468512260,0,DATA,TWR-0155,"Park Street, Kolkata",437858846145414
CDR-002604,2024-10-06,15:38:51,S0027,+91-8837911267,S0028,+91-8010157795,0,SMS,TWR-0137,Industrial Zone B-12,576070768689967
CDR-002605,2023-10-18,16:33:07,S0001,+91-7731428289,S0007,+91-8314545093,3261,VOICE,TWR-0019,"Navrangpura, Ahmedabad",960972318017695
CDR-002606,2023-01-19,13:37:40,S0033,+91-8986477033,S0060,+91-9164020641,0,DATA,TWR-0036,Industrial Zone B-12,158309594576349
CDR-002607,2023-05-15,02:09:53,S0045,+91-7911765255,S0036,+91-8689097012,0,SMS,TWR-0170,45th Street Warehouse,584990475951364
CDR-002608,2024-10-16,16:00:23,S0014,+91-7694080686,S0017,+91-8160965519,642,VOICE,TWR-0001,"Navrangpura, Ahmedabad",455327449750761
CDR-002609,2023-10-05,04:38:59,S0069,+91-7305439451,S0068,+91-7943867424,2245,VOICE,TWR-0083,"Civil Lines, Lucknow",118990939903484
CDR-002610,2024-04-28,20:23:46,S0008,+91-9441183579,S0010,+91-8733842953,2038,VOICE,TWR-0088,Industrial Zone B-12,755082108418857
CDR-002611,2023-08-03,06:46:43,S0004,+91-8808948427,S0031,+91-7728836158,0,SMS,TWR-0100,"Jubilee Hills, Hyderabad",867138414522530
CDR-002612,2023-06-01,18:23:10,S0047,+91-8940192213,S0048,+91-8745666148,0,SMS,TWR-0096,"Salt Lake, Kolkata",488547638052286
CDR-002613,2024-09-08,21:08:00,S0057,+91-9859711607,S0058,+91-7497129555,3170,VOICE,TWR-0019,"Sector 15, New Delhi",867908276792142
CDR-002614,2024-06-26,00:33:02,S0045,+91-7911765255,S0036,+91-8689097012,0,SMS,TWR-0088,"Velachery, Chennai",917449014112441
CDR-002615,2024-07-28,21:56:12,S0066,+91-7288551224,S0015,+91-8928238864,2308,VOICE,TWR-0093,45th Street Warehouse,762608843139872
CDR-002616,2023-12-16,15:16:31,S0067,+91-8354117104,S0066,+91-9665882102,0,SMS,TWR-0174,Railway Station Complex,820946240386279
CDR-002617,2024-06-03,16:17:02,S0060,+91-9164020641,S0059,+91-9818587139,0,SMS,TWR-0085,"Marine Drive, Mumbai",752761132658924
CDR-002618,2023-05-10,01:39:42,S0071,+91-9835229476,S0017,+91-8160965519,1037,VOICE,TWR-0150,River Bridge Underpass,334364715370822
CDR-002619,2024-05-21,06:55:22,S0075,+91-9023218968,S0071,+91-9835229476,2519,VOICE,TWR-0039,"Koregaon Park, Pune",994446821313650
CDR-002620,2024-08-10,17:36:50,S0033,+91-8986477033,S0035,+91-9574786019,0,DATA,TWR-0168,"Malviya Nagar, Jaipur",857347685136003
CDR-002621,2024-05-15,06:32:47,S0001,+91-7731428289,S0005,+91-9533147930,0,SMS,TWR-0167,"MG Road, Bangalore",544489322154058
CDR-002622,2024-02-06,15:06:49,S0080,+91-9719896275,S0033,+91-8986477033,2717,VOICE,TWR-0124,"MG Road, Bangalore",132869346109600
CDR-002623,2024-03-06,13:21:00,S0063,+91-8639980776,S0062,+91-7376081376,0,DATA,TWR-0182,"Sector 15, New Delhi",379183799382878
CDR-002624,2024-01-31,02:54:52,S0014,+91-7694080686,S0025,+91-9877427601,0,DATA,TWR-0057,"Anna Nagar, Chennai",472142125363668
CDR-002625,2024-01-22,09:45:00,S0021,+91-7186376562,S0006,+91-8996093227,0,DATA,TWR-0141,"Salt Lake, Kolkata",267045437637652
CDR-002626,2023-11-04,13:54:27,S0072,+91-8873660196,S0031,+91-7728836158,0,SMS,TWR-0072,"Velachery, Chennai",142937284905382
CDR-002627,2023-08-31,17:53:34,S0049,+91-9317730052,S0054,+91-8152869473,0,SMS,TWR-0159,"Anna Nagar, Chennai",387818954361319
CDR-002628,2024-05-30,09:21:53,S0016,+91-7433584847,S0014,+91-7694080686,0,SMS,TWR-0137,Railway Station Complex,917869347002118
CDR-002629,2023-10-05,16:55:42,S0014,+91-7694080686,S0015,+91-8928238864,0,DATA,TWR-0110,Railway Station Complex,707253962895188
CDR-002630,2023-08-19,14:30:27,S0048,+91-8745666148,S0047,+91-8940192213,2579,VOICE,TWR-0187,"Banjara Hills, Hyderabad",763235864520173
CDR-002631,2024-09-24,22:31:56,S0036,+91-8689097012,S0078,+91-8505943466,0,SMS,TWR-0056,Railway Station Complex,695885837471460
CDR-002632,2024-07-04,00:09:44,S0037,+91-9353860328,S0044,+91-9971861645,1188,VOICE,TWR-0055,"Aundh, Pune",127926788035478
CDR-002633,2023-01-03,00:51:14,S0034,+91-9185263528,S0042,+91-9807385456,635,VOICE,TWR-0197,"Andheri West, Mumbai",480050272271895
CDR-002634,2024-12-29,03:15:12,S0034,+91-9185263528,S0042,+91-9807385456,1743,VOICE,TWR-0036,"Banjara Hills, Hyderabad",217201414041369
CDR-002635,2023-07-17,12:42:18,S0061,+91-7944047056,S0019,+91-9469240982,2081,VOICE,TWR-0122,Port District Dock 7,297349271178263
CDR-002636,2023-09-22,20:08:53,S0050,+91-8427287656,S0032,+91-7090425118,0,SMS,TWR-0164,"Sector 15, New Delhi",680429144780260
CDR-002637,2024-05-29,00:45:12,S0055,+91-7906087278,S0011,+91-7365548469,1244,VOICE,TWR-0060,"Marine Drive, Mumbai",867207081319667
CDR-002638,2024-06-12,03:50:54,S0060,+91-7569582350,S0017,+91-8160965519,0,SMS,TWR-0025,Bus Terminal Underground,244896594893695
CDR-002639,2024-04-07,04:10:13,S0011,+91-7365548469,S0007,+91-8314545093,302,VOICE,TWR-0196,"Sector 15, New Delhi",544661984222705
CDR-002640,2023-04-14,10:35:18,S0069,+91-7305439451,S0068,+91-7943867424,0,DATA,TWR-0090,Bus Terminal Underground,581583133140465
CDR-002641,2023-12-18,06:16:36,S0071,+91-9835229476,S0080,+91-9719896275,1305,VOICE,TWR-0098,"Satellite, Ahmedabad",820663599123731
CDR-002642,2024-02-02,22:48:35,S0063,+91-8639980776,S0029,+91-8158983385,1585,VOICE,TWR-0186,"Anna Nagar, Chennai",852186101520621
CDR-002643,2024-11-23,00:37:04,S0032,+91-7090425118,S0039,+91-9007576162,2524,VOICE,TWR-0166,"Marine Drive, Mumbai",595277069528407
CDR-002644,2024-10-08,08:06:03,S0010,+91-8733842953,S0006,+91-8996093227,581,VOICE,TWR-0167,"Koregaon Park, Pune",269949671090031
CDR-002645,2024-10-19,22:09:35,S0044,+91-9971861645,S0054,+91-8152869473,2893,VOICE,TWR-0176,45th Street Warehouse,358887135913149
CDR-002646,2023-05-09,21:06:17,S0030,+91-7587753540,S0065,+91-7911433788,0,DATA,TWR-0199,"Sector 15, New Delhi",308496758188116
CDR-002647,2024-02-12,01:57:01,S0071,+91-9835229476,S0066,+91-9665882102,0,SMS,TWR-0050,"Sector 15, New Delhi",702521959679955
CDR-002648,2024-08-04,07:27:27,S0008,+91-7468144718,S0010,+91-8733842953,1673,VOICE,TWR-0112,"Gomti Nagar, Lucknow",879554007102963
CDR-002649,2024-12-19,09:29:15,S0067,+91-8354117104,S0066,+91-9665882102,0,SMS,TWR-0119,"Salt Lake, Kolkata",206215160760489
CDR-002650,2023-10-20,18:11:46,S0069,+91-7305439451,S0068,+91-7943867424,1239,VOICE,TWR-0164,"Aundh, Pune",540045770827902
CDR-002651,2024-10-15,06:16:16,S0068,+91-7943867424,S0070,+91-8361473242,0,SMS,TWR-0027,"Connaught Place, New Delhi",290042304239792
CDR-002652,2024-01-22,05:05:31,S0072,+91-8873660196,S0006,+91-8996093227,1799,VOICE,TWR-0053,"Navrangpura, Ahmedabad",310822441115174
CDR-002653,2024-02-07,14:39:06,S0044,+91-9971861645,S0033,+91-8986477033,918,VOICE,TWR-0066,Port District Dock 7,801295592897091
CDR-002654,2023-07-06,04:41:55,S0057,+91-9859711607,S0033,+91-8986477033,1247,VOICE,TWR-0157,"Salt Lake, Kolkata",998779957654779
CDR-002655,2023-03-15,16:47:53,S0043,+91-8591313804,S0015,+91-8928238864,432,VOICE,TWR-0177,Industrial Zone B-12,808172004316738
CDR-002656,2023-12-01,00:15:31,S0071,+91-9835229476,S0080,+91-9719896275,2567,VOICE,TWR-0113,"Civil Lines, Lucknow",474390937474130
CDR-002657,2024-04-15,18:50:50,S0068,+91-7943867424,S0063,+91-8639980776,1226,VOICE,TWR-0140,Industrial Zone B-12,233918152850759
CDR-002658,2024-09-13,10:25:06,S0023,+91-7870361876,S0027,+91-8837911267,2219,VOICE,TWR-0033,River Bridge Underpass,507919913938243
CDR-002659,2024-01-09,09:02:27,S0017,+91-8160965519,S0022,+91-9029520745,1271,VOICE,TWR-0109,Old Market Area,497270858641214
CDR-002660,2023-04-22,01:11:13,S0040,+91-9752093579,S0041,+91-8047680798,2684,VOICE,TWR-0173,Highway NH-48 Rest Stop,739706269115170
CDR-002661,2024-06-16,09:07:00,S0011,+91-7365548469,S0035,+91-9574786019,0,SMS,TWR-0182,"Sector 15, New Delhi",211521721510155
CDR-002662,2023-11-26,14:01:25,S0018,+91-8515942742,S0016,+91-9192173624,0,SMS,TWR-0087,"Aundh, Pune",105062055216320
CDR-002663,2023-09-16,00:30:36,S0076,+91-8453831805,S0073,+91-8723469890,2160,VOICE,TWR-0050,"Sector 15, New Delhi",705576458805414
CDR-002664,2023-09-25,03:31:39,S0077,+91-7477042007,S0022,+91-9029520745,0,SMS,TWR-0100,"Banjara Hills, Hyderabad",943130237359603
CDR-002665,2024-10-17,11:36:50,S0038,+91-7164583060,S0041,+91-8047680798,2278,VOICE,TWR-0034,"Gomti Nagar, Lucknow",367963733730178
CDR-002666,2023-01-14,20:11:09,S0071,+91-9835229476,S0041,+91-8047680798,38,VOICE,TWR-0140,"Sector 15, New Delhi",965146110149295
CDR-002667,2023-12-07,07:06:14,S0071,+91-9835229476,S0080,+91-9719896275,0,SMS,TWR-0140,"Salt Lake, Kolkata",689853049888407
CDR-002668,2024-07-09,02:16:34,S0062,+91-7488244816,S0063,+91-8639980776,3132,VOICE,TWR-0189,"Anna Nagar, Chennai",287243134553721
CDR-002669,2023-04-26,13:20:08,S0027,+91-8837911267,S0076,+91-8453831805,1107,VOICE,TWR-0179,"MG Road, Bangalore",751262965902641
CDR-002670,2024-09-26,06:04:04,S0072,+91-8873660196,S0074,+91-9129320527,0,SMS,TWR-0153,"Koregaon Park, Pune",274160632505876
CDR-002671,2023-07-25,20:22:07,S0072,+91-8873660196,S0079,+91-8925349210,0,SMS,TWR-0164,Airport Cargo Terminal,648684393960122
CDR-002672,2023-05-25,08:21:47,S0035,+91-9574786019,S0028,+91-8010157795,987,VOICE,TWR-0135,"Gomti Nagar, Lucknow",612889311148541
CDR-002673,2024-10-25,18:46:25,S0020,+91-7191685914,S0029,+91-8158983385,0,SMS,TWR-0112,"MG Road, Bangalore",775395043127496
CDR-002674,2023-06-03,21:22:21,S0004,+91-8808948427,S0006,+91-8996093227,1681,VOICE,TWR-0185,"Kothrud, Pune",853503055689830
CDR-002675,2024-10-04,23:58:49,S0008,+91-7468144718,S0079,+91-8925349210,0,SMS,TWR-0048,"Andheri West, Mumbai",979044925472737
CDR-002676,2023-03-14,20:28:38,S0066,+91-9665882102,S0067,+91-8354117104,0,DATA,TWR-0122,45th Street Warehouse,677948673873504
CDR-002677,2023-10-04,21:22:06,S0036,+91-8689097012,S0041,+91-8047680798,1059,VOICE,TWR-0012,"Kothrud, Pune",296257966876274
CDR-002678,2024-11-03,06:45:00,S0054,+91-8152869473,S0053,+91-8468512260,0,SMS,TWR-0143,45th Street Warehouse,125338855360872
CDR-002679,2024-11-04,11:42:59,S0046,+91-8551797747,S0051,+91-8102313761,1833,VOICE,TWR-0038,Industrial Zone B-12,794577419428047
CDR-002680,2023-01-26,19:55:27,S0017,+91-8160965519,S0022,+91-9029520745,1104,VOICE,TWR-0154,Railway Station Complex,101614964666287
CDR-002681,2024-01-25,05:32:48,S0014,+91-7694080686,S0017,+91-8160965519,0,SMS,TWR-0076,"Malviya Nagar, Jaipur",421382453756203
CDR-002682,2024-02-07,23:41:51,S0062,+91-7488244816,S0061,+91-7944047056,0,DATA,TWR-0079,Old Market Area,979442955195813
CDR-002683,2023-06-13,10:27:32,S0055,+91-7906087278,S0058,+91-7497129555,2186,VOICE,TWR-0074,"Andheri West, Mumbai",373384917637563
CDR-002684,2024-09-09,01:04:41,S0007,+91-8314545093,S0069,+91-7305439451,2536,VOICE,TWR-0173,"Marine Drive, Mumbai",906272894355912
CDR-002685,2023-01-15,09:37:03,S0054,+91-8152869473,S0053,+91-8468512260,3178,VOICE,TWR-0174,"Jubilee Hills, Hyderabad",319275934162345
CDR-002686,2023-08-08,15:45:17,S0002,+91-7762376237,S0005,+91-9533147930,0,SMS,TWR-0193,"Anna Nagar, Chennai",664358405317700
CDR-002687,2024-02-28,20:17:45,S0062,+91-7376081376,S0059,+91-9818587139,0,DATA,TWR-0139,"Indiranagar, Bangalore",915957991992141
CDR-002688,2024-11-04,14:35:41,S0055,+91-7906087278,S0035,+91-9574786019,0,DATA,TWR-0131,"Velachery, Chennai",352385642390516
CDR-002689,2023-12-15,09:04:39,S0006,+91-8996093227,S0005,+91-9533147930,982,VOICE,TWR-0160,"Gomti Nagar, Lucknow",253383371542289
CDR-002690,2024-12-06,11:20:11,S0075,+91-9242647667,S0071,+91-9835229476,1528,VOICE,TWR-0171,Railway Station Complex,338698758740289
CDR-002691,2023-03-09,19:01:34,S0026,+91-9078465518,S0023,+91-7870361876,0,SMS,TWR-0166,"Park Street, Kolkata",702150969577534
CDR-002692,2024-07-31,10:10:22,S0057,+91-9859711607,S0047,+91-8940192213,674,VOICE,TWR-0135,"Park Street, Kolkata",314996034825455
CDR-002693,2024-09-21,16:45:27,S0032,+91-7090425118,S0020,+91-7191685914,0,DATA,TWR-0119,Railway Station Complex,191173939943587
CDR-002694,2023-10-29,07:03:05,S0067,+91-8354117104,S0065,+91-7911433788,1557,VOICE,TWR-0068,"Satellite, Ahmedabad",685204726444258
CDR-002695,2023-10-05,17:07:26,S0043,+91-8599838760,S0033,+91-8986477033,0,DATA,TWR-0053,45th Street Warehouse,973189639370547
CDR-002696,2023-04-03,19:10:02,S0062,+91-7376081376,S0063,+91-8639980776,2730,VOICE,TWR-0118,"Salt Lake, Kolkata",456223415754042
CDR-002697,2024-02-29,23:06:02,S0068,+91-7943867424,S0028,+91-8010157795,1307,VOICE,TWR-0018,Abandoned Factory Block C,603304429399440
CDR-002698,2024-03-05,00:43:20,S0073,+91-7472363736,S0004,+91-8808948427,1522,VOICE,TWR-0126,"Koregaon Park, Pune",257556847075972
CDR-002699,2024-03-28,15:25:03,S0069,+91-7305439451,S0039,+91-9007576162,2352,VOICE,TWR-0145,Bus Terminal Underground,205917501183732
CDR-002700,2023-09-05,16:25:16,S0022,+91-9029520745,S0021,+91-7186376562,3555,VOICE,TWR-0134,Old Market Area,372209399898343
CDR-002701,2023-12-02,21:13:35,S0045,+91-7911765255,S0036,+91-8689097012,2941,VOICE,TWR-0046,Port District Dock 7,880289771695539
CDR-002702,2023-03-21,03:42:00,S0067,+91-8354117104,S0066,+91-9665882102,3141,VOICE,TWR-0046,Port District Dock 7,623804330643943
CDR-002703,2024-06-10,14:59:16,S0035,+91-9574786019,S0043,+91-8599838760,828,VOICE,TWR-0180,"Marine Drive, Mumbai",331409203758696
CDR-002704,2023-02-15,13:50:51,S0013,+91-8189450306,S0014,+91-7694080686,0,SMS,TWR-0125,"Salt Lake, Kolkata",408263962270794
CDR-002705,2023-08-02,08:56:36,S0027,+91-9893729536,S0029,+91-8158983385,2972,VOICE,TWR-0072,"MG Road, Bangalore",554255972024822
CDR-002706,2023-04-01,09:47:36,S0023,+91-7870361876,S0030,+91-7587753540,0,SMS,TWR-0187,"Navrangpura, Ahmedabad",495196893607160
CDR-002707,2023-02-14,09:35:03,S0013,+91-8601012552,S0014,+91-7694080686,0,SMS,TWR-0169,"Koregaon Park, Pune",509450124297160
CDR-002708,2024-11-01,17:08:00,S0022,+91-9029520745,S0021,+91-7186376562,0,DATA,TWR-0066,"Marine Drive, Mumbai",459788944735124
CDR-002709,2024-09-19,00:37:08,S0047,+91-8940192213,S0031,+91-7728836158,22,VOICE,TWR-0168,"Gomti Nagar, Lucknow",780399754321482
CDR-002710,2024-06-02,17:54:23,S0018,+91-8515942742,S0019,+91-9469240982,0,SMS,TWR-0108,"Satellite, Ahmedabad",353852601619899
CDR-002711,2024-08-27,20:12:00,S0029,+91-8158983385,S0028,+91-8010157795,0,SMS,TWR-0040,"Satellite, Ahmedabad",789639505246240
CDR-002712,2023-12-20,13:05:29,S0073,+91-8723469890,S0039,+91-9007576162,0,SMS,TWR-0054,Airport Cargo Terminal,103713104993293
CDR-002713,2024-08-14,10:31:11,S0059,+91-9818587139,S0061,+91-7944047056,46,VOICE,TWR-0117,Abandoned Factory Block C,516890609843953
CDR-002714,2024-02-06,12:38:03,S0004,+91-8808948427,S0006,+91-8996093227,3207,VOICE,TWR-0153,Highway NH-48 Rest Stop,813632919352911
CDR-002715,2024-05-23,04:50:41,S0005,+91-9533147930,S0007,+91-8314545093,675,VOICE,TWR-0075,"Anna Nagar, Chennai",383790145033895
CDR-002716,2023-02-08,15:38:26,S0031,+91-7728836158,S0038,+91-7164583060,0,SMS,TWR-0026,Railway Station Complex,377252369923587
CDR-002717,2023-04-04,10:58:01,S0049,+91-9317730052,S0044,+91-9971861645,2948,VOICE,TWR-0013,Airport Cargo Terminal,716526036837580
CDR-002718,2024-11-26,04:23:29,S0051,+91-8102313761,S0050,+91-8427287656,1109,VOICE,TWR-0198,"Jubilee Hills, Hyderabad",423770251340389
CDR-002719,2023-01-23,05:24:45,S0043,+91-8591313804,S0044,+91-9971861645,0,SMS,TWR-0199,Old Market Area,116973950093829
CDR-002720,2024-07-11,05:51:57,S0004,+91-8808948427,S0006,+91-8996093227,0,SMS,TWR-0086,"Marine Drive, Mumbai",759834282475637
CDR-002721,2024-09-10,11:44:58,S0063,+91-8639980776,S0078,+91-8505943466,1564,VOICE,TWR-0125,"Connaught Place, New Delhi",762460840088962
CDR-002722,2024-01-20,10:24:30,S0036,+91-8689097012,S0067,+91-8354117104,0,DATA,TWR-0138,Highway NH-48 Rest Stop,771130990198985
CDR-002723,2023-01-04,20:05:29,S0059,+91-9818587139,S0044,+91-9971861645,780,VOICE,TWR-0120,"Marine Drive, Mumbai",160522950045032
CDR-002724,2023-07-12,04:26:28,S0051,+91-8102313761,S0050,+91-8427287656,0,DATA,TWR-0109,"Velachery, Chennai",915192693434230
CDR-002725,2023-10-26,11:41:47,S0021,+91-7186376562,S0048,+91-8745666148,0,SMS,TWR-0140,"Kothrud, Pune",896791469465961
CDR-002726,2023-07-18,18:17:37,S0058,+91-7497129555,S0026,+91-9078465518,644,VOICE,TWR-0111,"Anna Nagar, Chennai",280120594736894
CDR-002727,2023-03-26,07:10:01,S0022,+91-9029520745,S0021,+91-7186376562,0,DATA,TWR-0084,"Anna Nagar, Chennai",283905010090606
CDR-002728,2023-01-29,21:09:00,S0028,+91-8010157795,S0030,+91-7587753540,0,SMS,TWR-0011,Abandoned Factory Block C,873990554960223
CDR-002729,2024-08-27,05:38:15,S0013,+91-8601012552,S0039,+91-9007576162,0,SMS,TWR-0100,"Andheri West, Mumbai",129590930312412
CDR-002730,2023-12-23,01:15:35,S0067,+91-8354117104,S0066,+91-9665882102,1150,VOICE,TWR-0041,Old Market Area,790862520919403
CDR-002731,2024-07-20,08:31:48,S0025,+91-9877427601,S0030,+91-7587753540,0,SMS,TWR-0115,"Gomti Nagar, Lucknow",511189785880958
CDR-002732,2024-08-16,23:15:56,S0080,+91-9719896275,S0072,+91-8873660196,3054,VOICE,TWR-0144,"Velachery, Chennai",742193652270134
CDR-002733,2023-07-15,00:30:36,S0045,+91-7268371644,S0036,+91-8689097012,28,VOICE,TWR-0144,"Connaught Place, New Delhi",727748425830044
CDR-002734,2024-04-12,10:22:52,S0056,+91-7990411854,S0054,+91-8152869473,0,SMS,TWR-0193,"Indiranagar, Bangalore",936716186195994
CDR-002735,2024-01-07,01:30:18,S0080,+91-9719896275,S0072,+91-8873660196,0,SMS,TWR-0098,"Kothrud, Pune",848239723279660
CDR-002736,2024-11-24,13:26:03,S0018,+91-8515942742,S0019,+91-9469240982,0,SMS,TWR-0172,Old Market Area,216310402597271
CDR-002737,2024-10-31,11:02:31,S0015,+91-8928238864,S0008,+91-7468144718,298,VOICE,TWR-0169,"Connaught Place, New Delhi",573869950991813
CDR-002738,2023-11-06,17:37:02,S0065,+91-7911433788,S0066,+91-9665882102,150,VOICE,TWR-0109,Airport Cargo Terminal,291994773260785
CDR-002739,2023-01-25,15:39:43,S0037,+91-9353860328,S0042,+91-9807385456,1316,VOICE,TWR-0186,Railway Station Complex,257888258796951
CDR-002740,2023-08-01,17:25:12,S0053,+91-8468512260,S0054,+91-8152869473,296,VOICE,TWR-0183,"Civil Lines, Lucknow",994956036688934
CDR-002741,2023-09-11,23:41:08,S0016,+91-9192173624,S0014,+91-7694080686,0,SMS,TWR-0189,"Indiranagar, Bangalore",918084929805744
CDR-002742,2023-10-10,21:21:08,S0010,+91-8733842953,S0024,+91-8210847353,1824,VOICE,TWR-0141,"Andheri West, Mumbai",589613652006321
CDR-002743,2024-06-02,15:03:28,S0057,+91-9859711607,S0054,+91-8152869473,0,DATA,TWR-0060,"Marine Drive, Mumbai",929846346740956
CDR-002744,2023-02-07,03:58:24,S0004,+91-8808948427,S0006,+91-8996093227,558,VOICE,TWR-0075,"Gomti Nagar, Lucknow",110435788579604
CDR-002745,2024-06-05,17:33:44,S0048,+91-8745666148,S0050,+91-8427287656,0,SMS,TWR-0168,"Sector 15, New Delhi",414649413706368
CDR-002746,2024-12-05,02:35:56,S0033,+91-8986477033,S0042,+91-9807385456,0,SMS,TWR-0076,River Bridge Underpass,294766330169966
CDR-002747,2023-09-29,03:06:59,S0004,+91-8808948427,S0006,+91-8996093227,537,VOICE,TWR-0118,"Marine Drive, Mumbai",871304290873955
CDR-002748,2024-06-09,16:35:30,S0027,+91-8837911267,S0026,+91-9078465518,2256,VOICE,TWR-0100,"Connaught Place, New Delhi",967802503349183
CDR-002749,2023-09-29,19:01:10,S0056,+91-7990411854,S0054,+91-8152869473,938,VOICE,TWR-0019,"Banjara Hills, Hyderabad",123667001264236
CDR-002750,2024-12-02,05:40:57,S0073,+91-8723469890,S0077,+91-7477042007,271,VOICE,TWR-0059,"Satellite, Ahmedabad",229318837971360
CDR-002751,2023-06-28,17:08:39,S0014,+91-7694080686,S0016,+91-9192173624,3470,VOICE,TWR-0054,Highway NH-48 Rest Stop,793935159261454
CDR-002752,2023-01-11,23:00:11,S0025,+91-9877427601,S0030,+91-7587753540,0,DATA,TWR-0128,"Anna Nagar, Chennai",457585864735257
CDR-002753,2023-05-30,00:15:03,S0045,+91-7911765255,S0036,+91-8689097012,1801,VOICE,TWR-0188,"Marine Drive, Mumbai",829528308966036
CDR-002754,2024-06-13,15:54:32,S0040,+91-9752093579,S0042,+91-9807385456,0,SMS,TWR-0190,"Malviya Nagar, Jaipur",859141604988013
CDR-002755,2023-04-12,00:32:37,S0076,+91-8453831805,S0071,+91-9835229476,0,SMS,TWR-0157,"Kothrud, Pune",980611049878849
CDR-002756,2023-01-27,21:39:58,S0010,+91-8733842953,S0076,+91-8453831805,0,SMS,TWR-0030,"Anna Nagar, Chennai",909355811933287
CDR-002757,2024-12-18,23:24:24,S0080,+91-9719896275,S0072,+91-8873660196,0,SMS,TWR-0115,Bus Terminal Underground,444417287051765
CDR-002758,2023-12-31,09:38:13,S0010,+91-8733842953,S0008,+91-7468144718,2609,VOICE,TWR-0182,"Banjara Hills, Hyderabad",149485843647966
CDR-002759,2024-06-29,15:46:58,S0020,+91-7191685914,S0021,+91-7186376562,0,SMS,TWR-0101,Airport Cargo Terminal,717784996870150
CDR-002760,2024-10-17,04:56:22,S0009,+91-8669674686,S0005,+91-9533147930,0,DATA,TWR-0038,Airport Cargo Terminal,312821088805505
CDR-002761,2024-01-30,16:35:05,S0003,+91-7303959797,S0064,+91-7750198381,0,SMS,TWR-0003,"Velachery, Chennai",674971579959564
CDR-002762,2024-10-10,13:03:10,S0018,+91-8515942742,S0016,+91-9192173624,0,SMS,TWR-0057,"Aundh, Pune",957905726080444
CDR-002763,2023-09-12,15:44:18,S0013,+91-8189450306,S0059,+91-9818587139,1583,VOICE,TWR-0182,"Salt Lake, Kolkata",284621930590517
CDR-002764,2024-01-26,23:27:44,S0003,+91-7303959797,S0012,+91-9757993748,0,DATA,TWR-0015,Abandoned Factory Block C,733042453799377
CDR-002765,2024-07-21,09:51:43,S0054,+91-8152869473,S0055,+91-7906087278,0,SMS,TWR-0160,"Sector 15, New Delhi",739498048657239
CDR-002766,2024-06-25,15:11:52,S0024,+91-8210847353,S0029,+91-8158983385,0,DATA,TWR-0053,"Aundh, Pune",756643875674928
CDR-002767,2024-10-20,17:57:28,S0077,+91-7477042007,S0080,+91-9719896275,1758,VOICE,TWR-0184,"Banjara Hills, Hyderabad",122292401633279
CDR-002768,2024-11-26,22:09:06,S0068,+91-7943867424,S0028,+91-8010157795,0,SMS,TWR-0012,"Connaught Place, New Delhi",800194025902625
CDR-002769,2023-03-21,21:18:02,S0024,+91-8210847353,S0027,+91-8837911267,0,SMS,TWR-0199,"MG Road, Bangalore",242768338830431
CDR-002770,2024-12-16,06:33:20,S0034,+91-9185263528,S0042,+91-9807385456,0,SMS,TWR-0150,"Malviya Nagar, Jaipur",147639642702105
CDR-002771,2023-11-14,22:15:24,S0057,+91-9859711607,S0054,+91-8152869473,0,SMS,TWR-0106,"Velachery, Chennai",396707172186277
CDR-002772,2023-10-13,20:30:57,S0079,+91-8925349210,S0073,+91-8723469890,0,DATA,TWR-0024,"Park Street, Kolkata",638446163517042
CDR-002773,2023-10-13,06:51:17,S0056,+91-7990411854,S0054,+91-8152869473,3387,VOICE,TWR-0165,Bus Terminal Underground,930699069678666
CDR-002774,2023-07-01,22:36:08,S0014,+91-7694080686,S0015,+91-8928238864,1324,VOICE,TWR-0138,"Navrangpura, Ahmedabad",729319323879117
CDR-002775,2024-05-22,10:35:59,S0051,+91-8102313761,S0050,+91-8427287656,2279,VOICE,TWR-0093,Abandoned Factory Block C,631405117872518
CDR-002776,2024-11-08,17:58:43,S0048,+91-8745666148,S0042,+91-9807385456,1170,VOICE,TWR-0035,"Velachery, Chennai",683351052540147
CDR-002777,2023-08-01,17:56:03,S0014,+91-7694080686,S0015,+91-8928238864,2215,VOICE,TWR-0001,"Park Street, Kolkata",380435607764346
CDR-002778,2024-02-19,00:21:02,S0019,+91-9469240982,S0001,+91-7731428289,0,SMS,TWR-0007,"Kothrud, Pune",491247743890592
CDR-002779,2024-02-13,03:04:18,S0063,+91-8639980776,S0069,+91-7305439451,2309,VOICE,TWR-0102,"Civil Lines, Lucknow",399330497636773
CDR-002780,2024-12-24,14:30:55,S0077,+91-7477042007,S0076,+91-8453831805,2943,VOICE,TWR-0166,"Jubilee Hills, Hyderabad",876264336607518
CDR-002781,2023-12-15,09:46:41,S0022,+91-9029520745,S0057,+91-9859711607,0,SMS,TWR-0010,"Anna Nagar, Chennai",529602919102178
CDR-002782,2023-12-31,12:03:16,S0003,+91-7303959797,S0024,+91-8210847353,2400,VOICE,TWR-0024,Old Market Area,761749364187212
CDR-002783,2023-08-11,06:59:22,S0041,+91-8047680798,S0035,+91-9574786019,0,SMS,TWR-0071,"Indiranagar, Bangalore",699246994301563
CDR-002784,2023-11-08,11:03:21,S0006,+91-8996093227,S0005,+91-9533147930,1049,VOICE,TWR-0184,Bus Terminal Underground,853930933828084
CDR-002785,2024-09-27,02:15:18,S0057,+91-9859711607,S0049,+91-9317730052,2102,VOICE,TWR-0087,"Navrangpura, Ahmedabad",931096692760401
CDR-002786,2024-10-31,09:16:53,S0060,+91-7569582350,S0062,+91-7376081376,0,SMS,TWR-0005,"Sector 15, New Delhi",421453212830305
CDR-002787,2023-10-30,14:32:42,S0076,+91-8453831805,S0073,+91-8723469890,0,DATA,TWR-0021,"Banjara Hills, Hyderabad",988886729617395
CDR-002788,2024-09-15,14:53:15,S0021,+91-7186376562,S0048,+91-8745666148,186,VOICE,TWR-0097,Abandoned Factory Block C,669337932766358
CDR-002789,2024-03-07,13:07:35,S0080,+91-9719896275,S0072,+91-8873660196,2267,VOICE,TWR-0148,"Aundh, Pune",382086277879628
CDR-002790,2024-08-11,20:02:39,S0006,+91-8996093227,S0005,+91-9533147930,1640,VOICE,TWR-0051,Railway Station Complex,524477002726719
CDR-002791,2024-06-27,14:14:48,S0050,+91-8427287656,S0049,+91-9317730052,183,VOICE,TWR-0183,"Salt Lake, Kolkata",472381368256092
CDR-002792,2023-07-26,00:48:24,S0029,+91-8158983385,S0028,+91-8010157795,1968,VOICE,TWR-0154,Port District Dock 7,217553214210006
CDR-002793,2024-06-12,15:28:03,S0080,+91-9719896275,S0007,+91-8314545093,98,VOICE,TWR-0016,"Gomti Nagar, Lucknow",961479003103522
CDR-002794,2024-09-12,19:13:01,S0029,+91-8158983385,S0031,+91-7728836158,0,SMS,TWR-0166,Railway Station Complex,490757204647295
CDR-002795,2024-07-27,18:57:52,S0035,+91-9574786019,S0066,+91-9665882102,447,VOICE,TWR-0126,Highway NH-48 Rest Stop,897682398082915
CDR-002796,2024-06-22,04:50:16,S0040,+91-9752093579,S0041,+91-8047680798,0,SMS,TWR-0153,"Indiranagar, Bangalore",858091045495206
CDR-002797,2023-12-09,00:01:16,S0008,+91-7468144718,S0010,+91-8733842953,0,SMS,TWR-0049,Railway Station Complex,645118617946649
CDR-002798,2023-10-03,06:34:53,S0050,+91-8427287656,S0029,+91-8158983385,1042,VOICE,TWR-0022,"Indiranagar, Bangalore",927066538689641
CDR-002799,2024-10-18,10:01:17,S0029,+91-8158983385,S0028,+91-8010157795,0,DATA,TWR-0177,"Anna Nagar, Chennai",887516444837443
CDR-002800,2024-03-30,19:12:19,S0034,+91-9185263528,S0045,+91-7911765255,0,SMS,TWR-0175,"Indiranagar, Bangalore",657833550351667
CDR-002801,2023-01-31,02:54:49,S0061,+91-7944047056,S0062,+91-7376081376,0,SMS,TWR-0197,"MG Road, Bangalore",525423363144515
CDR-002802,2023-12-02,15:00:43,S0040,+91-9752093579,S0042,+91-9807385456,0,SMS,TWR-0052,Abandoned Factory Block C,862076873583686
CDR-002803,2024-07-24,17:15:10,S0043,+91-8599838760,S0055,+91-7906087278,1961,VOICE,TWR-0085,"Civil Lines, Lucknow",250942331284479
CDR-002804,2023-04-28,07:02:11,S0029,+91-8158983385,S0028,+91-8010157795,1855,VOICE,TWR-0002,Highway NH-48 Rest Stop,698641680185971
CDR-002805,2024-08-06,08:06:36,S0021,+91-7186376562,S0013,+91-8601012552,2739,VOICE,TWR-0093,"Salt Lake, Kolkata",611466948150208
CDR-002806,2023-11-09,21:16:05,S0048,+91-8745666148,S0044,+91-9971861645,0,DATA,TWR-0194,"Kothrud, Pune",781230117791036
CDR-002807,2023-11-02,22:52:43,S0058,+91-7497129555,S0057,+91-9859711607,699,VOICE,TWR-0013,Bus Terminal Underground,394989427953950
CDR-002808,2024-01-02,18:21:43,S0057,+91-9859711607,S0055,+91-7906087278,0,SMS,TWR-0052,"Malviya Nagar, Jaipur",897046145965466
CDR-002809,2023-03-05,09:55:24,S0002,+91-7762376237,S0005,+91-9533147930,3517,VOICE,TWR-0139,"Banjara Hills, Hyderabad",913681144918466
CDR-002810,2023-08-27,09:52:55,S0019,+91-9469240982,S0067,+91-8354117104,0,DATA,TWR-0200,"Civil Lines, Lucknow",127755043789558
CDR-002811,2024-07-16,11:34:30,S0017,+91-8160965519,S0080,+91-9719896275,1277,VOICE,TWR-0046,Port District Dock 7,168325543621595
CDR-002812,2023-11-05,15:26:55,S0020,+91-7191685914,S0021,+91-7186376562,0,SMS,TWR-0180,Railway Station Complex,806882424476865
CDR-002813,2024-12-30,16:26:03,S0080,+91-9719896275,S0072,+91-8873660196,1645,VOICE,TWR-0066,Industrial Zone B-12,649030712164165
CDR-002814,2024-07-17,16:36:22,S0022,+91-9029520745,S0015,+91-8928238864,797,VOICE,TWR-0138,"MG Road, Bangalore",238029110481762
CDR-002815,2023-08-29,19:12:25,S0052,+91-8821211330,S0046,+91-8551797747,2964,VOICE,TWR-0017,"Koregaon Park, Pune",886662001092969
CDR-002816,2024-03-01,04:22:46,S0028,+91-8010157795,S0073,+91-8723469890,1742,VOICE,TWR-0192,Industrial Zone B-12,547113229461080
CDR-002817,2024-05-06,14:19:08,S0080,+91-9719896275,S0067,+91-8354117104,0,DATA,TWR-0020,"Gomti Nagar, Lucknow",302839015840005
CDR-002818,2024-10-29,20:05:57,S0040,+91-9548278327,S0042,+91-9807385456,1740,VOICE,TWR-0176,"Andheri West, Mumbai",541828020941151
CDR-002819,2024-04-16,22:11:52,S0057,+91-9859711607,S0055,+91-7906087278,582,VOICE,TWR-0138,"Indiranagar, Bangalore",294255752362468
CDR-002820,2023-07-13,10:38:34,S0025,+91-9915424029,S0020,+91-7191685914,3111,VOICE,TWR-0199,"Andheri West, Mumbai",382751609254526
CDR-002821,2023-11-19,18:51:21,S0044,+91-9971861645,S0033,+91-8986477033,0,DATA,TWR-0017,"Satellite, Ahmedabad",475202183093107
CDR-002822,2024-03-21,16:36:36,S0011,+91-7365548469,S0035,+91-9574786019,0,SMS,TWR-0171,"Malviya Nagar, Jaipur",231696025995210
CDR-002823,2023-07-17,14:34:21,S0027,+91-8837911267,S0026,+91-9078465518,1217,VOICE,TWR-0083,"Sector 15, New Delhi",350967202309397
CDR-002824,2023-11-04,14:41:27,S0047,+91-9284549529,S0048,+91-8745666148,1852,VOICE,TWR-0153,"MG Road, Bangalore",752260758509508
CDR-002825,2024-04-27,01:32:21,S0076,+91-8453831805,S0073,+91-8723469890,957,VOICE,TWR-0123,"Sector 15, New Delhi",582554008408320
CDR-002826,2023-02-12,02:26:18,S0069,+91-7305439451,S0070,+91-8361473242,0,SMS,TWR-0056,"Banjara Hills, Hyderabad",517592397162239
CDR-002827,2024-06-11,08:23:25,S0050,+91-8427287656,S0025,+91-9877427601,0,SMS,TWR-0061,"Connaught Place, New Delhi",438107695638210
CDR-002828,2023-05-16,15:01:08,S0040,+91-9548278327,S0075,+91-9023218968,3525,VOICE,TWR-0050,"Kothrud, Pune",813549286337546
CDR-002829,2023-10-29,05:20:44,S0004,+91-8808948427,S0006,+91-8996093227,0,SMS,TWR-0036,Highway NH-48 Rest Stop,200854750047196
CDR-002830,2024-10-07,12:25:21,S0079,+91-8925349210,S0035,+91-9574786019,210,VOICE,TWR-0170,"Velachery, Chennai",167277095653477
CDR-002831,2023-04-07,05:02:20,S0074,+91-9129320527,S0072,+91-8873660196,80,VOICE,TWR-0039,Railway Station Complex,792643328707059
CDR-002832,2024-11-13,13:22:55,S0065,+91-7911433788,S0066,+91-9665882102,2551,VOICE,TWR-0077,"Velachery, Chennai",579421361848304
CDR-002833,2023-02-05,08:38:47,S0011,+91-7365548469,S0003,+91-7303959797,161,VOICE,TWR-0008,"Sector 15, New Delhi",868036045101857
CDR-002834,2023-05-02,09:59:00,S0035,+91-9574786019,S0067,+91-8354117104,0,DATA,TWR-0107,"Sector 15, New Delhi",502764491158512
CDR-002835,2023-09-30,20:54:36,S0064,+91-7750198381,S0065,+91-7911433788,0,SMS,TWR-0190,45th Street Warehouse,801791843463145
CDR-002836,2024-09-28,23:57:18,S0017,+91-8160965519,S0022,+91-9029520745,0,SMS,TWR-0018,"Navrangpura, Ahmedabad",429653253845572
CDR-002837,2024-08-10,11:01:06,S0009,+91-7154324371,S0005,+91-9533147930,0,SMS,TWR-0102,"Sector 15, New Delhi",741787948085903
CDR-002838,2023-03-26,12:23:27,S0004,+91-8808948427,S0010,+91-8733842953,0,SMS,TWR-0190,"Connaught Place, New Delhi",802635252289677
CDR-002839,2023-10-01,22:07:40,S0050,+91-8427287656,S0049,+91-9317730052,2023,VOICE,TWR-0016,"Sector 15, New Delhi",756841590317202
CDR-002840,2023-01-30,13:03:50,S0053,+91-8468512260,S0057,+91-9859711607,907,VOICE,TWR-0198,"Indiranagar, Bangalore",586443551649400
CDR-002841,2023-01-18,10:56:18,S0023,+91-7870361876,S0072,+91-8873660196,2445,VOICE,TWR-0068,"Connaught Place, New Delhi",720782874655262
CDR-002842,2023-10-17,01:09:00,S0043,+91-8599838760,S0044,+91-9971861645,3459,VOICE,TWR-0196,45th Street Warehouse,607183636913698
CDR-002843,2023-08-29,18:40:52,S0038,+91-7164583060,S0041,+91-8047680798,0,SMS,TWR-0019,Old Market Area,550785891075730
CDR-002844,2023-03-16,18:28:20,S0064,+91-7750198381,S0065,+91-7911433788,3414,VOICE,TWR-0130,Bus Terminal Underground,526417135737870
CDR-002845,2023-05-28,21:28:41,S0068,+91-7943867424,S0006,+91-8996093227,62,VOICE,TWR-0132,Industrial Zone B-12,697952477949686
CDR-002846,2023-11-29,17:37:27,S0076,+91-8453831805,S0042,+91-9807385456,0,SMS,TWR-0156,Old Market Area,150760261385792
CDR-002847,2023-02-22,13:24:23,S0025,+91-9877427601,S0030,+91-7587753540,0,SMS,TWR-0105,"Kothrud, Pune",874368182939387
CDR-002848,2024-07-18,02:49:36,S0040,+91-9752093579,S0044,+91-9971861645,3297,VOICE,TWR-0006,Railway Station Complex,493022117236815
CDR-002849,2023-09-06,14:03:51,S0016,+91-9192173624,S0002,+91-7762376237,312,VOICE,TWR-0009,"Sector 15, New Delhi",679503943434490
CDR-002850,2024-06-02,03:46:10,S0046,+91-8551797747,S0051,+91-8102313761,0,DATA,TWR-0150,"Koregaon Park, Pune",466320674315128
CDR-002851,2023-11-27,13:08:55,S0022,+91-9029520745,S0021,+91-7186376562,1771,VOICE,TWR-0069,"Park Street, Kolkata",274929451418576
CDR-002852,2023-05-05,12:08:09,S0073,+91-8723469890,S0072,+91-8873660196,0,SMS,TWR-0028,"Velachery, Chennai",585622530329239
CDR-002853,2024-09-05,14:47:24,S0015,+91-9319492719,S0020,+91-7191685914,3074,VOICE,TWR-0194,"Jubilee Hills, Hyderabad",861969853436541
CDR-002854,2023-11-02,18:47:47,S0053,+91-8468512260,S0017,+91-8160965519,0,DATA,TWR-0164,"Marine Drive, Mumbai",186711102667905
CDR-002855,2024-01-26,12:16:45,S0009,+91-7154324371,S0003,+91-7303959797,0,SMS,TWR-0100,45th Street Warehouse,310269769343821
CDR-002856,2023-10-28,08:46:08,S0029,+91-8158983385,S0028,+91-8010157795,1263,VOICE,TWR-0044,"Anna Nagar, Chennai",668927697294507
CDR-002857,2024-06-08,20:48:14,S0003,+91-7303959797,S0034,+91-9185263528,0,SMS,TWR-0088,Railway Station Complex,513444777808275
CDR-002858,2023-03-12,15:52:26,S0001,+91-7731428289,S0007,+91-8314545093,2230,VOICE,TWR-0040,"Banjara Hills, Hyderabad",601716401207014
CDR-002859,2024-04-23,10:26:16,S0063,+91-8639980776,S0062,+91-7376081376,0,DATA,TWR-0096,"Kothrud, Pune",934466403466094
CDR-002860,2023-12-11,03:18:57,S0059,+91-9818587139,S0074,+91-9129320527,2265,VOICE,TWR-0092,Old Market Area,989526272903754
CDR-002861,2023-05-24,05:00:52,S0048,+91-8745666148,S0047,+91-8940192213,398,VOICE,TWR-0033,"Satellite, Ahmedabad",259370368535499
CDR-002862,2024-07-01,02:10:27,S0034,+91-9185263528,S0062,+91-7376081376,2721,VOICE,TWR-0040,"Malviya Nagar, Jaipur",824574194456665
CDR-002863,2023-09-07,09:33:52,S0059,+91-9818587139,S0050,+91-8427287656,601,VOICE,TWR-0161,"Banjara Hills, Hyderabad",652413715782645
CDR-002864,2023-05-21,13:34:33,S0067,+91-8354117104,S0032,+91-7090425118,935,VOICE,TWR-0016,Abandoned Factory Block C,415955568990300
CDR-002865,2023-11-06,11:11:35,S0009,+91-8669674686,S0003,+91-7303959797,762,VOICE,TWR-0064,"Andheri West, Mumbai",638325369147173
CDR-002866,2024-09-23,05:01:40,S0065,+91-7911433788,S0066,+91-9665882102,3031,VOICE,TWR-0123,"Velachery, Chennai",242862039428109
CDR-002867,2024-10-28,17:13:21,S0055,+91-7906087278,S0058,+91-7497129555,0,SMS,TWR-0133,River Bridge Underpass,883438326746197
CDR-002868,2023-01-16,16:18:18,S0024,+91-9732081200,S0029,+91-8158983385,2835,VOICE,TWR-0075,"Malviya Nagar, Jaipur",528193733432681
CDR-002869,2024-08-01,14:57:34,S0058,+91-7497129555,S0057,+91-9859711607,2077,VOICE,TWR-0011,"Andheri West, Mumbai",793504529411206
CDR-002870,2023-05-12,01:39:21,S0037,+91-9353860328,S0032,+91-7090425118,394,VOICE,TWR-0124,Airport Cargo Terminal,924406122846590
CDR-002871,2023-05-22,07:39:15,S0037,+91-9353860328,S0044,+91-9971861645,0,SMS,TWR-0078,"Navrangpura, Ahmedabad",225770438701818
CDR-002872,2024-04-27,11:11:31,S0053,+91-8468512260,S0010,+91-8733842953,2782,VOICE,TWR-0106,"Kothrud, Pune",144661159718621
CDR-002873,2023-04-23,04:17:07,S0063,+91-8639980776,S0078,+91-8505943466,1520,VOICE,TWR-0117,"Jubilee Hills, Hyderabad",756284917993108
CDR-002874,2023-01-11,06:37:04,S0008,+91-7468144718,S0064,+91-7750198381,1652,VOICE,TWR-0054,"Salt Lake, Kolkata",300127738101369
CDR-002875,2023-07-31,16:14:15,S0039,+91-9007576162,S0044,+91-9971861645,0,SMS,TWR-0119,45th Street Warehouse,659421858646525
CDR-002876,2024-10-04,02:23:02,S0045,+91-7911765255,S0067,+91-8354117104,0,DATA,TWR-0128,"Gomti Nagar, Lucknow",811715844481373
CDR-002877,2024-09-08,09:18:07,S0040,+91-9752093579,S0044,+91-9971861645,701,VOICE,TWR-0060,"Andheri West, Mumbai",557131429175677
CDR-002878,2023-04-30,04:21:06,S0050,+91-8427287656,S0049,+91-9317730052,0,SMS,TWR-0105,"MG Road, Bangalore",290045972419231
CDR-002879,2024-08-25,15:12:18,S0063,+91-8639980776,S0029,+91-8158983385,0,DATA,TWR-0190,"Koregaon Park, Pune",888424461732663
CDR-002880,2024-10-17,03:43:34,S0017,+91-8160965519,S0022,+91-9029520745,0,SMS,TWR-0134,"Park Street, Kolkata",567693238049498
CDR-002881,2023-10-11,22:51:36,S0064,+91-7750198381,S0065,+91-7911433788,0,DATA,TWR-0091,"Banjara Hills, Hyderabad",593352851124861
CDR-002882,2024-05-02,16:05:29,S0077,+91-7477042007,S0076,+91-8453831805,2634,VOICE,TWR-0080,45th Street Warehouse,520278183163502
CDR-002883,2023-04-17,09:32:45,S0044,+91-9971861645,S0004,+91-8808948427,432,VOICE,TWR-0045,"Indiranagar, Bangalore",297493710574355
CDR-002884,2024-04-03,04:37:49,S0014,+91-7694080686,S0017,+91-8160965519,1063,VOICE,TWR-0094,"Banjara Hills, Hyderabad",827033973973981
CDR-002885,2024-03-17,11:40:37,S0021,+91-7186376562,S0020,+91-7191685914,0,DATA,TWR-0104,"Koregaon Park, Pune",275303009493464
CDR-002886,2023-06-07,00:51:42,S0035,+91-9574786019,S0028,+91-8010157795,762,VOICE,TWR-0071,"MG Road, Bangalore",571063438244093
CDR-002887,2023-03-05,03:53:25,S0038,+91-9779825906,S0052,+91-8821211330,2971,VOICE,TWR-0119,"Connaught Place, New Delhi",801329707020544
CDR-002888,2023-09-02,05:51:15,S0053,+91-8468512260,S0057,+91-9859711607,0,SMS,TWR-0088,"Salt Lake, Kolkata",800457583340475
CDR-002889,2024-02-11,20:41:31,S0025,+91-9877427601,S0008,+91-7468144718,0,DATA,TWR-0030,Industrial Zone B-12,964751811245908
CDR-002890,2024-02-11,09:06:13,S0043,+91-8599838760,S0067,+91-8354117104,0,DATA,TWR-0019,"Park Street, Kolkata",936208251708978
CDR-002891,2024-05-18,14:42:21,S0004,+91-8808948427,S0022,+91-9029520745,3063,VOICE,TWR-0015,Port District Dock 7,261883381546791
CDR-002892,2023-11-19,04:32:12,S0032,+91-7090425118,S0013,+91-8601012552,2472,VOICE,TWR-0152,Port District Dock 7,559078645757370
CDR-002893,2024-11-26,07:42:40,S0004,+91-8808948427,S0006,+91-8996093227,0,DATA,TWR-0046,"Marine Drive, Mumbai",344307561533812
CDR-002894,2023-05-27,20:26:18,S0011,+91-7365548469,S0006,+91-8996093227,1916,VOICE,TWR-0153,Bus Terminal Underground,737723215172520
CDR-002895,2023-03-26,17:42:00,S0025,+91-9877427601,S0063,+91-8639980776,3174,VOICE,TWR-0177,45th Street Warehouse,851741559549476
CDR-002896,2023-02-28,04:17:57,S0068,+91-7943867424,S0069,+91-7305439451,430,VOICE,TWR-0053,"Marine Drive, Mumbai",494147658037162
CDR-002897,2023-08-04,16:56:48,S0023,+91-7870361876,S0026,+91-9078465518,2027,VOICE,TWR-0070,"Koregaon Park, Pune",690286542616167
CDR-002898,2024-07-17,22:11:23,S0004,+91-8808948427,S0006,+91-8996093227,0,SMS,TWR-0105,"Marine Drive, Mumbai",902664683847010
CDR-002899,2023-11-15,04:43:32,S0022,+91-9029520745,S0015,+91-8928238864,0,SMS,TWR-0051,Industrial Zone B-12,742671366739415
CDR-002900,2023-03-21,14:02:11,S0061,+91-7944047056,S0063,+91-8639980776,0,SMS,TWR-0195,"Marine Drive, Mumbai",633204349400659
CDR-002901,2024-10-26,13:21:09,S0049,+91-9317730052,S0052,+91-8821211330,1084,VOICE,TWR-0151,Railway Station Complex,952959221270258
CDR-002902,2024-11-07,15:05:21,S0034,+91-9185263528,S0045,+91-7911765255,0,DATA,TWR-0009,"Banjara Hills, Hyderabad",331464423087364
CDR-002903,2023-10-08,14:27:14,S0042,+91-9807385456,S0033,+91-8986477033,2739,VOICE,TWR-0084,Port District Dock 7,110820728679619
CDR-002904,2024-02-19,11:39:32,S0038,+91-9779825906,S0034,+91-9185263528,3088,VOICE,TWR-0061,"Anna Nagar, Chennai",309572334234930
CDR-002905,2024-06-04,12:15:43,S0052,+91-8821211330,S0050,+91-8427287656,472,VOICE,TWR-0155,Old Market Area,867378247817220
CDR-002906,2023-05-30,04:45:36,S0059,+91-9818587139,S0061,+91-7944047056,0,SMS,TWR-0090,"Navrangpura, Ahmedabad",389633465864969
CDR-002907,2024-05-16,14:45:12,S0010,+91-8733842953,S0002,+91-7762376237,0,SMS,TWR-0042,"Anna Nagar, Chennai",390879537272579
CDR-002908,2024-08-22,20:22:31,S0047,+91-8940192213,S0067,+91-8354117104,890,VOICE,TWR-0170,"Koregaon Park, Pune",678459284987028
CDR-002909,2024-10-12,04:05:30,S0026,+91-9078465518,S0025,+91-9877427601,0,SMS,TWR-0148,"Anna Nagar, Chennai",538047373399546
CDR-002910,2024-08-25,13:26:34,S0054,+91-7823740217,S0053,+91-8468512260,1713,VOICE,TWR-0014,"Sector 15, New Delhi",309882379289287
CDR-002911,2023-01-17,10:13:39,S0019,+91-9469240982,S0013,+91-8601012552,0,DATA,TWR-0159,"Jubilee Hills, Hyderabad",140143170880755
CDR-002912,2024-11-29,04:03:29,S0031,+91-7728836158,S0058,+91-7497129555,0,SMS,TWR-0074,"Andheri West, Mumbai",298774625588960
CDR-002913,2024-12-02,14:50:30,S0064,+91-7750198381,S0030,+91-7587753540,0,SMS,TWR-0160,"Civil Lines, Lucknow",742414897315600
CDR-002914,2024-09-17,08:58:13,S0042,+91-9807385456,S0039,+91-9007576162,0,SMS,TWR-0064,"Salt Lake, Kolkata",746387127573718
CDR-002915,2023-03-29,22:27:59,S0066,+91-9665882102,S0015,+91-8928238864,3400,VOICE,TWR-0129,"Park Street, Kolkata",568880149806624
CDR-002916,2024-09-06,19:27:06,S0010,+91-8733842953,S0006,+91-8996093227,0,SMS,TWR-0068,"Sector 15, New Delhi",334026862254070
CDR-002917,2023-12-04,04:37:29,S0030,+91-7587753540,S0027,+91-8837911267,765,VOICE,TWR-0155,"Civil Lines, Lucknow",538770148475826
CDR-002918,2023-06-01,03:42:37,S0063,+91-8639980776,S0062,+91-7376081376,3283,VOICE,TWR-0090,"Navrangpura, Ahmedabad",460382742963653
CDR-002919,2024-08-03,16:06:51,S0007,+91-9992184341,S0051,+91-8102313761,1043,VOICE,TWR-0022,Old Market Area,544317223361380
CDR-002920,2023-06-27,10:46:59,S0044,+91-9971861645,S0009,+91-8669674686,0,SMS,TWR-0084,Abandoned Factory Block C,353029864605792
CDR-002921,2024-04-20,11:47:08,S0026,+91-9078465518,S0023,+91-7870361876,3461,VOICE,TWR-0148,"Salt Lake, Kolkata",937524614696251
CDR-002922,2023-05-18,23:58:11,S0040,+91-9548278327,S0062,+91-7376081376,20,VOICE,TWR-0050,Railway Station Complex,233623190067683
CDR-002923,2024-02-25,07:54:43,S0075,+91-9023218968,S0069,+91-7305439451,0,SMS,TWR-0171,Bus Terminal Underground,483053137623408
CDR-002924,2024-09-26,22:31:29,S0009,+91-8669674686,S0059,+91-9818587139,0,SMS,TWR-0153,"Salt Lake, Kolkata",758991488622868
CDR-002925,2023-10-09,11:09:13,S0057,+91-9859711607,S0054,+91-8152869473,0,SMS,TWR-0089,Industrial Zone B-12,364017177257978
CDR-002926,2023-09-15,05:38:46,S0058,+91-7497129555,S0053,+91-8468512260,0,SMS,TWR-0108,"Jubilee Hills, Hyderabad",322399547639453
CDR-002927,2023-07-05,05:17:01,S0016,+91-9192173624,S0017,+91-8160965519,0,DATA,TWR-0175,"Koregaon Park, Pune",221275469866722
CDR-002928,2024-08-13,01:01:43,S0076,+91-8453831805,S0025,+91-9877427601,957,VOICE,TWR-0053,"Park Street, Kolkata",467788588123514
CDR-002929,2023-12-01,00:32:12,S0013,+91-8601012552,S0015,+91-8928238864,0,SMS,TWR-0061,"Anna Nagar, Chennai",213853028704433
CDR-002930,2023-11-22,23:40:21,S0004,+91-8808948427,S0006,+91-8996093227,0,SMS,TWR-0173,Old Market Area,173676836105927
CDR-002931,2023-08-24,07:07:17,S0057,+91-9859711607,S0078,+91-8505943466,3116,VOICE,TWR-0115,45th Street Warehouse,889900685871849
CDR-002932,2023-11-28,11:01:14,S0046,+91-8551797747,S0028,+91-8010157795,446,VOICE,TWR-0106,"Satellite, Ahmedabad",876122669706111
CDR-002933,2023-12-16,20:03:48,S0019,+91-9469240982,S0020,+91-7191685914,2822,VOICE,TWR-0132,River Bridge Underpass,490203377932483
CDR-002934,2024-11-10,23:27:43,S0059,+91-9818587139,S0044,+91-9971861645,0,DATA,TWR-0110,Railway Station Complex,515620446160283
CDR-002935,2023-12-13,03:38:02,S0038,+91-7164583060,S0041,+91-8047680798,825,VOICE,TWR-0133,"Connaught Place, New Delhi",985734402236261
CDR-002936,2023-04-13,15:37:55,S0029,+91-8158983385,S0028,+91-8010157795,3388,VOICE,TWR-0070,"Navrangpura, Ahmedabad",609667562029406
CDR-002937,2024-05-25,09:27:14,S0003,+91-7303959797,S0002,+91-7762376237,1986,VOICE,TWR-0156,Highway NH-48 Rest Stop,295992578072817
CDR-002938,2024-11-09,14:07:18,S0014,+91-7694080686,S0017,+91-8160965519,0,SMS,TWR-0036,"Malviya Nagar, Jaipur",602495824209527
CDR-002939,2023-03-08,22:25:22,S0019,+91-9469240982,S0035,+91-9574786019,0,DATA,TWR-0166,"Salt Lake, Kolkata",599663133010867
CDR-002940,2024-05-18,09:24:40,S0071,+91-9835229476,S0058,+91-7497129555,0,DATA,TWR-0030,"Malviya Nagar, Jaipur",261928086763233
CDR-002941,2024-02-05,03:44:35,S0047,+91-8940192213,S0048,+91-8745666148,1784,VOICE,TWR-0181,"Navrangpura, Ahmedabad",406080545930701
CDR-002942,2024-03-26,15:13:29,S0007,+91-8314545093,S0003,+91-7303959797,0,SMS,TWR-0015,"Kothrud, Pune",200220030776075
CDR-002943,2024-02-23,02:02:49,S0034,+91-9185263528,S0042,+91-9807385456,0,SMS,TWR-0166,"Banjara Hills, Hyderabad",670930691843777
CDR-002944,2024-06-08,07:52:15,S0067,+91-8354117104,S0065,+91-7911433788,0,DATA,TWR-0052,River Bridge Underpass,703233993293908
CDR-002945,2024-02-24,09:00:05,S0047,+91-8940192213,S0048,+91-8745666148,2103,VOICE,TWR-0101,Old Market Area,840305477575755
CDR-002946,2023-08-21,17:45:28,S0074,+91-9129320527,S0076,+91-8453831805,2840,VOICE,TWR-0108,"Salt Lake, Kolkata",665862699891130
CDR-002947,2024-01-15,07:43:31,S0064,+91-7750198381,S0065,+91-7911433788,2613,VOICE,TWR-0194,"Banjara Hills, Hyderabad",781723817711916
CDR-002948,2024-09-22,12:15:56,S0035,+91-9574786019,S0007,+91-8314545093,0,SMS,TWR-0033,"Malviya Nagar, Jaipur",705866399093788
CDR-002949,2024-06-17,12:08:35,S0053,+91-8468512260,S0057,+91-9859711607,0,SMS,TWR-0071,"Park Street, Kolkata",753459717699964
CDR-002950,2024-12-22,04:19:19,S0027,+91-9893729536,S0079,+91-8925349210,1083,VOICE,TWR-0019,"Indiranagar, Bangalore",449053076338609
CDR-002951,2023-05-27,20:02:01,S0005,+91-9533147930,S0003,+91-7303959797,1482,VOICE,TWR-0009,"Koregaon Park, Pune",516645234047810
CDR-002952,2023-07-25,13:24:18,S0021,+91-7186376562,S0063,+91-8639980776,0,DATA,TWR-0111,"Salt Lake, Kolkata",156286540546818
CDR-002953,2023-03-20,23:28:30,S0058,+91-7497129555,S0057,+91-9859711607,0,SMS,TWR-0102,Old Market Area,498159168981652
CDR-002954,2023-10-15,14:51:35,S0013,+91-8189450306,S0020,+91-7191685914,425,VOICE,TWR-0011,"Civil Lines, Lucknow",901797888000764
CDR-002955,2023-05-27,11:34:02,S0009,+91-7154324371,S0008,+91-7468144718,0,SMS,TWR-0054,"Malviya Nagar, Jaipur",104922154412225
CDR-002956,2024-03-27,09:20:48,S0023,+91-7870361876,S0028,+91-8010157795,0,SMS,TWR-0115,"Anna Nagar, Chennai",744230564098625
CDR-002957,2024-12-11,22:30:06,S0008,+91-7468144718,S0048,+91-8745666148,119,VOICE,TWR-0127,"Indiranagar, Bangalore",890658296520523
CDR-002958,2023-08-04,08:56:35,S0038,+91-7164583060,S0034,+91-9185263528,0,DATA,TWR-0163,"Satellite, Ahmedabad",485788627168647
CDR-002959,2024-07-26,05:01:11,S0009,+91-8669674686,S0003,+91-7303959797,1211,VOICE,TWR-0011,"Park Street, Kolkata",994695040867197
CDR-002960,2024-01-10,23:15:31,S0007,+91-8314545093,S0003,+91-7303959797,0,SMS,TWR-0075,River Bridge Underpass,233710632615936
CDR-002961,2023-10-19,23:43:01,S0063,+91-8639980776,S0078,+91-8505943466,0,DATA,TWR-0182,45th Street Warehouse,892119779490317
CDR-002962,2023-06-13,03:21:01,S0059,+91-9818587139,S0061,+91-7944047056,3285,VOICE,TWR-0005,Abandoned Factory Block C,848893835867166
CDR-002963,2024-11-12,18:58:12,S0025,+91-9877427601,S0030,+91-7587753540,0,SMS,TWR-0170,Port District Dock 7,130708260458932
CDR-002964,2023-09-04,14:31:53,S0070,+91-8361473242,S0008,+91-7468144718,0,SMS,TWR-0002,Highway NH-48 Rest Stop,258117828347379
CDR-002965,2023-03-07,02:31:50,S0046,+91-8551797747,S0049,+91-9317730052,0,SMS,TWR-0049,"Indiranagar, Bangalore",608183881731692
CDR-002966,2023-01-18,05:42:33,S0024,+91-8210847353,S0027,+91-8837911267,0,SMS,TWR-0068,"Malviya Nagar, Jaipur",164828854372909
CDR-002967,2023-01-11,22:06:27,S0029,+91-8158983385,S0028,+91-8010157795,0,SMS,TWR-0007,45th Street Warehouse,800419793064339
CDR-002968,2023-08-30,20:58:59,S0047,+91-8940192213,S0018,+91-8515942742,0,SMS,TWR-0023,"Sector 15, New Delhi",641366531250428
CDR-002969,2023-10-30,19:40:10,S0029,+91-8158983385,S0028,+91-8010157795,2748,VOICE,TWR-0046,Old Market Area,749061041006148
CDR-002970,2023-07-06,00:59:27,S0050,+91-8427287656,S0049,+91-9317730052,305,VOICE,TWR-0029,45th Street Warehouse,879793847666116
CDR-002971,2024-08-31,05:08:27,S0047,+91-8940192213,S0048,+91-8745666148,21,VOICE,TWR-0015,"Indiranagar, Bangalore",999070249358288
CDR-002972,2023-06-24,03:44:18,S0071,+91-9835229476,S0060,+91-9164020641,0,SMS,TWR-0117,"Banjara Hills, Hyderabad",789383548591988
CDR-002973,2024-08-10,02:42:36,S0007,+91-8314545093,S0003,+91-7303959797,0,DATA,TWR-0054,"Anna Nagar, Chennai",878149316574657
CDR-002974,2024-06-04,02:27:36,S0036,+91-8689097012,S0034,+91-9185263528,0,DATA,TWR-0193,Abandoned Factory Block C,611026364824342
CDR-002975,2024-03-17,07:48:48,S0023,+91-7870361876,S0030,+91-7587753540,1902,VOICE,TWR-0015,"Velachery, Chennai",783701939464281
CDR-002976,2023-06-12,12:42:17,S0055,+91-7906087278,S0028,+91-8010157795,428,VOICE,TWR-0110,"Connaught Place, New Delhi",699585318727497
CDR-002977,2024-03-03,05:50:21,S0080,+91-9719896275,S0072,+91-8873660196,0,DATA,TWR-0055,"Koregaon Park, Pune",749761397586876
CDR-002978,2023-06-25,21:46:11,S0045,+91-7911765255,S0036,+91-8689097012,2976,VOICE,TWR-0154,"Marine Drive, Mumbai",738183752932610
CDR-002979,2023-08-02,15:58:59,S0039,+91-9007576162,S0010,+91-8733842953,0,SMS,TWR-0194,"Andheri West, Mumbai",725595319232267
CDR-002980,2024-05-24,15:54:34,S0023,+91-7870361876,S0030,+91-7587753540,0,SMS,TWR-0170,"Banjara Hills, Hyderabad",659190469691647
CDR-002981,2023-02-23,14:25:45,S0063,+91-8639980776,S0042,+91-9807385456,0,SMS,TWR-0199,"Kothrud, Pune",175008756733054
CDR-002982,2024-02-27,18:18:59,S0013,+91-8601012552,S0014,+91-7694080686,1874,VOICE,TWR-0043,"Connaught Place, New Delhi",525482061922244
CDR-002983,2024-12-06,14:28:11,S0079,+91-8925349210,S0073,+91-8723469890,0,SMS,TWR-0178,45th Street Warehouse,348117639644874
CDR-002984,2023-04-15,15:12:06,S0065,+91-7911433788,S0024,+91-8210847353,0,SMS,TWR-0085,"Sector 15, New Delhi",999172272337381
CDR-002985,2024-07-28,00:27:19,S0021,+91-7608918981,S0014,+91-7694080686,0,SMS,TWR-0173,Railway Station Complex,398875099150806
CDR-002986,2023-11-28,03:29:32,S0049,+91-9317730052,S0018,+91-8515942742,3573,VOICE,TWR-0119,"Civil Lines, Lucknow",809367412723714
CDR-002987,2023-10-10,13:27:37,S0012,+91-9757993748,S0011,+91-7365548469,0,SMS,TWR-0154,"Navrangpura, Ahmedabad",452571916216153
CDR-002988,2023-10-28,20:46:14,S0029,+91-8158983385,S0030,+91-7587753540,0,SMS,TWR-0155,Industrial Zone B-12,174920345745256
CDR-002989,2024-12-30,12:22:11,S0056,+91-7990411854,S0053,+91-8468512260,591,VOICE,TWR-0184,"Velachery, Chennai",865103980646313
CDR-002990,2023-04-02,18:04:42,S0042,+91-9807385456,S0033,+91-8986477033,2738,VOICE,TWR-0148,"Andheri West, Mumbai",962602303013768
CDR-002991,2023-01-27,20:33:14,S0009,+91-8669674686,S0005,+91-9533147930,0,SMS,TWR-0025,River Bridge Underpass,160571367025593
CDR-002992,2023-04-15,22:31:01,S0041,+91-8047680798,S0035,+91-9574786019,2685,VOICE,TWR-0167,"Civil Lines, Lucknow",131521029539242
CDR-002993,2023-10-25,13:01:12,S0047,+91-8940192213,S0048,+91-8745666148,0,SMS,TWR-0044,"MG Road, Bangalore",906238446678134
CDR-002994,2023-07-11,19:51:19,S0039,+91-9007576162,S0044,+91-9971861645,0,DATA,TWR-0105,"Banjara Hills, Hyderabad",742068711778492
CDR-002995,2023-02-05,13:35:24,S0005,+91-9533147930,S0071,+91-9835229476,1278,VOICE,TWR-0031,"Malviya Nagar, Jaipur",746001942855109
CDR-002996,2024-08-16,13:48:05,S0027,+91-8837911267,S0026,+91-9078465518,0,DATA,TWR-0175,"Salt Lake, Kolkata",577117911451831
CDR-002997,2023-06-25,19:43:57,S0076,+91-8453831805,S0071,+91-9835229476,0,SMS,TWR-0143,"Aundh, Pune",452597921211764
CDR-002998,2024-12-10,14:53:58,S0047,+91-8940192213,S0048,+91-8745666148,0,SMS,TWR-0034,Abandoned Factory Block C,568212150916405
CDR-002999,2024-11-19,09:10:07,S0077,+91-7477042007,S0015,+91-8928238864,2454,VOICE,TWR-0006,Bus Terminal Underground,826208204661846
CDR-003000,2023-03-20,23:57:28,S0023,+91-9115149321,S0027,+91-8837911267,568,VOICE,TWR-0160,Highway NH-48 Rest Stop,391408669099219
CDR-003001,2023-07-30,09:29:59,S0047,+91-8940192213,S0050,+91-8427287656,2466,VOICE,TWR-0050,"Satellite, Ahmedabad",843599004205754
CDR-003002,2024-12-12,09:46:42,S0055,+91-7906087278,S0054,+91-8152869473,0,SMS,TWR-0063,Railway Station Complex,928067721612540
CDR-003003,2024-06-12,03:13:28,S0061,+91-7944047056,S0068,+91-7943867424,0,SMS,TWR-0177,Bus Terminal Underground,866478596639012
CDR-003004,2024-11-15,05:49:10,S0012,+91-9757993748,S0011,+91-7365548469,858,VOICE,TWR-0069,"Navrangpura, Ahmedabad",410166073036567
CDR-003005,2023-05-29,17:49:42,S0011,+91-7365548469,S0007,+91-8314545093,2066,VOICE,TWR-0155,"Connaught Place, New Delhi",376614104477753
CDR-003006,2023-06-26,06:17:13,S0066,+91-9665882102,S0067,+91-8354117104,3021,VOICE,TWR-0130,"Jubilee Hills, Hyderabad",443666335849689
CDR-003007,2024-05-17,18:44:49,S0037,+91-9353860328,S0032,+91-7090425118,0,DATA,TWR-0144,"Park Street, Kolkata",759922822012885
CDR-003008,2024-09-29,21:31:30,S0046,+91-8551797747,S0051,+91-8102313761,74,VOICE,TWR-0162,"Anna Nagar, Chennai",431754059509755
CDR-003009,2024-07-06,23:47:32,S0022,+91-9029520745,S0021,+91-7186376562,0,DATA,TWR-0058,Bus Terminal Underground,984130299978733
CDR-003010,2023-03-02,12:25:47,S0013,+91-8601012552,S0020,+91-7191685914,0,SMS,TWR-0147,"Anna Nagar, Chennai",896245413336518
CDR-003011,2023-08-27,14:52:23,S0012,+91-9757993748,S0011,+91-7365548469,2056,VOICE,TWR-0042,"Marine Drive, Mumbai",807256910488226
CDR-003012,2023-10-22,14:42:38,S0043,+91-8599838760,S0079,+91-8925349210,724,VOICE,TWR-0099,"Andheri West, Mumbai",813677573037123
CDR-003013,2023-10-02,00:21:32,S0007,+91-8314545093,S0008,+91-7468144718,0,SMS,TWR-0169,"Salt Lake, Kolkata",420294749597324
CDR-003014,2023-05-11,04:13:59,S0044,+91-9971861645,S0033,+91-8986477033,0,SMS,TWR-0186,"Banjara Hills, Hyderabad",812676996563963
CDR-003015,2023-12-01,00:59:06,S0013,+91-8601012552,S0020,+91-7191685914,2421,VOICE,TWR-0145,"MG Road, Bangalore",421222865974491
CDR-003016,2023-10-12,21:37:10,S0066,+91-9665882102,S0076,+91-8453831805,1803,VOICE,TWR-0076,"Andheri West, Mumbai",265200946225676
CDR-003017,2024-04-03,13:08:00,S0008,+91-7468144718,S0006,+91-8996093227,1692,VOICE,TWR-0066,"Kothrud, Pune",466551339357178
CDR-003018,2024-05-11,11:16:01,S0013,+91-8601012552,S0039,+91-9007576162,2121,VOICE,TWR-0075,Railway Station Complex,280201014535297
CDR-003019,2024-09-17,08:20:59,S0041,+91-8047680798,S0035,+91-9574786019,106,VOICE,TWR-0022,"Velachery, Chennai",728370587900613
CDR-003020,2024-09-24,18:10:37,S0038,+91-7164583060,S0041,+91-8047680798,1398,VOICE,TWR-0057,"Malviya Nagar, Jaipur",649073836026354
CDR-003021,2024-01-06,09:09:06,S0063,+91-8639980776,S0062,+91-7376081376,3428,VOICE,TWR-0066,"Park Street, Kolkata",101691339950124
CDR-003022,2023-07-04,08:21:31,S0027,+91-9893729536,S0027,+91-8837911267,0,DATA,TWR-0038,"Marine Drive, Mumbai",434979293633446
CDR-003023,2024-03-15,08:36:00,S0009,+91-7154324371,S0005,+91-9533147930,665,VOICE,TWR-0155,"Satellite, Ahmedabad",805953741578677
CDR-003024,2023-01-01,19:19:56,S0072,+91-8873660196,S0059,+91-9818587139,0,DATA,TWR-0049,45th Street Warehouse,511747605621056
CDR-003025,2024-09-10,10:14:10,S0046,+91-7714270952,S0051,+91-8102313761,0,DATA,TWR-0197,"Indiranagar, Bangalore",212699422240913
CDR-003026,2024-06-12,03:23:52,S0008,+91-7468144718,S0006,+91-8996093227,2166,VOICE,TWR-0026,Port District Dock 7,777389160544818
CDR-003027,2023-05-19,23:23:37,S0080,+91-9719896275,S0072,+91-8873660196,13,VOICE,TWR-0049,"Aundh, Pune",939028682675910
CDR-003028,2024-12-30,03:35:48,S0041,+91-8047680798,S0035,+91-9574786019,0,SMS,TWR-0033,45th Street Warehouse,404427335976895
CDR-003029,2023-07-20,22:48:55,S0007,+91-9992184341,S0073,+91-8723469890,0,SMS,TWR-0009,Bus Terminal Underground,790072500327463
CDR-003030,2023-08-15,04:52:14,S0011,+91-7365548469,S0007,+91-8314545093,0,SMS,TWR-0001,Industrial Zone B-12,837838941966252
CDR-003031,2023-09-02,20:51:22,S0064,+91-7750198381,S0022,+91-9029520745,3022,VOICE,TWR-0125,"Park Street, Kolkata",252410761062150
CDR-003032,2024-08-25,15:43:00,S0011,+91-7365548469,S0022,+91-9029520745,0,DATA,TWR-0013,"Jubilee Hills, Hyderabad",740526131553108
CDR-003033,2024-10-29,22:42:01,S0065,+91-7911433788,S0023,+91-7870361876,1479,VOICE,TWR-0010,"Andheri West, Mumbai",742369842534192
CDR-003034,2023-03-29,03:16:39,S0075,+91-9023218968,S0078,+91-8505943466,0,SMS,TWR-0127,"Gomti Nagar, Lucknow",501766600799310
CDR-003035,2023-02-19,01:54:59,S0014,+91-7694080686,S0015,+91-8928238864,1530,VOICE,TWR-0006,Highway NH-48 Rest Stop,625537111467388
CDR-003036,2024-02-03,05:00:37,S0057,+91-9859711607,S0058,+91-7497129555,0,SMS,TWR-0095,"MG Road, Bangalore",121779923598335
CDR-003037,2023-11-16,08:42:26,S0028,+91-8010157795,S0025,+91-9877427601,0,SMS,TWR-0122,45th Street Warehouse,717767637961736
CDR-003038,2023-10-03,13:19:45,S0035,+91-9574786019,S0058,+91-7497129555,2064,VOICE,TWR-0100,"Navrangpura, Ahmedabad",153433091079246
CDR-003039,2023-05-18,12:01:20,S0023,+91-9115149321,S0027,+91-8837911267,3385,VOICE,TWR-0036,"Malviya Nagar, Jaipur",686927311722301
CDR-003040,2024-01-25,05:33:58,S0005,+91-9533147930,S0027,+91-8837911267,957,VOICE,TWR-0093,"Marine Drive, Mumbai",980822130517798
CDR-003041,2024-08-12,05:48:55,S0059,+91-9818587139,S0061,+91-7944047056,1340,VOICE,TWR-0101,"Banjara Hills, Hyderabad",892480545280496
CDR-003042,2023-04-05,10:48:34,S0036,+91-8689097012,S0034,+91-9185263528,1522,VOICE,TWR-0153,Airport Cargo Terminal,332272061396143
CDR-003043,2023-06-13,09:18:26,S0050,+91-9790842177,S0049,+91-9317730052,1794,VOICE,TWR-0099,Railway Station Complex,241505621838674
CDR-003044,2024-10-21,16:01:39,S0022,+91-9029520745,S0015,+91-8928238864,2413,VOICE,TWR-0092,Highway NH-48 Rest Stop,951323361112921
CDR-003045,2023-09-24,05:21:49,S0019,+91-9469240982,S0020,+91-7191685914,1505,VOICE,TWR-0116,"Satellite, Ahmedabad",522706612214904
CDR-003046,2024-12-12,23:32:58,S0035,+91-9574786019,S0031,+91-7728836158,779,VOICE,TWR-0193,Port District Dock 7,800721816580569
CDR-003047,2023-05-06,12:40:10,S0063,+91-8639980776,S0029,+91-8158983385,0,SMS,TWR-0061,Abandoned Factory Block C,737432778612720
CDR-003048,2023-11-22,10:11:34,S0078,+91-8505943466,S0073,+91-8723469890,3330,VOICE,TWR-0002,"MG Road, Bangalore",125797065185263
CDR-003049,2024-03-01,19:57:15,S0034,+91-9185263528,S0045,+91-7911765255,0,SMS,TWR-0132,"Navrangpura, Ahmedabad",693690487786568
CDR-003050,2023-11-25,09:34:20,S0048,+91-8745666148,S0065,+91-7911433788,0,SMS,TWR-0096,Highway NH-48 Rest Stop,605473038610539
CDR-003051,2023-10-27,05:53:56,S0074,+91-9129320527,S0079,+91-8925349210,0,SMS,TWR-0015,Railway Station Complex,339810801375415
CDR-003052,2024-11-19,19:13:25,S0050,+91-8427287656,S0049,+91-9317730052,1347,VOICE,TWR-0178,Abandoned Factory Block C,610173059714814
CDR-003053,2023-08-27,02:03:55,S0067,+91-8354117104,S0056,+91-7990411854,0,SMS,TWR-0086,"Gomti Nagar, Lucknow",711736511437185
CDR-003054,2023-04-21,03:54:52,S0052,+91-8821211330,S0067,+91-8354117104,0,DATA,TWR-0155,Abandoned Factory Block C,864853026442653
CDR-003055,2024-09-23,21:36:19,S0021,+91-7186376562,S0053,+91-8468512260,637,VOICE,TWR-0044,"Aundh, Pune",122823909335320
CDR-003056,2024-10-18,14:02:28,S0002,+91-7762376237,S0080,+91-9719896275,785,VOICE,TWR-0197,"Satellite, Ahmedabad",647019263700747
CDR-003057,2024-01-21,02:46:41,S0045,+91-7268371644,S0036,+91-8689097012,0,SMS,TWR-0006,"MG Road, Bangalore",451016031344562
CDR-003058,2023-10-23,02:35:03,S0053,+91-7726163005,S0057,+91-9859711607,2699,VOICE,TWR-0110,"Velachery, Chennai",697384115444344
CDR-003059,2023-09-30,01:26:57,S0002,+91-7762376237,S0012,+91-9757993748,0,DATA,TWR-0117,"MG Road, Bangalore",313472039997185
CDR-003060,2024-06-25,09:37:45,S0005,+91-9533147930,S0063,+91-8639980776,0,SMS,TWR-0152,"Marine Drive, Mumbai",623838056602124
CDR-003061,2024-03-02,20:47:37,S0061,+91-7944047056,S0030,+91-7587753540,3259,VOICE,TWR-0089,"Malviya Nagar, Jaipur",652071528797974
CDR-003062,2024-09-15,23:43:54,S0040,+91-9548278327,S0044,+91-9971861645,3342,VOICE,TWR-0075,"Marine Drive, Mumbai",769237516050965
CDR-003063,2024-01-26,02:35:51,S0060,+91-9164020641,S0059,+91-9818587139,2233,VOICE,TWR-0025,"Sector 15, New Delhi",985456207554928
CDR-003064,2023-04-13,00:13:28,S0032,+91-7090425118,S0006,+91-8996093227,0,SMS,TWR-0034,Railway Station Complex,290585380096704
CDR-003065,2023-04-09,01:18:06,S0051,+91-8102313761,S0050,+91-8427287656,0,DATA,TWR-0020,Highway NH-48 Rest Stop,926339115606152
CDR-003066,2024-01-27,16:51:52,S0049,+91-9317730052,S0054,+91-8152869473,0,SMS,TWR-0123,Airport Cargo Terminal,144659348158944
CDR-003067,2023-08-23,06:32:03,S0015,+91-8928238864,S0020,+91-7191685914,2293,VOICE,TWR-0039,"Indiranagar, Bangalore",738855391796512
CDR-003068,2024-10-08,14:03:32,S0049,+91-9317730052,S0052,+91-8821211330,502,VOICE,TWR-0038,"Park Street, Kolkata",645705120030914
CDR-003069,2024-02-04,11:30:37,S0003,+91-7303959797,S0020,+91-7191685914,1343,VOICE,TWR-0041,Old Market Area,276410364961882
CDR-003070,2023-02-21,12:03:48,S0011,+91-7365548469,S0019,+91-9469240982,2853,VOICE,TWR-0089,"Malviya Nagar, Jaipur",102221909782857
CDR-003071,2023-09-08,13:38:45,S0022,+91-9029520745,S0015,+91-8928238864,739,VOICE,TWR-0169,"Andheri West, Mumbai",460676876716524
CDR-003072,2023-01-03,05:37:39,S0037,+91-9353860328,S0044,+91-9971861645,73,VOICE,TWR-0177,"Aundh, Pune",246658691655465
CDR-003073,2023-10-14,11:11:08,S0002,+91-7762376237,S0005,+91-9533147930,0,DATA,TWR-0046,"Gomti Nagar, Lucknow",650785513229777
CDR-003074,2024-09-18,15:44:35,S0071,+91-9835229476,S0080,+91-9719896275,948,VOICE,TWR-0149,River Bridge Underpass,569969867264944
CDR-003075,2024-10-09,05:42:13,S0051,+91-8102313761,S0056,+91-7990411854,0,SMS,TWR-0112,45th Street Warehouse,773535096078888
CDR-003076,2024-09-01,11:55:45,S0009,+91-7154324371,S0006,+91-8996093227,3547,VOICE,TWR-0083,45th Street Warehouse,925180318508234
CDR-003077,2023-09-09,23:03:25,S0039,+91-9007576162,S0045,+91-7911765255,1849,VOICE,TWR-0051,"Civil Lines, Lucknow",624205772044556
CDR-003078,2023-08-09,05:18:59,S0065,+91-7911433788,S0028,+91-8010157795,0,SMS,TWR-0120,Highway NH-48 Rest Stop,579912677588095
CDR-003079,2024-08-31,10:32:43,S0042,+91-9807385456,S0039,+91-9007576162,0,SMS,TWR-0088,45th Street Warehouse,829174959415964
CDR-003080,2023-08-28,14:00:29,S0008,+91-9441183579,S0010,+91-8733842953,1707,VOICE,TWR-0145,"Koregaon Park, Pune",326584931346282
CDR-003081,2023-12-07,08:54:32,S0071,+91-9835229476,S0023,+91-7870361876,899,VOICE,TWR-0107,"Gomti Nagar, Lucknow",282299066785786
CDR-003082,2024-05-10,13:25:11,S0017,+91-8160965519,S0068,+91-7943867424,0,SMS,TWR-0163,"Jubilee Hills, Hyderabad",105964268780089
CDR-003083,2023-08-27,23:08:23,S0029,+91-8158983385,S0079,+91-8925349210,0,SMS,TWR-0019,Port District Dock 7,187808937729007
CDR-003084,2023-04-28,02:52:32,S0047,+91-8940192213,S0048,+91-8745666148,0,SMS,TWR-0136,"Park Street, Kolkata",528348413006104
CDR-003085,2024-07-15,02:40:08,S0020,+91-7191685914,S0021,+91-7186376562,468,VOICE,TWR-0119,Abandoned Factory Block C,480415582850182
CDR-003086,2024-04-04,23:12:49,S0005,+91-9533147930,S0001,+91-7731428289,1497,VOICE,TWR-0113,Airport Cargo Terminal,781734757366193
CDR-003087,2024-07-24,03:22:01,S0018,+91-8515942742,S0014,+91-7694080686,259,VOICE,TWR-0149,Bus Terminal Underground,432027879101162
CDR-003088,2023-01-15,13:39:21,S0029,+91-8158983385,S0028,+91-8010157795,1380,VOICE,TWR-0075,"Jubilee Hills, Hyderabad",824227892955285
CDR-003089,2023-06-18,14:19:46,S0053,+91-8468512260,S0058,+91-7497129555,3322,VOICE,TWR-0189,"Navrangpura, Ahmedabad",822090066572448
CDR-003090,2024-05-30,17:19:16,S0013,+91-8601012552,S0015,+91-8928238864,326,VOICE,TWR-0069,Bus Terminal Underground,586246931128485
CDR-003091,2024-01-26,04:04:42,S0038,+91-7164583060,S0041,+91-8047680798,0,DATA,TWR-0130,Railway Station Complex,919444992992580
CDR-003092,2024-12-08,19:40:07,S0065,+91-7911433788,S0009,+91-8669674686,0,SMS,TWR-0081,River Bridge Underpass,500553164516120
CDR-003093,2023-10-27,17:47:17,S0069,+91-7305439451,S0068,+91-7943867424,3597,VOICE,TWR-0131,"Kothrud, Pune",282324899032145
CDR-003094,2023-07-02,06:48:48,S0040,+91-9752093579,S0042,+91-9807385456,3272,VOICE,TWR-0089,Old Market Area,129700966285529
CDR-003095,2024-08-28,22:14:56,S0036,+91-8689097012,S0034,+91-9185263528,1641,VOICE,TWR-0195,Airport Cargo Terminal,632802877150537
CDR-003096,2023-02-02,12:36:42,S0058,+91-7497129555,S0057,+91-9859711607,0,SMS,TWR-0140,"Salt Lake, Kolkata",585394629736464
CDR-003097,2023-01-09,01:11:03,S0077,+91-7477042007,S0076,+91-8453831805,0,SMS,TWR-0033,45th Street Warehouse,931176443840044
CDR-003098,2024-02-14,07:30:19,S0045,+91-7268371644,S0077,+91-7477042007,0,SMS,TWR-0125,Industrial Zone B-12,345666744921556
CDR-003099,2024-05-16,01:09:47,S0014,+91-7694080686,S0015,+91-8928238864,508,VOICE,TWR-0025,Railway Station Complex,231700078880615
CDR-003100,2023-07-20,14:58:24,S0009,+91-8669674686,S0003,+91-7303959797,0,DATA,TWR-0145,45th Street Warehouse,239982331564299
CDR-003101,2024-07-20,18:02:22,S0044,+91-9971861645,S0033,+91-8986477033,2248,VOICE,TWR-0118,River Bridge Underpass,360060563715733
CDR-003102,2024-06-09,21:16:48,S0042,+91-9807385456,S0078,+91-8505943466,0,DATA,TWR-0090,Port District Dock 7,413682167202242
CDR-003103,2023-08-07,22:14:33,S0069,+91-7305439451,S0023,+91-7870361876,0,SMS,TWR-0051,Industrial Zone B-12,327546417058834
CDR-003104,2024-03-06,19:25:31,S0016,+91-9192173624,S0014,+91-7694080686,0,SMS,TWR-0122,"Satellite, Ahmedabad",272452786408298
CDR-003105,2024-03-26,04:58:46,S0061,+91-7944047056,S0063,+91-8639980776,0,SMS,TWR-0113,Bus Terminal Underground,942887091115087
CDR-003106,2023-05-12,19:53:53,S0046,+91-8551797747,S0049,+91-9317730052,0,DATA,TWR-0189,"Salt Lake, Kolkata",471130348785488
CDR-003107,2023-07-30,03:37:01,S0073,+91-8723469890,S0038,+91-7164583060,0,DATA,TWR-0023,"Banjara Hills, Hyderabad",952063020603352
CDR-003108,2023-04-12,18:51:21,S0070,+91-8361473242,S0069,+91-7305439451,174,VOICE,TWR-0178,Industrial Zone B-12,111015667522278
CDR-003109,2024-01-14,04:27:23,S0032,+91-7090425118,S0053,+91-8468512260,2257,VOICE,TWR-0044,"Jubilee Hills, Hyderabad",842164313006888
CDR-003110,2024-03-26,08:45:16,S0012,+91-9757993748,S0007,+91-8314545093,0,SMS,TWR-0113,"MG Road, Bangalore",854534047701664
CDR-003111,2023-01-05,16:54:04,S0038,+91-7164583060,S0034,+91-9185263528,2649,VOICE,TWR-0087,Airport Cargo Terminal,959408677151954
CDR-003112,2024-03-06,12:36:34,S0058,+91-7497129555,S0061,+91-7944047056,3559,VOICE,TWR-0054,"Park Street, Kolkata",375266177894385
CDR-003113,2023-07-21,01:26:51,S0026,+91-9078465518,S0047,+91-8940192213,1366,VOICE,TWR-0091,"Andheri West, Mumbai",669309457814469
CDR-003114,2023-01-24,16:37:12,S0049,+91-9317730052,S0052,+91-8821211330,0,DATA,TWR-0110,"Connaught Place, New Delhi",748043505725454
CDR-003115,2024-06-09,22:26:17,S0046,+91-8551797747,S0049,+91-9317730052,1683,VOICE,TWR-0189,"Aundh, Pune",534024209009601
CDR-003116,2023-01-15,09:27:58,S0033,+91-9947485574,S0042,+91-9807385456,0,SMS,TWR-0134,"Koregaon Park, Pune",458433104167389
CDR-003117,2024-11-06,05:39:26,S0075,+91-9242647667,S0050,+91-8427287656,0,DATA,TWR-0125,"Park Street, Kolkata",811767939464075
CDR-003118,2024-08-18,22:59:19,S0028,+91-8010157795,S0030,+91-7587753540,2630,VOICE,TWR-0021,"Kothrud, Pune",669650510811467
CDR-003119,2024-05-04,21:59:18,S0076,+91-8453831805,S0071,+91-9835229476,531,VOICE,TWR-0086,"Sector 15, New Delhi",623943378298671
CDR-003120,2024-12-30,16:00:10,S0047,+91-9284549529,S0048,+91-8745666148,0,SMS,TWR-0192,"Jubilee Hills, Hyderabad",563302958956701
CDR-003121,2024-09-21,08:11:10,S0017,+91-8160965519,S0022,+91-9029520745,0,SMS,TWR-0104,Bus Terminal Underground,479423580581739
CDR-003122,2024-09-21,16:46:49,S0011,+91-7365548469,S0007,+91-8314545093,0,SMS,TWR-0030,"Navrangpura, Ahmedabad",254950935967307
CDR-003123,2023-12-17,22:27:31,S0063,+91-8639980776,S0059,+91-9818587139,0,DATA,TWR-0109,Industrial Zone B-12,170490591945874
CDR-003124,2024-10-03,12:17:24,S0012,+91-9757993748,S0017,+91-8160965519,456,VOICE,TWR-0153,"Park Street, Kolkata",290848829277471
CDR-003125,2024-02-28,06:16:04,S0061,+91-7944047056,S0059,+91-9818587139,2196,VOICE,TWR-0189,"Aundh, Pune",236778762559925
CDR-003126,2023-01-13,17:14:08,S0030,+91-7587753540,S0004,+91-8808948427,0,DATA,TWR-0107,Bus Terminal Underground,596496093460301
CDR-003127,2024-07-05,05:11:05,S0042,+91-9807385456,S0039,+91-9007576162,0,SMS,TWR-0126,"Aundh, Pune",842559291215306
CDR-003128,2024-05-16,17:09:04,S0023,+91-7870361876,S0026,+91-9078465518,0,SMS,TWR-0200,"Indiranagar, Bangalore",345376026057040
CDR-003129,2024-12-22,15:08:18,S0009,+91-8669674686,S0003,+91-7303959797,0,SMS,TWR-0159,"Kothrud, Pune",582822698900393
CDR-003130,2023-03-22,08:19:06,S0029,+91-8158983385,S0028,+91-8010157795,1266,VOICE,TWR-0087,Railway Station Complex,821933486574753
CDR-003131,2023-05-19,22:14:28,S0067,+91-8185491609,S0032,+91-7090425118,0,SMS,TWR-0159,"Andheri West, Mumbai",512851078941970
CDR-003132,2023-08-30,22:05:45,S0054,+91-8152869473,S0006,+91-8996093227,959,VOICE,TWR-0097,"Andheri West, Mumbai",865727621421468
CDR-003133,2024-07-26,09:10:20,S0063,+91-8639980776,S0059,+91-9818587139,0,SMS,TWR-0032,Railway Station Complex,957841428988463
CDR-003134,2023-02-06,22:39:22,S0015,+91-8928238864,S0021,+91-7186376562,3018,VOICE,TWR-0189,Highway NH-48 Rest Stop,306237934957565
CDR-003135,2023-02-24,07:41:17,S0062,+91-7488244816,S0015,+91-8928238864,0,SMS,TWR-0112,"Salt Lake, Kolkata",416871496851365
CDR-003136,2024-06-04,18:30:12,S0056,+91-7990411854,S0013,+91-8601012552,0,SMS,TWR-0165,"Malviya Nagar, Jaipur",692170621698427
CDR-003137,2024-09-26,12:56:38,S0071,+91-9835229476,S0080,+91-9719896275,0,SMS,TWR-0123,"MG Road, Bangalore",429067934320106
CDR-003138,2024-10-24,22:17:13,S0077,+91-7477042007,S0071,+91-9835229476,0,DATA,TWR-0151,Old Market Area,819017147721186
CDR-003139,2023-07-29,04:50:19,S0074,+91-9129320527,S0013,+91-8601012552,3125,VOICE,TWR-0133,"Salt Lake, Kolkata",685719260755406
CDR-003140,2023-07-11,14:01:37,S0055,+91-7906087278,S0058,+91-7497129555,3323,VOICE,TWR-0165,"Navrangpura, Ahmedabad",155959111885318
CDR-003141,2024-03-29,14:49:06,S0041,+91-8047680798,S0034,+91-9185263528,0,SMS,TWR-0058,"Aundh, Pune",300164104593791
CDR-003142,2024-08-06,15:12:13,S0073,+91-7472363736,S0077,+91-7477042007,0,SMS,TWR-0008,"Satellite, Ahmedabad",985584763405461
CDR-003143,2024-03-10,19:45:38,S0073,+91-8723469890,S0077,+91-7477042007,1824,VOICE,TWR-0037,Old Market Area,739283337942001
CDR-003144,2023-12-10,10:55:24,S0058,+91-7497129555,S0057,+91-9859711607,2589,VOICE,TWR-0193,"MG Road, Bangalore",416092383071661
CDR-003145,2024-10-03,06:57:36,S0030,+91-7587753540,S0016,+91-9192173624,0,DATA,TWR-0143,Airport Cargo Terminal,821433537721850
CDR-003146,2023-02-02,18:55:31,S0074,+91-9129320527,S0047,+91-8940192213,3142,VOICE,TWR-0011,"Koregaon Park, Pune",133254981337221
CDR-003147,2023-09-07,17:52:26,S0023,+91-7870361876,S0030,+91-7587753540,2965,VOICE,TWR-0020,"Aundh, Pune",267875812588133
CDR-003148,2024-02-07,05:54:52,S0040,+91-9752093579,S0042,+91-9807385456,3466,VOICE,TWR-0123,Port District Dock 7,628108673509997
CDR-003149,2023-07-01,03:35:16,S0078,+91-8505943466,S0038,+91-7164583060,0,SMS,TWR-0127,"Jubilee Hills, Hyderabad",710217217702690
CDR-003150,2023-12-12,00:43:13,S0018,+91-8515942742,S0014,+91-7694080686,0,DATA,TWR-0176,"Kothrud, Pune",365649833972788
CDR-003151,2024-08-23,14:10:50,S0011,+91-7365548469,S0007,+91-8314545093,3349,VOICE,TWR-0108,Old Market Area,459147884615524
CDR-003152,2023-12-26,17:37:49,S0012,+91-9757993748,S0007,+91-8314545093,0,DATA,TWR-0082,River Bridge Underpass,698180239220902
CDR-003153,2024-01-16,16:19:53,S0056,+91-7990411854,S0056,+91-7990411854,1899,VOICE,TWR-0119,"Park Street, Kolkata",174123309821398
CDR-003154,2023-03-30,17:56:13,S0074,+91-9129320527,S0072,+91-8873660196,0,SMS,TWR-0123,"Sector 15, New Delhi",817124201684099
CDR-003155,2023-06-14,10:04:20,S0002,+91-7762376237,S0012,+91-9757993748,1258,VOICE,TWR-0114,"Gomti Nagar, Lucknow",100086740961537
CDR-003156,2024-03-06,10:26:36,S0002,+91-7762376237,S0005,+91-9533147930,0,DATA,TWR-0088,Airport Cargo Terminal,446232621143808
CDR-003157,2024-09-07,23:42:24,S0077,+91-7477042007,S0071,+91-9835229476,2098,VOICE,TWR-0070,"Malviya Nagar, Jaipur",317762187669719
CDR-003158,2024-04-27,00:55:59,S0023,+91-7870361876,S0026,+91-9078465518,0,SMS,TWR-0121,"Indiranagar, Bangalore",930792653660127
CDR-003159,2023-11-29,07:48:17,S0063,+91-8639980776,S0059,+91-9818587139,0,SMS,TWR-0067,Railway Station Complex,571247906183015
CDR-003160,2023-12-21,16:45:57,S0037,+91-9353860328,S0032,+91-7090425118,1523,VOICE,TWR-0020,"Jubilee Hills, Hyderabad",574637538655247
CDR-003161,2024-08-08,10:14:23,S0051,+91-8102313761,S0050,+91-8427287656,0,DATA,TWR-0095,Railway Station Complex,825414164634857
CDR-003162,2024-03-10,15:21:37,S0057,+91-9859711607,S0055,+91-7906087278,731,VOICE,TWR-0169,"Civil Lines, Lucknow",593588341760585
CDR-003163,2024-05-07,02:33:30,S0055,+91-7906087278,S0053,+91-8468512260,254,VOICE,TWR-0066,"Banjara Hills, Hyderabad",969793264493926
CDR-003164,2024-11-01,21:23:29,S0068,+91-7943867424,S0070,+91-8361473242,0,SMS,TWR-0100,"Malviya Nagar, Jaipur",778967664462767
CDR-003165,2023-09-09,18:24:13,S0032,+91-7090425118,S0039,+91-9007576162,0,SMS,TWR-0135,"Andheri West, Mumbai",583655489542271
CDR-003166,2023-06-03,12:34:45,S0071,+91-9835229476,S0080,+91-9719896275,2105,VOICE,TWR-0115,"Aundh, Pune",588285039004902
CDR-003167,2023-09-13,12:06:37,S0069,+91-7305439451,S0068,+91-7943867424,157,VOICE,TWR-0163,"Malviya Nagar, Jaipur",900336377056955
CDR-003168,2023-04-27,21:06:30,S0079,+91-8925349210,S0073,+91-8723469890,0,SMS,TWR-0097,"Gomti Nagar, Lucknow",771973037137629
CDR-003169,2024-09-23,12:46:29,S0052,+91-8821211330,S0050,+91-8427287656,0,SMS,TWR-0119,"Jubilee Hills, Hyderabad",910211210318994
CDR-003170,2024-04-05,14:42:53,S0020,+91-7191685914,S0021,+91-7186376562,1808,VOICE,TWR-0114,Port District Dock 7,706070453551195
CDR-003171,2024-09-15,01:39:11,S0053,+91-8468512260,S0030,+91-7587753540,0,SMS,TWR-0113,"Civil Lines, Lucknow",584368833971369
CDR-003172,2023-02-03,13:09:49,S0065,+91-7911433788,S0074,+91-9129320527,0,SMS,TWR-0072,"Marine Drive, Mumbai",577908177750936
CDR-003173,2023-06-05,10:10:54,S0021,+91-7608918981,S0018,+91-8515942742,0,SMS,TWR-0128,"Aundh, Pune",494271080865970
CDR-003174,2024-07-03,14:53:09,S0014,+91-7694080686,S0015,+91-8928238864,3094,VOICE,TWR-0055,"Jubilee Hills, Hyderabad",439060095706401
CDR-003175,2024-09-05,20:03:05,S0003,+91-7303959797,S0004,+91-8808948427,1431,VOICE,TWR-0038,Port District Dock 7,843679586250637
CDR-003176,2023-08-21,18:30:00,S0067,+91-8354117104,S0065,+91-7911433788,0,SMS,TWR-0091,"Gomti Nagar, Lucknow",109332070925443
CDR-003177,2024-10-22,11:23:47,S0004,+91-8808948427,S0006,+91-8996093227,2831,VOICE,TWR-0084,"MG Road, Bangalore",400934920480505
CDR-003178,2024-05-14,13:38:33,S0079,+91-8925349210,S0073,+91-8723469890,1124,VOICE,TWR-0074,Port District Dock 7,364416747843658
CDR-003179,2024-05-14,18:11:06,S0049,+91-9317730052,S0080,+91-9719896275,0,DATA,TWR-0155,45th Street Warehouse,614002120818442
CDR-003180,2024-11-22,03:04:45,S0019,+91-9469240982,S0020,+91-7191685914,0,DATA,TWR-0062,"Navrangpura, Ahmedabad",138439741705914
CDR-003181,2023-03-03,17:20:23,S0002,+91-7762376237,S0012,+91-9757993748,3455,VOICE,TWR-0157,"Velachery, Chennai",591901285305811
CDR-003182,2024-07-21,13:44:18,S0073,+91-7472363736,S0072,+91-8873660196,0,SMS,TWR-0003,"Park Street, Kolkata",589587319162108
CDR-003183,2023-02-25,00:55:15,S0067,+91-8354117104,S0010,+91-8733842953,0,SMS,TWR-0198,Abandoned Factory Block C,870206253626909
CDR-003184,2024-08-22,05:42:28,S0011,+91-7365548469,S0047,+91-8940192213,3547,VOICE,TWR-0067,"Civil Lines, Lucknow",500730407967171
CDR-003185,2024-07-02,22:23:33,S0056,+91-7990411854,S0053,+91-8468512260,1271,VOICE,TWR-0022,"Aundh, Pune",743801740450720
CDR-003186,2024-09-06,07:14:53,S0074,+91-9129320527,S0072,+91-8873660196,0,DATA,TWR-0062,"Satellite, Ahmedabad",456718848657360
CDR-003187,2024-11-20,15:51:02,S0056,+91-7990411854,S0053,+91-8468512260,2453,VOICE,TWR-0017,"Sector 15, New Delhi",585695687235283
CDR-003188,2023-10-26,01:29:38,S0027,+91-8837911267,S0024,+91-8210847353,0,SMS,TWR-0166,"Park Street, Kolkata",610457137348364
CDR-003189,2023-03-12,10:01:36,S0025,+91-9877427601,S0049,+91-9317730052,1291,VOICE,TWR-0113,Abandoned Factory Block C,756406377807979
CDR-003190,2023-08-29,00:16:15,S0078,+91-8505943466,S0073,+91-8723469890,0,SMS,TWR-0142,"Koregaon Park, Pune",506016385662675
CDR-003191,2023-07-14,03:53:23,S0019,+91-9469240982,S0013,+91-8601012552,2343,VOICE,TWR-0168,"Connaught Place, New Delhi",395743087315956
CDR-003192,2023-03-11,19:56:58,S0070,+91-8361473242,S0068,+91-7943867424,1118,VOICE,TWR-0004,"Malviya Nagar, Jaipur",372257435252052
CDR-003193,2024-09-29,06:47:57,S0070,+91-8361473242,S0055,+91-7906087278,0,SMS,TWR-0014,Industrial Zone B-12,519691116957218
CDR-003194,2023-06-06,08:11:36,S0033,+91-9947485574,S0042,+91-9807385456,0,DATA,TWR-0187,"Marine Drive, Mumbai",518299035537051
CDR-003195,2024-02-05,03:56:04,S0051,+91-8102313761,S0075,+91-9023218968,1482,VOICE,TWR-0025,"Jubilee Hills, Hyderabad",978260286714683
CDR-003196,2024-01-21,15:45:23,S0029,+91-8158983385,S0007,+91-8314545093,3430,VOICE,TWR-0093,"Sector 15, New Delhi",492834822237467
CDR-003197,2024-03-14,12:00:31,S0080,+91-9719896275,S0007,+91-8314545093,0,SMS,TWR-0148,"Aundh, Pune",745067478832771
CDR-003198,2024-04-17,05:31:58,S0032,+91-7090425118,S0039,+91-9007576162,0,SMS,TWR-0152,"Marine Drive, Mumbai",314704147861258
CDR-003199,2023-01-19,21:34:18,S0042,+91-9807385456,S0011,+91-7365548469,515,VOICE,TWR-0117,"Connaught Place, New Delhi",980145771633337
CDR-003200,2023-08-22,06:07:44,S0035,+91-9574786019,S0028,+91-8010157795,335,VOICE,TWR-0162,"Kothrud, Pune",247231690142359
CDR-003201,2024-10-09,20:06:19,S0056,+91-7990411854,S0053,+91-8468512260,0,SMS,TWR-0064,"Sector 15, New Delhi",704881645382769
CDR-003202,2024-06-30,00:28:32,S0032,+91-7090425118,S0033,+91-8986477033,854,VOICE,TWR-0056,Port District Dock 7,930694761873620
CDR-003203,2024-02-18,20:06:52,S0024,+91-8210847353,S0029,+91-8158983385,1613,VOICE,TWR-0137,"Marine Drive, Mumbai",841288797770977
CDR-003204,2024-08-12,23:56:32,S0043,+91-8599838760,S0006,+91-8996093227,0,DATA,TWR-0180,Highway NH-48 Rest Stop,713025901489375
CDR-003205,2023-10-04,08:02:30,S0015,+91-8928238864,S0020,+91-7191685914,0,SMS,TWR-0177,Railway Station Complex,611222797623192
CDR-003206,2024-09-26,03:52:55,S0070,+91-8361473242,S0069,+91-7305439451,3278,VOICE,TWR-0136,"Gomti Nagar, Lucknow",491306372001674
CDR-003207,2024-08-31,12:25:11,S0015,+91-9319492719,S0035,+91-9574786019,1039,VOICE,TWR-0024,"Marine Drive, Mumbai",557872872272071
CDR-003208,2024-01-06,10:34:35,S0047,+91-8940192213,S0048,+91-8745666148,0,SMS,TWR-0171,"Banjara Hills, Hyderabad",975134955374886
CDR-003209,2024-09-27,12:49:22,S0052,+91-8821211330,S0046,+91-8551797747,0,SMS,TWR-0044,Industrial Zone B-12,410222174794940
CDR-003210,2023-07-05,06:43:09,S0037,+91-9353860328,S0017,+91-8160965519,1566,VOICE,TWR-0069,"Gomti Nagar, Lucknow",448720619397781
CDR-003211,2024-07-15,18:48:48,S0079,+91-8925349210,S0073,+91-8723469890,962,VOICE,TWR-0183,"Banjara Hills, Hyderabad",842200670379238
CDR-003212,2024-10-07,07:16:09,S0048,+91-8745666148,S0026,+91-9078465518,0,SMS,TWR-0051,"Indiranagar, Bangalore",227996171404755
CDR-003213,2024-05-01,06:49:56,S0014,+91-7694080686,S0001,+91-7731428289,1221,VOICE,TWR-0148,Port District Dock 7,601717426895463
CDR-003214,2024-05-09,13:50:41,S0022,+91-9029520745,S0030,+91-7587753540,0,SMS,TWR-0105,"Satellite, Ahmedabad",489833437451908
CDR-003215,2024-10-11,11:26:08,S0067,+91-8354117104,S0066,+91-9665882102,0,SMS,TWR-0127,"Koregaon Park, Pune",694161545643090
CDR-003216,2024-05-03,05:30:55,S0058,+91-7497129555,S0057,+91-9859711607,0,SMS,TWR-0027,Railway Station Complex,490925720407489
CDR-003217,2023-05-08,18:27:05,S0053,+91-8468512260,S0054,+91-8152869473,0,SMS,TWR-0068,"Jubilee Hills, Hyderabad",239974396373944
CDR-003218,2024-08-22,04:35:20,S0012,+91-9757993748,S0007,+91-8314545093,1190,VOICE,TWR-0034,"Gomti Nagar, Lucknow",586379096895136
CDR-003219,2024-11-17,16:26:08,S0031,+91-7728836158,S0038,+91-7164583060,0,DATA,TWR-0167,Industrial Zone B-12,383636980072386
CDR-003220,2024-05-19,12:43:35,S0078,+91-8505943466,S0039,+91-9007576162,3458,VOICE,TWR-0025,Airport Cargo Terminal,529158970849836
CDR-003221,2023-11-02,02:47:19,S0079,+91-8925349210,S0073,+91-8723469890,0,DATA,TWR-0059,"Aundh, Pune",579024038331159
CDR-003222,2024-05-18,18:27:11,S0067,+91-8354117104,S0066,+91-9665882102,286,VOICE,TWR-0002,"Velachery, Chennai",746092408263195
CDR-003223,2023-04-15,11:20:45,S0048,+91-8745666148,S0046,+91-8551797747,2392,VOICE,TWR-0072,"Kothrud, Pune",877517316064700
CDR-003224,2023-02-07,17:00:10,S0046,+91-8551797747,S0051,+91-8102313761,0,SMS,TWR-0110,Railway Station Complex,682611750817692
CDR-003225,2024-07-07,11:19:14,S0007,+91-8314545093,S0008,+91-7468144718,2173,VOICE,TWR-0120,Old Market Area,834242678258212
CDR-003226,2024-01-30,10:01:46,S0003,+91-7303959797,S0078,+91-8505943466,1032,VOICE,TWR-0061,"Sector 15, New Delhi",107716608815273
CDR-003227,2024-09-21,01:43:56,S0049,+91-9317730052,S0054,+91-8152869473,2100,VOICE,TWR-0132,"Velachery, Chennai",337568517201618
CDR-003228,2023-07-07,06:03:20,S0007,+91-8314545093,S0003,+91-7303959797,0,SMS,TWR-0057,Airport Cargo Terminal,790297566495423
CDR-003229,2023-12-06,21:18:15,S0042,+91-9807385456,S0033,+91-8986477033,201,VOICE,TWR-0060,"Indiranagar, Bangalore",468586408977453
CDR-003230,2023-08-03,20:30:37,S0019,+91-9469240982,S0013,+91-8601012552,0,DATA,TWR-0197,"Koregaon Park, Pune",515631902872892
CDR-003231,2024-03-06,02:09:24,S0013,+91-8601012552,S0014,+91-7694080686,2599,VOICE,TWR-0016,Old Market Area,786868459373351
CDR-003232,2023-04-02,09:24:24,S0072,+91-8873660196,S0079,+91-8925349210,0,SMS,TWR-0030,River Bridge Underpass,535444625620164
CDR-003233,2024-03-20,13:22:07,S0038,+91-7164583060,S0041,+91-8047680798,1724,VOICE,TWR-0013,45th Street Warehouse,957039154748623
CDR-003234,2023-05-11,19:39:41,S0021,+91-7186376562,S0013,+91-8601012552,0,SMS,TWR-0169,"Anna Nagar, Chennai",313177125122328
CDR-003235,2024-07-04,23:31:48,S0067,+91-8354117104,S0064,+91-7750198381,2449,VOICE,TWR-0147,"Koregaon Park, Pune",733086360028861
CDR-003236,2023-11-26,06:24:20,S0073,+91-8723469890,S0077,+91-7477042007,2448,VOICE,TWR-0114,"Andheri West, Mumbai",548275852912000
CDR-003237,2023-12-08,15:51:40,S0047,+91-8940192213,S0048,+91-8745666148,0,SMS,TWR-0110,"Velachery, Chennai",576730236618687
CDR-003238,2023-05-11,22:50:35,S0045,+91-7911765255,S0008,+91-7468144718,297,VOICE,TWR-0165,Highway NH-48 Rest Stop,887937231593193
CDR-003239,2023-11-05,10:27:29,S0067,+91-8354117104,S0065,+91-7911433788,0,SMS,TWR-0086,"Koregaon Park, Pune",973148279398234
CDR-003240,2023-08-25,22:30:59,S0043,+91-8599838760,S0059,+91-9818587139,0,DATA,TWR-0052,"Satellite, Ahmedabad",243210071537702
CDR-003241,2024-12-06,09:03:43,S0047,+91-8940192213,S0048,+91-8745666148,3099,VOICE,TWR-0017,"Indiranagar, Bangalore",651899273887608
CDR-003242,2024-03-18,19:23:25,S0026,+91-9078465518,S0025,+91-9877427601,0,SMS,TWR-0145,Port District Dock 7,927385561725737
CDR-003243,2023-11-25,15:07:03,S0020,+91-7191685914,S0033,+91-8986477033,436,VOICE,TWR-0012,Industrial Zone B-12,186508844748268
CDR-003244,2023-05-24,07:37:59,S0005,+91-9533147930,S0003,+91-7303959797,2389,VOICE,TWR-0094,"Park Street, Kolkata",208684915651204
CDR-003245,2023-04-12,09:31:49,S0054,+91-7823740217,S0058,+91-7497129555,0,DATA,TWR-0105,Airport Cargo Terminal,806961197610348
CDR-003246,2023-11-24,07:23:16,S0018,+91-8515942742,S0019,+91-9469240982,1949,VOICE,TWR-0166,"Marine Drive, Mumbai",462367536111009
CDR-003247,2024-05-27,01:10:25,S0016,+91-9192173624,S0051,+91-8102313761,0,SMS,TWR-0021,Industrial Zone B-12,819300183301140
CDR-003248,2023-07-20,06:22:03,S0046,+91-8551797747,S0013,+91-8601012552,0,SMS,TWR-0049,"Banjara Hills, Hyderabad",992946701810430
CDR-003249,2024-07-30,06:51:17,S0035,+91-9574786019,S0031,+91-7728836158,359,VOICE,TWR-0088,"Andheri West, Mumbai",739027065035453
CDR-003250,2023-10-28,12:24:20,S0059,+91-9818587139,S0061,+91-7944047056,1391,VOICE,TWR-0144,Railway Station Complex,592063533815839
CDR-003251,2023-10-19,00:47:50,S0021,+91-7186376562,S0020,+91-7191685914,0,SMS,TWR-0004,"Malviya Nagar, Jaipur",955517164029479
CDR-003252,2024-12-13,20:24:49,S0079,+91-8925349210,S0073,+91-8723469890,1793,VOICE,TWR-0146,"Salt Lake, Kolkata",743375662037144
CDR-003253,2024-08-04,10:34:22,S0078,+91-8505943466,S0073,+91-8723469890,0,DATA,TWR-0175,"Andheri West, Mumbai",537722763951068
CDR-003254,2023-05-26,10:31:29,S0016,+91-9192173624,S0021,+91-7186376562,377,VOICE,TWR-0029,"Velachery, Chennai",685143453336142
CDR-003255,2023-06-19,17:14:24,S0051,+91-8102313761,S0058,+91-7497129555,145,VOICE,TWR-0199,Airport Cargo Terminal,780647489745990
CDR-003256,2024-01-13,19:38:12,S0052,+91-8821211330,S0046,+91-8551797747,0,SMS,TWR-0055,"MG Road, Bangalore",533706179346398
CDR-003257,2023-11-09,22:25:07,S0021,+91-7186376562,S0008,+91-7468144718,0,SMS,TWR-0053,Port District Dock 7,926477990840547
CDR-003258,2024-03-25,18:01:56,S0047,+91-9284549529,S0048,+91-8745666148,0,SMS,TWR-0053,Industrial Zone B-12,969802436581706
CDR-003259,2023-12-05,19:57:08,S0019,+91-9469240982,S0014,+91-7694080686,0,SMS,TWR-0156,"Aundh, Pune",473507487212867
CDR-003260,2023-10-11,12:08:22,S0067,+91-8185491609,S0064,+91-7750198381,0,SMS,TWR-0044,"Indiranagar, Bangalore",587786085327105
CDR-003261,2023-02-15,09:55:21,S0006,+91-8996093227,S0005,+91-9533147930,0,SMS,TWR-0185,Railway Station Complex,758369604708820
CDR-003262,2024-07-25,12:41:39,S0015,+91-8928238864,S0020,+91-7191685914,0,SMS,TWR-0181,"Navrangpura, Ahmedabad",399761549446966
CDR-003263,2023-09-18,02:37:38,S0062,+91-7376081376,S0063,+91-8639980776,753,VOICE,TWR-0106,"Koregaon Park, Pune",252735274346860
CDR-003264,2023-12-15,07:42:51,S0041,+91-8047680798,S0035,+91-9574786019,0,DATA,TWR-0102,"Sector 15, New Delhi",425652354261306
CDR-003265,2023-10-11,05:01:58,S0017,+91-8160965519,S0022,+91-9029520745,0,SMS,TWR-0147,Old Market Area,550545722843008
CDR-003266,2024-05-30,06:26:30,S0068,+91-7943867424,S0028,+91-8010157795,0,SMS,TWR-0141,45th Street Warehouse,214961452269262
CDR-003267,2024-07-03,01:25:28,S0022,+91-9029520745,S0015,+91-8928238864,0,SMS,TWR-0001,"Anna Nagar, Chennai",784523332106452
CDR-003268,2024-12-03,11:35:01,S0060,+91-9164020641,S0063,+91-8639980776,2555,VOICE,TWR-0121,"Banjara Hills, Hyderabad",340069986129331
CDR-003269,2023-07-28,08:42:38,S0031,+91-7728836158,S0038,+91-7164583060,0,SMS,TWR-0001,"Satellite, Ahmedabad",157906421013685
CDR-003270,2023-07-04,13:23:27,S0040,+91-9752093579,S0031,+91-7728836158,817,VOICE,TWR-0127,"Jubilee Hills, Hyderabad",870847997766574
CDR-003271,2023-12-11,13:56:14,S0015,+91-9319492719,S0018,+91-8515942742,0,DATA,TWR-0107,"Civil Lines, Lucknow",959618140887342
CDR-003272,2023-04-04,21:39:27,S0033,+91-9947485574,S0009,+91-8669674686,0,SMS,TWR-0157,"Koregaon Park, Pune",707295434589192
CDR-003273,2024-01-12,11:01:06,S0039,+91-9007576162,S0044,+91-9971861645,874,VOICE,TWR-0158,"Sector 15, New Delhi",332327652235442
CDR-003274,2023-12-17,07:08:08,S0040,+91-9752093579,S0044,+91-9971861645,0,SMS,TWR-0098,"Connaught Place, New Delhi",199031191846228
CDR-003275,2023-11-29,06:08:40,S0027,+91-8837911267,S0026,+91-9078465518,0,SMS,TWR-0164,"Jubilee Hills, Hyderabad",256728564465126
CDR-003276,2024-09-01,16:16:10,S0042,+91-9807385456,S0039,+91-9007576162,0,SMS,TWR-0055,Old Market Area,771136982687559
CDR-003277,2023-12-21,06:25:05,S0053,+91-8468512260,S0054,+91-8152869473,0,SMS,TWR-0128,"Sector 15, New Delhi",869404647400711
CDR-003278,2023-03-20,11:46:37,S0050,+91-9790842177,S0049,+91-9317730052,1155,VOICE,TWR-0079,"Civil Lines, Lucknow",618161948384338
CDR-003279,2024-02-14,07:09:58,S0065,+91-7911433788,S0066,+91-9665882102,585,VOICE,TWR-0006,"Aundh, Pune",403253255814528
CDR-003280,2023-05-09,13:51:02,S0074,+91-9129320527,S0072,+91-8873660196,0,SMS,TWR-0052,Airport Cargo Terminal,565462478968299
CDR-003281,2023-09-25,11:24:23,S0039,+91-9007576162,S0036,+91-8689097012,1171,VOICE,TWR-0125,"Connaught Place, New Delhi",829442254700475
CDR-003282,2023-07-10,14:04:06,S0062,+91-7376081376,S0059,+91-9818587139,0,SMS,TWR-0182,"Aundh, Pune",200200676243150
CDR-003283,2024-07-17,04:54:33,S0030,+91-7587753540,S0027,+91-8837911267,3330,VOICE,TWR-0116,"Sector 15, New Delhi",821679794286297
CDR-003284,2024-09-09,10:18:28,S0054,+91-8152869473,S0053,+91-8468512260,2557,VOICE,TWR-0139,"Indiranagar, Bangalore",446995216613233
CDR-003285,2024-07-11,10:18:34,S0059,+91-9818587139,S0061,+91-7944047056,0,DATA,TWR-0177,"Jubilee Hills, Hyderabad",132931225062845
CDR-003286,2023-11-17,14:42:29,S0054,+91-8152869473,S0058,+91-7497129555,298,VOICE,TWR-0022,Highway NH-48 Rest Stop,736819142216556
CDR-003287,2023-06-11,12:16:56,S0049,+91-9317730052,S0054,+91-8152869473,0,SMS,TWR-0012,River Bridge Underpass,668222228333191
CDR-003288,2023-10-20,17:34:20,S0043,+91-8591313804,S0006,+91-8996093227,0,SMS,TWR-0187,Highway NH-48 Rest Stop,180155834020143
CDR-003289,2023-05-23,08:31:57,S0011,+91-7365548469,S0003,+91-7303959797,0,SMS,TWR-0093,45th Street Warehouse,890640474415056
CDR-003290,2023-06-06,05:21:29,S0013,+91-8189450306,S0015,+91-8928238864,811,VOICE,TWR-0053,"Navrangpura, Ahmedabad",928633931802061
CDR-003291,2024-01-03,02:27:42,S0071,+91-9835229476,S0080,+91-9719896275,0,SMS,TWR-0062,45th Street Warehouse,755908593690899
CDR-003292,2024-04-13,21:54:14,S0064,+91-7750198381,S0061,+91-7944047056,649,VOICE,TWR-0120,"Salt Lake, Kolkata",592709973547599
CDR-003293,2023-10-28,06:38:20,S0069,+91-7305439451,S0032,+91-7090425118,0,SMS,TWR-0099,Port District Dock 7,953396569440868
CDR-003294,2023-12-13,16:43:48,S0053,+91-8468512260,S0054,+91-8152869473,1114,VOICE,TWR-0104,"Jubilee Hills, Hyderabad",126146988080572
CDR-003295,2024-10-13,10:52:39,S0049,+91-9317730052,S0054,+91-8152869473,0,SMS,TWR-0161,"Park Street, Kolkata",669412107988660
CDR-003296,2023-03-06,07:35:26,S0057,+91-9859711607,S0058,+91-7497129555,0,SMS,TWR-0133,"Civil Lines, Lucknow",345954080532039
CDR-003297,2023-03-19,23:02:45,S0075,+91-9023218968,S0071,+91-9835229476,0,SMS,TWR-0064,Abandoned Factory Block C,123803546355658
CDR-003298,2023-02-24,10:16:39,S0044,+91-9971861645,S0059,+91-9818587139,1163,VOICE,TWR-0044,"Andheri West, Mumbai",764954741612322
CDR-003299,2023-09-28,04:03:31,S0022,+91-9029520745,S0021,+91-7186376562,0,SMS,TWR-0023,Industrial Zone B-12,766421633037526
CDR-003300,2024-06-16,19:09:34,S0028,+91-8010157795,S0053,+91-8468512260,3145,VOICE,TWR-0030,Abandoned Factory Block C,833742140218764
CDR-003301,2023-01-15,11:39:20,S0055,+91-7906087278,S0053,+91-8468512260,0,SMS,TWR-0076,"MG Road, Bangalore",373477909349580
CDR-003302,2024-09-07,09:44:54,S0061,+91-7944047056,S0060,+91-9164020641,0,SMS,TWR-0033,"Indiranagar, Bangalore",701303135533997
CDR-003303,2023-03-17,04:19:07,S0027,+91-8837911267,S0024,+91-8210847353,1689,VOICE,TWR-0199,"Civil Lines, Lucknow",588336555598550
CDR-003304,2024-12-02,22:33:54,S0053,+91-7726163005,S0036,+91-8689097012,0,SMS,TWR-0026,Highway NH-48 Rest Stop,830576530956144
CDR-003305,2023-04-11,20:03:29,S0013,+91-8601012552,S0067,+91-8354117104,0,SMS,TWR-0031,Airport Cargo Terminal,159875901132211
CDR-003306,2023-12-12,23:04:39,S0013,+91-8601012552,S0015,+91-8928238864,0,SMS,TWR-0102,"Gomti Nagar, Lucknow",674486935694436
CDR-003307,2024-12-10,08:49:22,S0076,+91-8453831805,S0073,+91-8723469890,1383,VOICE,TWR-0021,"Salt Lake, Kolkata",544968844826168
CDR-003308,2024-10-10,20:11:52,S0007,+91-8314545093,S0008,+91-7468144718,2282,VOICE,TWR-0120,"Gomti Nagar, Lucknow",872831138756741
CDR-003309,2023-08-24,11:11:01,S0059,+91-9818587139,S0070,+91-8361473242,0,SMS,TWR-0114,Railway Station Complex,491907372113350
CDR-003310,2024-07-22,01:06:55,S0012,+91-9757993748,S0007,+91-8314545093,0,DATA,TWR-0043,"Park Street, Kolkata",228055375800877
CDR-003311,2023-11-05,08:31:19,S0011,+91-7365548469,S0035,+91-9574786019,90,VOICE,TWR-0076,"Koregaon Park, Pune",738482888065121
CDR-003312,2024-08-16,00:34:17,S0060,+91-9164020641,S0061,+91-7944047056,3120,VOICE,TWR-0024,"Kothrud, Pune",572645910629892
CDR-003313,2023-01-08,02:13:39,S0068,+91-7943867424,S0078,+91-8505943466,1063,VOICE,TWR-0094,"MG Road, Bangalore",197558750273167
CDR-003314,2024-02-04,02:34:05,S0026,+91-9078465518,S0027,+91-8837911267,1957,VOICE,TWR-0180,River Bridge Underpass,536566702189878
CDR-003315,2024-11-21,04:55:58,S0052,+91-8821211330,S0046,+91-8551797747,0,SMS,TWR-0008,River Bridge Underpass,687953532086968
CDR-003316,2024-06-08,03:50:40,S0063,+91-8639980776,S0059,+91-9818587139,2194,VOICE,TWR-0101,"Malviya Nagar, Jaipur",354816714655160
CDR-003317,2023-05-26,11:15:12,S0036,+91-8689097012,S0033,+91-8986477033,0,SMS,TWR-0044,"MG Road, Bangalore",350447234804307
CDR-003318,2024-12-25,21:13:22,S0074,+91-9129320527,S0072,+91-8873660196,309,VOICE,TWR-0170,"Civil Lines, Lucknow",862269009904250
CDR-003319,2023-01-30,02:16:36,S0038,+91-7164583060,S0062,+91-7376081376,1802,VOICE,TWR-0100,"Connaught Place, New Delhi",373350513063008
CDR-003320,2024-08-12,07:50:40,S0057,+91-9859711607,S0054,+91-8152869473,3455,VOICE,TWR-0065,Railway Station Complex,837706806933143
CDR-003321,2023-04-01,05:47:11,S0007,+91-8314545093,S0040,+91-9752093579,3411,VOICE,TWR-0100,"Indiranagar, Bangalore",880197589082962
CDR-003322,2024-04-13,03:27:48,S0036,+91-8689097012,S0033,+91-8986477033,1377,VOICE,TWR-0029,"MG Road, Bangalore",233843302113426
CDR-003323,2023-01-19,12:17:29,S0018,+91-8515942742,S0014,+91-7694080686,0,SMS,TWR-0146,"Aundh, Pune",513458313273005
CDR-003324,2023-05-21,12:34:05,S0073,+91-7472363736,S0072,+91-8873660196,1890,VOICE,TWR-0090,"Sector 15, New Delhi",902058133285664
CDR-003325,2024-03-03,02:23:15,S0031,+91-7728836158,S0038,+91-7164583060,2069,VOICE,TWR-0195,Industrial Zone B-12,815742088683337
CDR-003326,2023-05-29,05:51:49,S0067,+91-8354117104,S0025,+91-9877427601,0,SMS,TWR-0171,Airport Cargo Terminal,708195269154652
CDR-003327,2023-08-13,21:13:27,S0048,+91-8745666148,S0046,+91-8551797747,0,SMS,TWR-0056,"Sector 15, New Delhi",115412769746195
CDR-003328,2023-11-13,23:53:45,S0036,+91-8689097012,S0034,+91-9185263528,0,SMS,TWR-0005,"Park Street, Kolkata",442317018317127
CDR-003329,2024-07-15,17:47:01,S0006,+91-9389242087,S0056,+91-7990411854,0,SMS,TWR-0154,"Marine Drive, Mumbai",465813577439697
CDR-003330,2023-10-05,14:13:57,S0079,+91-8925349210,S0073,+91-8723469890,795,VOICE,TWR-0018,Highway NH-48 Rest Stop,958725431247043
CDR-003331,2024-03-06,09:42:39,S0074,+91-9129320527,S0067,+91-8354117104,0,SMS,TWR-0049,"Salt Lake, Kolkata",560004453885345
CDR-003332,2024-02-03,16:12:16,S0076,+91-8453831805,S0054,+91-8152869473,0,DATA,TWR-0018,"Andheri West, Mumbai",898678877737609
CDR-003333,2024-11-20,06:33:02,S0059,+91-9818587139,S0044,+91-9971861645,2826,VOICE,TWR-0026,"Indiranagar, Bangalore",406316443098346
CDR-003334,2024-11-18,23:10:31,S0070,+91-8361473242,S0068,+91-7943867424,1089,VOICE,TWR-0036,"Civil Lines, Lucknow",995003168765506
CDR-003335,2024-04-28,12:18:02,S0057,+91-9859711607,S0061,+91-7944047056,1389,VOICE,TWR-0111,"Anna Nagar, Chennai",432470263784053
CDR-003336,2023-01-26,03:41:33,S0069,+91-7305439451,S0068,+91-7943867424,0,DATA,TWR-0029,River Bridge Underpass,326196930835652
CDR-003337,2023-01-23,03:41:08,S0068,+91-7943867424,S0070,+91-8361473242,991,VOICE,TWR-0160,Airport Cargo Terminal,989168423239971
CDR-003338,2023-03-18,11:18:39,S0069,+91-7305439451,S0028,+91-8010157795,73,VOICE,TWR-0046,"Koregaon Park, Pune",700047625017109
CDR-003339,2023-07-09,07:51:07,S0056,+91-7990411854,S0053,+91-8468512260,0,SMS,TWR-0124,River Bridge Underpass,361886606839255
CDR-003340,2023-11-14,14:26:45,S0007,+91-8314545093,S0004,+91-8808948427,0,SMS,TWR-0064,Highway NH-48 Rest Stop,147283230653908
CDR-003341,2024-05-13,16:45:58,S0077,+91-7477042007,S0071,+91-9835229476,0,SMS,TWR-0049,"Marine Drive, Mumbai",737568448568151
CDR-003342,2024-10-10,23:44:19,S0001,+91-7731428289,S0005,+91-9533147930,0,SMS,TWR-0129,Bus Terminal Underground,546750811225731
CDR-003343,2023-05-01,03:22:26,S0058,+91-7497129555,S0057,+91-9859711607,3086,VOICE,TWR-0183,Airport Cargo Terminal,554825659694732
CDR-003344,2024-09-01,01:13:33,S0021,+91-7608918981,S0048,+91-8745666148,0,SMS,TWR-0089,"Andheri West, Mumbai",764658476114805
CDR-003345,2023-11-01,09:58:57,S0044,+91-9971861645,S0033,+91-8986477033,306,VOICE,TWR-0197,"Salt Lake, Kolkata",368232217801390
CDR-003346,2024-03-20,05:38:04,S0006,+91-8996093227,S0048,+91-8745666148,0,DATA,TWR-0048,"Sector 15, New Delhi",227917714339720
CDR-003347,2024-12-18,00:47:48,S0058,+91-7497129555,S0053,+91-8468512260,1317,VOICE,TWR-0008,"Park Street, Kolkata",355386247063601
CDR-003348,2023-06-06,10:09:59,S0062,+91-7488244816,S0004,+91-8808948427,0,DATA,TWR-0050,Airport Cargo Terminal,258504806317984
CDR-003349,2024-09-18,09:51:57,S0030,+91-7587753540,S0028,+91-8010157795,1544,VOICE,TWR-0140,"Banjara Hills, Hyderabad",412193382693194
CDR-003350,2024-09-10,18:30:22,S0015,+91-9319492719,S0038,+91-7164583060,0,SMS,TWR-0125,"Andheri West, Mumbai",636215323905479
CDR-003351,2024-07-16,13:32:01,S0037,+91-9353860328,S0044,+91-9971861645,0,SMS,TWR-0094,"MG Road, Bangalore",883100423842869
CDR-003352,2024-11-28,04:38:23,S0075,+91-9023218968,S0078,+91-8505943466,0,SMS,TWR-0172,"Satellite, Ahmedabad",508936517909646
CDR-003353,2023-08-01,11:52:40,S0012,+91-9757993748,S0011,+91-7365548469,446,VOICE,TWR-0120,"Velachery, Chennai",542821995751653
CDR-003354,2024-11-12,17:39:58,S0031,+91-7728836158,S0038,+91-7164583060,1812,VOICE,TWR-0105,Highway NH-48 Rest Stop,757740727056249
CDR-003355,2024-07-03,15:58:39,S0058,+91-7497129555,S0056,+91-7990411854,0,SMS,TWR-0046,"Velachery, Chennai",851384813720291
CDR-003356,2023-06-28,00:20:00,S0070,+91-8361473242,S0068,+91-7943867424,0,SMS,TWR-0008,Industrial Zone B-12,629923048230353
CDR-003357,2024-02-19,07:37:05,S0069,+91-7305439451,S0052,+91-8821211330,0,SMS,TWR-0085,"MG Road, Bangalore",912034568578158
CDR-003358,2023-03-07,10:40:13,S0052,+91-8821211330,S0015,+91-8928238864,0,SMS,TWR-0060,Old Market Area,241139159138711
CDR-003359,2024-11-07,18:31:56,S0079,+91-8925349210,S0073,+91-8723469890,1754,VOICE,TWR-0028,River Bridge Underpass,385377551506734
CDR-003360,2023-12-25,20:37:54,S0056,+91-7990411854,S0007,+91-8314545093,0,SMS,TWR-0119,"Marine Drive, Mumbai",476920693685278
CDR-003361,2023-05-17,09:34:27,S0048,+91-8745666148,S0046,+91-8551797747,0,DATA,TWR-0096,"Banjara Hills, Hyderabad",874933021463951
CDR-003362,2023-11-21,04:10:39,S0077,+91-7477042007,S0080,+91-9719896275,0,SMS,TWR-0036,"Sector 15, New Delhi",279139563628995
CDR-003363,2023-05-27,02:59:42,S0060,+91-7569582350,S0011,+91-7365548469,3063,VOICE,TWR-0133,"Marine Drive, Mumbai",910438990819803
CDR-003364,2024-12-01,17:41:26,S0069,+91-7305439451,S0068,+91-7943867424,1015,VOICE,TWR-0166,"Aundh, Pune",730952813486071
CDR-003365,2024-07-16,23:06:15,S0024,+91-8210847353,S0027,+91-8837911267,992,VOICE,TWR-0149,Port District Dock 7,802198216133679
CDR-003366,2024-09-06,18:47:06,S0067,+91-8185491609,S0066,+91-9665882102,0,SMS,TWR-0053,"Jubilee Hills, Hyderabad",610211112013233
CDR-003367,2023-07-14,16:58:30,S0041,+91-8047680798,S0035,+91-9574786019,0,SMS,TWR-0067,River Bridge Underpass,541773029714470
CDR-003368,2024-09-08,02:13:52,S0079,+91-8925349210,S0073,+91-8723469890,1559,VOICE,TWR-0008,"Kothrud, Pune",626212078417338
CDR-003369,2023-10-25,14:45:47,S0068,+91-7943867424,S0069,+91-7305439451,0,DATA,TWR-0129,Abandoned Factory Block C,764567016488731
CDR-003370,2023-03-26,05:10:52,S0071,+91-9835229476,S0080,+91-9719896275,0,SMS,TWR-0072,Port District Dock 7,873863512824028
CDR-003371,2023-02-15,21:26:27,S0006,+91-8996093227,S0005,+91-9533147930,2117,VOICE,TWR-0021,"Jubilee Hills, Hyderabad",142851483084544
CDR-003372,2024-12-02,18:29:19,S0024,+91-9732081200,S0010,+91-8733842953,1454,VOICE,TWR-0099,"Gomti Nagar, Lucknow",136083218068846
CDR-003373,2023-06-19,08:22:17,S0042,+91-9807385456,S0033,+91-8986477033,2006,VOICE,TWR-0197,"Satellite, Ahmedabad",660877425639867
CDR-003374,2023-06-12,15:41:20,S0061,+91-7944047056,S0063,+91-8639980776,113,VOICE,TWR-0074,Highway NH-48 Rest Stop,622748511356099
CDR-003375,2023-11-14,15:22:20,S0066,+91-9665882102,S0031,+91-7728836158,0,DATA,TWR-0057,"MG Road, Bangalore",169654819451380
CDR-003376,2023-09-06,16:15:35,S0027,+91-8837911267,S0024,+91-8210847353,2934,VOICE,TWR-0124,"Navrangpura, Ahmedabad",941032142728867
CDR-003377,2023-12-16,21:56:12,S0046,+91-8551797747,S0051,+91-8102313761,2514,VOICE,TWR-0039,"Jubilee Hills, Hyderabad",331972349462845
CDR-003378,2024-05-28,22:20:05,S0012,+91-9757993748,S0011,+91-7365548469,2133,VOICE,TWR-0158,"Anna Nagar, Chennai",331939784531624
CDR-003379,2024-04-23,00:45:18,S0003,+91-9777055082,S0012,+91-9757993748,2720,VOICE,TWR-0015,"Andheri West, Mumbai",892028991053966
CDR-003380,2023-11-30,23:48:52,S0024,+91-8210847353,S0039,+91-9007576162,0,DATA,TWR-0018,"Park Street, Kolkata",520933038013825
CDR-003381,2023-06-11,14:05:51,S0054,+91-8152869473,S0063,+91-8639980776,3299,VOICE,TWR-0154,Railway Station Complex,583298936145824
CDR-003382,2024-06-09,07:46:53,S0030,+91-7587753540,S0028,+91-8010157795,2908,VOICE,TWR-0004,Port District Dock 7,116396349206545
CDR-003383,2024-01-23,06:55:56,S0025,+91-9877427601,S0072,+91-8873660196,2795,VOICE,TWR-0122,"Indiranagar, Bangalore",652677196158859
CDR-003384,2023-06-27,08:34:05,S0010,+91-8733842953,S0002,+91-7762376237,0,SMS,TWR-0042,River Bridge Underpass,681297427089811
CDR-003385,2023-11-11,20:43:14,S0071,+91-9835229476,S0080,+91-9719896275,2026,VOICE,TWR-0167,"Malviya Nagar, Jaipur",452289642979086
CDR-003386,2024-11-09,22:57:32,S0075,+91-9023218968,S0001,+91-7731428289,3352,VOICE,TWR-0191,Industrial Zone B-12,900766566224772
CDR-003387,2023-06-26,02:39:47,S0031,+91-7728836158,S0038,+91-7164583060,0,DATA,TWR-0131,"Velachery, Chennai",872896567847324
CDR-003388,2023-08-30,04:46:44,S0006,+91-9389242087,S0006,+91-8996093227,3076,VOICE,TWR-0139,"Kothrud, Pune",748360682545042
CDR-003389,2024-01-28,02:34:50,S0046,+91-8551797747,S0051,+91-8102313761,3483,VOICE,TWR-0004,Bus Terminal Underground,422015568838920
CDR-003390,2024-08-01,22:20:58,S0061,+91-7944047056,S0024,+91-8210847353,2958,VOICE,TWR-0032,Abandoned Factory Block C,315557910683786
CDR-003391,2024-06-27,22:55:21,S0073,+91-7472363736,S0077,+91-7477042007,0,SMS,TWR-0119,Old Market Area,976896728044730
CDR-003392,2023-12-23,01:56:13,S0005,+91-9533147930,S0011,+91-7365548469,0,SMS,TWR-0088,"Sector 15, New Delhi",242585180036874
CDR-003393,2023-04-01,15:33:48,S0060,+91-9164020641,S0008,+91-7468144718,0,SMS,TWR-0200,Highway NH-48 Rest Stop,936743963992052
CDR-003394,2024-10-12,09:15:37,S0041,+91-8047680798,S0035,+91-9574786019,0,SMS,TWR-0031,"Civil Lines, Lucknow",904211863547211
CDR-003395,2023-08-05,16:09:03,S0065,+91-7911433788,S0066,+91-9665882102,1082,VOICE,TWR-0131,"Civil Lines, Lucknow",923781123025971
CDR-003396,2023-05-31,11:50:13,S0013,+91-8601012552,S0020,+91-7191685914,0,SMS,TWR-0170,Industrial Zone B-12,876652674880960
CDR-003397,2023-08-03,08:34:02,S0029,+91-8158983385,S0028,+91-8010157795,1105,VOICE,TWR-0030,"Banjara Hills, Hyderabad",233540308333772
CDR-003398,2023-03-22,01:32:24,S0061,+91-7944047056,S0059,+91-9818587139,0,SMS,TWR-0010,"Sector 15, New Delhi",495750687026511
CDR-003399,2023-10-02,18:11:20,S0077,+91-7477042007,S0076,+91-8453831805,0,SMS,TWR-0160,"Aundh, Pune",672185427525654
CDR-003400,2024-11-22,14:09:35,S0074,+91-9129320527,S0072,+91-8873660196,927,VOICE,TWR-0082,Old Market Area,813099208232001
CDR-003401,2023-12-13,16:46:54,S0045,+91-7911765255,S0036,+91-8689097012,1350,VOICE,TWR-0177,"Aundh, Pune",673043597498602
CDR-003402,2024-11-12,19:34:11,S0029,+91-8158983385,S0071,+91-9835229476,1155,VOICE,TWR-0100,"Satellite, Ahmedabad",818556330039335
CDR-003403,2024-11-23,10:51:43,S0041,+91-7494240311,S0035,+91-9574786019,3497,VOICE,TWR-0080,"Anna Nagar, Chennai",354195990740720
CDR-003404,2023-09-13,08:19:15,S0021,+91-7608918981,S0036,+91-8689097012,0,DATA,TWR-0170,"Marine Drive, Mumbai",153167686959812
CDR-003405,2024-05-13,03:01:08,S0055,+91-7906087278,S0054,+91-8152869473,758,VOICE,TWR-0060,"MG Road, Bangalore",142857876720196
CDR-003406,2024-04-24,11:24:57,S0069,+91-7305439451,S0068,+91-7943867424,0,SMS,TWR-0187,"Malviya Nagar, Jaipur",892209318240857
CDR-003407,2024-06-01,15:47:20,S0079,+91-8925349210,S0056,+91-7990411854,0,SMS,TWR-0003,"Malviya Nagar, Jaipur",504671688226082
CDR-003408,2023-03-31,00:38:00,S0050,+91-9790842177,S0049,+91-9317730052,1974,VOICE,TWR-0111,"Koregaon Park, Pune",506498121934124
CDR-003409,2023-07-22,04:06:35,S0072,+91-8873660196,S0003,+91-7303959797,0,SMS,TWR-0035,"Gomti Nagar, Lucknow",766242325492365
CDR-003410,2023-11-24,23:32:55,S0053,+91-8468512260,S0013,+91-8601012552,0,SMS,TWR-0056,"Civil Lines, Lucknow",457091747344585
CDR-003411,2023-06-26,01:02:35,S0036,+91-8689097012,S0049,+91-9317730052,0,SMS,TWR-0197,"Kothrud, Pune",955733110283820
CDR-003412,2023-02-25,00:23:41,S0074,+91-9129320527,S0076,+91-8453831805,0,SMS,TWR-0090,"Satellite, Ahmedabad",847444822254372
CDR-003413,2023-10-24,22:28:05,S0071,+91-9835229476,S0048,+91-8745666148,0,SMS,TWR-0011,"Gomti Nagar, Lucknow",491797730323534
CDR-003414,2024-09-14,06:47:14,S0030,+91-7587753540,S0025,+91-9877427601,0,SMS,TWR-0042,River Bridge Underpass,598198631660067
CDR-003415,2024-10-03,06:50:29,S0065,+91-7911433788,S0037,+91-9353860328,0,DATA,TWR-0129,"MG Road, Bangalore",727030602909550
CDR-003416,2023-04-07,04:20:24,S0012,+91-9757993748,S0007,+91-8314545093,32,VOICE,TWR-0012,"Anna Nagar, Chennai",653311687772114
CDR-003417,2023-04-19,17:14:52,S0029,+91-8158983385,S0028,+91-8010157795,0,SMS,TWR-0129,"Civil Lines, Lucknow",694997448197763
CDR-003418,2023-08-22,08:41:39,S0001,+91-7731428289,S0005,+91-9533147930,0,SMS,TWR-0176,45th Street Warehouse,912264938773075
CDR-003419,2023-04-06,09:00:05,S0016,+91-9192173624,S0021,+91-7186376562,0,SMS,TWR-0165,"Kothrud, Pune",222656370384827
CDR-003420,2023-09-30,10:30:25,S0046,+91-8551797747,S0051,+91-8102313761,0,SMS,TWR-0182,"Connaught Place, New Delhi",425382215089002
CDR-003421,2024-01-18,23:07:45,S0042,+91-9807385456,S0039,+91-9007576162,0,SMS,TWR-0051,"Aundh, Pune",547178732449204
CDR-003422,2023-04-17,10:36:47,S0043,+91-8599838760,S0033,+91-8986477033,2115,VOICE,TWR-0177,"Park Street, Kolkata",308428763910303
CDR-003423,2023-05-15,13:41:06,S0078,+91-8505943466,S0066,+91-9665882102,1428,VOICE,TWR-0146,"Velachery, Chennai",815011272052925
CDR-003424,2024-08-17,04:18:10,S0075,+91-9023218968,S0078,+91-8505943466,0,SMS,TWR-0147,Bus Terminal Underground,920451100549200
CDR-003425,2024-03-10,13:43:11,S0059,+91-9818587139,S0004,+91-8808948427,1459,VOICE,TWR-0076,River Bridge Underpass,925662533120012
CDR-003426,2024-04-20,17:51:23,S0055,+91-7906087278,S0054,+91-8152869473,1781,VOICE,TWR-0178,Industrial Zone B-12,670786665248329
CDR-003427,2023-05-17,06:59:44,S0003,+91-7303959797,S0004,+91-8808948427,0,SMS,TWR-0200,"Velachery, Chennai",352178579072285
CDR-003428,2024-03-20,18:09:33,S0073,+91-8723469890,S0077,+91-7477042007,0,SMS,TWR-0087,"Andheri West, Mumbai",603001024089128
CDR-003429,2023-01-04,13:05:07,S0032,+91-7090425118,S0039,+91-9007576162,641,VOICE,TWR-0118,Abandoned Factory Block C,336566536038876
CDR-003430,2024-03-25,20:24:20,S0018,+91-8515942742,S0016,+91-9192173624,2396,VOICE,TWR-0161,"Gomti Nagar, Lucknow",973393257265629
CDR-003431,2023-02-26,18:38:37,S0021,+91-7186376562,S0013,+91-8601012552,0,SMS,TWR-0128,Airport Cargo Terminal,135895978067072
CDR-003432,2024-09-07,00:22:10,S0057,+91-9859711607,S0054,+91-8152869473,1714,VOICE,TWR-0176,Industrial Zone B-12,193568650958358
CDR-003433,2024-05-18,11:17:49,S0045,+91-7911765255,S0029,+91-8158983385,3486,VOICE,TWR-0164,"Satellite, Ahmedabad",709375480141961
CDR-003434,2023-10-28,22:11:47,S0051,+91-8102313761,S0048,+91-8745666148,0,SMS,TWR-0150,"Salt Lake, Kolkata",388339363559084
CDR-003435,2023-05-25,22:58:44,S0026,+91-9078465518,S0028,+91-8010157795,0,SMS,TWR-0198,"Salt Lake, Kolkata",612458163056287
CDR-003436,2024-12-31,08:58:41,S0023,+91-7870361876,S0030,+91-7587753540,0,SMS,TWR-0096,Bus Terminal Underground,548260810524785
CDR-003437,2024-04-21,04:19:27,S0055,+91-7906087278,S0057,+91-9859711607,1908,VOICE,TWR-0069,Port District Dock 7,905930571109980
CDR-003438,2024-06-12,22:08:43,S0079,+91-8925349210,S0073,+91-8723469890,0,DATA,TWR-0006,"Jubilee Hills, Hyderabad",188687520465116
CDR-003439,2023-11-17,01:16:20,S0032,+91-7090425118,S0039,+91-9007576162,0,DATA,TWR-0099,"Park Street, Kolkata",201196447434572
CDR-003440,2023-10-13,14:50:38,S0061,+91-7944047056,S0063,+91-8639980776,0,DATA,TWR-0094,"Koregaon Park, Pune",196702595967484
CDR-003441,2024-09-26,03:10:19,S0024,+91-8210847353,S0027,+91-8837911267,0,SMS,TWR-0104,"Aundh, Pune",877157253301327
CDR-003442,2024-06-05,14:32:58,S0026,+91-9078465518,S0027,+91-8837911267,1368,VOICE,TWR-0115,River Bridge Underpass,394885129730049
CDR-003443,2024-02-28,13:19:18,S0027,+91-9893729536,S0026,+91-9078465518,951,VOICE,TWR-0119,"Sector 15, New Delhi",542290608530027
CDR-003444,2023-08-01,09:38:20,S0056,+91-7990411854,S0054,+91-8152869473,269,VOICE,TWR-0088,"Jubilee Hills, Hyderabad",410147561176953
CDR-003445,2023-11-20,07:52:01,S0071,+91-9835229476,S0036,+91-8689097012,0,DATA,TWR-0147,"Sector 15, New Delhi",398911120807414
CDR-003446,2024-01-23,07:35:49,S0026,+91-9078465518,S0010,+91-8733842953,2456,VOICE,TWR-0183,"Civil Lines, Lucknow",923940671946040
CDR-003447,2023-02-05,10:53:40,S0052,+91-8821211330,S0050,+91-8427287656,0,SMS,TWR-0027,Bus Terminal Underground,583304822796742
CDR-003448,2024-12-29,00:56:31,S0036,+91-8689097012,S0031,+91-7728836158,0,SMS,TWR-0026,"Kothrud, Pune",278154388049045
CDR-003449,2024-11-23,05:30:44,S0003,+91-7303959797,S0002,+91-7762376237,2703,VOICE,TWR-0101,"Jubilee Hills, Hyderabad",755872935943992
CDR-003450,2023-04-24,22:07:10,S0029,+91-8158983385,S0028,+91-8010157795,0,SMS,TWR-0147,Railway Station Complex,257621469260418
CDR-003451,2024-06-28,04:06:08,S0066,+91-9665882102,S0028,+91-8010157795,2103,VOICE,TWR-0168,"Malviya Nagar, Jaipur",402027125202037
CDR-003452,2024-11-29,20:51:55,S0047,+91-8940192213,S0048,+91-8745666148,1793,VOICE,TWR-0159,Port District Dock 7,206833383228887
CDR-003453,2024-08-01,04:28:24,S0061,+91-7944047056,S0060,+91-9164020641,0,SMS,TWR-0093,"Aundh, Pune",378362728909583
CDR-003454,2023-01-23,09:55:38,S0046,+91-8551797747,S0049,+91-9317730052,0,DATA,TWR-0178,"Sector 15, New Delhi",385626382626033
CDR-003455,2024-07-17,06:02:10,S0014,+91-7694080686,S0015,+91-8928238864,0,SMS,TWR-0138,"Anna Nagar, Chennai",703662281366141
CDR-003456,2024-02-14,07:05:05,S0017,+91-8160965519,S0022,+91-9029520745,1542,VOICE,TWR-0125,"Sector 15, New Delhi",689051379927818
CDR-003457,2024-03-25,08:23:56,S0056,+91-7990411854,S0037,+91-9353860328,0,DATA,TWR-0042,"Aundh, Pune",256564040033585
CDR-003458,2023-08-08,14:17:57,S0018,+91-8515942742,S0014,+91-7694080686,0,SMS,TWR-0041,"Banjara Hills, Hyderabad",217124837804186
CDR-003459,2024-05-03,12:38:24,S0038,+91-7164583060,S0041,+91-8047680798,2507,VOICE,TWR-0067,"Andheri West, Mumbai",884296603605278
CDR-003460,2023-01-04,12:31:52,S0012,+91-9757993748,S0007,+91-8314545093,0,SMS,TWR-0171,Railway Station Complex,535393864136692
CDR-003461,2024-10-09,04:40:03,S0042,+91-9807385456,S0039,+91-9007576162,1103,VOICE,TWR-0069,Industrial Zone B-12,949821718046814
CDR-003462,2023-11-23,00:11:16,S0030,+91-7587753540,S0028,+91-8010157795,0,SMS,TWR-0179,"Malviya Nagar, Jaipur",643607351593940
CDR-003463,2023-11-26,16:24:03,S0041,+91-8047680798,S0034,+91-9185263528,0,DATA,TWR-0109,"Anna Nagar, Chennai",991378999860223
CDR-003464,2023-07-19,16:19:58,S0001,+91-7731428289,S0011,+91-7365548469,0,DATA,TWR-0067,"Malviya Nagar, Jaipur",421172783423699
CDR-003465,2023-05-13,15:38:35,S0071,+91-9835229476,S0022,+91-9029520745,484,VOICE,TWR-0133,Bus Terminal Underground,871074432480395
CDR-003466,2024-07-27,01:42:49,S0031,+91-7728836158,S0038,+91-7164583060,2088,VOICE,TWR-0186,"Velachery, Chennai",665460968977245
CDR-003467,2024-08-17,04:42:37,S0001,+91-7731428289,S0007,+91-8314545093,1464,VOICE,TWR-0030,"Sector 15, New Delhi",891960387380483
CDR-003468,2023-09-23,17:52:51,S0076,+91-8453831805,S0071,+91-9835229476,2318,VOICE,TWR-0013,Railway Station Complex,651573258577431
CDR-003469,2023-06-21,06:10:00,S0075,+91-9242647667,S0078,+91-8505943466,0,SMS,TWR-0035,Bus Terminal Underground,744212725864565
CDR-003470,2024-12-08,09:07:32,S0074,+91-9129320527,S0068,+91-7943867424,872,VOICE,TWR-0009,"Navrangpura, Ahmedabad",437374709376847
CDR-003471,2024-05-07,19:26:52,S0007,+91-8314545093,S0004,+91-8808948427,431,VOICE,TWR-0089,"Marine Drive, Mumbai",527606498314423
CDR-003472,2024-07-29,21:19:06,S0070,+91-8361473242,S0068,+91-7943867424,0,SMS,TWR-0042,Industrial Zone B-12,709507613592918
CDR-003473,2024-06-06,15:10:10,S0042,+91-9807385456,S0039,+91-9007576162,0,DATA,TWR-0006,"Kothrud, Pune",801649837910568
CDR-003474,2024-03-28,04:00:15,S0059,+91-9818587139,S0038,+91-7164583060,0,DATA,TWR-0016,"Navrangpura, Ahmedabad",432926132656287
CDR-003475,2024-09-20,00:46:43,S0065,+91-7911433788,S0032,+91-7090425118,3096,VOICE,TWR-0081,"Malviya Nagar, Jaipur",579715960302007
CDR-003476,2024-07-31,16:04:39,S0065,+91-7911433788,S0066,+91-9665882102,0,DATA,TWR-0110,45th Street Warehouse,183775442666462
CDR-003477,2024-12-07,12:22:13,S0043,+91-8599838760,S0032,+91-7090425118,0,SMS,TWR-0153,Highway NH-48 Rest Stop,464818376271970
CDR-003478,2024-05-23,01:52:45,S0063,+91-8639980776,S0078,+91-8505943466,187,VOICE,TWR-0023,"Malviya Nagar, Jaipur",193968783134765
CDR-003479,2024-10-01,05:24:30,S0007,+91-8314545093,S0008,+91-7468144718,0,SMS,TWR-0121,"Anna Nagar, Chennai",399158224631059
CDR-003480,2024-10-23,15:47:50,S0002,+91-7762376237,S0012,+91-9757993748,1727,VOICE,TWR-0029,Industrial Zone B-12,406345625050670
CDR-003481,2023-11-08,05:18:27,S0029,+91-8158983385,S0028,+91-8010157795,0,DATA,TWR-0030,"Park Street, Kolkata",687644713278951
CDR-003482,2024-09-30,05:23:11,S0065,+91-7911433788,S0066,+91-9665882102,0,SMS,TWR-0084,Industrial Zone B-12,478079875040265
CDR-003483,2023-05-03,10:08:36,S0016,+91-9192173624,S0014,+91-7694080686,918,VOICE,TWR-0116,Abandoned Factory Block C,126114534433656
CDR-003484,2023-04-21,00:10:29,S0001,+91-7731428289,S0007,+91-8314545093,1683,VOICE,TWR-0043,"Anna Nagar, Chennai",364811669161493
CDR-003485,2024-10-02,23:53:47,S0021,+91-7608918981,S0013,+91-8601012552,2057,VOICE,TWR-0149,"Velachery, Chennai",836254033812121
CDR-003486,2024-02-15,21:05:05,S0043,+91-8591313804,S0009,+91-8669674686,0,DATA,TWR-0011,Abandoned Factory Block C,403676579708639
CDR-003487,2023-10-07,01:47:55,S0047,+91-8940192213,S0048,+91-8745666148,2153,VOICE,TWR-0018,"Marine Drive, Mumbai",106463736601281
CDR-003488,2023-07-12,06:56:31,S0054,+91-7823740217,S0053,+91-8468512260,356,VOICE,TWR-0151,Highway NH-48 Rest Stop,538375150466082
CDR-003489,2024-07-31,20:55:19,S0050,+91-8427287656,S0049,+91-9317730052,2326,VOICE,TWR-0111,"Civil Lines, Lucknow",680842875564441
CDR-003490,2024-01-20,13:27:14,S0015,+91-8928238864,S0020,+91-7191685914,406,VOICE,TWR-0084,"Malviya Nagar, Jaipur",128685394528994
CDR-003491,2023-10-06,12:53:02,S0070,+91-8361473242,S0069,+91-7305439451,2833,VOICE,TWR-0137,"Aundh, Pune",311907647444389
CDR-003492,2023-09-20,20:33:36,S0011,+91-7365548469,S0035,+91-9574786019,1011,VOICE,TWR-0119,"Gomti Nagar, Lucknow",992889796346042
CDR-003493,2024-04-25,22:51:17,S0019,+91-9469240982,S0053,+91-8468512260,0,SMS,TWR-0143,Bus Terminal Underground,893804442323030
CDR-003494,2023-08-12,00:49:58,S0031,+91-7728836158,S0038,+91-7164583060,0,SMS,TWR-0135,"Park Street, Kolkata",931567791925495
CDR-003495,2023-04-27,03:05:22,S0055,+91-7906087278,S0053,+91-8468512260,0,SMS,TWR-0160,45th Street Warehouse,286238871522815
CDR-003496,2024-07-12,01:04:23,S0057,+91-9859711607,S0058,+91-7497129555,0,DATA,TWR-0069,"Koregaon Park, Pune",396400532725029
CDR-003497,2024-09-14,16:09:24,S0050,+91-8427287656,S0049,+91-9317730052,1689,VOICE,TWR-0024,"Anna Nagar, Chennai",388932494251098
CDR-003498,2023-12-28,03:11:38,S0039,+91-9007576162,S0070,+91-8361473242,2442,VOICE,TWR-0066,"Kothrud, Pune",120085909678091
CDR-003499,2024-10-22,10:56:53,S0009,+91-8669674686,S0034,+91-9185263528,0,DATA,TWR-0109,"Anna Nagar, Chennai",937152043677352
CDR-003500,2024-09-21,16:37:47,S0048,+91-8745666148,S0046,+91-8551797747,0,SMS,TWR-0190,"Aundh, Pune",755350995734848
CDR-003501,2023-09-20,23:27:25,S0007,+91-8314545093,S0003,+91-7303959797,1223,VOICE,TWR-0062,"Park Street, Kolkata",461149911507006
CDR-003502,2023-03-09,03:43:50,S0062,+91-7376081376,S0059,+91-9818587139,541,VOICE,TWR-0194,"Marine Drive, Mumbai",632325959151761
CDR-003503,2024-09-30,15:20:48,S0057,+91-9859711607,S0055,+91-7906087278,0,SMS,TWR-0027,"Kothrud, Pune",617372388689967
CDR-003504,2024-10-23,08:20:06,S0016,+91-9192173624,S0054,+91-8152869473,1471,VOICE,TWR-0108,"Sector 15, New Delhi",619163126337327
CDR-003505,2023-07-28,04:37:48,S0058,+91-7497129555,S0057,+91-9859711607,0,DATA,TWR-0026,"Aundh, Pune",838233304555593
CDR-003506,2024-07-18,04:39:38,S0034,+91-9185263528,S0058,+91-7497129555,880,VOICE,TWR-0199,Bus Terminal Underground,824677516539895
CDR-003507,2024-04-27,11:14:44,S0008,+91-7468144718,S0006,+91-8996093227,0,SMS,TWR-0025,"Satellite, Ahmedabad",968102758821545
CDR-003508,2023-10-30,18:27:45,S0048,+91-8745666148,S0046,+91-8551797747,905,VOICE,TWR-0107,"Anna Nagar, Chennai",931363669987725
CDR-003509,2024-07-09,08:37:17,S0072,+91-9541363841,S0044,+91-9971861645,978,VOICE,TWR-0145,"Jubilee Hills, Hyderabad",488007821220272
CDR-003510,2024-04-23,02:17:54,S0020,+91-7191685914,S0076,+91-8453831805,1554,VOICE,TWR-0167,"Malviya Nagar, Jaipur",909134082536171
CDR-003511,2023-02-17,16:58:45,S0007,+91-8314545093,S0008,+91-7468144718,17,VOICE,TWR-0040,Bus Terminal Underground,194218669199960
CDR-003512,2023-04-13,06:29:42,S0043,+91-8591313804,S0033,+91-8986477033,0,SMS,TWR-0049,Abandoned Factory Block C,319587471817895
CDR-003513,2023-09-30,12:26:48,S0038,+91-7164583060,S0041,+91-8047680798,2583,VOICE,TWR-0122,Abandoned Factory Block C,929643529487199
CDR-003514,2023-04-15,17:40:36,S0050,+91-8427287656,S0049,+91-9317730052,0,SMS,TWR-0012,"Navrangpura, Ahmedabad",876832310176610
CDR-003515,2023-06-26,07:34:47,S0062,+91-7376081376,S0061,+91-7944047056,28,VOICE,TWR-0034,"Anna Nagar, Chennai",245312394161985
CDR-003516,2023-08-22,07:54:29,S0030,+91-7587753540,S0058,+91-7497129555,0,SMS,TWR-0189,Port District Dock 7,500362651269366
CDR-003517,2023-03-09,02:24:18,S0011,+91-7365548469,S0080,+91-9719896275,286,VOICE,TWR-0158,"Anna Nagar, Chennai",946630146433095
CDR-003518,2024-03-07,17:09:15,S0002,+91-7762376237,S0079,+91-8925349210,0,SMS,TWR-0033,"Marine Drive, Mumbai",886329974231515
CDR-003519,2024-09-19,04:10:37,S0015,+91-9319492719,S0012,+91-9757993748,0,DATA,TWR-0197,"Civil Lines, Lucknow",140382967694016
CDR-003520,2024-03-03,19:28:22,S0007,+91-8314545093,S0024,+91-8210847353,3325,VOICE,TWR-0089,"MG Road, Bangalore",325442922998321
CDR-003521,2023-07-05,04:55:54,S0071,+91-9835229476,S0046,+91-8551797747,0,SMS,TWR-0200,"Gomti Nagar, Lucknow",930711884076974
CDR-003522,2023-10-02,19:15:11,S0077,+91-7477042007,S0080,+91-9719896275,0,SMS,TWR-0006,"Velachery, Chennai",773929370940240
CDR-003523,2023-08-07,20:49:04,S0056,+91-7990411854,S0054,+91-8152869473,0,DATA,TWR-0043,"Satellite, Ahmedabad",212603592067057
CDR-003524,2023-08-31,09:26:09,S0033,+91-8986477033,S0042,+91-9807385456,1862,VOICE,TWR-0181,Industrial Zone B-12,174091909971056
CDR-003525,2024-07-11,04:23:19,S0010,+91-8733842953,S0008,+91-7468144718,2290,VOICE,TWR-0042,"Aundh, Pune",903522422894777
CDR-003526,2023-11-06,19:30:37,S0035,+91-9574786019,S0028,+91-8010157795,0,SMS,TWR-0171,"Salt Lake, Kolkata",797248333615938
CDR-003527,2024-04-19,05:06:48,S0040,+91-9548278327,S0041,+91-8047680798,0,SMS,TWR-0024,"Civil Lines, Lucknow",527203786177185
CDR-003528,2023-05-13,16:02:40,S0008,+91-9441183579,S0010,+91-8733842953,0,SMS,TWR-0170,"Salt Lake, Kolkata",248965641141488
CDR-003529,2023-05-31,12:11:56,S0028,+91-8010157795,S0046,+91-8551797747,0,SMS,TWR-0029,Airport Cargo Terminal,597074638383988
CDR-003530,2024-11-14,07:55:39,S0023,+91-7870361876,S0002,+91-7762376237,0,DATA,TWR-0174,"Andheri West, Mumbai",129714995966598
CDR-003531,2024-07-26,14:23:11,S0031,+91-7728836158,S0079,+91-8925349210,664,VOICE,TWR-0123,"Banjara Hills, Hyderabad",338808547192515
CDR-003532,2024-07-16,05:45:35,S0073,+91-8723469890,S0072,+91-8873660196,0,DATA,TWR-0145,Airport Cargo Terminal,674301912138336
CDR-003533,2024-06-28,23:14:57,S0027,+91-8837911267,S0042,+91-9807385456,1323,VOICE,TWR-0093,"Marine Drive, Mumbai",673573087765645
CDR-003534,2023-12-08,14:23:30,S0016,+91-9192173624,S0021,+91-7186376562,0,DATA,TWR-0105,"Anna Nagar, Chennai",628586226740828
CDR-003535,2024-06-01,04:28:58,S0051,+91-8102313761,S0060,+91-9164020641,1254,VOICE,TWR-0093,"Connaught Place, New Delhi",495089688007010
CDR-003536,2023-07-28,23:40:22,S0011,+91-7365548469,S0035,+91-9574786019,148,VOICE,TWR-0067,"Salt Lake, Kolkata",339177063285968
CDR-003537,2023-04-02,04:33:18,S0032,+91-7090425118,S0033,+91-8986477033,2689,VOICE,TWR-0019,River Bridge Underpass,828510296471069
CDR-003538,2024-01-02,22:05:13,S0065,+91-7911433788,S0066,+91-9665882102,1008,VOICE,TWR-0147,"Gomti Nagar, Lucknow",902195169431571
CDR-003539,2023-06-05,01:26:28,S0030,+91-7587753540,S0025,+91-9877427601,0,SMS,TWR-0080,Abandoned Factory Block C,580450073291858
CDR-003540,2024-02-18,19:18:53,S0053,+91-8468512260,S0076,+91-8453831805,0,SMS,TWR-0041,"Satellite, Ahmedabad",525756520184403
CDR-003541,2024-05-07,17:45:28,S0053,+91-8468512260,S0057,+91-9859711607,911,VOICE,TWR-0076,"Kothrud, Pune",561063272935400
CDR-003542,2023-08-11,13:15:42,S0024,+91-8210847353,S0029,+91-8158983385,0,DATA,TWR-0014,"Park Street, Kolkata",480663646346613
CDR-003543,2024-08-18,08:06:23,S0029,+91-8158983385,S0028,+91-8010157795,1909,VOICE,TWR-0122,45th Street Warehouse,436014338359859
CDR-003544,2024-09-26,09:28:46,S0038,+91-9779825906,S0041,+91-8047680798,3290,VOICE,TWR-0194,Old Market Area,303274332962987
CDR-003545,2024-02-11,23:37:24,S0003,+91-7303959797,S0045,+91-7911765255,0,SMS,TWR-0142,Airport Cargo Terminal,496085432815687
CDR-003546,2023-12-28,19:02:11,S0041,+91-8047680798,S0035,+91-9574786019,3348,VOICE,TWR-0101,"Marine Drive, Mumbai",278994748834700
CDR-003547,2024-08-16,05:27:12,S0020,+91-7191685914,S0065,+91-7911433788,0,SMS,TWR-0137,45th Street Warehouse,729435908779730
CDR-003548,2024-10-09,12:23:52,S0053,+91-7726163005,S0065,+91-7911433788,0,DATA,TWR-0186,"Anna Nagar, Chennai",487855004042409
CDR-003549,2023-08-05,15:28:58,S0037,+91-9353860328,S0026,+91-9078465518,0,DATA,TWR-0196,"Park Street, Kolkata",362963537872575
CDR-003550,2024-12-23,05:04:18,S0057,+91-9859711607,S0054,+91-8152869473,124,VOICE,TWR-0169,Abandoned Factory Block C,817520754560267
CDR-003551,2024-09-20,08:15:26,S0045,+91-7911765255,S0036,+91-8689097012,0,DATA,TWR-0122,Railway Station Complex,677134344686370
CDR-003552,2023-12-23,21:45:24,S0011,+91-7365548469,S0007,+91-8314545093,0,SMS,TWR-0068,"Anna Nagar, Chennai",726147373153115
CDR-003553,2024-05-26,03:48:11,S0058,+91-7497129555,S0053,+91-8468512260,1071,VOICE,TWR-0132,Bus Terminal Underground,683431723824027
CDR-003554,2024-08-25,05:50:49,S0060,+91-9164020641,S0061,+91-7944047056,0,SMS,TWR-0166,"Aundh, Pune",811437521731137
CDR-003555,2023-11-12,17:23:31,S0075,+91-9023218968,S0078,+91-8505943466,3473,VOICE,TWR-0061,"Navrangpura, Ahmedabad",978986581213064
CDR-003556,2023-11-09,03:43:51,S0080,+91-9719896275,S0007,+91-8314545093,0,SMS,TWR-0148,"Anna Nagar, Chennai",664396885408446
CDR-003557,2024-03-19,12:14:16,S0039,+91-9007576162,S0044,+91-9971861645,0,SMS,TWR-0072,River Bridge Underpass,927517396762669
CDR-003558,2023-07-30,16:08:21,S0049,+91-9317730052,S0057,+91-9859711607,420,VOICE,TWR-0061,"Salt Lake, Kolkata",835277218572728
CDR-003559,2023-05-22,11:18:45,S0015,+91-8928238864,S0020,+91-7191685914,0,DATA,TWR-0031,"Connaught Place, New Delhi",656110313151657
CDR-003560,2023-10-07,07:25:41,S0039,+91-9007576162,S0036,+91-8689097012,714,VOICE,TWR-0003,"Park Street, Kolkata",192195132494693
CDR-003561,2024-08-08,02:27:43,S0004,+91-8808948427,S0006,+91-8996093227,1110,VOICE,TWR-0022,"MG Road, Bangalore",245512381858732
CDR-003562,2023-04-06,11:24:26,S0006,+91-8996093227,S0059,+91-9818587139,2817,VOICE,TWR-0112,"Park Street, Kolkata",762077773024818
CDR-003563,2023-03-11,06:17:30,S0036,+91-8689097012,S0025,+91-9877427601,1059,VOICE,TWR-0178,"Satellite, Ahmedabad",395717750175038
CDR-003564,2024-06-13,23:26:18,S0062,+91-7488244816,S0066,+91-9665882102,3226,VOICE,TWR-0069,Railway Station Complex,561306086650489
CDR-003565,2024-04-17,02:12:43,S0037,+91-9353860328,S0044,+91-9971861645,710,VOICE,TWR-0028,45th Street Warehouse,844913943594897
CDR-003566,2024-05-10,06:20:40,S0038,+91-9779825906,S0034,+91-9185263528,2346,VOICE,TWR-0034,Port District Dock 7,971220174050184
CDR-003567,2024-02-25,08:46:06,S0031,+91-7728836158,S0067,+91-8354117104,0,SMS,TWR-0078,Highway NH-48 Rest Stop,411469881069167
CDR-003568,2023-01-21,07:19:22,S0045,+91-7911765255,S0036,+91-8689097012,0,SMS,TWR-0083,"Salt Lake, Kolkata",664764985890766
CDR-003569,2024-06-13,07:17:16,S0006,+91-9389242087,S0072,+91-8873660196,0,SMS,TWR-0169,"Salt Lake, Kolkata",907947376179429
CDR-003570,2023-10-28,16:40:04,S0036,+91-8689097012,S0033,+91-8986477033,2460,VOICE,TWR-0074,"Andheri West, Mumbai",192261593807167
CDR-003571,2023-01-19,15:42:10,S0045,+91-7268371644,S0036,+91-8689097012,0,DATA,TWR-0198,Port District Dock 7,245431303985783
CDR-003572,2024-11-29,23:10:25,S0032,+91-7090425118,S0035,+91-9574786019,0,SMS,TWR-0138,"Sector 15, New Delhi",818171880733256
CDR-003573,2023-11-18,07:22:26,S0062,+91-7376081376,S0071,+91-9835229476,0,SMS,TWR-0039,"Anna Nagar, Chennai",291447963602373
CDR-003574,2024-07-03,07:54:09,S0016,+91-9192173624,S0021,+91-7186376562,0,DATA,TWR-0045,Old Market Area,268297847787642
CDR-003575,2023-10-02,02:35:59,S0030,+91-7587753540,S0027,+91-8837911267,0,DATA,TWR-0015,"Gomti Nagar, Lucknow",726220036978021
CDR-003576,2024-09-01,09:52:03,S0068,+91-7943867424,S0011,+91-7365548469,0,DATA,TWR-0043,Industrial Zone B-12,341631269830496
CDR-003577,2024-03-31,02:57:07,S0025,+91-9915424029,S0030,+91-7587753540,0,SMS,TWR-0025,Highway NH-48 Rest Stop,550385341814917
CDR-003578,2024-12-10,11:34:41,S0026,+91-9078465518,S0028,+91-8010157795,0,DATA,TWR-0046,"MG Road, Bangalore",392692482712921
CDR-003579,2023-02-22,09:37:00,S0045,+91-7268371644,S0036,+91-8689097012,0,DATA,TWR-0175,45th Street Warehouse,969500080357546
CDR-003580,2023-07-25,01:09:33,S0033,+91-8986477033,S0042,+91-9807385456,899,VOICE,TWR-0132,Bus Terminal Underground,510662464048892
CDR-003581,2023-02-23,14:34:09,S0007,+91-8314545093,S0003,+91-7303959797,2703,VOICE,TWR-0166,Port District Dock 7,377560331930010
CDR-003582,2024-01-26,17:35:05,S0001,+91-7731428289,S0011,+91-7365548469,3119,VOICE,TWR-0130,"Indiranagar, Bangalore",684126639968659
CDR-003583,2023-08-20,08:28:08,S0057,+91-9859711607,S0012,+91-9757993748,0,DATA,TWR-0129,"Aundh, Pune",962285546551441
CDR-003584,2023-10-26,02:02:22,S0076,+91-8453831805,S0024,+91-8210847353,1342,VOICE,TWR-0188,"Koregaon Park, Pune",527634683025862
CDR-003585,2024-11-23,01:35:56,S0014,+91-7694080686,S0022,+91-9029520745,0,SMS,TWR-0103,"Jubilee Hills, Hyderabad",709066219284123
CDR-003586,2024-11-03,04:50:10,S0005,+91-9533147930,S0079,+91-8925349210,3094,VOICE,TWR-0110,"Park Street, Kolkata",606513525134167
CDR-003587,2024-12-10,00:49:41,S0032,+91-7090425118,S0058,+91-7497129555,265,VOICE,TWR-0083,45th Street Warehouse,474861868437666
CDR-003588,2023-02-14,15:14:31,S0051,+91-8102313761,S0046,+91-8551797747,0,SMS,TWR-0077,"Civil Lines, Lucknow",781004395144530
CDR-003589,2024-05-14,22:51:38,S0078,+91-8505943466,S0073,+91-8723469890,0,SMS,TWR-0190,Old Market Area,158899099491095
CDR-003590,2023-08-13,00:04:13,S0031,+91-7728836158,S0038,+91-7164583060,0,SMS,TWR-0058,"Koregaon Park, Pune",640223277602913
CDR-003591,2024-09-23,22:46:10,S0016,+91-7433584847,S0041,+91-8047680798,800,VOICE,TWR-0059,"Gomti Nagar, Lucknow",110999136254407
CDR-003592,2023-08-14,03:58:50,S0025,+91-9877427601,S0035,+91-9574786019,0,DATA,TWR-0147,"Indiranagar, Bangalore",881773365995202
CDR-003593,2023-04-21,22:26:38,S0004,+91-8808948427,S0035,+91-9574786019,2221,VOICE,TWR-0094,"Kothrud, Pune",620689906579464
CDR-003594,2024-06-21,01:25:11,S0030,+91-7587753540,S0027,+91-8837911267,0,SMS,TWR-0134,"Navrangpura, Ahmedabad",846266461436280
CDR-003595,2023-02-09,15:16:31,S0074,+91-9129320527,S0051,+91-8102313761,736,VOICE,TWR-0110,Airport Cargo Terminal,732521809296490
CDR-003596,2024-08-15,02:27:14,S0054,+91-8152869473,S0006,+91-8996093227,0,SMS,TWR-0140,"Salt Lake, Kolkata",143982525303708
CDR-003597,2023-03-07,04:22:08,S0060,+91-9164020641,S0062,+91-7376081376,2240,VOICE,TWR-0011,"Park Street, Kolkata",395800166024253
CDR-003598,2023-08-23,00:32:11,S0022,+91-9029520745,S0021,+91-7186376562,3021,VOICE,TWR-0130,Railway Station Complex,691576110008631
CDR-003599,2023-06-15,23:19:31,S0064,+91-7750198381,S0065,+91-7911433788,3002,VOICE,TWR-0047,"Velachery, Chennai",519209558786711
CDR-003600,2023-05-31,08:47:18,S0021,+91-7186376562,S0013,+91-8601012552,0,DATA,TWR-0180,"Civil Lines, Lucknow",423338974736555
CDR-003601,2024-03-25,13:18:12,S0009,+91-8669674686,S0050,+91-8427287656,0,SMS,TWR-0034,"Andheri West, Mumbai",624846896578946
CDR-003602,2024-12-20,10:57:59,S0015,+91-8928238864,S0021,+91-7186376562,0,DATA,TWR-0085,45th Street Warehouse,595810622673079
CDR-003603,2023-08-26,09:27:01,S0037,+91-9353860328,S0008,+91-7468144718,0,SMS,TWR-0112,Port District Dock 7,770429902436699
CDR-003604,2023-06-12,22:21:50,S0065,+91-7911433788,S0066,+91-9665882102,0,SMS,TWR-0196,"Velachery, Chennai",946540116860815
CDR-003605,2024-07-10,02:20:37,S0025,+91-9877427601,S0030,+91-7587753540,0,SMS,TWR-0006,"Marine Drive, Mumbai",630173781997424
CDR-003606,2024-02-23,07:24:14,S0070,+91-8361473242,S0069,+91-7305439451,0,SMS,TWR-0019,"Kothrud, Pune",645686504148844
CDR-003607,2024-10-01,07:14:25,S0007,+91-9992184341,S0008,+91-7468144718,0,SMS,TWR-0039,"Anna Nagar, Chennai",390704320971562
CDR-003608,2024-05-08,05:50:11,S0038,+91-7164583060,S0034,+91-9185263528,0,SMS,TWR-0127,Old Market Area,426697437675908
CDR-003609,2023-01-25,14:51:22,S0037,+91-9353860328,S0059,+91-9818587139,0,SMS,TWR-0116,"Kothrud, Pune",750609251136830
CDR-003610,2024-04-28,15:37:19,S0034,+91-9185263528,S0042,+91-9807385456,0,DATA,TWR-0043,"Aundh, Pune",523155006994529
CDR-003611,2023-01-31,19:49:42,S0011,+91-7365548469,S0017,+91-8160965519,0,SMS,TWR-0198,"Velachery, Chennai",132742956867804
CDR-003612,2024-02-20,07:54:36,S0077,+91-7477042007,S0071,+91-9835229476,0,SMS,TWR-0183,Port District Dock 7,225707488153851
CDR-003613,2023-06-24,11:49:10,S0047,+91-8940192213,S0048,+91-8745666148,0,SMS,TWR-0027,"Malviya Nagar, Jaipur",316166562046225
CDR-003614,2023-07-08,18:12:22,S0041,+91-8047680798,S0035,+91-9574786019,1045,VOICE,TWR-0026,Bus Terminal Underground,499509988541849
CDR-003615,2023-03-13,19:41:30,S0017,+91-8160965519,S0022,+91-9029520745,0,SMS,TWR-0167,"Park Street, Kolkata",428346614011314
CDR-003616,2024-04-22,18:40:49,S0062,+91-7376081376,S0051,+91-8102313761,849,VOICE,TWR-0025,"Velachery, Chennai",771866757036452
CDR-003617,2023-08-07,17:43:33,S0035,+91-9574786019,S0031,+91-7728836158,0,DATA,TWR-0175,"Satellite, Ahmedabad",697229194951487
CDR-003618,2024-09-21,03:37:43,S0015,+91-8928238864,S0021,+91-7186376562,2284,VOICE,TWR-0084,"MG Road, Bangalore",272673248751551
CDR-003619,2024-06-09,12:13:57,S0001,+91-7731428289,S0011,+91-7365548469,0,DATA,TWR-0068,"Marine Drive, Mumbai",707499085702909
CDR-003620,2023-02-25,03:36:46,S0038,+91-7164583060,S0045,+91-7911765255,0,SMS,TWR-0094,Bus Terminal Underground,717891924947963
CDR-003621,2023-12-14,17:12:24,S0058,+91-7497129555,S0078,+91-8505943466,0,SMS,TWR-0181,"Banjara Hills, Hyderabad",244968234354390
CDR-003622,2024-05-01,06:08:37,S0023,+91-7870361876,S0026,+91-9078465518,1532,VOICE,TWR-0074,Industrial Zone B-12,741877618219538
CDR-003623,2024-07-12,04:49:28,S0047,+91-9284549529,S0002,+91-7762376237,1357,VOICE,TWR-0110,"Velachery, Chennai",595746457429420
CDR-003624,2023-07-15,20:31:03,S0020,+91-7191685914,S0021,+91-7186376562,0,DATA,TWR-0082,Abandoned Factory Block C,558367845470598
CDR-003625,2024-09-28,10:53:01,S0026,+91-9078465518,S0023,+91-7870361876,0,SMS,TWR-0149,Airport Cargo Terminal,616770630205448
CDR-003626,2024-02-04,09:59:02,S0027,+91-8837911267,S0024,+91-8210847353,2187,VOICE,TWR-0103,"MG Road, Bangalore",814288648179266
CDR-003627,2024-01-06,13:55:12,S0046,+91-8551797747,S0051,+91-8102313761,1368,VOICE,TWR-0084,Railway Station Complex,416124722381109
CDR-003628,2023-12-02,14:37:11,S0072,+91-8873660196,S0079,+91-8925349210,0,SMS,TWR-0035,Airport Cargo Terminal,363576101528895
CDR-003629,2024-10-11,14:47:12,S0046,+91-8551797747,S0011,+91-7365548469,780,VOICE,TWR-0063,River Bridge Underpass,927840087106918
CDR-003630,2023-08-23,12:16:48,S0006,+91-8996093227,S0005,+91-9533147930,0,SMS,TWR-0125,"Indiranagar, Bangalore",315567012332445
CDR-003631,2024-07-08,09:34:00,S0011,+91-7365548469,S0007,+91-8314545093,1342,VOICE,TWR-0166,"MG Road, Bangalore",603113546868726
CDR-003632,2023-02-21,19:12:29,S0076,+91-8453831805,S0014,+91-7694080686,0,SMS,TWR-0155,"Velachery, Chennai",669295058972638
CDR-003633,2023-03-25,15:30:17,S0041,+91-8047680798,S0035,+91-9574786019,2918,VOICE,TWR-0163,"Marine Drive, Mumbai",555608515375544
CDR-003634,2023-11-07,17:17:09,S0043,+91-8599838760,S0032,+91-7090425118,0,SMS,TWR-0022,"Velachery, Chennai",609570555607601
CDR-003635,2024-04-18,00:51:00,S0066,+91-9665882102,S0038,+91-7164583060,1630,VOICE,TWR-0198,45th Street Warehouse,484914087937001
CDR-003636,2024-02-29,10:19:29,S0044,+91-9971861645,S0033,+91-8986477033,0,DATA,TWR-0060,River Bridge Underpass,894914550342660
CDR-003637,2024-04-09,01:51:59,S0047,+91-8940192213,S0048,+91-8745666148,0,DATA,TWR-0089,Airport Cargo Terminal,282232811575957
CDR-003638,2024-08-24,05:26:31,S0050,+91-8427287656,S0049,+91-9317730052,113,VOICE,TWR-0084,"Civil Lines, Lucknow",368145107817401
CDR-003639,2024-12-03,14:37:48,S0014,+91-7694080686,S0015,+91-8928238864,2604,VOICE,TWR-0200,"Aundh, Pune",280886250278170
CDR-003640,2024-06-17,07:20:30,S0031,+91-7728836158,S0038,+91-7164583060,0,SMS,TWR-0059,45th Street Warehouse,396585053471129
CDR-003641,2023-06-18,18:15:58,S0075,+91-9023218968,S0078,+91-8505943466,0,DATA,TWR-0162,"Anna Nagar, Chennai",108992567773675
CDR-003642,2024-04-04,03:11:30,S0051,+91-8102313761,S0046,+91-8551797747,0,SMS,TWR-0006,"Jubilee Hills, Hyderabad",704533157834682
CDR-003643,2024-02-13,14:54:14,S0011,+91-7365548469,S0003,+91-7303959797,3482,VOICE,TWR-0144,"Sector 15, New Delhi",907864055939878
CDR-003644,2024-02-05,05:13:47,S0066,+91-9665882102,S0033,+91-8986477033,0,SMS,TWR-0200,"Connaught Place, New Delhi",103961444558014
CDR-003645,2023-03-05,03:05:51,S0019,+91-9469240982,S0078,+91-8505943466,636,VOICE,TWR-0147,"Park Street, Kolkata",514808806138758
CDR-003646,2024-02-09,14:21:31,S0026,+91-9078465518,S0027,+91-8837911267,481,VOICE,TWR-0074,"Jubilee Hills, Hyderabad",947038873158142
CDR-003647,2024-11-29,01:37:04,S0025,+91-9915424029,S0030,+91-7587753540,478,VOICE,TWR-0194,River Bridge Underpass,430660540886319
CDR-003648,2023-09-29,20:55:02,S0040,+91-9752093579,S0042,+91-9807385456,484,VOICE,TWR-0083,"Sector 15, New Delhi",716544512850445
CDR-003649,2024-11-29,08:14:16,S0026,+91-9078465518,S0027,+91-8837911267,0,SMS,TWR-0097,"Anna Nagar, Chennai",422816141571993
CDR-003650,2023-11-02,03:52:32,S0010,+91-8733842953,S0008,+91-7468144718,1560,VOICE,TWR-0188,Railway Station Complex,882192607877301
CDR-003651,2024-10-25,04:45:26,S0050,+91-8427287656,S0049,+91-9317730052,0,SMS,TWR-0009,"Anna Nagar, Chennai",691948766098832
CDR-003652,2024-11-13,00:36:41,S0038,+91-7164583060,S0034,+91-9185263528,283,VOICE,TWR-0169,"Malviya Nagar, Jaipur",395601471798677
CDR-003653,2024-08-13,13:18:04,S0076,+91-8453831805,S0045,+91-7911765255,0,DATA,TWR-0022,Highway NH-48 Rest Stop,536439855017766
CDR-003654,2023-09-20,13:08:14,S0047,+91-8940192213,S0048,+91-8745666148,0,SMS,TWR-0146,"Park Street, Kolkata",452459017002177
CDR-003655,2024-05-31,19:51:10,S0019,+91-8591373092,S0010,+91-8733842953,2733,VOICE,TWR-0162,"Andheri West, Mumbai",377974891171135
CDR-003656,2023-01-07,01:14:02,S0055,+91-7906087278,S0058,+91-7497129555,1177,VOICE,TWR-0125,"Malviya Nagar, Jaipur",498201328109430
CDR-003657,2023-06-29,12:38:08,S0019,+91-9469240982,S0017,+91-8160965519,0,DATA,TWR-0182,"Connaught Place, New Delhi",893228666594584
CDR-003658,2023-11-26,09:41:41,S0067,+91-8354117104,S0065,+91-7911433788,0,SMS,TWR-0118,"MG Road, Bangalore",490902229442450
CDR-003659,2024-02-26,20:52:34,S0049,+91-9317730052,S0052,+91-8821211330,3426,VOICE,TWR-0003,Airport Cargo Terminal,382808048188139
CDR-003660,2024-07-29,23:02:10,S0067,+91-8354117104,S0065,+91-7911433788,0,SMS,TWR-0169,Abandoned Factory Block C,193021835284579
CDR-003661,2023-11-10,18:58:16,S0060,+91-9164020641,S0018,+91-8515942742,0,SMS,TWR-0176,"Andheri West, Mumbai",246094990773199
CDR-003662,2023-11-11,07:51:50,S0060,+91-9164020641,S0022,+91-9029520745,2292,VOICE,TWR-0179,Airport Cargo Terminal,958604312219324
CDR-003663,2024-06-26,07:40:44,S0021,+91-7186376562,S0044,+91-9971861645,1870,VOICE,TWR-0192,Industrial Zone B-12,254196799707777
CDR-003664,2024-05-09,13:14:00,S0030,+91-7587753540,S0010,+91-8733842953,0,DATA,TWR-0064,"Gomti Nagar, Lucknow",993907489711911
CDR-003665,2024-12-12,06:01:25,S0078,+91-8505943466,S0038,+91-7164583060,257,VOICE,TWR-0127,"Park Street, Kolkata",149107989400145
CDR-003666,2023-02-14,21:15:34,S0016,+91-9192173624,S0014,+91-7694080686,2214,VOICE,TWR-0149,"Kothrud, Pune",146189169949699
CDR-003667,2024-05-30,10:37:17,S0075,+91-9023218968,S0003,+91-7303959797,0,SMS,TWR-0096,"Banjara Hills, Hyderabad",855100439783822
CDR-003668,2024-06-19,12:48:13,S0039,+91-9007576162,S0044,+91-9971861645,1920,VOICE,TWR-0178,"Connaught Place, New Delhi",964876883478751
CDR-003669,2023-03-30,21:57:16,S0038,+91-7164583060,S0041,+91-8047680798,865,VOICE,TWR-0093,"Jubilee Hills, Hyderabad",559160814530671
CDR-003670,2023-04-03,15:27:02,S0057,+91-9859711607,S0055,+91-7906087278,1583,VOICE,TWR-0091,"Anna Nagar, Chennai",673310234441823
CDR-003671,2023-07-05,00:47:31,S0014,+91-7694080686,S0078,+91-8505943466,0,DATA,TWR-0057,Industrial Zone B-12,614018757324753
CDR-003672,2023-10-24,21:27:58,S0064,+91-7750198381,S0065,+91-7911433788,0,SMS,TWR-0183,"Aundh, Pune",265001369293164
CDR-003673,2023-08-12,17:00:05,S0030,+91-7587753540,S0063,+91-8639980776,0,SMS,TWR-0124,"Andheri West, Mumbai",586111486024844
CDR-003674,2023-05-27,16:31:51,S0028,+91-8010157795,S0025,+91-9877427601,3297,VOICE,TWR-0092,"Koregaon Park, Pune",995043823152072
CDR-003675,2024-08-06,17:48:57,S0050,+91-8427287656,S0080,+91-9719896275,0,SMS,TWR-0164,"Navrangpura, Ahmedabad",653516970234814
CDR-003676,2023-11-16,23:12:44,S0066,+91-9665882102,S0068,+91-7943867424,3544,VOICE,TWR-0146,"Gomti Nagar, Lucknow",900237680512024
CDR-003677,2024-04-16,11:24:17,S0026,+91-9078465518,S0023,+91-7870361876,101,VOICE,TWR-0021,"Park Street, Kolkata",906817894549562
CDR-003678,2024-10-02,19:50:35,S0045,+91-7268371644,S0046,+91-8551797747,0,SMS,TWR-0103,Port District Dock 7,782052640187547
CDR-003679,2023-01-29,02:20:06,S0049,+91-9317730052,S0012,+91-9757993748,2003,VOICE,TWR-0129,"Andheri West, Mumbai",241943660646134
CDR-003680,2024-02-29,18:27:35,S0076,+91-8453831805,S0071,+91-9835229476,0,SMS,TWR-0092,Highway NH-48 Rest Stop,289916607471471
CDR-003681,2023-04-09,14:42:04,S0034,+91-9185263528,S0045,+91-7911765255,0,SMS,TWR-0124,"Connaught Place, New Delhi",111826665337756
CDR-003682,2024-07-18,04:33:53,S0044,+91-9971861645,S0033,+91-8986477033,0,DATA,TWR-0018,"Malviya Nagar, Jaipur",899745662535421
CDR-003683,2023-06-27,18:04:49,S0058,+91-7497129555,S0053,+91-8468512260,2897,VOICE,TWR-0179,"Velachery, Chennai",377445359700985
CDR-003684,2023-05-04,06:35:16,S0017,+91-8160965519,S0022,+91-9029520745,0,SMS,TWR-0052,Bus Terminal Underground,672760944225196
CDR-003685,2023-07-29,02:58:20,S0079,+91-8925349210,S0073,+91-8723469890,1818,VOICE,TWR-0021,Railway Station Complex,827365843081633
CDR-003686,2024-06-21,14:03:50,S0036,+91-8689097012,S0051,+91-8102313761,0,DATA,TWR-0117,Bus Terminal Underground,834027160164621
CDR-003687,2023-11-05,10:44:49,S0009,+91-8669674686,S0005,+91-9533147930,0,SMS,TWR-0028,"Satellite, Ahmedabad",350336921672310
CDR-003688,2024-05-26,07:01:48,S0013,+91-8189450306,S0020,+91-7191685914,0,SMS,TWR-0061,"Indiranagar, Bangalore",124059553412609
CDR-003689,2023-04-23,23:39:25,S0044,+91-9971861645,S0033,+91-8986477033,0,SMS,TWR-0099,Old Market Area,809245687356134
CDR-003690,2023-10-30,12:07:32,S0076,+91-8453831805,S0073,+91-8723469890,0,SMS,TWR-0073,"Satellite, Ahmedabad",109383000564558
CDR-003691,2023-12-22,18:51:39,S0060,+91-9164020641,S0003,+91-7303959797,1139,VOICE,TWR-0078,"Marine Drive, Mumbai",248799901264734
CDR-003692,2023-02-25,15:25:16,S0021,+91-7608918981,S0048,+91-8745666148,3107,VOICE,TWR-0125,"Jubilee Hills, Hyderabad",299103240969908
CDR-003693,2023-12-26,04:28:31,S0058,+91-7497129555,S0053,+91-8468512260,0,SMS,TWR-0010,"Salt Lake, Kolkata",650324639585277
CDR-003694,2023-07-16,00:32:30,S0039,+91-9007576162,S0036,+91-8689097012,1708,VOICE,TWR-0071,"Koregaon Park, Pune",651640128698533
CDR-003695,2024-03-31,12:35:32,S0014,+91-7694080686,S0017,+91-8160965519,1109,VOICE,TWR-0059,"Andheri West, Mumbai",368302240970161
CDR-003696,2024-06-18,15:16:11,S0044,+91-9971861645,S0033,+91-8986477033,0,SMS,TWR-0131,Airport Cargo Terminal,832622474671321
CDR-003697,2024-04-03,16:14:10,S0025,+91-9877427601,S0030,+91-7587753540,0,SMS,TWR-0164,"Kothrud, Pune",316689721497793
CDR-003698,2023-01-10,12:21:38,S0030,+91-7587753540,S0028,+91-8010157795,0,DATA,TWR-0176,Old Market Area,919967200505701
CDR-003699,2024-11-14,05:49:52,S0043,+91-8599838760,S0044,+91-9971861645,0,DATA,TWR-0009,Railway Station Complex,113745206978582
CDR-003700,2024-11-25,19:50:33,S0020,+91-7191685914,S0021,+91-7186376562,0,SMS,TWR-0142,"Koregaon Park, Pune",504097195800598
CDR-003701,2023-09-03,19:46:17,S0005,+91-9533147930,S0017,+91-8160965519,817,VOICE,TWR-0107,"Kothrud, Pune",820490555667562
CDR-003702,2023-03-14,22:03:17,S0025,+91-9877427601,S0030,+91-7587753540,2368,VOICE,TWR-0178,Abandoned Factory Block C,228594300598700
CDR-003703,2023-09-11,05:53:02,S0029,+91-8158983385,S0040,+91-9752093579,2448,VOICE,TWR-0128,"Aundh, Pune",754756233348095
CDR-003704,2024-06-21,23:55:59,S0040,+91-9548278327,S0020,+91-7191685914,1618,VOICE,TWR-0108,"Salt Lake, Kolkata",374561065400151
CDR-003705,2023-09-23,04:05:33,S0039,+91-9007576162,S0036,+91-8689097012,0,SMS,TWR-0076,"Malviya Nagar, Jaipur",622851252468338
CDR-003706,2023-04-27,02:34:21,S0059,+91-9818587139,S0044,+91-9971861645,0,DATA,TWR-0067,Abandoned Factory Block C,582590562575981
CDR-003707,2024-03-10,17:33:59,S0048,+91-8745666148,S0047,+91-8940192213,0,SMS,TWR-0167,Railway Station Complex,615688208718055
CDR-003708,2024-02-28,05:58:50,S0046,+91-8551797747,S0045,+91-7911765255,0,SMS,TWR-0057,"Koregaon Park, Pune",776211104514727
CDR-003709,2023-06-07,05:38:18,S0042,+91-9807385456,S0039,+91-9007576162,0,DATA,TWR-0055,Bus Terminal Underground,768696569620137
CDR-003710,2024-02-23,13:15:14,S0039,+91-9007576162,S0036,+91-8689097012,0,SMS,TWR-0022,"Anna Nagar, Chennai",735639153157760
CDR-003711,2023-11-16,13:54:15,S0071,+91-9835229476,S0080,+91-9719896275,0,SMS,TWR-0099,"Kothrud, Pune",931281179077096
CDR-003712,2023-10-21,23:23:48,S0027,+91-9893729536,S0024,+91-8210847353,2443,VOICE,TWR-0122,"Aundh, Pune",481499411533468
CDR-003713,2024-06-11,15:21:27,S0021,+91-7186376562,S0014,+91-7694080686,0,SMS,TWR-0068,Highway NH-48 Rest Stop,604421659881727
CDR-003714,2024-04-13,02:18:18,S0068,+91-7943867424,S0068,+91-7943867424,2183,VOICE,TWR-0025,"Salt Lake, Kolkata",385141234410648
CDR-003715,2023-03-26,18:21:45,S0033,+91-8986477033,S0071,+91-9835229476,0,SMS,TWR-0176,"Marine Drive, Mumbai",228242198005434
CDR-003716,2023-03-21,21:01:55,S0044,+91-9971861645,S0033,+91-8986477033,0,SMS,TWR-0196,"Kothrud, Pune",436904033913006
CDR-003717,2024-05-07,10:30:34,S0078,+91-8505943466,S0077,+91-7477042007,695,VOICE,TWR-0080,"Jubilee Hills, Hyderabad",449363136278113
CDR-003718,2023-12-03,18:15:26,S0004,+91-8808948427,S0006,+91-8996093227,0,SMS,TWR-0056,45th Street Warehouse,133726059731762
CDR-003719,2024-07-23,20:37:34,S0072,+91-8873660196,S0074,+91-9129320527,482,VOICE,TWR-0080,45th Street Warehouse,755716386397596
CDR-003720,2024-10-03,13:03:44,S0023,+91-7870361876,S0027,+91-8837911267,0,SMS,TWR-0146,"Kothrud, Pune",997230376645834
CDR-003721,2023-12-09,01:54:52,S0059,+91-9818587139,S0052,+91-8821211330,2102,VOICE,TWR-0142,"Connaught Place, New Delhi",598050581459864
CDR-003722,2024-09-05,00:40:18,S0007,+91-8314545093,S0004,+91-8808948427,877,VOICE,TWR-0172,"Marine Drive, Mumbai",404961521565657
CDR-003723,2024-08-05,18:14:07,S0020,+91-7191685914,S0068,+91-7943867424,0,SMS,TWR-0129,River Bridge Underpass,548564173476568
CDR-003724,2023-03-19,06:23:52,S0080,+91-9719896275,S0007,+91-8314545093,334,VOICE,TWR-0073,"Kothrud, Pune",139330645807476
CDR-003725,2024-04-19,05:12:49,S0045,+91-7268371644,S0036,+91-8689097012,929,VOICE,TWR-0101,"Civil Lines, Lucknow",336149288096669
CDR-003726,2024-04-30,02:06:13,S0049,+91-9317730052,S0052,+91-8821211330,2902,VOICE,TWR-0027,Abandoned Factory Block C,586898299320764
CDR-003727,2024-05-19,01:37:38,S0021,+91-7186376562,S0065,+91-7911433788,0,SMS,TWR-0146,"Connaught Place, New Delhi",563711534185763
CDR-003728,2024-10-07,12:49:58,S0016,+91-9192173624,S0021,+91-7186376562,0,SMS,TWR-0032,"Connaught Place, New Delhi",575937378311776
CDR-003729,2023-12-07,08:24:13,S0065,+91-7911433788,S0066,+91-9665882102,3008,VOICE,TWR-0159,"Andheri West, Mumbai",478402794560791
CDR-003730,2024-09-18,20:46:37,S0028,+91-8010157795,S0030,+91-7587753540,2311,VOICE,TWR-0097,Railway Station Complex,379108542466543
CDR-003731,2024-10-19,10:23:27,S0070,+91-8361473242,S0051,+91-8102313761,0,DATA,TWR-0190,"Aundh, Pune",542432591360359
CDR-003732,2024-04-23,02:38:59,S0069,+91-7305439451,S0070,+91-8361473242,2257,VOICE,TWR-0138,Abandoned Factory Block C,124032680623224
CDR-003733,2023-02-10,09:09:03,S0059,+91-9818587139,S0044,+91-9971861645,3432,VOICE,TWR-0078,"Banjara Hills, Hyderabad",457493225699619
CDR-003734,2024-12-23,20:05:36,S0056,+91-7990411854,S0054,+91-8152869473,0,SMS,TWR-0054,River Bridge Underpass,260960853023003
CDR-003735,2023-07-07,03:31:32,S0018,+91-8515942742,S0027,+91-8837911267,237,VOICE,TWR-0153,Railway Station Complex,718104079746616
CDR-003736,2024-05-25,01:40:22,S0024,+91-8210847353,S0039,+91-9007576162,3104,VOICE,TWR-0060,"Aundh, Pune",969289935280456
CDR-003737,2024-10-06,17:09:14,S0058,+91-7497129555,S0073,+91-8723469890,0,SMS,TWR-0153,"Sector 15, New Delhi",301228154816014
CDR-003738,2023-01-25,02:28:23,S0077,+91-7477042007,S0071,+91-9835229476,964,VOICE,TWR-0004,Railway Station Complex,461525804703789
CDR-003739,2023-02-20,17:12:11,S0061,+91-7944047056,S0001,+91-7731428289,2896,VOICE,TWR-0164,"MG Road, Bangalore",780023141998831
CDR-003740,2023-11-16,22:41:25,S0020,+91-7191685914,S0013,+91-8601012552,0,SMS,TWR-0038,Highway NH-48 Rest Stop,731589683983273
CDR-003741,2023-08-12,09:05:34,S0029,+91-8158983385,S0028,+91-8010157795,2307,VOICE,TWR-0061,River Bridge Underpass,943924281733572
CDR-003742,2023-03-05,10:20:05,S0059,+91-9818587139,S0026,+91-9078465518,0,SMS,TWR-0020,"Malviya Nagar, Jaipur",573562673775310
CDR-003743,2024-10-22,02:43:19,S0012,+91-9757993748,S0041,+91-8047680798,52,VOICE,TWR-0157,"Malviya Nagar, Jaipur",844739978105827
CDR-003744,2024-09-27,17:51:21,S0020,+91-7191685914,S0075,+91-9023218968,0,SMS,TWR-0183,River Bridge Underpass,486125594046232
CDR-003745,2024-11-27,20:22:20,S0067,+91-8185491609,S0027,+91-8837911267,0,SMS,TWR-0177,"MG Road, Bangalore",108087073608952
CDR-003746,2024-05-24,10:55:21,S0062,+91-7376081376,S0063,+91-8639980776,3037,VOICE,TWR-0061,Port District Dock 7,202061456536920
CDR-003747,2024-07-02,07:24:26,S0080,+91-9719896275,S0040,+91-9752093579,0,SMS,TWR-0069,"Civil Lines, Lucknow",482003631802111
CDR-003748,2023-04-05,18:03:22,S0032,+91-7090425118,S0035,+91-9574786019,2057,VOICE,TWR-0068,"Velachery, Chennai",662296039273724
CDR-003749,2024-09-09,02:23:38,S0006,+91-8996093227,S0005,+91-9533147930,1537,VOICE,TWR-0018,"Malviya Nagar, Jaipur",205518181472659
CDR-003750,2024-12-21,06:22:12,S0002,+91-7762376237,S0012,+91-9757993748,0,DATA,TWR-0024,"Sector 15, New Delhi",941550177559943
CDR-003751,2024-09-13,14:12:03,S0020,+91-7191685914,S0039,+91-9007576162,837,VOICE,TWR-0097,Highway NH-48 Rest Stop,577150068929324
CDR-003752,2024-11-20,19:39:38,S0072,+91-8873660196,S0074,+91-9129320527,2507,VOICE,TWR-0177,"Velachery, Chennai",581482697086039
CDR-003753,2023-11-05,06:11:40,S0069,+91-7305439451,S0070,+91-8361473242,0,SMS,TWR-0094,Port District Dock 7,714819025425516
CDR-003754,2023-01-30,19:11:29,S0012,+91-9757993748,S0011,+91-7365548469,0,DATA,TWR-0089,River Bridge Underpass,815466786041639
CDR-003755,2023-06-14,11:49:59,S0023,+91-9115149321,S0030,+91-7587753540,491,VOICE,TWR-0039,Abandoned Factory Block C,678491314124295
CDR-003756,2023-10-08,15:15:07,S0004,+91-8808948427,S0040,+91-9752093579,2314,VOICE,TWR-0012,"Gomti Nagar, Lucknow",824192906583436
CDR-003757,2023-05-09,01:48:33,S0076,+91-8453831805,S0012,+91-9757993748,3116,VOICE,TWR-0054,Airport Cargo Terminal,729270433298401
CDR-003758,2023-06-19,19:00:47,S0070,+91-8361473242,S0043,+91-8599838760,3579,VOICE,TWR-0030,"Navrangpura, Ahmedabad",864178752141626
CDR-003759,2023-08-09,17:29:16,S0025,+91-9877427601,S0030,+91-7587753540,3069,VOICE,TWR-0008,"Jubilee Hills, Hyderabad",457651438101455
CDR-003760,2024-04-24,11:17:39,S0070,+91-8361473242,S0068,+91-7943867424,2746,VOICE,TWR-0095,"Velachery, Chennai",160004547323254
CDR-003761,2023-09-28,03:29:08,S0066,+91-9665882102,S0068,+91-7943867424,1563,VOICE,TWR-0058,"Banjara Hills, Hyderabad",414854772009526
CDR-003762,2024-12-23,18:18:49,S0029,+91-8158983385,S0039,+91-9007576162,2349,VOICE,TWR-0079,Airport Cargo Terminal,847957155601866
CDR-003763,2023-07-20,08:23:42,S0041,+91-8047680798,S0035,+91-9574786019,236,VOICE,TWR-0005,"Aundh, Pune",850270846460789
CDR-003764,2024-06-09,12:44:10,S0044,+91-9971861645,S0033,+91-8986477033,972,VOICE,TWR-0111,"Jubilee Hills, Hyderabad",271135558852463
CDR-003765,2023-10-10,22:17:29,S0047,+91-8940192213,S0069,+91-7305439451,0,DATA,TWR-0168,Bus Terminal Underground,383131829835067
CDR-003766,2024-09-21,07:27:08,S0031,+91-7728836158,S0038,+91-7164583060,0,SMS,TWR-0190,Bus Terminal Underground,497275266942441
CDR-003767,2023-05-21,00:21:18,S0044,+91-9971861645,S0033,+91-8986477033,0,SMS,TWR-0096,"Aundh, Pune",895657912881534
CDR-003768,2024-01-14,02:22:41,S0039,+91-9007576162,S0074,+91-9129320527,0,DATA,TWR-0200,Railway Station Complex,546085095830088
CDR-003769,2023-04-12,09:17:04,S0042,+91-9807385456,S0033,+91-8986477033,1785,VOICE,TWR-0043,"Marine Drive, Mumbai",922095886238400
CDR-003770,2023-01-19,00:12:06,S0034,+91-9185263528,S0045,+91-7911765255,0,SMS,TWR-0020,Port District Dock 7,834115942674484
CDR-003771,2023-04-23,16:04:00,S0054,+91-8152869473,S0057,+91-9859711607,3302,VOICE,TWR-0156,Railway Station Complex,584603586128699
CDR-003772,2024-09-23,16:54:01,S0026,+91-9078465518,S0025,+91-9877427601,0,DATA,TWR-0052,"Park Street, Kolkata",247799820531442
CDR-003773,2024-10-18,01:42:47,S0070,+91-8361473242,S0069,+91-7305439451,139,VOICE,TWR-0147,"Aundh, Pune",476182049621872
CDR-003774,2023-07-09,05:17:35,S0070,+91-8361473242,S0069,+91-7305439451,2301,VOICE,TWR-0192,"Civil Lines, Lucknow",697312573606085
CDR-003775,2023-05-20,08:20:04,S0076,+91-8453831805,S0079,+91-8925349210,1423,VOICE,TWR-0144,River Bridge Underpass,142828012056661
CDR-003776,2024-06-29,18:35:16,S0021,+91-7186376562,S0040,+91-9752093579,1221,VOICE,TWR-0185,"Navrangpura, Ahmedabad",413492710088760
CDR-003777,2024-09-18,07:14:08,S0037,+91-9353860328,S0032,+91-7090425118,0,SMS,TWR-0039,"Sector 15, New Delhi",515118664897677
CDR-003778,2023-09-15,12:55:30,S0011,+91-7365548469,S0047,+91-8940192213,0,SMS,TWR-0189,Railway Station Complex,112503642105936
CDR-003779,2024-06-07,05:12:22,S0038,+91-7164583060,S0034,+91-9185263528,2833,VOICE,TWR-0121,"Koregaon Park, Pune",348250360043078
CDR-003780,2023-05-27,22:11:06,S0031,+91-7728836158,S0038,+91-7164583060,91,VOICE,TWR-0006,"Marine Drive, Mumbai",219647244565942
CDR-003781,2023-01-13,17:53:51,S0001,+91-7731428289,S0005,+91-9533147930,1415,VOICE,TWR-0147,"Andheri West, Mumbai",992440678446615
CDR-003782,2023-11-09,10:29:00,S0056,+91-7990411854,S0054,+91-8152869473,0,DATA,TWR-0086,"Aundh, Pune",814045840896611
CDR-003783,2023-05-29,19:13:57,S0062,+91-7488244816,S0046,+91-8551797747,0,SMS,TWR-0025,River Bridge Underpass,190277610443537
CDR-003784,2024-07-02,01:03:00,S0030,+91-7587753540,S0011,+91-7365548469,2014,VOICE,TWR-0037,River Bridge Underpass,237406674874657
CDR-003785,2024-06-16,15:04:37,S0040,+91-9548278327,S0041,+91-8047680798,0,SMS,TWR-0162,Old Market Area,973364027532808
CDR-003786,2023-08-17,05:38:24,S0070,+91-8361473242,S0069,+91-7305439451,3085,VOICE,TWR-0016,"Koregaon Park, Pune",394521410578300
CDR-003787,2024-01-24,12:50:11,S0031,+91-7728836158,S0018,+91-8515942742,0,SMS,TWR-0158,"Anna Nagar, Chennai",512872037796502
CDR-003788,2024-05-31,12:53:54,S0072,+91-9541363841,S0022,+91-9029520745,2658,VOICE,TWR-0138,Railway Station Complex,940238736226291
CDR-003789,2023-09-30,21:03:06,S0012,+91-9757993748,S0011,+91-7365548469,0,SMS,TWR-0067,Industrial Zone B-12,659970449032533
CDR-003790,2023-10-31,01:23:25,S0012,+91-9757993748,S0011,+91-7365548469,1669,VOICE,TWR-0019,Railway Station Complex,206886313236947
CDR-003791,2024-04-28,02:08:29,S0030,+91-7587753540,S0028,+91-8010157795,0,DATA,TWR-0083,"Banjara Hills, Hyderabad",949975518757400
CDR-003792,2023-12-28,16:52:12,S0051,+91-8102313761,S0048,+91-8745666148,0,SMS,TWR-0143,"Marine Drive, Mumbai",606762105334151
CDR-003793,2024-09-25,15:36:40,S0033,+91-8986477033,S0042,+91-9807385456,1701,VOICE,TWR-0137,45th Street Warehouse,891211855878725
CDR-003794,2024-04-03,10:07:31,S0014,+91-7694080686,S0022,+91-9029520745,0,SMS,TWR-0071,"Indiranagar, Bangalore",492909670537715
CDR-003795,2023-08-21,17:17:45,S0075,+91-9023218968,S0078,+91-8505943466,0,SMS,TWR-0060,"Connaught Place, New Delhi",326532785122690
CDR-003796,2023-10-27,14:21:00,S0048,+91-8745666148,S0030,+91-7587753540,1004,VOICE,TWR-0016,45th Street Warehouse,165295803560498
CDR-003797,2024-07-06,14:17:31,S0078,+91-8505943466,S0068,+91-7943867424,893,VOICE,TWR-0017,"Marine Drive, Mumbai",554404005667853
CDR-003798,2023-07-24,14:24:39,S0046,+91-8551797747,S0049,+91-9317730052,1616,VOICE,TWR-0084,"Jubilee Hills, Hyderabad",550413647127369
CDR-003799,2024-04-12,10:10:14,S0003,+91-7303959797,S0004,+91-8808948427,3201,VOICE,TWR-0055,Highway NH-48 Rest Stop,872436290474127
CDR-003800,2024-01-08,07:58:22,S0075,+91-9023218968,S0071,+91-9835229476,0,SMS,TWR-0087,Bus Terminal Underground,284453338652351
CDR-003801,2024-04-10,02:57:05,S0014,+91-7694080686,S0038,+91-7164583060,0,SMS,TWR-0165,Abandoned Factory Block C,927100790846101
CDR-003802,2024-03-25,07:57:56,S0062,+91-7376081376,S0063,+91-8639980776,0,SMS,TWR-0031,Old Market Area,823829706257478
CDR-003803,2023-11-02,09:39:38,S0059,+91-9818587139,S0044,+91-9971861645,1997,VOICE,TWR-0046,"Sector 15, New Delhi",415335502605569
CDR-003804,2024-09-04,03:41:07,S0044,+91-9971861645,S0033,+91-8986477033,2855,VOICE,TWR-0118,"Salt Lake, Kolkata",991833424973705
CDR-003805,2023-08-15,01:24:18,S0035,+91-9574786019,S0028,+91-8010157795,0,DATA,TWR-0151,"Gomti Nagar, Lucknow",333956201169245
CDR-003806,2024-11-11,22:50:19,S0028,+91-8010157795,S0030,+91-7587753540,0,DATA,TWR-0057,"Malviya Nagar, Jaipur",183602333449365
CDR-003807,2023-05-26,13:56:52,S0014,+91-7694080686,S0015,+91-8928238864,0,DATA,TWR-0147,"Gomti Nagar, Lucknow",592901086976515
CDR-003808,2024-10-14,22:44:32,S0029,+91-8158983385,S0028,+91-8010157795,1898,VOICE,TWR-0077,Highway NH-48 Rest Stop,563783023185830
CDR-003809,2023-09-25,16:37:30,S0067,+91-8354117104,S0065,+91-7911433788,0,SMS,TWR-0152,"Anna Nagar, Chennai",363563182452894
CDR-003810,2024-12-20,22:11:34,S0052,+91-8821211330,S0013,+91-8601012552,0,SMS,TWR-0147,Abandoned Factory Block C,249455752831172
CDR-003811,2024-04-08,15:34:16,S0073,+91-8723469890,S0077,+91-7477042007,0,SMS,TWR-0099,"Navrangpura, Ahmedabad",519003538658142
CDR-003812,2024-01-05,13:23:26,S0017,+91-8160965519,S0022,+91-9029520745,50,VOICE,TWR-0167,"Satellite, Ahmedabad",228622569740836
CDR-003813,2023-04-11,02:24:54,S0026,+91-9078465518,S0030,+91-7587753540,1886,VOICE,TWR-0039,Port District Dock 7,826959911192143
CDR-003814,2024-10-18,21:08:35,S0017,+91-8160965519,S0022,+91-9029520745,0,SMS,TWR-0186,"Satellite, Ahmedabad",552602281503079
CDR-003815,2023-09-25,01:27:40,S0016,+91-9192173624,S0023,+91-7870361876,0,SMS,TWR-0001,"Jubilee Hills, Hyderabad",129422935409894
CDR-003816,2023-03-27,15:02:43,S0019,+91-9469240982,S0020,+91-7191685914,1339,VOICE,TWR-0179,Airport Cargo Terminal,732220729600194
CDR-003817,2023-02-23,10:52:32,S0056,+91-7990411854,S0053,+91-8468512260,0,SMS,TWR-0136,"Aundh, Pune",949081521331974
CDR-003818,2024-09-29,21:02:28,S0074,+91-9129320527,S0079,+91-8925349210,2920,VOICE,TWR-0199,"Salt Lake, Kolkata",774180544435401
CDR-003819,2024-03-31,10:47:41,S0010,+91-8733842953,S0002,+91-7762376237,691,VOICE,TWR-0081,"Kothrud, Pune",864581725535004
CDR-003820,2024-09-27,04:51:26,S0059,+91-9818587139,S0044,+91-9971861645,1779,VOICE,TWR-0100,Old Market Area,761120629396593
CDR-003821,2024-09-10,02:49:51,S0053,+91-8468512260,S0058,+91-7497129555,2878,VOICE,TWR-0139,"Marine Drive, Mumbai",361548433494065
CDR-003822,2024-04-26,14:37:34,S0015,+91-8928238864,S0006,+91-8996093227,0,DATA,TWR-0012,"Marine Drive, Mumbai",280316380422890
CDR-003823,2023-08-11,18:37:39,S0002,+91-7762376237,S0012,+91-9757993748,688,VOICE,TWR-0088,"Banjara Hills, Hyderabad",258759947131723
CDR-003824,2024-12-21,14:36:54,S0004,+91-8808948427,S0006,+91-8996093227,0,SMS,TWR-0028,"Jubilee Hills, Hyderabad",126108652182767
CDR-003825,2023-07-13,20:43:24,S0022,+91-9029520745,S0021,+91-7186376562,3228,VOICE,TWR-0067,"Indiranagar, Bangalore",470806685588465
CDR-003826,2024-03-07,11:02:19,S0041,+91-8047680798,S0035,+91-9574786019,0,SMS,TWR-0083,"Sector 15, New Delhi",774910424439048
CDR-003827,2024-11-10,06:58:32,S0023,+91-7870361876,S0030,+91-7587753540,0,DATA,TWR-0074,Old Market Area,556366088033831
CDR-003828,2024-09-28,10:33:35,S0013,+91-8601012552,S0015,+91-8928238864,1859,VOICE,TWR-0169,"Kothrud, Pune",566729892732979
CDR-003829,2023-05-12,08:07:13,S0077,+91-7477042007,S0071,+91-9835229476,0,SMS,TWR-0019,"Marine Drive, Mumbai",441485367243338
CDR-003830,2024-03-10,19:40:34,S0075,+91-9023218968,S0078,+91-8505943466,2521,VOICE,TWR-0099,Old Market Area,625830818099657
CDR-003831,2024-05-10,22:29:48,S0066,+91-7288551224,S0067,+91-8354117104,3231,VOICE,TWR-0049,Industrial Zone B-12,936653364522952
CDR-003832,2024-04-07,23:21:07,S0064,+91-7750198381,S0065,+91-7911433788,225,VOICE,TWR-0191,Abandoned Factory Block C,924111721437419
CDR-003833,2023-09-20,07:03:08,S0064,+91-7750198381,S0065,+91-7911433788,0,SMS,TWR-0199,Old Market Area,920589656246260
CDR-003834,2023-05-17,07:28:21,S0079,+91-8925349210,S0039,+91-9007576162,3339,VOICE,TWR-0004,"Marine Drive, Mumbai",721038024732768
CDR-003835,2024-05-12,19:04:25,S0050,+91-8427287656,S0049,+91-9317730052,0,SMS,TWR-0077,Bus Terminal Underground,171610390267786
CDR-003836,2023-08-13,06:09:07,S0037,+91-9353860328,S0044,+91-9971861645,2879,VOICE,TWR-0182,45th Street Warehouse,222725470595539
CDR-003837,2023-08-20,05:26:53,S0043,+91-8599838760,S0009,+91-8669674686,0,SMS,TWR-0118,"Kothrud, Pune",273215839942908
CDR-003838,2024-10-13,07:26:17,S0033,+91-8986477033,S0052,+91-8821211330,2904,VOICE,TWR-0197,"Banjara Hills, Hyderabad",531862869479756
CDR-003839,2023-02-27,14:14:10,S0067,+91-8185491609,S0016,+91-9192173624,0,SMS,TWR-0126,Port District Dock 7,395787223858822
CDR-003840,2023-04-16,11:38:53,S0015,+91-8928238864,S0018,+91-8515942742,0,DATA,TWR-0142,45th Street Warehouse,751541185883958
CDR-003841,2023-03-19,08:10:25,S0017,+91-8160965519,S0022,+91-9029520745,0,DATA,TWR-0008,"Civil Lines, Lucknow",462429387721272
CDR-003842,2023-02-05,14:56:00,S0006,+91-9389242087,S0005,+91-9533147930,0,SMS,TWR-0049,Highway NH-48 Rest Stop,477150846701580
CDR-003843,2023-05-30,19:33:01,S0016,+91-9192173624,S0017,+91-8160965519,3001,VOICE,TWR-0139,"Salt Lake, Kolkata",803066815664827
CDR-003844,2024-03-11,07:08:37,S0031,+91-7728836158,S0038,+91-7164583060,0,SMS,TWR-0137,River Bridge Underpass,976145064080591
CDR-003845,2023-12-23,11:34:33,S0047,+91-8940192213,S0013,+91-8601012552,0,SMS,TWR-0032,"Park Street, Kolkata",884299835902039
CDR-003846,2023-12-09,13:55:14,S0077,+91-7477042007,S0028,+91-8010157795,3319,VOICE,TWR-0184,"Satellite, Ahmedabad",479918568689580
CDR-003847,2023-05-14,22:07:16,S0079,+91-8925349210,S0073,+91-8723469890,0,SMS,TWR-0176,Airport Cargo Terminal,175555001653016
CDR-003848,2024-10-03,06:35:13,S0002,+91-7762376237,S0012,+91-9757993748,1043,VOICE,TWR-0103,"Banjara Hills, Hyderabad",426517835025236
CDR-003849,2024-09-07,18:43:25,S0046,+91-8551797747,S0049,+91-9317730052,0,SMS,TWR-0162,Highway NH-48 Rest Stop,535707440847513
CDR-003850,2024-06-24,19:39:23,S0074,+91-9129320527,S0072,+91-8873660196,0,SMS,TWR-0074,"Malviya Nagar, Jaipur",442866766522690
CDR-003851,2024-08-16,01:16:20,S0036,+91-8689097012,S0051,+91-8102313761,0,SMS,TWR-0153,"Koregaon Park, Pune",488857957223031
CDR-003852,2024-04-21,18:09:34,S0017,+91-8160965519,S0022,+91-9029520745,799,VOICE,TWR-0129,Abandoned Factory Block C,471227296617182
CDR-003853,2024-04-21,16:20:27,S0030,+91-7587753540,S0025,+91-9877427601,253,VOICE,TWR-0145,"Velachery, Chennai",253921226640357
CDR-003854,2024-08-25,23:00:50,S0046,+91-8551797747,S0049,+91-9317730052,0,SMS,TWR-0037,"Indiranagar, Bangalore",257514698273023
CDR-003855,2023-11-08,02:52:31,S0046,+91-8551797747,S0049,+91-9317730052,1735,VOICE,TWR-0071,"Anna Nagar, Chennai",209419175813687
CDR-003856,2023-10-06,11:17:17,S0017,+91-8160965519,S0022,+91-9029520745,0,DATA,TWR-0193,"Indiranagar, Bangalore",264063521800770
CDR-003857,2024-02-03,19:26:39,S0039,+91-9007576162,S0010,+91-8733842953,0,DATA,TWR-0127,"Park Street, Kolkata",645613240733190
CDR-003858,2023-12-09,03:28:15,S0075,+91-9023218968,S0063,+91-8639980776,2894,VOICE,TWR-0101,"Sector 15, New Delhi",314256362792797
CDR-003859,2024-11-22,10:51:46,S0064,+91-7750198381,S0065,+91-7911433788,42,VOICE,TWR-0006,"Park Street, Kolkata",184800513774521
CDR-003860,2024-11-02,11:18:02,S0057,+91-9859711607,S0055,+91-7906087278,824,VOICE,TWR-0071,"Banjara Hills, Hyderabad",195460083300708
CDR-003861,2024-07-03,15:28:05,S0021,+91-7186376562,S0013,+91-8601012552,1757,VOICE,TWR-0089,"Salt Lake, Kolkata",549662861454979
CDR-003862,2023-09-05,07:30:39,S0079,+91-8925349210,S0065,+91-7911433788,0,DATA,TWR-0009,"Kothrud, Pune",688755329100733
CDR-003863,2024-11-06,21:43:05,S0013,+91-8601012552,S0020,+91-7191685914,0,SMS,TWR-0121,Airport Cargo Terminal,175707531249149
CDR-003864,2024-12-23,05:57:23,S0039,+91-9007576162,S0044,+91-9971861645,0,SMS,TWR-0059,Abandoned Factory Block C,245692254717534
CDR-003865,2024-12-07,14:07:51,S0035,+91-9574786019,S0060,+91-9164020641,1152,VOICE,TWR-0198,"Sector 15, New Delhi",926362519287637
CDR-003866,2024-03-18,22:49:11,S0023,+91-7870361876,S0028,+91-8010157795,2964,VOICE,TWR-0184,Industrial Zone B-12,863166072189026
CDR-003867,2024-08-28,05:59:45,S0063,+91-8639980776,S0062,+91-7376081376,2480,VOICE,TWR-0023,"Navrangpura, Ahmedabad",255642014914236
CDR-003868,2023-10-23,14:42:59,S0040,+91-9752093579,S0051,+91-8102313761,87,VOICE,TWR-0151,Airport Cargo Terminal,268353746627215
CDR-003869,2024-09-24,13:03:12,S0058,+91-7497129555,S0057,+91-9859711607,0,SMS,TWR-0098,"MG Road, Bangalore",583561283918137
CDR-003870,2023-06-09,12:20:29,S0075,+91-9023218968,S0071,+91-9835229476,0,DATA,TWR-0048,"Banjara Hills, Hyderabad",541272948869116
CDR-003871,2023-11-03,10:48:56,S0022,+91-9029520745,S0015,+91-8928238864,243,VOICE,TWR-0069,"Park Street, Kolkata",264902213984231
CDR-003872,2024-02-18,10:48:34,S0054,+91-8152869473,S0058,+91-7497129555,1013,VOICE,TWR-0185,"Sector 15, New Delhi",280373330690967
CDR-003873,2023-08-12,02:36:47,S0040,+91-9752093579,S0041,+91-8047680798,3447,VOICE,TWR-0181,"Velachery, Chennai",695517645321394
CDR-003874,2024-05-19,17:11:59,S0027,+91-8837911267,S0026,+91-9078465518,2986,VOICE,TWR-0048,"Koregaon Park, Pune",939145435431018
CDR-003875,2023-06-30,19:37:03,S0023,+91-7870361876,S0022,+91-9029520745,2737,VOICE,TWR-0106,Highway NH-48 Rest Stop,219326152860266
CDR-003876,2023-10-14,21:14:04,S0018,+91-8515942742,S0065,+91-7911433788,0,DATA,TWR-0142,"Andheri West, Mumbai",785972627090046
CDR-003877,2024-02-21,20:04:36,S0073,+91-7472363736,S0077,+91-7477042007,503,VOICE,TWR-0118,"Indiranagar, Bangalore",914424971230854
CDR-003878,2023-05-27,11:46:57,S0002,+91-7762376237,S0012,+91-9757993748,0,SMS,TWR-0101,"Gomti Nagar, Lucknow",399629637665200
CDR-003879,2023-12-22,14:15:32,S0067,+91-8354117104,S0064,+91-7750198381,2526,VOICE,TWR-0194,Old Market Area,981240465306291
CDR-003880,2023-09-27,04:02:08,S0069,+91-7305439451,S0041,+91-8047680798,0,SMS,TWR-0129,"Sector 15, New Delhi",644373056986083
CDR-003881,2024-03-06,21:09:47,S0065,+91-7911433788,S0066,+91-9665882102,0,DATA,TWR-0005,Abandoned Factory Block C,269963645141702
CDR-003882,2023-09-07,20:22:54,S0031,+91-7728836158,S0038,+91-7164583060,300,VOICE,TWR-0121,"Satellite, Ahmedabad",472732693331466
CDR-003883,2023-03-11,05:55:23,S0050,+91-8427287656,S0049,+91-9317730052,0,DATA,TWR-0080,"Indiranagar, Bangalore",346635986966644
CDR-003884,2023-12-14,01:25:25,S0071,+91-9835229476,S0080,+91-9719896275,239,VOICE,TWR-0081,Port District Dock 7,940619965583508
CDR-003885,2023-02-15,21:04:06,S0003,+91-9777055082,S0049,+91-9317730052,0,SMS,TWR-0165,"Civil Lines, Lucknow",752105791401749
CDR-003886,2023-02-27,06:08:13,S0065,+91-7911433788,S0066,+91-9665882102,458,VOICE,TWR-0139,Railway Station Complex,553034827481823
CDR-003887,2024-02-08,12:44:17,S0006,+91-8996093227,S0005,+91-9533147930,0,DATA,TWR-0151,Industrial Zone B-12,206394296905956
CDR-003888,2024-01-29,03:09:26,S0062,+91-7376081376,S0060,+91-9164020641,0,SMS,TWR-0081,"Navrangpura, Ahmedabad",348169900722173
CDR-003889,2023-10-19,21:29:32,S0029,+91-8158983385,S0050,+91-8427287656,810,VOICE,TWR-0180,"Koregaon Park, Pune",159048192682571
CDR-003890,2023-12-16,14:24:29,S0030,+91-7587753540,S0027,+91-8837911267,0,SMS,TWR-0017,"Park Street, Kolkata",470521534850136
CDR-003891,2023-11-11,02:05:41,S0045,+91-7911765255,S0036,+91-8689097012,1520,VOICE,TWR-0127,Bus Terminal Underground,570077418030769
CDR-003892,2024-09-29,13:52:00,S0004,+91-8808948427,S0010,+91-8733842953,3499,VOICE,TWR-0073,Railway Station Complex,630379620200351
CDR-003893,2024-09-04,18:07:56,S0030,+91-7587753540,S0028,+91-8010157795,0,SMS,TWR-0035,Abandoned Factory Block C,327785721800911
CDR-003894,2024-01-17,05:33:08,S0002,+91-7762376237,S0005,+91-9533147930,437,VOICE,TWR-0096,45th Street Warehouse,453881217137239
CDR-003895,2023-08-20,20:17:45,S0072,+91-8873660196,S0079,+91-8925349210,0,SMS,TWR-0134,"Civil Lines, Lucknow",520929574047541
CDR-003896,2023-12-17,23:03:22,S0060,+91-7569582350,S0046,+91-8551797747,0,SMS,TWR-0148,"Malviya Nagar, Jaipur",627847142400350
CDR-003897,2023-01-22,04:33:19,S0017,+91-8160965519,S0022,+91-9029520745,0,SMS,TWR-0042,Port District Dock 7,553406658006027
CDR-003898,2023-10-18,21:55:28,S0028,+91-8010157795,S0030,+91-7587753540,2050,VOICE,TWR-0198,Airport Cargo Terminal,607598896715541
CDR-003899,2023-10-30,18:11:12,S0051,+91-8102313761,S0047,+91-8940192213,0,SMS,TWR-0021,Industrial Zone B-12,643081154032092
CDR-003900,2024-10-16,22:29:14,S0046,+91-8551797747,S0035,+91-9574786019,0,SMS,TWR-0089,"Park Street, Kolkata",455857305296496
CDR-003901,2023-05-01,01:16:06,S0054,+91-7823740217,S0037,+91-9353860328,2414,VOICE,TWR-0099,Airport Cargo Terminal,587853234502507
CDR-003902,2024-05-31,08:41:53,S0079,+91-8925349210,S0073,+91-8723469890,884,VOICE,TWR-0046,"Salt Lake, Kolkata",334161283853749
CDR-003903,2023-07-18,15:18:24,S0063,+91-8639980776,S0078,+91-8505943466,0,SMS,TWR-0019,Highway NH-48 Rest Stop,150307150155327
CDR-003904,2024-01-15,15:21:51,S0056,+91-7990411854,S0054,+91-8152869473,2400,VOICE,TWR-0078,Railway Station Complex,627691336487463
CDR-003905,2024-12-03,12:59:22,S0002,+91-7762376237,S0012,+91-9757993748,1203,VOICE,TWR-0098,"Civil Lines, Lucknow",130684906893814
CDR-003906,2024-12-12,14:19:13,S0063,+91-8639980776,S0059,+91-9818587139,0,DATA,TWR-0141,"Banjara Hills, Hyderabad",325416654134057
CDR-003907,2024-06-30,12:13:05,S0007,+91-8314545093,S0003,+91-7303959797,2538,VOICE,TWR-0039,Bus Terminal Underground,120753506390827
CDR-003908,2024-04-07,11:08:00,S0050,+91-8427287656,S0045,+91-7911765255,2633,VOICE,TWR-0070,"Jubilee Hills, Hyderabad",163284790628678
CDR-003909,2024-01-23,20:00:17,S0011,+91-7365548469,S0003,+91-7303959797,0,SMS,TWR-0045,"MG Road, Bangalore",662472887367207
CDR-003910,2023-01-29,20:19:02,S0004,+91-8808948427,S0006,+91-8996093227,0,SMS,TWR-0157,"Salt Lake, Kolkata",240033722138338
CDR-003911,2023-09-29,14:11:02,S0011,+91-7365548469,S0062,+91-7376081376,2857,VOICE,TWR-0058,Abandoned Factory Block C,779894889734804
CDR-003912,2024-07-12,03:42:19,S0078,+91-8505943466,S0073,+91-8723469890,3411,VOICE,TWR-0105,Old Market Area,288124565590828
CDR-003913,2024-12-02,01:00:14,S0020,+91-7191685914,S0005,+91-9533147930,575,VOICE,TWR-0006,Old Market Area,509274727133006
CDR-003914,2023-09-24,17:39:12,S0004,+91-8808948427,S0049,+91-9317730052,2260,VOICE,TWR-0076,"Gomti Nagar, Lucknow",180863698971268
CDR-003915,2024-04-24,20:37:21,S0035,+91-9574786019,S0031,+91-7728836158,0,DATA,TWR-0054,"Koregaon Park, Pune",421015784200232
CDR-003916,2023-04-02,21:51:36,S0015,+91-8928238864,S0020,+91-7191685914,1636,VOICE,TWR-0057,"Anna Nagar, Chennai",757182548770429
CDR-003917,2024-01-29,02:59:22,S0024,+91-8210847353,S0027,+91-8837911267,0,SMS,TWR-0035,Port District Dock 7,541428588338039
CDR-003918,2023-06-03,13:46:49,S0044,+91-9971861645,S0065,+91-7911433788,2744,VOICE,TWR-0009,Bus Terminal Underground,473785396785311
CDR-003919,2024-11-26,02:15:02,S0010,+91-8733842953,S0080,+91-9719896275,2473,VOICE,TWR-0088,45th Street Warehouse,198533037681620
CDR-003920,2024-09-07,08:51:00,S0051,+91-8102313761,S0047,+91-8940192213,45,VOICE,TWR-0200,"Marine Drive, Mumbai",511679321234136
CDR-003921,2024-03-25,14:19:45,S0075,+91-9023218968,S0071,+91-9835229476,0,DATA,TWR-0126,River Bridge Underpass,309152819921944
CDR-003922,2024-12-17,09:02:35,S0036,+91-8689097012,S0041,+91-8047680798,0,SMS,TWR-0032,"Marine Drive, Mumbai",738355305785078
CDR-003923,2023-09-28,21:18:39,S0046,+91-8551797747,S0075,+91-9023218968,0,SMS,TWR-0070,"Civil Lines, Lucknow",130821817718627
CDR-003924,2023-07-01,04:39:31,S0052,+91-8821211330,S0050,+91-8427287656,554,VOICE,TWR-0152,"Velachery, Chennai",533421586440453
CDR-003925,2023-06-22,12:41:15,S0036,+91-8689097012,S0050,+91-8427287656,0,DATA,TWR-0177,"Kothrud, Pune",431718014480112
CDR-003926,2023-06-24,10:10:13,S0029,+91-8158983385,S0028,+91-8010157795,1438,VOICE,TWR-0016,Highway NH-48 Rest Stop,186772702052026
CDR-003927,2023-01-03,19:09:40,S0066,+91-7288551224,S0067,+91-8354117104,0,DATA,TWR-0052,"Banjara Hills, Hyderabad",908933546344746
CDR-003928,2024-04-20,02:09:16,S0040,+91-9548278327,S0044,+91-9971861645,3063,VOICE,TWR-0094,"Kothrud, Pune",521137720076029
CDR-003929,2024-10-31,20:56:40,S0075,+91-9023218968,S0071,+91-9835229476,0,SMS,TWR-0180,"Civil Lines, Lucknow",584660037139568
CDR-003930,2024-03-24,05:13:15,S0074,+91-9129320527,S0079,+91-8925349210,0,SMS,TWR-0059,"Velachery, Chennai",303865137550492
CDR-003931,2023-07-05,18:06:54,S0056,+91-7990411854,S0050,+91-8427287656,224,VOICE,TWR-0188,"Koregaon Park, Pune",142623595868749
CDR-003932,2024-07-16,07:31:06,S0022,+91-9029520745,S0021,+91-7186376562,3422,VOICE,TWR-0196,Port District Dock 7,197566962590300
CDR-003933,2023-09-19,02:25:14,S0039,+91-9007576162,S0016,+91-9192173624,3208,VOICE,TWR-0064,"MG Road, Bangalore",177149111635740
CDR-003934,2024-08-25,16:50:40,S0067,+91-8354117104,S0065,+91-7911433788,0,SMS,TWR-0133,"Velachery, Chennai",302193387002212
CDR-003935,2023-11-06,05:07:22,S0068,+91-7943867424,S0070,+91-8361473242,3500,VOICE,TWR-0121,Industrial Zone B-12,667822160533013
CDR-003936,2024-09-23,15:32:34,S0003,+91-7303959797,S0001,+91-7731428289,1158,VOICE,TWR-0118,Abandoned Factory Block C,929935672179479
CDR-003937,2023-09-09,21:22:16,S0005,+91-9533147930,S0003,+91-7303959797,0,DATA,TWR-0049,River Bridge Underpass,463266287217060
CDR-003938,2024-07-04,23:27:07,S0040,+91-9752093579,S0029,+91-8158983385,0,SMS,TWR-0032,Port District Dock 7,503793851800042
CDR-003939,2023-06-29,13:34:50,S0033,+91-8986477033,S0042,+91-9807385456,0,SMS,TWR-0130,"Indiranagar, Bangalore",473017020012796
CDR-003940,2023-04-09,00:03:02,S0009,+91-8669674686,S0008,+91-7468144718,0,SMS,TWR-0071,"Satellite, Ahmedabad",374033194694414
CDR-003941,2024-11-21,14:27:01,S0011,+91-7365548469,S0035,+91-9574786019,2864,VOICE,TWR-0191,"Andheri West, Mumbai",251692577506099
CDR-003942,2024-07-14,04:18:29,S0044,+91-9971861645,S0033,+91-8986477033,3055,VOICE,TWR-0112,"Satellite, Ahmedabad",514976410275097
CDR-003943,2023-01-12,04:18:35,S0025,+91-9877427601,S0030,+91-7587753540,3253,VOICE,TWR-0030,"Malviya Nagar, Jaipur",740802764924289
CDR-003944,2024-03-05,20:22:53,S0062,+91-7376081376,S0060,+91-9164020641,2841,VOICE,TWR-0179,"Indiranagar, Bangalore",859834165736542
CDR-003945,2023-02-18,23:01:19,S0010,+91-8733842953,S0008,+91-7468144718,0,DATA,TWR-0088,"Park Street, Kolkata",878018719708663
CDR-003946,2023-03-08,22:27:22,S0049,+91-9317730052,S0052,+91-8821211330,61,VOICE,TWR-0168,"Civil Lines, Lucknow",682761700260886
CDR-003947,2023-05-03,21:49:36,S0038,+91-7164583060,S0034,+91-9185263528,897,VOICE,TWR-0183,River Bridge Underpass,832631100711740
CDR-003948,2024-05-05,12:50:29,S0038,+91-7164583060,S0063,+91-8639980776,793,VOICE,TWR-0168,"Kothrud, Pune",329439557941687
CDR-003949,2023-04-27,08:34:56,S0021,+91-7186376562,S0027,+91-8837911267,786,VOICE,TWR-0184,River Bridge Underpass,936334966120011
CDR-003950,2023-10-10,15:07:13,S0077,+91-7477042007,S0080,+91-9719896275,2327,VOICE,TWR-0092,"Park Street, Kolkata",794828721404268
CDR-003951,2024-05-08,05:44:52,S0064,+91-7750198381,S0065,+91-7911433788,3118,VOICE,TWR-0059,River Bridge Underpass,665243984541438
CDR-003952,2024-10-01,15:29:27,S0066,+91-9665882102,S0015,+91-8928238864,1300,VOICE,TWR-0091,"Indiranagar, Bangalore",345404698032132
CDR-003953,2023-09-30,17:43:44,S0077,+91-7477042007,S0021,+91-7186376562,0,DATA,TWR-0103,"Koregaon Park, Pune",517675867968789
CDR-003954,2024-08-31,21:32:23,S0035,+91-9574786019,S0040,+91-9752093579,2985,VOICE,TWR-0088,"Aundh, Pune",680066091853249
CDR-003955,2023-04-11,23:34:48,S0025,+91-9877427601,S0030,+91-7587753540,0,SMS,TWR-0126,"Anna Nagar, Chennai",832739087566549
CDR-003956,2023-12-29,15:35:05,S0025,+91-9877427601,S0030,+91-7587753540,0,SMS,TWR-0115,Abandoned Factory Block C,285073688892952
CDR-003957,2024-03-15,02:32:37,S0026,+91-9078465518,S0028,+91-8010157795,2387,VOICE,TWR-0063,Airport Cargo Terminal,920002751283785
CDR-003958,2024-07-07,01:10:04,S0056,+91-7990411854,S0053,+91-8468512260,0,DATA,TWR-0191,River Bridge Underpass,676530963521443
CDR-003959,2023-05-04,18:39:46,S0040,+91-9752093579,S0042,+91-9807385456,0,SMS,TWR-0151,"Andheri West, Mumbai",430204951674145
CDR-003960,2023-08-24,15:22:42,S0009,+91-8669674686,S0003,+91-7303959797,0,SMS,TWR-0170,"Sector 15, New Delhi",306905224731330
CDR-003961,2023-05-18,03:50:43,S0029,+91-8158983385,S0028,+91-8010157795,0,DATA,TWR-0045,"Satellite, Ahmedabad",178136510049860
CDR-003962,2024-04-09,03:07:36,S0032,+91-7090425118,S0039,+91-9007576162,2505,VOICE,TWR-0165,"Gomti Nagar, Lucknow",398638042042121
CDR-003963,2024-01-22,05:07:07,S0059,+91-9818587139,S0074,+91-9129320527,0,DATA,TWR-0056,"Marine Drive, Mumbai",387761051102951
CDR-003964,2023-09-30,07:11:23,S0059,+91-9818587139,S0044,+91-9971861645,0,SMS,TWR-0099,Port District Dock 7,465752001016005
CDR-003965,2024-05-03,07:33:51,S0065,+91-7911433788,S0066,+91-9665882102,1022,VOICE,TWR-0003,"Marine Drive, Mumbai",920240925892662
CDR-003966,2023-08-30,10:21:20,S0001,+91-7731428289,S0005,+91-9533147930,2676,VOICE,TWR-0064,Railway Station Complex,813162679696983
CDR-003967,2023-04-22,03:16:06,S0068,+91-7943867424,S0012,+91-9757993748,0,SMS,TWR-0035,"Marine Drive, Mumbai",847352175690622
CDR-003968,2023-11-07,14:04:08,S0065,+91-7911433788,S0066,+91-9665882102,1430,VOICE,TWR-0107,45th Street Warehouse,607309667458006
CDR-003969,2024-04-11,13:22:32,S0006,+91-8996093227,S0005,+91-9533147930,337,VOICE,TWR-0096,"Navrangpura, Ahmedabad",461605580444224
CDR-003970,2024-12-27,10:56:30,S0045,+91-7268371644,S0055,+91-7906087278,0,SMS,TWR-0104,"Salt Lake, Kolkata",163488359377220
CDR-003971,2024-01-25,03:55:38,S0079,+91-8925349210,S0073,+91-8723469890,2489,VOICE,TWR-0143,"Park Street, Kolkata",213972836118220
CDR-003972,2023-11-15,18:33:13,S0039,+91-9007576162,S0044,+91-9971861645,0,SMS,TWR-0086,"Connaught Place, New Delhi",721580585422357
CDR-003973,2024-01-22,20:36:35,S0033,+91-8986477033,S0042,+91-9807385456,3382,VOICE,TWR-0119,"Indiranagar, Bangalore",582356475074047
CDR-003974,2023-05-17,06:30:28,S0009,+91-8669674686,S0005,+91-9533147930,2513,VOICE,TWR-0076,"Sector 15, New Delhi",200779813785385
CDR-003975,2023-01-24,03:34:36,S0046,+91-8551797747,S0049,+91-9317730052,0,SMS,TWR-0118,"Jubilee Hills, Hyderabad",308807467329584
CDR-003976,2023-11-01,03:04:52,S0006,+91-9389242087,S0005,+91-9533147930,0,SMS,TWR-0168,"Indiranagar, Bangalore",612915573952583
CDR-003977,2023-08-01,01:26:14,S0066,+91-9665882102,S0015,+91-8928238864,0,SMS,TWR-0058,"Banjara Hills, Hyderabad",212092174008857
CDR-003978,2024-08-14,18:06:31,S0028,+91-8010157795,S0030,+91-7587753540,0,DATA,TWR-0152,"Indiranagar, Bangalore",937755742984721
CDR-003979,2023-11-28,23:08:03,S0047,+91-8940192213,S0021,+91-7186376562,0,SMS,TWR-0088,"Park Street, Kolkata",404278310671356
CDR-003980,2024-07-14,17:57:08,S0014,+91-7694080686,S0032,+91-7090425118,0,DATA,TWR-0061,"Sector 15, New Delhi",708626864972715
CDR-003981,2023-05-02,10:51:53,S0066,+91-9665882102,S0015,+91-8928238864,0,SMS,TWR-0093,Railway Station Complex,156078058033676
CDR-003982,2024-12-17,17:41:12,S0073,+91-8723469890,S0049,+91-9317730052,0,SMS,TWR-0026,"Banjara Hills, Hyderabad",500234929929381
CDR-003983,2023-10-23,12:05:57,S0003,+91-7303959797,S0012,+91-9757993748,1117,VOICE,TWR-0161,"Banjara Hills, Hyderabad",895448975706732
CDR-003984,2024-04-30,14:57:38,S0024,+91-8210847353,S0078,+91-8505943466,0,SMS,TWR-0016,"Malviya Nagar, Jaipur",498678418440614
CDR-003985,2023-08-31,10:03:54,S0051,+91-8102313761,S0046,+91-8551797747,0,DATA,TWR-0047,"Andheri West, Mumbai",508461536267685
CDR-003986,2023-12-14,00:44:55,S0034,+91-9185263528,S0042,+91-9807385456,0,SMS,TWR-0110,"Kothrud, Pune",528754750966715
CDR-003987,2023-10-03,12:35:28,S0070,+91-8361473242,S0069,+91-7305439451,0,SMS,TWR-0134,"Marine Drive, Mumbai",805687299059421
CDR-003988,2024-10-11,21:06:10,S0037,+91-9353860328,S0044,+91-9971861645,877,VOICE,TWR-0109,"Connaught Place, New Delhi",592043766667142
CDR-003989,2024-01-18,11:46:07,S0026,+91-9078465518,S0028,+91-8010157795,2024,VOICE,TWR-0049,Bus Terminal Underground,747383519244400
CDR-003990,2023-07-17,02:56:07,S0006,+91-9389242087,S0005,+91-9533147930,0,DATA,TWR-0055,"MG Road, Bangalore",275108814794482
CDR-003991,2023-08-11,19:45:33,S0010,+91-8733842953,S0072,+91-8873660196,2008,VOICE,TWR-0187,River Bridge Underpass,129379930486736
CDR-003992,2023-04-07,20:48:10,S0005,+91-9533147930,S0064,+91-7750198381,2836,VOICE,TWR-0199,River Bridge Underpass,880902410460922
CDR-003993,2023-04-01,15:47:05,S0054,+91-8152869473,S0056,+91-7990411854,1317,VOICE,TWR-0139,"Aundh, Pune",174339580669222
CDR-003994,2023-02-25,13:06:17,S0024,+91-9732081200,S0029,+91-8158983385,1253,VOICE,TWR-0153,"Navrangpura, Ahmedabad",524017551364194
CDR-003995,2023-10-16,09:02:04,S0080,+91-9719896275,S0007,+91-8314545093,2432,VOICE,TWR-0055,Bus Terminal Underground,300336546830285
CDR-003996,2024-11-13,13:25:28,S0048,+91-8745666148,S0002,+91-7762376237,2139,VOICE,TWR-0106,"Jubilee Hills, Hyderabad",119945249719428
CDR-003997,2024-09-14,04:56:25,S0005,+91-9533147930,S0011,+91-7365548469,0,SMS,TWR-0103,"Marine Drive, Mumbai",224403062682262
CDR-003998,2023-02-20,12:35:00,S0063,+91-8639980776,S0059,+91-9818587139,0,SMS,TWR-0024,Airport Cargo Terminal,625205345938725
CDR-003999,2023-05-22,10:46:17,S0049,+91-9317730052,S0012,+91-9757993748,1257,VOICE,TWR-0127,"Velachery, Chennai",895328137549583
CDR-004000,2023-02-24,22:59:55,S0001,+91-7731428289,S0012,+91-9757993748,0,SMS,TWR-0101,Abandoned Factory Block C,795717165883424
CDR-004001,2024-06-22,21:34:38,S0014,+91-7694080686,S0015,+91-8928238864,0,DATA,TWR-0069,"Jubilee Hills, Hyderabad",268978495541658
CDR-004002,2023-03-13,00:14:35,S0063,+91-8639980776,S0062,+91-7376081376,0,SMS,TWR-0114,"Anna Nagar, Chennai",503211493067495
CDR-004003,2023-11-11,19:54:13,S0053,+91-8468512260,S0057,+91-9859711607,0,SMS,TWR-0159,"Marine Drive, Mumbai",955643493027262
CDR-004004,2023-05-16,16:21:23,S0004,+91-8808948427,S0022,+91-9029520745,1898,VOICE,TWR-0008,"Salt Lake, Kolkata",547960628700474
CDR-004005,2023-10-30,10:51:42,S0018,+91-8515942742,S0019,+91-9469240982,460,VOICE,TWR-0188,"Gomti Nagar, Lucknow",664381511724512
CDR-004006,2023-09-17,22:59:06,S0037,+91-9353860328,S0044,+91-9971861645,613,VOICE,TWR-0182,"Malviya Nagar, Jaipur",161887284169632
CDR-004007,2023-03-30,07:22:33,S0037,+91-9353860328,S0061,+91-7944047056,1776,VOICE,TWR-0112,"MG Road, Bangalore",570116943652281
CDR-004008,2024-09-05,23:25:26,S0068,+91-7943867424,S0076,+91-8453831805,0,SMS,TWR-0099,Bus Terminal Underground,876814566513429
CDR-004009,2023-11-10,12:45:28,S0068,+91-7943867424,S0069,+91-7305439451,0,DATA,TWR-0089,"Sector 15, New Delhi",624224769638042
CDR-004010,2024-05-03,01:41:27,S0031,+91-7728836158,S0028,+91-8010157795,0,DATA,TWR-0132,"Anna Nagar, Chennai",408433216677175
CDR-004011,2023-10-27,22:23:33,S0022,+91-9029520745,S0070,+91-8361473242,0,SMS,TWR-0060,"Civil Lines, Lucknow",538966386293258
CDR-004012,2023-12-13,20:40:03,S0027,+91-8837911267,S0038,+91-7164583060,501,VOICE,TWR-0022,"Sector 15, New Delhi",519213623323086
CDR-004013,2023-12-26,21:17:42,S0017,+91-8160965519,S0010,+91-8733842953,0,DATA,TWR-0137,"MG Road, Bangalore",320010403893130
CDR-004014,2024-06-04,23:55:37,S0055,+91-7906087278,S0072,+91-8873660196,0,DATA,TWR-0060,"Jubilee Hills, Hyderabad",213852588392849
CDR-004015,2023-09-28,20:56:55,S0010,+91-8733842953,S0008,+91-7468144718,0,SMS,TWR-0093,"Andheri West, Mumbai",335347110721504
CDR-004016,2024-10-31,07:48:47,S0011,+91-7365548469,S0035,+91-9574786019,3407,VOICE,TWR-0121,"Marine Drive, Mumbai",641452995773575
CDR-004017,2024-01-02,15:57:19,S0025,+91-9877427601,S0030,+91-7587753540,0,SMS,TWR-0175,"Civil Lines, Lucknow",521197815690362
CDR-004018,2023-03-10,14:47:57,S0016,+91-9192173624,S0057,+91-9859711607,0,SMS,TWR-0068,Airport Cargo Terminal,612911470324790
CDR-004019,2023-03-17,15:19:02,S0051,+91-8102313761,S0048,+91-8745666148,0,DATA,TWR-0091,"Banjara Hills, Hyderabad",857531883343958
CDR-004020,2023-06-07,02:47:12,S0012,+91-9757993748,S0019,+91-9469240982,3152,VOICE,TWR-0014,Abandoned Factory Block C,640620906909224
CDR-004021,2024-11-22,04:34:11,S0012,+91-9757993748,S0007,+91-8314545093,0,DATA,TWR-0177,Port District Dock 7,472263215292872
CDR-004022,2023-10-16,10:34:48,S0026,+91-9078465518,S0073,+91-8723469890,3392,VOICE,TWR-0170,"Sector 15, New Delhi",475379204647520
CDR-004023,2024-06-14,00:29:36,S0035,+91-9574786019,S0004,+91-8808948427,0,SMS,TWR-0070,Highway NH-48 Rest Stop,121398212132824
CDR-004024,2024-10-06,22:24:44,S0060,+91-9164020641,S0051,+91-8102313761,0,SMS,TWR-0152,"Connaught Place, New Delhi",931421182812621
CDR-004025,2023-01-23,19:03:22,S0074,+91-9129320527,S0072,+91-8873660196,0,SMS,TWR-0020,"Banjara Hills, Hyderabad",881470420169457
CDR-004026,2024-03-19,17:11:21,S0075,+91-9242647667,S0016,+91-9192173624,0,SMS,TWR-0135,Abandoned Factory Block C,584598712581642
CDR-004027,2024-07-17,06:28:37,S0064,+91-7750198381,S0070,+91-8361473242,99,VOICE,TWR-0143,River Bridge Underpass,513961100610241
CDR-004028,2023-12-12,10:30:07,S0019,+91-9469240982,S0013,+91-8601012552,2870,VOICE,TWR-0095,"Sector 15, New Delhi",678933240274458
CDR-004029,2024-01-25,17:50:48,S0075,+91-9023218968,S0078,+91-8505943466,0,SMS,TWR-0052,"Civil Lines, Lucknow",729934502252315
CDR-004030,2024-04-08,13:38:07,S0042,+91-9807385456,S0039,+91-9007576162,0,SMS,TWR-0179,"Salt Lake, Kolkata",456304350856634
CDR-004031,2024-12-03,14:00:59,S0038,+91-7164583060,S0041,+91-8047680798,2299,VOICE,TWR-0168,Highway NH-48 Rest Stop,530800986688490
CDR-004032,2024-10-11,22:16:22,S0076,+91-8453831805,S0073,+91-8723469890,3360,VOICE,TWR-0006,"Marine Drive, Mumbai",575612250117269
CDR-004033,2023-10-05,22:56:33,S0071,+91-9835229476,S0045,+91-7911765255,259,VOICE,TWR-0133,Highway NH-48 Rest Stop,703528521811547
CDR-004034,2023-10-30,16:56:42,S0079,+91-8925349210,S0073,+91-8723469890,0,DATA,TWR-0014,"Civil Lines, Lucknow",746031812026789
CDR-004035,2023-06-14,05:29:02,S0051,+91-8102313761,S0024,+91-8210847353,0,SMS,TWR-0146,Port District Dock 7,900534645366790
CDR-004036,2024-07-16,13:05:42,S0046,+91-8551797747,S0049,+91-9317730052,821,VOICE,TWR-0114,"Jubilee Hills, Hyderabad",997726057554278
CDR-004037,2024-01-08,21:01:16,S0006,+91-8996093227,S0005,+91-9533147930,2043,VOICE,TWR-0005,"Navrangpura, Ahmedabad",464395577333006
CDR-004038,2023-07-28,00:08:42,S0031,+91-7728836158,S0038,+91-7164583060,2946,VOICE,TWR-0036,"Kothrud, Pune",681316351795469
CDR-004039,2024-08-20,10:52:13,S0016,+91-9192173624,S0007,+91-8314545093,560,VOICE,TWR-0159,Highway NH-48 Rest Stop,583046683823763
CDR-004040,2023-05-30,00:03:21,S0028,+91-8010157795,S0030,+91-7587753540,0,SMS,TWR-0136,River Bridge Underpass,726771181586137
CDR-004041,2023-01-03,20:26:38,S0022,+91-9029520745,S0075,+91-9023218968,3592,VOICE,TWR-0010,Bus Terminal Underground,455786797613950
CDR-004042,2023-09-12,03:10:38,S0022,+91-9029520745,S0039,+91-9007576162,0,DATA,TWR-0033,"Malviya Nagar, Jaipur",344467706758149
CDR-004043,2023-02-06,21:25:59,S0019,+91-9469240982,S0020,+91-7191685914,0,DATA,TWR-0088,Airport Cargo Terminal,850445788213703
CDR-004044,2023-04-21,18:43:01,S0034,+91-9185263528,S0042,+91-9807385456,3503,VOICE,TWR-0140,"Marine Drive, Mumbai",974125647650669
CDR-004045,2024-07-17,23:22:52,S0036,+91-8689097012,S0033,+91-8986477033,0,DATA,TWR-0085,Railway Station Complex,445860791695491
CDR-004046,2024-07-11,14:26:21,S0045,+91-7911765255,S0036,+91-8689097012,2128,VOICE,TWR-0142,"Park Street, Kolkata",415411631712564
CDR-004047,2024-07-13,05:41:19,S0065,+91-7911433788,S0066,+91-9665882102,704,VOICE,TWR-0138,"Salt Lake, Kolkata",285865800518687
CDR-004048,2023-10-27,05:02:58,S0043,+91-8591313804,S0033,+91-8986477033,1589,VOICE,TWR-0140,"Satellite, Ahmedabad",558517759508271
CDR-004049,2023-03-13,15:45:49,S0056,+91-7990411854,S0020,+91-7191685914,2742,VOICE,TWR-0026,"Anna Nagar, Chennai",816988098507808
CDR-004050,2024-12-08,14:54:26,S0035,+91-9574786019,S0015,+91-8928238864,221,VOICE,TWR-0046,Railway Station Complex,125864727820795
CDR-004051,2023-07-05,03:21:45,S0075,+91-9023218968,S0052,+91-8821211330,0,SMS,TWR-0121,"Anna Nagar, Chennai",120898156142368
CDR-004052,2023-05-14,10:14:22,S0021,+91-7608918981,S0014,+91-7694080686,1057,VOICE,TWR-0150,"Indiranagar, Bangalore",434504908625365
CDR-004053,2023-10-20,05:23:27,S0001,+91-7731428289,S0011,+91-7365548469,0,SMS,TWR-0191,"Park Street, Kolkata",294654324050292
CDR-004054,2024-11-22,07:35:49,S0036,+91-8689097012,S0059,+91-9818587139,0,SMS,TWR-0143,"Kothrud, Pune",141749190143681
CDR-004055,2023-08-04,16:07:33,S0056,+91-7990411854,S0040,+91-9752093579,0,DATA,TWR-0188,"Indiranagar, Bangalore",182529838976893
CDR-004056,2023-10-16,05:23:40,S0074,+91-9129320527,S0079,+91-8925349210,0,SMS,TWR-0066,"Jubilee Hills, Hyderabad",203031765275615
CDR-004057,2024-03-23,13:51:01,S0013,+91-8601012552,S0020,+91-7191685914,3369,VOICE,TWR-0034,Airport Cargo Terminal,111255361211904
CDR-004058,2024-04-18,04:10:11,S0064,+91-7750198381,S0065,+91-7911433788,0,SMS,TWR-0187,"Civil Lines, Lucknow",435115437343623
CDR-004059,2024-08-05,04:52:04,S0063,+91-8639980776,S0078,+91-8505943466,0,SMS,TWR-0081,Old Market Area,998887027119360
CDR-004060,2024-01-04,05:56:09,S0013,+91-8601012552,S0020,+91-7191685914,1084,VOICE,TWR-0057,45th Street Warehouse,985743721728623
CDR-004061,2023-02-13,03:16:36,S0047,+91-8940192213,S0048,+91-8745666148,0,SMS,TWR-0012,"Salt Lake, Kolkata",371348334382415
CDR-004062,2024-09-26,09:56:46,S0046,+91-8551797747,S0064,+91-7750198381,2452,VOICE,TWR-0104,"Andheri West, Mumbai",571275405447257
CDR-004063,2023-09-19,20:56:08,S0036,+91-8689097012,S0033,+91-8986477033,2931,VOICE,TWR-0078,Old Market Area,216181057542344
CDR-004064,2023-11-05,05:09:47,S0051,+91-8102313761,S0036,+91-8689097012,666,VOICE,TWR-0180,"Civil Lines, Lucknow",497605493214142
CDR-004065,2023-05-17,04:22:07,S0026,+91-9078465518,S0037,+91-9353860328,1259,VOICE,TWR-0004,"Sector 15, New Delhi",744233429501869
CDR-004066,2024-09-24,20:24:32,S0066,+91-9665882102,S0067,+91-8354117104,791,VOICE,TWR-0020,Highway NH-48 Rest Stop,550723715661183
CDR-004067,2024-09-26,16:38:56,S0075,+91-9023218968,S0078,+91-8505943466,0,SMS,TWR-0010,"Banjara Hills, Hyderabad",343904917399981
CDR-004068,2023-12-06,02:08:42,S0033,+91-9947485574,S0042,+91-9807385456,0,DATA,TWR-0055,"Banjara Hills, Hyderabad",519296020527516
CDR-004069,2023-11-02,06:22:51,S0015,+91-9319492719,S0020,+91-7191685914,2987,VOICE,TWR-0012,Industrial Zone B-12,731560671511968
CDR-004070,2024-01-04,12:15:58,S0043,+91-8591313804,S0044,+91-9971861645,2353,VOICE,TWR-0158,Bus Terminal Underground,933798808149152
CDR-004071,2024-12-12,15:59:56,S0048,+91-8745666148,S0046,+91-8551797747,460,VOICE,TWR-0087,"Banjara Hills, Hyderabad",526804715902408
CDR-004072,2023-05-13,19:56:58,S0006,+91-8996093227,S0005,+91-9533147930,0,SMS,TWR-0039,Old Market Area,326410726303557
CDR-004073,2023-05-05,17:06:10,S0069,+91-7305439451,S0070,+91-8361473242,2378,VOICE,TWR-0019,45th Street Warehouse,480475769983488
CDR-004074,2024-02-23,20:08:07,S0010,+91-8733842953,S0008,+91-7468144718,0,DATA,TWR-0098,"Park Street, Kolkata",655769275837646
CDR-004075,2023-09-21,12:44:47,S0031,+91-7728836158,S0038,+91-7164583060,0,DATA,TWR-0093,"Banjara Hills, Hyderabad",757570776181742
CDR-004076,2023-04-20,05:31:39,S0077,+91-7477042007,S0080,+91-9719896275,485,VOICE,TWR-0200,"MG Road, Bangalore",913380778773677
CDR-004077,2023-05-12,22:00:52,S0024,+91-8210847353,S0029,+91-8158983385,0,DATA,TWR-0178,Port District Dock 7,188120609953339
CDR-004078,2023-03-20,10:36:39,S0043,+91-8591313804,S0033,+91-8986477033,0,SMS,TWR-0179,"Jubilee Hills, Hyderabad",486418247796001
CDR-004079,2024-09-25,07:17:06,S0071,+91-9835229476,S0080,+91-9719896275,0,DATA,TWR-0008,"Velachery, Chennai",680646490976402
CDR-004080,2024-03-14,22:38:32,S0014,+91-7694080686,S0025,+91-9877427601,1132,VOICE,TWR-0114,"Indiranagar, Bangalore",664539568301192
CDR-004081,2024-07-02,05:10:06,S0004,+91-8808948427,S0006,+91-8996093227,0,DATA,TWR-0067,"Gomti Nagar, Lucknow",368820877553588
CDR-004082,2023-12-15,18:58:32,S0065,+91-7911433788,S0066,+91-9665882102,0,SMS,TWR-0087,"Sector 15, New Delhi",147185394321543
CDR-004083,2024-06-25,11:25:25,S0077,+91-7477042007,S0076,+91-8453831805,0,DATA,TWR-0064,"Salt Lake, Kolkata",554671362917630
CDR-004084,2023-07-02,18:53:55,S0057,+91-9859711607,S0058,+91-7497129555,1629,VOICE,TWR-0140,"Kothrud, Pune",476082192241432
CDR-004085,2024-12-28,13:03:20,S0040,+91-9548278327,S0044,+91-9971861645,0,SMS,TWR-0191,"Aundh, Pune",795805728212021
CDR-004086,2023-06-02,19:23:28,S0030,+91-7587753540,S0027,+91-8837911267,2098,VOICE,TWR-0090,Abandoned Factory Block C,514277155105578
CDR-004087,2024-07-22,23:56:48,S0080,+91-9719896275,S0049,+91-9317730052,1908,VOICE,TWR-0118,"Andheri West, Mumbai",120993432356762
CDR-004088,2024-09-24,21:26:26,S0050,+91-8427287656,S0049,+91-9317730052,3257,VOICE,TWR-0191,"Koregaon Park, Pune",247145277388027
CDR-004089,2023-08-09,21:33:06,S0030,+91-7587753540,S0006,+91-8996093227,0,SMS,TWR-0058,Industrial Zone B-12,998017258851078
CDR-004090,2023-07-21,19:45:44,S0080,+91-9719896275,S0007,+91-8314545093,2886,VOICE,TWR-0159,"Park Street, Kolkata",254608512873521
CDR-004091,2024-03-05,00:32:27,S0075,+91-9023218968,S0071,+91-9835229476,3527,VOICE,TWR-0032,45th Street Warehouse,710791269478300
CDR-004092,2023-11-15,18:47:43,S0053,+91-7726163005,S0054,+91-8152869473,0,SMS,TWR-0046,"Malviya Nagar, Jaipur",564146982747054
CDR-004093,2023-12-22,22:00:04,S0038,+91-7164583060,S0034,+91-9185263528,0,DATA,TWR-0032,"Malviya Nagar, Jaipur",761303626583591
CDR-004094,2024-04-01,17:08:18,S0034,+91-9185263528,S0042,+91-9807385456,0,SMS,TWR-0031,"Satellite, Ahmedabad",148830816765411
CDR-004095,2024-12-01,21:32:12,S0015,+91-8928238864,S0058,+91-7497129555,3223,VOICE,TWR-0121,45th Street Warehouse,497306564616418
CDR-004096,2023-06-24,16:05:56,S0066,+91-9665882102,S0018,+91-8515942742,0,SMS,TWR-0130,Bus Terminal Underground,397946301424743
CDR-004097,2024-01-17,04:13:09,S0047,+91-8940192213,S0048,+91-8745666148,665,VOICE,TWR-0173,"Velachery, Chennai",444305635115776
CDR-004098,2023-08-11,17:05:11,S0040,+91-9752093579,S0048,+91-8745666148,101,VOICE,TWR-0011,Old Market Area,317124186248851
CDR-004099,2023-07-09,04:02:24,S0059,+91-9818587139,S0021,+91-7186376562,0,DATA,TWR-0002,River Bridge Underpass,346569473375183
CDR-004100,2024-03-31,22:32:32,S0048,+91-8745666148,S0046,+91-8551797747,2711,VOICE,TWR-0160,Port District Dock 7,867986968699045
CDR-004101,2024-01-10,13:11:11,S0056,+91-7990411854,S0054,+91-8152869473,0,SMS,TWR-0045,"Navrangpura, Ahmedabad",961758647489048
CDR-004102,2023-06-09,22:15:36,S0047,+91-9284549529,S0048,+91-8745666148,1802,VOICE,TWR-0009,"Anna Nagar, Chennai",810101395510297
CDR-004103,2023-10-19,04:57:12,S0075,+91-9023218968,S0037,+91-9353860328,0,SMS,TWR-0083,"Koregaon Park, Pune",916398129590711
CDR-004104,2024-11-03,20:30:23,S0058,+91-7497129555,S0074,+91-9129320527,1652,VOICE,TWR-0064,45th Street Warehouse,861284525442614
CDR-004105,2023-02-22,00:07:42,S0031,+91-7728836158,S0038,+91-7164583060,2570,VOICE,TWR-0022,"Malviya Nagar, Jaipur",498400027158116
CDR-004106,2024-10-26,04:20:50,S0046,+91-7714270952,S0062,+91-7376081376,0,DATA,TWR-0033,"MG Road, Bangalore",491739137823893
CDR-004107,2023-07-30,18:05:19,S0055,+91-7906087278,S0054,+91-8152869473,0,SMS,TWR-0014,"Navrangpura, Ahmedabad",118359451664967
CDR-004108,2024-12-23,01:57:45,S0028,+91-8010157795,S0030,+91-7587753540,527,VOICE,TWR-0131,"Andheri West, Mumbai",231240576104891
CDR-004109,2023-03-10,19:20:55,S0059,+91-9818587139,S0044,+91-9971861645,0,SMS,TWR-0085,"Satellite, Ahmedabad",305468339630732
CDR-004110,2024-03-03,02:06:35,S0024,+91-8210847353,S0029,+91-8158983385,47,VOICE,TWR-0076,"MG Road, Bangalore",958559667732487
CDR-004111,2023-08-30,13:34:52,S0048,+91-8745666148,S0072,+91-8873660196,368,VOICE,TWR-0151,"Kothrud, Pune",856070019292168
CDR-004112,2023-10-01,09:23:22,S0073,+91-8723469890,S0077,+91-7477042007,0,SMS,TWR-0178,"Velachery, Chennai",820725885378022
CDR-004113,2023-11-29,11:57:51,S0023,+91-7870361876,S0026,+91-9078465518,2568,VOICE,TWR-0067,45th Street Warehouse,990677562228620
CDR-004114,2023-02-25,04:08:02,S0018,+91-8515942742,S0072,+91-8873660196,0,SMS,TWR-0030,"Navrangpura, Ahmedabad",133865493340720
CDR-004115,2024-10-14,22:35:31,S0066,+91-7288551224,S0030,+91-7587753540,0,SMS,TWR-0032,"Indiranagar, Bangalore",243459655040877
CDR-004116,2024-08-01,15:23:14,S0019,+91-9469240982,S0027,+91-8837911267,0,SMS,TWR-0123,Port District Dock 7,649705205665891
CDR-004117,2024-01-29,00:21:46,S0050,+91-8427287656,S0049,+91-9317730052,1758,VOICE,TWR-0088,Old Market Area,167456224426344
CDR-004118,2023-10-10,00:48:03,S0054,+91-8152869473,S0056,+91-7990411854,0,SMS,TWR-0025,Industrial Zone B-12,916440185599134
CDR-004119,2024-08-01,06:59:04,S0036,+91-8689097012,S0041,+91-8047680798,1320,VOICE,TWR-0117,"Aundh, Pune",264874082183887
CDR-004120,2024-10-28,02:55:18,S0038,+91-7164583060,S0034,+91-9185263528,278,VOICE,TWR-0067,"MG Road, Bangalore",217076228004102
CDR-004121,2024-01-14,19:38:37,S0018,+91-8515942742,S0019,+91-9469240982,2854,VOICE,TWR-0163,"Anna Nagar, Chennai",370065274634405
CDR-004122,2024-02-22,00:58:45,S0069,+91-7305439451,S0068,+91-7943867424,0,DATA,TWR-0157,"Civil Lines, Lucknow",950512294839888
CDR-004123,2023-03-24,22:33:20,S0052,+91-8821211330,S0046,+91-8551797747,1540,VOICE,TWR-0171,"Kothrud, Pune",471997549779000
CDR-004124,2024-09-14,09:17:03,S0073,+91-8723469890,S0072,+91-8873660196,2531,VOICE,TWR-0119,45th Street Warehouse,722618623470320
CDR-004125,2023-06-22,08:30:52,S0040,+91-9752093579,S0042,+91-9807385456,244,VOICE,TWR-0122,"Park Street, Kolkata",448557144650432
CDR-004126,2023-01-14,02:43:58,S0050,+91-8427287656,S0005,+91-9533147930,0,SMS,TWR-0114,"Connaught Place, New Delhi",793705229441091
CDR-004127,2024-12-12,23:35:31,S0009,+91-8669674686,S0003,+91-7303959797,3100,VOICE,TWR-0136,"Marine Drive, Mumbai",224760693363836
CDR-004128,2023-09-19,11:30:08,S0006,+91-8996093227,S0005,+91-9533147930,0,DATA,TWR-0199,Airport Cargo Terminal,251035418665993
CDR-004129,2023-03-19,03:08:58,S0045,+91-7911765255,S0036,+91-8689097012,0,SMS,TWR-0093,Railway Station Complex,864678924878008
CDR-004130,2023-04-01,10:55:27,S0017,+91-8160965519,S0022,+91-9029520745,3304,VOICE,TWR-0175,Abandoned Factory Block C,112330277921579
CDR-004131,2024-10-19,15:20:27,S0001,+91-7731428289,S0007,+91-8314545093,0,SMS,TWR-0028,"Koregaon Park, Pune",615495890394309
CDR-004132,2024-08-16,06:54:51,S0057,+91-9859711607,S0058,+91-7497129555,0,SMS,TWR-0072,"Kothrud, Pune",499707831338640
CDR-004133,2023-07-25,05:12:39,S0037,+91-9353860328,S0032,+91-7090425118,1903,VOICE,TWR-0183,Bus Terminal Underground,765252089273706
CDR-004134,2023-04-01,03:32:47,S0078,+91-8505943466,S0031,+91-7728836158,0,SMS,TWR-0082,Old Market Area,317522100400529
CDR-004135,2023-12-05,19:47:56,S0059,+91-9818587139,S0041,+91-8047680798,1289,VOICE,TWR-0089,Industrial Zone B-12,804551022367356
CDR-004136,2024-04-29,04:53:29,S0038,+91-7164583060,S0041,+91-8047680798,0,SMS,TWR-0198,"Malviya Nagar, Jaipur",703947657069215
CDR-004137,2024-03-25,13:45:16,S0011,+91-7365548469,S0035,+91-9574786019,0,SMS,TWR-0175,"Marine Drive, Mumbai",849979991556200
CDR-004138,2024-04-19,01:38:28,S0074,+91-9129320527,S0041,+91-8047680798,1036,VOICE,TWR-0058,Old Market Area,557441798948684
CDR-004139,2023-10-05,21:23:33,S0076,+91-8453831805,S0053,+91-8468512260,1612,VOICE,TWR-0125,Port District Dock 7,298174118559000
CDR-004140,2023-08-03,20:01:08,S0071,+91-9835229476,S0080,+91-9719896275,121,VOICE,TWR-0030,"Jubilee Hills, Hyderabad",553793857244779
CDR-004141,2024-12-05,06:36:05,S0056,+91-7990411854,S0054,+91-8152869473,1961,VOICE,TWR-0044,"Gomti Nagar, Lucknow",836024502798554
CDR-004142,2024-02-08,00:06:31,S0034,+91-9185263528,S0045,+91-7911765255,0,SMS,TWR-0184,Industrial Zone B-12,693454985218424
CDR-004143,2023-05-30,02:33:36,S0074,+91-9129320527,S0079,+91-8925349210,2558,VOICE,TWR-0190,"Navrangpura, Ahmedabad",926142064452886
CDR-004144,2023-11-30,07:39:13,S0005,+91-9533147930,S0039,+91-9007576162,0,DATA,TWR-0137,Highway NH-48 Rest Stop,568711268425327
CDR-004145,2023-11-13,23:37:44,S0033,+91-8986477033,S0002,+91-7762376237,0,DATA,TWR-0025,"Salt Lake, Kolkata",342888697354639
CDR-004146,2024-05-13,02:00:05,S0012,+91-9757993748,S0007,+91-8314545093,222,VOICE,TWR-0057,"Andheri West, Mumbai",117869581636381
CDR-004147,2024-03-11,14:22:08,S0033,+91-9947485574,S0057,+91-9859711607,92,VOICE,TWR-0173,Highway NH-48 Rest Stop,129439855972191
CDR-004148,2024-07-26,21:10:18,S0069,+91-7305439451,S0054,+91-8152869473,0,SMS,TWR-0014,"Gomti Nagar, Lucknow",670723329808066
CDR-004149,2023-12-04,08:33:19,S0065,+91-7911433788,S0066,+91-9665882102,0,DATA,TWR-0144,Old Market Area,264250123320864
CDR-004150,2023-10-13,22:32:50,S0020,+91-7191685914,S0021,+91-7186376562,0,DATA,TWR-0134,Old Market Area,985699396445792
CDR-004151,2023-02-15,19:16:05,S0056,+91-7990411854,S0012,+91-9757993748,0,SMS,TWR-0083,Highway NH-48 Rest Stop,747755246760194
CDR-004152,2023-06-22,04:01:21,S0009,+91-8669674686,S0050,+91-8427287656,590,VOICE,TWR-0185,"Malviya Nagar, Jaipur",259610949624866
CDR-004153,2024-11-12,21:18:02,S0052,+91-8821211330,S0050,+91-8427287656,0,SMS,TWR-0179,Old Market Area,257983820299796
CDR-004154,2023-09-23,16:50:34,S0004,+91-8808948427,S0056,+91-7990411854,325,VOICE,TWR-0035,Industrial Zone B-12,723677896804023
CDR-004155,2023-08-22,00:39:36,S0012,+91-9757993748,S0053,+91-8468512260,3458,VOICE,TWR-0175,"Navrangpura, Ahmedabad",532266484859045
CDR-004156,2024-09-08,08:43:20,S0019,+91-9469240982,S0051,+91-8102313761,36,VOICE,TWR-0021,River Bridge Underpass,662539951639211
CDR-004157,2023-04-05,01:00:33,S0049,+91-9317730052,S0054,+91-8152869473,3442,VOICE,TWR-0112,Industrial Zone B-12,173275161542908
CDR-004158,2023-04-04,19:16:03,S0074,+91-9129320527,S0079,+91-8925349210,2513,VOICE,TWR-0039,"Kothrud, Pune",710197583820190
CDR-004159,2023-01-18,02:47:53,S0056,+91-7990411854,S0054,+91-8152869473,2271,VOICE,TWR-0123,"Satellite, Ahmedabad",438685933479780
CDR-004160,2023-06-20,14:05:50,S0026,+91-9078465518,S0028,+91-8010157795,3589,VOICE,TWR-0135,"Malviya Nagar, Jaipur",189552974411488
CDR-004161,2023-03-24,23:45:19,S0017,+91-8160965519,S0022,+91-9029520745,0,SMS,TWR-0062,Port District Dock 7,339065631949389
CDR-004162,2023-08-29,23:39:41,S0070,+91-8361473242,S0069,+91-7305439451,0,SMS,TWR-0130,"Kothrud, Pune",777876594817340
CDR-004163,2023-10-31,23:25:37,S0046,+91-8551797747,S0030,+91-7587753540,426,VOICE,TWR-0152,Bus Terminal Underground,516514366408009
CDR-004164,2023-01-07,07:01:41,S0018,+91-8515942742,S0016,+91-9192173624,2033,VOICE,TWR-0150,"Koregaon Park, Pune",189638948810811
CDR-004165,2024-01-05,05:40:19,S0025,+91-9877427601,S0003,+91-7303959797,0,DATA,TWR-0096,"Banjara Hills, Hyderabad",799924474653235
CDR-004166,2023-04-04,08:33:28,S0033,+91-8986477033,S0022,+91-9029520745,3086,VOICE,TWR-0052,"Jubilee Hills, Hyderabad",694373288352644
CDR-004167,2023-01-12,12:39:45,S0056,+91-7990411854,S0031,+91-7728836158,1756,VOICE,TWR-0161,Abandoned Factory Block C,221471241220308
CDR-004168,2023-07-31,15:18:26,S0010,+91-8733842953,S0008,+91-7468144718,0,SMS,TWR-0159,"Marine Drive, Mumbai",303124085766181
CDR-004169,2023-05-01,02:47:19,S0016,+91-7433584847,S0048,+91-8745666148,0,SMS,TWR-0008,"Kothrud, Pune",343239241989491
CDR-004170,2024-09-07,23:45:35,S0007,+91-8314545093,S0004,+91-8808948427,3376,VOICE,TWR-0133,Port District Dock 7,780853888815308
CDR-004171,2023-06-15,00:39:03,S0011,+91-7365548469,S0035,+91-9574786019,0,SMS,TWR-0131,"Jubilee Hills, Hyderabad",734785694743953
CDR-004172,2023-09-30,08:36:01,S0053,+91-8468512260,S0058,+91-7497129555,0,SMS,TWR-0165,Port District Dock 7,574746440450231
CDR-004173,2024-01-07,19:45:39,S0023,+91-7870361876,S0032,+91-7090425118,0,DATA,TWR-0116,"Velachery, Chennai",767630419046940
CDR-004174,2023-02-22,06:29:41,S0056,+91-7990411854,S0054,+91-8152869473,1149,VOICE,TWR-0067,"Civil Lines, Lucknow",838683692724942
CDR-004175,2023-10-07,01:01:43,S0045,+91-7911765255,S0068,+91-7943867424,0,SMS,TWR-0200,"Kothrud, Pune",872807148319786
CDR-004176,2024-01-17,09:18:28,S0061,+91-7944047056,S0060,+91-9164020641,0,SMS,TWR-0040,River Bridge Underpass,821103090092694
CDR-004177,2024-07-07,20:59:32,S0034,+91-9185263528,S0042,+91-9807385456,0,SMS,TWR-0054,Airport Cargo Terminal,314174564309321
CDR-004178,2024-06-05,13:39:36,S0078,+91-8505943466,S0043,+91-8599838760,0,SMS,TWR-0185,"Park Street, Kolkata",160869449704435
CDR-004179,2023-10-11,11:48:34,S0032,+91-7090425118,S0069,+91-7305439451,994,VOICE,TWR-0146,Airport Cargo Terminal,833993539667642
CDR-004180,2024-06-02,02:33:42,S0023,+91-7870361876,S0025,+91-9877427601,0,DATA,TWR-0092,Airport Cargo Terminal,767815372670375
CDR-004181,2024-03-10,14:09:45,S0049,+91-9317730052,S0052,+91-8821211330,0,SMS,TWR-0069,River Bridge Underpass,166037636058401
CDR-004182,2024-05-09,01:34:29,S0068,+91-7943867424,S0028,+91-8010157795,1578,VOICE,TWR-0066,Bus Terminal Underground,287746660883565
CDR-004183,2024-01-22,12:46:14,S0028,+91-8010157795,S0044,+91-9971861645,2139,VOICE,TWR-0091,"Anna Nagar, Chennai",761200596455291
CDR-004184,2024-06-30,18:43:11,S0047,+91-8940192213,S0048,+91-8745666148,0,DATA,TWR-0137,Industrial Zone B-12,902955744878017
CDR-004185,2023-11-27,16:00:23,S0051,+91-8102313761,S0009,+91-8669674686,3068,VOICE,TWR-0104,"Gomti Nagar, Lucknow",246350806508968
CDR-004186,2023-02-07,18:28:00,S0056,+91-7990411854,S0054,+91-8152869473,0,SMS,TWR-0060,45th Street Warehouse,153230907056672
CDR-004187,2024-03-24,09:07:51,S0029,+91-8158983385,S0028,+91-8010157795,885,VOICE,TWR-0002,"Kothrud, Pune",867934598556996
CDR-004188,2023-07-24,07:31:19,S0059,+91-9818587139,S0044,+91-9971861645,0,SMS,TWR-0199,"Koregaon Park, Pune",355971457465900
CDR-004189,2024-12-17,10:30:43,S0012,+91-9757993748,S0061,+91-7944047056,0,DATA,TWR-0179,"Navrangpura, Ahmedabad",664058469870384
CDR-004190,2024-11-25,01:46:08,S0065,+91-7911433788,S0066,+91-9665882102,506,VOICE,TWR-0134,Bus Terminal Underground,271329982779059
CDR-004191,2024-12-20,18:56:21,S0049,+91-9317730052,S0052,+91-8821211330,0,SMS,TWR-0087,"Velachery, Chennai",679096770210812
CDR-004192,2023-05-18,00:40:26,S0071,+91-9835229476,S0080,+91-9719896275,0,SMS,TWR-0024,"Gomti Nagar, Lucknow",541979706354326
CDR-004193,2024-06-05,19:52:08,S0066,+91-9665882102,S0067,+91-8354117104,381,VOICE,TWR-0113,Port District Dock 7,595195627473644
CDR-004194,2023-03-23,23:32:48,S0033,+91-8986477033,S0042,+91-9807385456,0,DATA,TWR-0192,Abandoned Factory Block C,972119322702219
CDR-004195,2023-05-24,16:59:55,S0025,+91-9915424029,S0076,+91-8453831805,0,SMS,TWR-0070,"Aundh, Pune",771246675023907
CDR-004196,2024-02-16,23:11:05,S0034,+91-9185263528,S0045,+91-7911765255,0,SMS,TWR-0082,"Civil Lines, Lucknow",421506076105499
CDR-004197,2024-04-11,21:40:48,S0043,+91-8591313804,S0033,+91-8986477033,832,VOICE,TWR-0177,45th Street Warehouse,775627643106621
CDR-004198,2024-03-29,18:40:09,S0070,+91-8361473242,S0069,+91-7305439451,0,SMS,TWR-0186,"Park Street, Kolkata",499231519076251
CDR-004199,2024-08-26,21:32:23,S0035,+91-9574786019,S0021,+91-7186376562,1855,VOICE,TWR-0180,"Sector 15, New Delhi",863362881745292
CDR-004200,2023-03-27,07:53:06,S0014,+91-7694080686,S0017,+91-8160965519,1622,VOICE,TWR-0039,"Navrangpura, Ahmedabad",734419789258771
CDR-004201,2023-11-25,12:21:11,S0005,+91-9533147930,S0011,+91-7365548469,0,SMS,TWR-0129,"Koregaon Park, Pune",418338747868255
CDR-004202,2024-05-12,21:30:16,S0020,+91-7191685914,S0013,+91-8601012552,0,SMS,TWR-0086,"Andheri West, Mumbai",899368178014731
CDR-004203,2024-02-04,16:06:04,S0001,+91-7731428289,S0007,+91-8314545093,2349,VOICE,TWR-0149,"Kothrud, Pune",310873190501580
CDR-004204,2024-12-21,17:58:57,S0064,+91-7750198381,S0025,+91-9877427601,0,SMS,TWR-0011,Old Market Area,738399000393014
CDR-004205,2024-05-26,23:59:24,S0063,+91-8639980776,S0069,+91-7305439451,0,SMS,TWR-0061,Old Market Area,685838879167482
CDR-004206,2023-10-15,00:11:55,S0010,+91-8733842953,S0014,+91-7694080686,0,SMS,TWR-0021,"Malviya Nagar, Jaipur",989729680979636
CDR-004207,2023-09-16,11:42:09,S0020,+91-7191685914,S0049,+91-9317730052,0,SMS,TWR-0050,Railway Station Complex,262745665466915
CDR-004208,2024-11-07,10:29:01,S0043,+91-8599838760,S0033,+91-8986477033,0,DATA,TWR-0003,Highway NH-48 Rest Stop,750908196410589
CDR-004209,2023-06-02,08:10:20,S0043,+91-8591313804,S0033,+91-8986477033,0,SMS,TWR-0057,Industrial Zone B-12,205922377075916
CDR-004210,2023-05-06,08:57:12,S0038,+91-7164583060,S0037,+91-9353860328,2956,VOICE,TWR-0046,Industrial Zone B-12,784030547038561
CDR-004211,2024-02-17,22:05:50,S0021,+91-7186376562,S0013,+91-8601012552,3158,VOICE,TWR-0126,"Navrangpura, Ahmedabad",873611780983423
CDR-004212,2023-01-13,17:39:00,S0044,+91-9971861645,S0033,+91-8986477033,566,VOICE,TWR-0082,Port District Dock 7,865155168301585
CDR-004213,2023-07-08,05:27:58,S0070,+91-8361473242,S0069,+91-7305439451,1107,VOICE,TWR-0010,"Navrangpura, Ahmedabad",821576705370256
CDR-004214,2023-01-18,02:10:07,S0011,+91-7365548469,S0035,+91-9574786019,0,SMS,TWR-0003,"Malviya Nagar, Jaipur",560483575964132
CDR-004215,2023-12-01,13:20:01,S0036,+91-8689097012,S0019,+91-9469240982,166,VOICE,TWR-0151,"Aundh, Pune",978158356021166
CDR-004216,2023-05-12,10:54:55,S0001,+91-7731428289,S0007,+91-8314545093,0,SMS,TWR-0184,"Kothrud, Pune",347626859819255
CDR-004217,2023-02-26,10:10:21,S0006,+91-8996093227,S0005,+91-9533147930,0,SMS,TWR-0105,"Civil Lines, Lucknow",408650875919186
CDR-004218,2023-10-22,04:06:10,S0013,+91-8601012552,S0015,+91-8928238864,0,SMS,TWR-0043,Railway Station Complex,749775866657052
CDR-004219,2023-06-11,04:24:29,S0048,+91-8745666148,S0046,+91-8551797747,0,SMS,TWR-0164,Industrial Zone B-12,708264936717641
CDR-004220,2023-08-28,11:32:22,S0041,+91-8047680798,S0065,+91-7911433788,153,VOICE,TWR-0026,Old Market Area,979958348992356
CDR-004221,2023-12-14,08:08:36,S0080,+91-9719896275,S0072,+91-8873660196,2800,VOICE,TWR-0024,"Sector 15, New Delhi",787569840947894
CDR-004222,2024-07-07,03:13:59,S0062,+91-7376081376,S0060,+91-9164020641,3275,VOICE,TWR-0168,Bus Terminal Underground,816002173065756
CDR-004223,2024-10-01,20:47:24,S0042,+91-9807385456,S0080,+91-9719896275,0,DATA,TWR-0138,Bus Terminal Underground,646638039967317
CDR-004224,2023-04-21,12:39:45,S0053,+91-8468512260,S0058,+91-7497129555,0,SMS,TWR-0054,Railway Station Complex,877837625522206
CDR-004225,2023-11-05,20:22:58,S0058,+91-7497129555,S0011,+91-7365548469,2142,VOICE,TWR-0008,"Connaught Place, New Delhi",848180134852229
CDR-004226,2024-07-14,06:51:36,S0045,+91-7268371644,S0036,+91-8689097012,2593,VOICE,TWR-0127,"Aundh, Pune",963217273502786
CDR-004227,2024-04-11,04:45:45,S0048,+91-8745666148,S0050,+91-8427287656,0,DATA,TWR-0187,Old Market Area,157840866911122
CDR-004228,2024-03-31,02:36:42,S0041,+91-8047680798,S0035,+91-9574786019,588,VOICE,TWR-0158,"Koregaon Park, Pune",405182353952789
CDR-004229,2023-09-12,23:36:55,S0003,+91-7303959797,S0012,+91-9757993748,3065,VOICE,TWR-0198,45th Street Warehouse,611846642850271
CDR-004230,2024-06-05,17:12:26,S0006,+91-8996093227,S0005,+91-9533147930,0,SMS,TWR-0030,"Kothrud, Pune",901239294840559
CDR-004231,2023-10-02,00:30:33,S0018,+91-8515942742,S0019,+91-9469240982,584,VOICE,TWR-0024,"Connaught Place, New Delhi",539297260864861
CDR-004232,2024-10-30,04:43:59,S0067,+91-8185491609,S0064,+91-7750198381,684,VOICE,TWR-0139,"Civil Lines, Lucknow",229508375219605
CDR-004233,2024-09-16,19:47:07,S0080,+91-9719896275,S0053,+91-8468512260,0,SMS,TWR-0141,"MG Road, Bangalore",484494215146469
CDR-004234,2023-05-30,21:10:35,S0056,+91-7990411854,S0054,+91-8152869473,512,VOICE,TWR-0145,"Gomti Nagar, Lucknow",453098260328312
CDR-004235,2023-08-02,00:45:41,S0032,+91-7090425118,S0033,+91-8986477033,0,SMS,TWR-0107,"Malviya Nagar, Jaipur",668668503540527
CDR-004236,2024-05-30,12:24:35,S0066,+91-9665882102,S0067,+91-8354117104,2821,VOICE,TWR-0165,"Indiranagar, Bangalore",391355119890152
CDR-004237,2023-12-15,19:33:20,S0044,+91-9971861645,S0033,+91-8986477033,3313,VOICE,TWR-0092,Railway Station Complex,188915978899145
CDR-004238,2023-02-05,09:08:31,S0075,+91-9023218968,S0033,+91-8986477033,3591,VOICE,TWR-0182,Industrial Zone B-12,847756539784388
CDR-004239,2023-01-18,21:35:19,S0039,+91-9007576162,S0073,+91-8723469890,1528,VOICE,TWR-0094,"Civil Lines, Lucknow",778458548832993
CDR-004240,2024-12-14,20:45:53,S0012,+91-9757993748,S0011,+91-7365548469,3500,VOICE,TWR-0150,"Koregaon Park, Pune",403864227567807
CDR-004241,2023-12-10,18:14:18,S0017,+91-8160965519,S0022,+91-9029520745,0,DATA,TWR-0076,"Jubilee Hills, Hyderabad",561996376601776
CDR-004242,2023-12-16,00:50:46,S0029,+91-8158983385,S0028,+91-8010157795,0,DATA,TWR-0078,"Andheri West, Mumbai",834377265710207
CDR-004243,2024-07-20,06:08:02,S0049,+91-9317730052,S0009,+91-8669674686,0,SMS,TWR-0017,"Sector 15, New Delhi",911894837165575
CDR-004244,2023-06-18,03:48:43,S0044,+91-9971861645,S0073,+91-8723469890,0,DATA,TWR-0130,"Kothrud, Pune",529128575055977
CDR-004245,2024-01-13,14:12:23,S0021,+91-7186376562,S0020,+91-7191685914,0,DATA,TWR-0110,Bus Terminal Underground,100516352079716
CDR-004246,2024-08-17,01:28:33,S0007,+91-8314545093,S0038,+91-7164583060,327,VOICE,TWR-0076,"Sector 15, New Delhi",850191021721129
CDR-004247,2023-09-28,14:11:44,S0047,+91-8940192213,S0043,+91-8599838760,0,DATA,TWR-0054,"Banjara Hills, Hyderabad",263870092899414
CDR-004248,2024-04-13,09:32:27,S0065,+91-7911433788,S0066,+91-9665882102,2872,VOICE,TWR-0101,"Park Street, Kolkata",576654985515310
CDR-004249,2023-01-14,14:28:15,S0047,+91-8940192213,S0048,+91-8745666148,875,VOICE,TWR-0092,"Banjara Hills, Hyderabad",541387384154543
CDR-004250,2024-08-07,14:12:16,S0015,+91-8928238864,S0018,+91-8515942742,2459,VOICE,TWR-0048,"Civil Lines, Lucknow",758250516946597
CDR-004251,2024-05-30,11:29:20,S0053,+91-8468512260,S0030,+91-7587753540,347,VOICE,TWR-0048,Old Market Area,332162424861719
CDR-004252,2023-03-12,18:11:42,S0064,+91-7750198381,S0065,+91-7911433788,3023,VOICE,TWR-0180,"Navrangpura, Ahmedabad",932529651886329
CDR-004253,2023-02-16,13:23:14,S0008,+91-7468144718,S0006,+91-8996093227,884,VOICE,TWR-0086,"Marine Drive, Mumbai",469552751121173
CDR-004254,2024-11-10,13:11:59,S0071,+91-9835229476,S0013,+91-8601012552,0,SMS,TWR-0139,45th Street Warehouse,817783141181802
CDR-004255,2024-07-21,17:59:10,S0008,+91-7468144718,S0006,+91-8996093227,1546,VOICE,TWR-0134,Industrial Zone B-12,517651025299832
CDR-004256,2023-07-27,06:09:04,S0058,+91-7497129555,S0040,+91-9752093579,1164,VOICE,TWR-0200,"Connaught Place, New Delhi",301074927273757
CDR-004257,2024-03-21,15:14:49,S0019,+91-9469240982,S0020,+91-7191685914,1877,VOICE,TWR-0156,"Marine Drive, Mumbai",973745298586392
CDR-004258,2023-07-19,15:03:20,S0006,+91-8996093227,S0021,+91-7186376562,0,SMS,TWR-0106,"MG Road, Bangalore",391434759186235
CDR-004259,2024-03-02,09:17:22,S0059,+91-9818587139,S0044,+91-9971861645,0,DATA,TWR-0041,"Salt Lake, Kolkata",842237837192490
CDR-004260,2023-12-14,16:19:56,S0017,+91-8160965519,S0033,+91-8986477033,718,VOICE,TWR-0068,"Malviya Nagar, Jaipur",198341801690596
CDR-004261,2024-10-13,02:39:40,S0059,+91-9818587139,S0061,+91-7944047056,0,SMS,TWR-0088,River Bridge Underpass,638544425853201
CDR-004262,2024-05-17,00:27:25,S0066,+91-9665882102,S0072,+91-8873660196,0,SMS,TWR-0192,"Park Street, Kolkata",543323735639316
CDR-004263,2023-02-11,19:23:54,S0054,+91-8152869473,S0002,+91-7762376237,3204,VOICE,TWR-0154,"Satellite, Ahmedabad",711462464808971
CDR-004264,2024-09-11,13:15:19,S0050,+91-8427287656,S0049,+91-9317730052,0,SMS,TWR-0023,"MG Road, Bangalore",115144889201793
CDR-004265,2023-08-07,20:13:04,S0070,+91-8361473242,S0076,+91-8453831805,0,SMS,TWR-0008,River Bridge Underpass,161913064089427
CDR-004266,2024-11-22,03:33:25,S0038,+91-7164583060,S0013,+91-8601012552,0,SMS,TWR-0102,"Aundh, Pune",419864802630354
CDR-004267,2023-10-25,18:44:53,S0068,+91-7943867424,S0028,+91-8010157795,3226,VOICE,TWR-0144,River Bridge Underpass,454072835072437
CDR-004268,2023-02-24,06:09:45,S0062,+91-7376081376,S0075,+91-9023218968,0,SMS,TWR-0063,"Gomti Nagar, Lucknow",175039348457704
CDR-004269,2023-12-13,10:14:27,S0028,+91-8010157795,S0030,+91-7587753540,0,DATA,TWR-0068,Industrial Zone B-12,479036313055966
CDR-004270,2023-07-27,23:44:19,S0070,+91-8361473242,S0080,+91-9719896275,0,DATA,TWR-0152,Railway Station Complex,462970265086477
CDR-004271,2024-03-31,23:18:16,S0017,+91-8160965519,S0022,+91-9029520745,2125,VOICE,TWR-0076,"Indiranagar, Bangalore",820711547087912
CDR-004272,2023-05-22,18:49:07,S0052,+91-8821211330,S0046,+91-8551797747,348,VOICE,TWR-0113,"Malviya Nagar, Jaipur",590264441107386
CDR-004273,2024-07-27,12:49:06,S0030,+91-7587753540,S0059,+91-9818587139,0,SMS,TWR-0064,"Salt Lake, Kolkata",960275812354602
CDR-004274,2023-12-04,01:14:01,S0043,+91-8599838760,S0032,+91-7090425118,0,SMS,TWR-0070,"Aundh, Pune",582345652452634
CDR-004275,2023-05-07,08:41:16,S0020,+91-7191685914,S0013,+91-8601012552,0,SMS,TWR-0062,"Indiranagar, Bangalore",603086521624631
CDR-004276,2024-09-23,04:41:18,S0012,+91-9757993748,S0023,+91-7870361876,3364,VOICE,TWR-0164,"Satellite, Ahmedabad",102930992262747
CDR-004277,2024-11-10,18:36:37,S0049,+91-9317730052,S0054,+91-8152869473,1844,VOICE,TWR-0065,"Indiranagar, Bangalore",448645694167222
CDR-004278,2024-04-26,14:30:05,S0042,+91-9807385456,S0030,+91-7587753540,0,SMS,TWR-0015,"Velachery, Chennai",116900823895710
CDR-004279,2023-09-28,08:17:41,S0074,+91-9129320527,S0079,+91-8925349210,0,DATA,TWR-0151,Highway NH-48 Rest Stop,412726128890581
CDR-004280,2024-10-27,23:24:55,S0047,+91-8940192213,S0064,+91-7750198381,3441,VOICE,TWR-0063,"Salt Lake, Kolkata",559140675001234
CDR-004281,2024-12-02,05:57:27,S0011,+91-7365548469,S0035,+91-9574786019,877,VOICE,TWR-0049,"Sector 15, New Delhi",659575823150850
CDR-004282,2023-03-30,14:58:00,S0021,+91-7186376562,S0013,+91-8601012552,0,DATA,TWR-0051,"Banjara Hills, Hyderabad",333349991204308
CDR-004283,2023-12-18,19:11:47,S0035,+91-9574786019,S0006,+91-8996093227,3059,VOICE,TWR-0035,"Koregaon Park, Pune",471654491523674
CDR-004284,2024-08-21,05:49:31,S0013,+91-8601012552,S0014,+91-7694080686,0,SMS,TWR-0080,Port District Dock 7,812845370226999
CDR-004285,2024-11-28,09:37:33,S0049,+91-9317730052,S0054,+91-8152869473,1588,VOICE,TWR-0124,"Connaught Place, New Delhi",928224022138774
CDR-004286,2023-08-02,17:10:45,S0052,+91-8821211330,S0050,+91-8427287656,64,VOICE,TWR-0130,"Andheri West, Mumbai",656326233446112
CDR-004287,2024-06-14,06:04:58,S0038,+91-7164583060,S0035,+91-9574786019,0,SMS,TWR-0008,"Koregaon Park, Pune",951772480818529
CDR-004288,2024-10-10,18:38:12,S0044,+91-9971861645,S0033,+91-8986477033,0,DATA,TWR-0161,"Civil Lines, Lucknow",209745742875220
CDR-004289,2024-12-03,16:34:29,S0007,+91-9992184341,S0008,+91-7468144718,0,SMS,TWR-0167,Railway Station Complex,938709462489139
CDR-004290,2023-02-20,19:30:14,S0066,+91-9665882102,S0067,+91-8354117104,0,SMS,TWR-0120,"Indiranagar, Bangalore",904802957662127
CDR-004291,2024-01-20,16:26:10,S0029,+91-8158983385,S0030,+91-7587753540,0,SMS,TWR-0109,Port District Dock 7,892871395228572
CDR-004292,2023-10-26,19:08:05,S0033,+91-8986477033,S0042,+91-9807385456,0,SMS,TWR-0077,45th Street Warehouse,867743430460220
CDR-004293,2023-08-11,14:57:49,S0028,+91-8010157795,S0066,+91-9665882102,952,VOICE,TWR-0162,"MG Road, Bangalore",536010858174156
CDR-004294,2024-07-21,02:15:03,S0064,+91-7750198381,S0065,+91-7911433788,0,SMS,TWR-0180,"Koregaon Park, Pune",491843826657530
CDR-004295,2023-04-21,10:26:58,S0017,+91-8160965519,S0022,+91-9029520745,2242,VOICE,TWR-0115,"Civil Lines, Lucknow",743804114438437
CDR-004296,2024-02-03,18:57:09,S0023,+91-7870361876,S0026,+91-9078465518,0,SMS,TWR-0187,"Civil Lines, Lucknow",527756421173239
CDR-004297,2023-03-06,09:28:11,S0009,+91-8669674686,S0005,+91-9533147930,0,SMS,TWR-0142,Industrial Zone B-12,958986813050113
CDR-004298,2024-02-26,06:29:23,S0040,+91-9752093579,S0016,+91-9192173624,3461,VOICE,TWR-0056,River Bridge Underpass,135892714796280
CDR-004299,2024-02-29,12:16:11,S0024,+91-8210847353,S0044,+91-9971861645,3476,VOICE,TWR-0124,"Satellite, Ahmedabad",571846754461350
CDR-004300,2023-04-09,04:02:56,S0051,+91-8102313761,S0050,+91-8427287656,0,SMS,TWR-0043,"Civil Lines, Lucknow",732439610313053
CDR-004301,2023-11-02,09:39:59,S0055,+91-7906087278,S0058,+91-7497129555,0,SMS,TWR-0140,Industrial Zone B-12,174673796413153
CDR-004302,2023-05-25,19:24:43,S0077,+91-7477042007,S0071,+91-9835229476,0,SMS,TWR-0131,"Jubilee Hills, Hyderabad",347097697420757
CDR-004303,2023-07-22,08:13:24,S0063,+91-8639980776,S0059,+91-9818587139,0,SMS,TWR-0006,"Civil Lines, Lucknow",897255218602396
CDR-004304,2023-07-14,17:49:11,S0032,+91-7090425118,S0033,+91-8986477033,0,DATA,TWR-0191,Old Market Area,210199060584675
CDR-004305,2024-04-01,02:21:12,S0014,+91-7694080686,S0015,+91-8928238864,2067,VOICE,TWR-0031,"Civil Lines, Lucknow",597365768157566
CDR-004306,2024-09-22,07:13:19,S0057,+91-9859711607,S0058,+91-7497129555,2149,VOICE,TWR-0103,"Jubilee Hills, Hyderabad",928334482376274
CDR-004307,2023-03-09,20:36:27,S0060,+91-7569582350,S0062,+91-7376081376,0,SMS,TWR-0176,Old Market Area,970157283928190
CDR-004308,2024-11-15,18:40:19,S0035,+91-9574786019,S0031,+91-7728836158,925,VOICE,TWR-0143,Abandoned Factory Block C,710442554136014
CDR-004309,2023-11-19,19:58:24,S0073,+91-8723469890,S0072,+91-8873660196,1193,VOICE,TWR-0001,"Koregaon Park, Pune",957187902108342
CDR-004310,2023-12-14,15:46:57,S0047,+91-8940192213,S0048,+91-8745666148,1853,VOICE,TWR-0193,"Gomti Nagar, Lucknow",560490971664876
CDR-004311,2024-11-19,11:09:57,S0072,+91-8873660196,S0079,+91-8925349210,3348,VOICE,TWR-0052,Railway Station Complex,328315684175896
CDR-004312,2024-06-16,03:31:10,S0063,+91-8639980776,S0062,+91-7376081376,0,SMS,TWR-0080,"Koregaon Park, Pune",742392082445890
CDR-004313,2023-08-28,12:58:51,S0008,+91-7468144718,S0019,+91-9469240982,0,SMS,TWR-0147,"Jubilee Hills, Hyderabad",455408943482413
CDR-004314,2024-12-29,19:19:30,S0061,+91-7944047056,S0065,+91-7911433788,0,SMS,TWR-0145,"Connaught Place, New Delhi",114186997364519
CDR-004315,2023-06-11,10:24:42,S0041,+91-7494240311,S0035,+91-9574786019,0,DATA,TWR-0096,"Jubilee Hills, Hyderabad",807420050479421
CDR-004316,2023-08-13,16:47:18,S0017,+91-8160965519,S0046,+91-8551797747,0,SMS,TWR-0157,"Jubilee Hills, Hyderabad",142850536001390
CDR-004317,2024-10-14,15:18:41,S0055,+91-7906087278,S0058,+91-7497129555,3210,VOICE,TWR-0049,"Andheri West, Mumbai",154026270105304
CDR-004318,2024-05-10,12:51:47,S0057,+91-9859711607,S0058,+91-7497129555,0,DATA,TWR-0136,Railway Station Complex,972829020608932
CDR-004319,2024-05-01,23:33:27,S0058,+91-7497129555,S0053,+91-8468512260,3160,VOICE,TWR-0174,Old Market Area,494568149941411
CDR-004320,2023-03-24,18:14:57,S0052,+91-8821211330,S0050,+91-8427287656,2299,VOICE,TWR-0085,River Bridge Underpass,668455228818871
CDR-004321,2023-05-23,08:35:13,S0012,+91-9757993748,S0011,+91-7365548469,2470,VOICE,TWR-0133,"Civil Lines, Lucknow",666841438735471
CDR-004322,2023-04-19,00:20:54,S0060,+91-9164020641,S0061,+91-7944047056,0,SMS,TWR-0067,Abandoned Factory Block C,895889597134770
CDR-004323,2024-06-12,12:21:00,S0009,+91-8669674686,S0038,+91-7164583060,0,SMS,TWR-0015,"Aundh, Pune",600127042440937
CDR-004324,2023-07-30,21:26:50,S0001,+91-7731428289,S0054,+91-8152869473,342,VOICE,TWR-0118,45th Street Warehouse,295164574147743
CDR-004325,2023-08-31,04:01:44,S0028,+91-8010157795,S0030,+91-7587753540,0,DATA,TWR-0071,"Velachery, Chennai",543344329631896
CDR-004326,2024-02-02,21:24:29,S0003,+91-7303959797,S0053,+91-8468512260,0,DATA,TWR-0100,"Jubilee Hills, Hyderabad",361327276950908
CDR-004327,2023-02-01,05:21:38,S0038,+91-7164583060,S0041,+91-8047680798,0,SMS,TWR-0101,"Jubilee Hills, Hyderabad",665496845934546
CDR-004328,2024-07-10,12:00:27,S0015,+91-8928238864,S0018,+91-8515942742,791,VOICE,TWR-0018,"Aundh, Pune",493104355186235
CDR-004329,2024-04-02,19:06:49,S0065,+91-7911433788,S0066,+91-9665882102,0,DATA,TWR-0136,Abandoned Factory Block C,434406761425055
CDR-004330,2023-08-07,20:40:57,S0043,+91-8599838760,S0044,+91-9971861645,0,SMS,TWR-0039,"Aundh, Pune",246508901151538
CDR-004331,2023-11-24,11:08:52,S0071,+91-9835229476,S0080,+91-9719896275,0,SMS,TWR-0136,"Velachery, Chennai",519343639723530
CDR-004332,2023-12-27,06:59:46,S0041,+91-8047680798,S0035,+91-9574786019,754,VOICE,TWR-0029,River Bridge Underpass,574019225834476
CDR-004333,2023-11-03,21:15:29,S0080,+91-9719896275,S0007,+91-8314545093,0,DATA,TWR-0072,Industrial Zone B-12,114182433621614
CDR-004334,2024-08-01,15:19:02,S0061,+91-7944047056,S0061,+91-7944047056,0,SMS,TWR-0190,"Aundh, Pune",530878371035926
CDR-004335,2024-09-13,10:15:57,S0002,+91-7762376237,S0005,+91-9533147930,577,VOICE,TWR-0095,"Navrangpura, Ahmedabad",341632566718385
CDR-004336,2023-07-25,16:25:15,S0059,+91-9818587139,S0044,+91-9971861645,608,VOICE,TWR-0071,"Kothrud, Pune",636273694030002
CDR-004337,2024-10-26,23:11:50,S0016,+91-9192173624,S0014,+91-7694080686,996,VOICE,TWR-0042,River Bridge Underpass,152368000146067
CDR-004338,2023-02-22,04:53:38,S0008,+91-7468144718,S0010,+91-8733842953,2468,VOICE,TWR-0005,"Gomti Nagar, Lucknow",748367931322816
CDR-004339,2023-07-30,17:59:19,S0046,+91-8551797747,S0049,+91-9317730052,0,SMS,TWR-0101,Airport Cargo Terminal,726822558515209
CDR-004340,2023-05-10,09:34:19,S0017,+91-8160965519,S0022,+91-9029520745,1633,VOICE,TWR-0085,Railway Station Complex,743415806062541
CDR-004341,2023-11-04,17:38:08,S0077,+91-7477042007,S0076,+91-8453831805,2499,VOICE,TWR-0007,"Banjara Hills, Hyderabad",997699868000109
CDR-004342,2024-02-23,02:12:35,S0042,+91-9807385456,S0043,+91-8599838760,0,DATA,TWR-0108,45th Street Warehouse,619378202509175
CDR-004343,2023-03-01,21:48:59,S0002,+91-7762376237,S0010,+91-8733842953,410,VOICE,TWR-0027,River Bridge Underpass,807890583105801
CDR-004344,2023-01-07,20:18:57,S0047,+91-8940192213,S0048,+91-8745666148,0,SMS,TWR-0080,"Velachery, Chennai",596990325786507
CDR-004345,2023-11-27,02:19:59,S0047,+91-8940192213,S0048,+91-8745666148,1729,VOICE,TWR-0191,"Navrangpura, Ahmedabad",821694906898522
CDR-004346,2023-01-02,01:28:32,S0076,+91-8453831805,S0079,+91-8925349210,2434,VOICE,TWR-0027,Bus Terminal Underground,721665662621546
CDR-004347,2023-12-28,17:49:25,S0071,+91-9835229476,S0080,+91-9719896275,0,SMS,TWR-0139,"Satellite, Ahmedabad",813691224240955
CDR-004348,2024-02-21,23:40:25,S0025,+91-9877427601,S0030,+91-7587753540,390,VOICE,TWR-0142,"Civil Lines, Lucknow",936857628468044
CDR-004349,2023-06-18,00:47:30,S0026,+91-9078465518,S0005,+91-9533147930,1675,VOICE,TWR-0046,"Sector 15, New Delhi",832912203346839
CDR-004350,2023-11-09,02:59:57,S0055,+91-7906087278,S0053,+91-8468512260,0,DATA,TWR-0047,Bus Terminal Underground,889765042309868
CDR-004351,2023-11-16,21:42:37,S0023,+91-7870361876,S0026,+91-9078465518,0,SMS,TWR-0040,Airport Cargo Terminal,962390254731712
CDR-004352,2024-03-17,11:29:02,S0072,+91-8873660196,S0074,+91-9129320527,0,SMS,TWR-0022,Old Market Area,597266089380286
CDR-004353,2024-03-01,19:20:27,S0060,+91-9164020641,S0059,+91-9818587139,443,VOICE,TWR-0005,"Banjara Hills, Hyderabad",347908478492252
CDR-004354,2024-10-12,03:13:41,S0020,+91-7191685914,S0018,+91-8515942742,0,SMS,TWR-0048,River Bridge Underpass,375208197845872
CDR-004355,2024-10-06,05:09:42,S0003,+91-7303959797,S0002,+91-7762376237,686,VOICE,TWR-0068,45th Street Warehouse,940349860075394
CDR-004356,2024-10-16,09:55:50,S0054,+91-7823740217,S0058,+91-7497129555,1367,VOICE,TWR-0013,Railway Station Complex,892491680310639
CDR-004357,2023-04-30,11:42:27,S0007,+91-8314545093,S0004,+91-8808948427,2071,VOICE,TWR-0096,45th Street Warehouse,193798320700721
CDR-004358,2023-06-15,12:30:33,S0009,+91-8669674686,S0042,+91-9807385456,0,SMS,TWR-0030,"Anna Nagar, Chennai",667077010582322
CDR-004359,2024-04-23,01:30:45,S0059,+91-9818587139,S0043,+91-8599838760,0,SMS,TWR-0151,"Velachery, Chennai",727929571425866
CDR-004360,2023-04-21,21:51:24,S0002,+91-7762376237,S0012,+91-9757993748,386,VOICE,TWR-0095,"Park Street, Kolkata",237659298142535
CDR-004361,2023-02-13,20:36:29,S0033,+91-8986477033,S0042,+91-9807385456,0,SMS,TWR-0076,"Satellite, Ahmedabad",369563841800417
CDR-004362,2023-08-22,15:11:00,S0044,+91-9971861645,S0009,+91-8669674686,3056,VOICE,TWR-0122,"Malviya Nagar, Jaipur",795432431097499
CDR-004363,2024-05-02,12:17:29,S0008,+91-7468144718,S0010,+91-8733842953,0,SMS,TWR-0195,Airport Cargo Terminal,719980608055493
CDR-004364,2023-02-05,22:57:54,S0025,+91-9877427601,S0030,+91-7587753540,0,SMS,TWR-0136,"Banjara Hills, Hyderabad",722205495466115
CDR-004365,2024-04-27,00:51:06,S0010,+91-8733842953,S0002,+91-7762376237,0,SMS,TWR-0093,"Velachery, Chennai",587976561887872
CDR-004366,2023-04-16,01:13:40,S0017,+91-8160965519,S0060,+91-9164020641,1172,VOICE,TWR-0195,"Marine Drive, Mumbai",123601918549239
CDR-004367,2023-05-28,18:13:35,S0061,+91-7944047056,S0059,+91-9818587139,273,VOICE,TWR-0120,"Satellite, Ahmedabad",110539940614701
CDR-004368,2023-01-01,02:15:39,S0060,+91-9164020641,S0072,+91-8873660196,0,SMS,TWR-0063,"Civil Lines, Lucknow",625062819110633
CDR-004369,2023-11-03,11:07:44,S0042,+91-9807385456,S0039,+91-9007576162,0,SMS,TWR-0068,"Civil Lines, Lucknow",939126704503222
CDR-004370,2024-09-03,12:31:04,S0078,+91-8505943466,S0077,+91-7477042007,0,SMS,TWR-0179,"Gomti Nagar, Lucknow",904542325699964
CDR-004371,2024-10-22,11:04:38,S0030,+91-7587753540,S0027,+91-8837911267,330,VOICE,TWR-0087,Abandoned Factory Block C,746071229804972
CDR-004372,2023-07-14,13:27:12,S0080,+91-9719896275,S0007,+91-8314545093,0,SMS,TWR-0166,"Connaught Place, New Delhi",541667848946642
CDR-004373,2024-10-02,17:56:01,S0003,+91-7303959797,S0012,+91-9757993748,2059,VOICE,TWR-0139,"Velachery, Chennai",781910490590347
CDR-004374,2024-04-28,05:07:31,S0060,+91-7569582350,S0059,+91-9818587139,3360,VOICE,TWR-0077,"Marine Drive, Mumbai",990981583874787
CDR-004375,2023-01-27,21:19:20,S0007,+91-8314545093,S0008,+91-7468144718,3160,VOICE,TWR-0181,"Salt Lake, Kolkata",544540568323484
CDR-004376,2023-07-06,13:13:48,S0001,+91-7731428289,S0005,+91-9533147930,3039,VOICE,TWR-0041,Bus Terminal Underground,686467070644781
CDR-004377,2024-03-28,23:59:28,S0077,+91-7477042007,S0080,+91-9719896275,50,VOICE,TWR-0030,"Kothrud, Pune",295180608992356
CDR-004378,2023-05-20,06:56:53,S0035,+91-9574786019,S0053,+91-8468512260,0,SMS,TWR-0113,Highway NH-48 Rest Stop,136220443117789
CDR-004379,2023-04-29,21:30:54,S0073,+91-8723469890,S0043,+91-8599838760,661,VOICE,TWR-0135,"Connaught Place, New Delhi",604518135482551
CDR-004380,2023-09-12,16:22:36,S0003,+91-9777055082,S0004,+91-8808948427,0,SMS,TWR-0076,Old Market Area,235400942076404
CDR-004381,2024-12-25,01:07:45,S0045,+91-7911765255,S0046,+91-8551797747,48,VOICE,TWR-0143,"Gomti Nagar, Lucknow",267716371143803
CDR-004382,2023-04-21,11:36:13,S0056,+91-7990411854,S0053,+91-8468512260,3310,VOICE,TWR-0045,"Marine Drive, Mumbai",842357110093232
CDR-004383,2024-04-18,03:47:08,S0055,+91-7906087278,S0058,+91-7497129555,0,SMS,TWR-0111,Abandoned Factory Block C,984108708967901
CDR-004384,2024-04-22,08:54:32,S0058,+91-7497129555,S0056,+91-7990411854,1740,VOICE,TWR-0132,"Andheri West, Mumbai",907749357036598
CDR-004385,2023-04-21,04:00:30,S0075,+91-9023218968,S0078,+91-8505943466,0,DATA,TWR-0163,"Satellite, Ahmedabad",677095400220441
CDR-004386,2023-03-02,21:31:06,S0026,+91-9078465518,S0027,+91-8837911267,2825,VOICE,TWR-0198,"Connaught Place, New Delhi",909740600864716
CDR-004387,2024-06-06,08:44:10,S0015,+91-8928238864,S0020,+91-7191685914,3295,VOICE,TWR-0097,"Sector 15, New Delhi",176220297619215
CDR-004388,2023-12-19,19:41:28,S0058,+91-7497129555,S0057,+91-9859711607,0,SMS,TWR-0157,"Park Street, Kolkata",854440223287364
CDR-004389,2023-07-21,09:49:12,S0062,+91-7376081376,S0021,+91-7186376562,2714,VOICE,TWR-0054,"Civil Lines, Lucknow",306137219199874
CDR-004390,2024-06-07,16:37:41,S0067,+91-8354117104,S0066,+91-9665882102,1858,VOICE,TWR-0081,Airport Cargo Terminal,525487105805270
CDR-004391,2023-03-12,19:37:23,S0032,+91-7090425118,S0039,+91-9007576162,0,SMS,TWR-0052,"Anna Nagar, Chennai",110737680224949
CDR-004392,2023-08-27,16:11:56,S0060,+91-9164020641,S0027,+91-8837911267,18,VOICE,TWR-0034,"Salt Lake, Kolkata",769833704002219
CDR-004393,2024-02-22,03:16:48,S0075,+91-9242647667,S0071,+91-9835229476,0,SMS,TWR-0057,"Koregaon Park, Pune",702303947877228
CDR-004394,2023-01-23,22:45:15,S0064,+91-7750198381,S0065,+91-7911433788,0,DATA,TWR-0034,"Civil Lines, Lucknow",322158744940618
CDR-004395,2023-05-23,14:13:06,S0011,+91-7365548469,S0041,+91-8047680798,1379,VOICE,TWR-0117,"Park Street, Kolkata",110508461439488
CDR-004396,2024-01-10,19:43:26,S0052,+91-8821211330,S0046,+91-8551797747,1029,VOICE,TWR-0048,45th Street Warehouse,752216279537452
CDR-004397,2024-04-07,07:02:51,S0011,+91-7365548469,S0003,+91-7303959797,1742,VOICE,TWR-0107,"Velachery, Chennai",182952895487628
CDR-004398,2024-03-18,23:17:57,S0021,+91-7186376562,S0021,+91-7186376562,1237,VOICE,TWR-0091,"Velachery, Chennai",935735740040057
CDR-004399,2024-08-19,13:46:50,S0018,+91-8515942742,S0016,+91-9192173624,0,DATA,TWR-0152,Bus Terminal Underground,290073983203689
CDR-004400,2023-07-02,00:35:43,S0065,+91-7911433788,S0066,+91-9665882102,0,SMS,TWR-0022,Highway NH-48 Rest Stop,824083903143192
CDR-004401,2023-07-13,14:48:39,S0010,+91-8733842953,S0002,+91-7762376237,0,SMS,TWR-0152,"Koregaon Park, Pune",784909068006947
CDR-004402,2024-05-07,10:09:47,S0037,+91-9353860328,S0044,+91-9971861645,1218,VOICE,TWR-0044,"Koregaon Park, Pune",608396703681385
CDR-004403,2024-08-02,15:50:38,S0015,+91-8928238864,S0074,+91-9129320527,2217,VOICE,TWR-0041,"Andheri West, Mumbai",552464870058577
CDR-004404,2024-05-12,03:16:56,S0006,+91-9389242087,S0005,+91-9533147930,0,DATA,TWR-0152,Airport Cargo Terminal,422727421081047
CDR-004405,2023-10-06,17:57:02,S0035,+91-9574786019,S0031,+91-7728836158,0,DATA,TWR-0080,"Anna Nagar, Chennai",867453038485164
CDR-004406,2023-02-07,16:03:21,S0048,+91-8745666148,S0035,+91-9574786019,0,DATA,TWR-0023,"Salt Lake, Kolkata",147977170878739
CDR-004407,2024-10-11,21:51:27,S0069,+91-7305439451,S0070,+91-8361473242,0,SMS,TWR-0101,Old Market Area,322966011287654
CDR-004408,2023-04-14,20:03:38,S0017,+91-8160965519,S0073,+91-8723469890,0,SMS,TWR-0088,"Malviya Nagar, Jaipur",157696759513687
CDR-004409,2024-06-09,06:40:38,S0047,+91-8940192213,S0048,+91-8745666148,1134,VOICE,TWR-0076,Industrial Zone B-12,229801516461897
CDR-004410,2023-02-16,00:39:17,S0009,+91-8669674686,S0067,+91-8354117104,1736,VOICE,TWR-0109,"Malviya Nagar, Jaipur",707859053769046
CDR-004411,2023-01-05,15:59:30,S0034,+91-9185263528,S0042,+91-9807385456,693,VOICE,TWR-0096,"Marine Drive, Mumbai",243793619630430
CDR-004412,2023-10-16,14:11:24,S0018,+91-8515942742,S0014,+91-7694080686,0,SMS,TWR-0084,"Malviya Nagar, Jaipur",950390726819502
CDR-004413,2024-04-10,13:19:45,S0015,+91-9319492719,S0018,+91-8515942742,1488,VOICE,TWR-0152,Industrial Zone B-12,466550711763310
CDR-004414,2023-01-25,02:45:22,S0058,+91-7497129555,S0057,+91-9859711607,0,SMS,TWR-0093,"Navrangpura, Ahmedabad",686442902264497
CDR-004415,2023-06-22,21:38:03,S0064,+91-7750198381,S0065,+91-7911433788,0,DATA,TWR-0062,"Gomti Nagar, Lucknow",239361690520347
CDR-004416,2023-02-26,18:02:57,S0011,+91-7365548469,S0007,+91-8314545093,1037,VOICE,TWR-0037,"Salt Lake, Kolkata",704152281353612
CDR-004417,2023-08-07,11:37:52,S0033,+91-8986477033,S0042,+91-9807385456,1549,VOICE,TWR-0036,"Kothrud, Pune",407864455109662
CDR-004418,2024-05-05,05:26:00,S0019,+91-8591373092,S0014,+91-7694080686,0,DATA,TWR-0165,"Navrangpura, Ahmedabad",443048569701995
CDR-004419,2023-07-04,04:57:24,S0031,+91-7728836158,S0038,+91-7164583060,0,SMS,TWR-0085,"Salt Lake, Kolkata",661709138668195
CDR-004420,2023-08-13,00:55:19,S0046,+91-8551797747,S0049,+91-9317730052,0,SMS,TWR-0130,Port District Dock 7,882959116179089
CDR-004421,2024-12-27,05:13:10,S0011,+91-7365548469,S0066,+91-9665882102,0,SMS,TWR-0169,"Jubilee Hills, Hyderabad",223215224249265
CDR-004422,2023-06-14,05:00:04,S0022,+91-9029520745,S0021,+91-7186376562,0,SMS,TWR-0059,"Jubilee Hills, Hyderabad",956566936462484
CDR-004423,2023-02-06,00:58:00,S0080,+91-9719896275,S0007,+91-8314545093,0,SMS,TWR-0046,"Malviya Nagar, Jaipur",558810871410603
CDR-004424,2023-12-18,09:49:01,S0057,+91-9859711607,S0055,+91-7906087278,0,SMS,TWR-0080,"Koregaon Park, Pune",925476708530343
CDR-004425,2023-05-31,15:35:46,S0040,+91-9752093579,S0042,+91-9807385456,2307,VOICE,TWR-0060,"Aundh, Pune",700089625406133
CDR-004426,2023-08-13,17:56:03,S0028,+91-8010157795,S0025,+91-9877427601,2222,VOICE,TWR-0060,"Malviya Nagar, Jaipur",185959050847857
CDR-004427,2024-03-06,09:11:05,S0014,+91-7694080686,S0050,+91-8427287656,0,DATA,TWR-0178,Railway Station Complex,525801405797970
CDR-004428,2024-05-05,03:24:29,S0057,+91-9859711607,S0057,+91-9859711607,0,SMS,TWR-0023,45th Street Warehouse,351189186220549
CDR-004429,2024-10-09,23:47:22,S0030,+91-7587753540,S0029,+91-8158983385,3269,VOICE,TWR-0005,"Park Street, Kolkata",477434019999794
CDR-004430,2023-03-27,02:50:28,S0071,+91-9835229476,S0080,+91-9719896275,959,VOICE,TWR-0170,"Jubilee Hills, Hyderabad",814981753435727
CDR-004431,2023-06-29,04:35:27,S0017,+91-8160965519,S0022,+91-9029520745,2588,VOICE,TWR-0011,Port District Dock 7,706798978832763
CDR-004432,2023-01-17,22:44:33,S0051,+91-8102313761,S0047,+91-8940192213,0,DATA,TWR-0073,"Satellite, Ahmedabad",707857966915415
CDR-004433,2024-03-15,20:24:53,S0053,+91-8468512260,S0077,+91-7477042007,0,SMS,TWR-0160,"Kothrud, Pune",473824337981295
CDR-004434,2024-06-22,11:06:42,S0074,+91-9129320527,S0011,+91-7365548469,0,SMS,TWR-0135,Bus Terminal Underground,460095169269548
CDR-004435,2023-05-12,22:29:22,S0002,+91-7762376237,S0032,+91-7090425118,2950,VOICE,TWR-0075,Bus Terminal Underground,938018989149373
CDR-004436,2023-01-14,14:25:47,S0051,+91-8102313761,S0050,+91-8427287656,3432,VOICE,TWR-0051,"Aundh, Pune",367005969190531
CDR-004437,2024-11-08,20:19:09,S0077,+91-7477042007,S0080,+91-9719896275,1550,VOICE,TWR-0175,Highway NH-48 Rest Stop,481625341526636
CDR-004438,2024-02-27,12:07:56,S0012,+91-9757993748,S0050,+91-8427287656,0,DATA,TWR-0050,"Malviya Nagar, Jaipur",974800722775805
CDR-004439,2024-08-21,00:41:03,S0048,+91-8745666148,S0077,+91-7477042007,0,SMS,TWR-0001,"Koregaon Park, Pune",103498058978235
CDR-004440,2024-05-31,19:20:46,S0026,+91-9078465518,S0023,+91-7870361876,0,DATA,TWR-0169,"Aundh, Pune",734112891483222
CDR-004441,2023-01-22,13:17:38,S0011,+91-7365548469,S0007,+91-8314545093,0,SMS,TWR-0136,45th Street Warehouse,776056455757533
CDR-004442,2023-06-15,18:18:33,S0029,+91-8158983385,S0028,+91-8010157795,0,SMS,TWR-0038,"Navrangpura, Ahmedabad",573922744461451
CDR-004443,2023-06-01,20:20:28,S0016,+91-9192173624,S0014,+91-7694080686,0,SMS,TWR-0053,Old Market Area,293000933784189
CDR-004444,2023-04-12,00:12:25,S0009,+91-7154324371,S0008,+91-7468144718,0,DATA,TWR-0191,"Malviya Nagar, Jaipur",440563052604370
CDR-004445,2024-08-18,15:55:57,S0073,+91-8723469890,S0072,+91-8873660196,0,DATA,TWR-0118,Airport Cargo Terminal,556411885098339
CDR-004446,2023-11-14,12:09:47,S0055,+91-7906087278,S0053,+91-8468512260,828,VOICE,TWR-0187,Bus Terminal Underground,811807974453680
CDR-004447,2023-06-18,17:12:56,S0036,+91-8689097012,S0034,+91-9185263528,330,VOICE,TWR-0124,Highway NH-48 Rest Stop,301140594869050
CDR-004448,2024-04-14,13:33:36,S0045,+91-7268371644,S0036,+91-8689097012,0,SMS,TWR-0070,River Bridge Underpass,679379317806984
CDR-004449,2024-03-01,00:19:50,S0029,+91-8158983385,S0028,+91-8010157795,0,DATA,TWR-0102,"MG Road, Bangalore",904831500348346
CDR-004450,2023-06-16,05:32:02,S0066,+91-9665882102,S0015,+91-8928238864,0,DATA,TWR-0081,"Velachery, Chennai",713894159032777
CDR-004451,2023-02-03,03:43:22,S0034,+91-9185263528,S0045,+91-7911765255,3373,VOICE,TWR-0132,"Malviya Nagar, Jaipur",713877774493914
CDR-004452,2023-05-10,06:18:35,S0014,+91-7694080686,S0017,+91-8160965519,2759,VOICE,TWR-0060,Industrial Zone B-12,696473619381944
CDR-004453,2023-08-22,10:37:15,S0055,+91-7906087278,S0058,+91-7497129555,3124,VOICE,TWR-0107,"Koregaon Park, Pune",118756449190037
CDR-004454,2024-01-26,14:13:01,S0016,+91-7433584847,S0017,+91-8160965519,3216,VOICE,TWR-0113,"Andheri West, Mumbai",114145136276963
CDR-004455,2023-09-01,10:59:16,S0052,+91-8821211330,S0050,+91-8427287656,711,VOICE,TWR-0139,"Koregaon Park, Pune",704085505987175
CDR-004456,2024-03-21,22:00:55,S0066,+91-7288551224,S0026,+91-9078465518,1692,VOICE,TWR-0111,"Gomti Nagar, Lucknow",962025750779616
CDR-004457,2024-07-26,12:34:52,S0020,+91-7191685914,S0051,+91-8102313761,0,SMS,TWR-0027,"Andheri West, Mumbai",846973944032325
CDR-004458,2024-07-18,11:52:08,S0055,+91-7906087278,S0058,+91-7497129555,0,SMS,TWR-0117,"Salt Lake, Kolkata",440146058633138
CDR-004459,2023-02-11,06:39:43,S0055,+91-7906087278,S0054,+91-8152869473,0,DATA,TWR-0122,Airport Cargo Terminal,612221841684956
CDR-004460,2023-10-25,11:24:42,S0039,+91-9007576162,S0044,+91-9971861645,1921,VOICE,TWR-0076,"Koregaon Park, Pune",609107433370246
CDR-004461,2024-06-07,08:59:55,S0072,+91-9541363841,S0006,+91-8996093227,0,DATA,TWR-0041,Railway Station Complex,858850889869947
CDR-004462,2023-10-22,15:16:29,S0067,+91-8354117104,S0064,+91-7750198381,3067,VOICE,TWR-0081,"Anna Nagar, Chennai",837892846944985
CDR-004463,2024-05-21,16:32:59,S0064,+91-7750198381,S0065,+91-7911433788,0,SMS,TWR-0012,Port District Dock 7,153458815406781
CDR-004464,2024-05-12,16:52:49,S0019,+91-9469240982,S0007,+91-8314545093,0,SMS,TWR-0185,"Sector 15, New Delhi",203657475505898
CDR-004465,2024-05-29,19:46:47,S0017,+91-8160965519,S0047,+91-8940192213,1270,VOICE,TWR-0146,"Malviya Nagar, Jaipur",517141563976325
CDR-004466,2024-07-24,04:29:38,S0044,+91-9971861645,S0033,+91-8986477033,213,VOICE,TWR-0019,"Malviya Nagar, Jaipur",512383580556881
CDR-004467,2023-10-05,15:45:43,S0037,+91-9353860328,S0032,+91-7090425118,0,SMS,TWR-0176,"Marine Drive, Mumbai",972943410699637
CDR-004468,2023-09-14,17:20:48,S0054,+91-7823740217,S0053,+91-8468512260,3450,VOICE,TWR-0010,"Civil Lines, Lucknow",983634392172788
CDR-004469,2024-06-25,17:56:31,S0009,+91-8669674686,S0016,+91-9192173624,3272,VOICE,TWR-0007,"Sector 15, New Delhi",696405891046954
CDR-004470,2023-07-30,12:23:51,S0044,+91-9971861645,S0033,+91-8986477033,2567,VOICE,TWR-0062,Industrial Zone B-12,679791409054643
CDR-004471,2023-08-08,15:39:42,S0015,+91-8928238864,S0020,+91-7191685914,0,DATA,TWR-0040,"Sector 15, New Delhi",655576381681150
CDR-004472,2023-09-10,17:06:20,S0053,+91-8468512260,S0058,+91-7497129555,0,DATA,TWR-0108,Airport Cargo Terminal,148810315090614
CDR-004473,2023-01-15,09:46:40,S0031,+91-7728836158,S0038,+91-7164583060,0,SMS,TWR-0006,"Marine Drive, Mumbai",477443171847219
CDR-004474,2023-07-12,09:57:57,S0076,+91-8453831805,S0009,+91-8669674686,0,SMS,TWR-0156,"MG Road, Bangalore",832810124656584
CDR-004475,2023-06-05,15:09:52,S0050,+91-8427287656,S0049,+91-9317730052,2691,VOICE,TWR-0084,"Banjara Hills, Hyderabad",475096324816903
CDR-004476,2024-10-10,01:34:57,S0058,+91-7497129555,S0014,+91-7694080686,0,SMS,TWR-0157,"Marine Drive, Mumbai",532161472755122
CDR-004477,2023-04-01,13:51:37,S0004,+91-8808948427,S0006,+91-8996093227,0,DATA,TWR-0107,"Kothrud, Pune",238861524918662
CDR-004478,2023-11-27,06:16:59,S0032,+91-7090425118,S0026,+91-9078465518,2192,VOICE,TWR-0171,"Navrangpura, Ahmedabad",300309495913371
CDR-004479,2023-11-06,21:18:07,S0050,+91-8427287656,S0049,+91-9317730052,1124,VOICE,TWR-0025,Port District Dock 7,815525050656872
CDR-004480,2024-02-27,16:58:42,S0065,+91-7911433788,S0066,+91-9665882102,0,SMS,TWR-0005,45th Street Warehouse,878018236247954
CDR-004481,2024-12-08,01:03:45,S0076,+91-8453831805,S0071,+91-9835229476,1740,VOICE,TWR-0188,"Satellite, Ahmedabad",256693717773905
CDR-004482,2023-06-19,05:23:04,S0045,+91-7268371644,S0036,+91-8689097012,0,DATA,TWR-0150,Abandoned Factory Block C,593009417863616
CDR-004483,2023-02-03,00:39:56,S0009,+91-8669674686,S0003,+91-7303959797,0,SMS,TWR-0005,"Anna Nagar, Chennai",227409526050212
CDR-004484,2023-01-08,23:43:03,S0073,+91-8723469890,S0080,+91-9719896275,0,SMS,TWR-0105,Industrial Zone B-12,192393459798977
CDR-004485,2023-05-18,12:05:47,S0052,+91-8821211330,S0050,+91-8427287656,0,DATA,TWR-0089,"MG Road, Bangalore",174824221702700
CDR-004486,2024-01-27,03:58:36,S0055,+91-7906087278,S0018,+91-8515942742,0,SMS,TWR-0071,"Anna Nagar, Chennai",271300124530988
CDR-004487,2024-05-13,18:59:09,S0068,+91-7943867424,S0038,+91-7164583060,0,DATA,TWR-0054,"Connaught Place, New Delhi",693980922487531
CDR-004488,2024-01-21,08:26:43,S0010,+91-8733842953,S0008,+91-7468144718,0,SMS,TWR-0010,Airport Cargo Terminal,938961914575277
CDR-004489,2024-04-02,03:42:22,S0018,+91-8515942742,S0058,+91-7497129555,1097,VOICE,TWR-0035,"Park Street, Kolkata",303289265366934
CDR-004490,2023-10-26,02:27:25,S0079,+91-8925349210,S0073,+91-8723469890,0,DATA,TWR-0101,45th Street Warehouse,912189622638514
CDR-004491,2024-08-22,09:17:34,S0022,+91-9029520745,S0021,+91-7186376562,1741,VOICE,TWR-0132,"MG Road, Bangalore",675159341151777
CDR-004492,2023-06-17,04:52:34,S0021,+91-7186376562,S0014,+91-7694080686,0,DATA,TWR-0056,"Park Street, Kolkata",173761560444423
CDR-004493,2024-08-18,16:27:40,S0040,+91-9752093579,S0029,+91-8158983385,0,SMS,TWR-0003,"Civil Lines, Lucknow",802406988826901
CDR-004494,2023-01-18,13:47:25,S0074,+91-9129320527,S0066,+91-9665882102,2712,VOICE,TWR-0059,"Kothrud, Pune",448982386071545
CDR-004495,2024-10-21,02:47:12,S0032,+91-7090425118,S0022,+91-9029520745,0,SMS,TWR-0171,Highway NH-48 Rest Stop,335358038922889
CDR-004496,2023-10-27,20:49:20,S0069,+91-7305439451,S0068,+91-7943867424,333,VOICE,TWR-0136,"Andheri West, Mumbai",301074396278743
CDR-004497,2024-06-29,20:26:33,S0057,+91-9859711607,S0058,+91-7497129555,3600,VOICE,TWR-0200,"Connaught Place, New Delhi",939651497044001
CDR-004498,2023-04-28,13:44:27,S0070,+91-8361473242,S0069,+91-7305439451,0,SMS,TWR-0006,"MG Road, Bangalore",567781106854845
CDR-004499,2024-08-11,16:53:03,S0070,+91-8361473242,S0060,+91-9164020641,0,SMS,TWR-0165,Railway Station Complex,611857159899825
CDR-004500,2024-03-17,15:15:45,S0063,+91-8639980776,S0078,+91-8505943466,0,SMS,TWR-0170,"Banjara Hills, Hyderabad",507203382669299
CDR-004501,2024-05-19,03:00:27,S0048,+91-8745666148,S0046,+91-8551797747,1692,VOICE,TWR-0035,Port District Dock 7,601009899394101
CDR-004502,2024-10-06,23:44:26,S0041,+91-8047680798,S0035,+91-9574786019,1757,VOICE,TWR-0019,"Satellite, Ahmedabad",764849801259228
CDR-004503,2024-01-14,20:59:27,S0067,+91-8354117104,S0064,+91-7750198381,0,SMS,TWR-0062,"Marine Drive, Mumbai",128063036500949
CDR-004504,2024-02-27,20:04:47,S0038,+91-9779825906,S0034,+91-9185263528,2564,VOICE,TWR-0162,"Park Street, Kolkata",973653948256186
CDR-004505,2024-08-10,05:42:41,S0016,+91-9192173624,S0017,+91-8160965519,0,DATA,TWR-0122,"Navrangpura, Ahmedabad",721006929496843
CDR-004506,2024-09-15,12:13:55,S0056,+91-7990411854,S0054,+91-8152869473,1362,VOICE,TWR-0146,"Marine Drive, Mumbai",398741565217036
CDR-004507,2024-11-25,23:59:57,S0009,+91-7154324371,S0008,+91-7468144718,0,DATA,TWR-0168,45th Street Warehouse,830338701935332
CDR-004508,2024-02-12,06:57:58,S0062,+91-7376081376,S0059,+91-9818587139,0,SMS,TWR-0057,"Park Street, Kolkata",968992814980065
CDR-004509,2023-04-21,06:21:33,S0016,+91-7433584847,S0014,+91-7694080686,0,DATA,TWR-0135,"Anna Nagar, Chennai",919033013469131
CDR-004510,2023-04-10,00:00:13,S0035,+91-9574786019,S0028,+91-8010157795,0,DATA,TWR-0134,"Sector 15, New Delhi",623768919230532
CDR-004511,2023-09-17,12:25:53,S0011,+91-7365548469,S0035,+91-9574786019,0,SMS,TWR-0059,"Gomti Nagar, Lucknow",784319182562398
CDR-004512,2023-11-30,10:02:03,S0047,+91-8940192213,S0048,+91-8745666148,3534,VOICE,TWR-0030,"Malviya Nagar, Jaipur",532642438149051
CDR-004513,2023-07-21,16:57:00,S0023,+91-7870361876,S0007,+91-8314545093,0,DATA,TWR-0089,"Velachery, Chennai",947529900518572
CDR-004514,2024-04-11,18:01:23,S0005,+91-9533147930,S0007,+91-8314545093,0,SMS,TWR-0055,Highway NH-48 Rest Stop,692707319822127
CDR-004515,2024-01-09,16:19:09,S0024,+91-8210847353,S0029,+91-8158983385,0,DATA,TWR-0018,"Marine Drive, Mumbai",149447487695501
CDR-004516,2023-11-14,06:39:02,S0018,+91-8515942742,S0055,+91-7906087278,1948,VOICE,TWR-0019,"Civil Lines, Lucknow",770313498838575
CDR-004517,2023-12-20,07:22:53,S0009,+91-8669674686,S0005,+91-9533147930,0,SMS,TWR-0127,"Kothrud, Pune",410290986635432
CDR-004518,2024-02-27,15:11:07,S0058,+91-7497129555,S0056,+91-7990411854,0,DATA,TWR-0073,River Bridge Underpass,600592060822834
CDR-004519,2023-10-08,01:03:48,S0021,+91-7186376562,S0013,+91-8601012552,0,DATA,TWR-0049,"Marine Drive, Mumbai",687100451883502
CDR-004520,2023-10-16,07:05:01,S0075,+91-9023218968,S0010,+91-8733842953,2525,VOICE,TWR-0192,"Banjara Hills, Hyderabad",140802115520740
CDR-004521,2023-11-13,04:44:55,S0014,+91-7694080686,S0017,+91-8160965519,0,SMS,TWR-0015,"Marine Drive, Mumbai",740044087611381
CDR-004522,2024-09-30,23:05:03,S0039,+91-9007576162,S0044,+91-9971861645,0,SMS,TWR-0131,"Aundh, Pune",432976532944716
CDR-004523,2023-02-01,06:26:56,S0073,+91-8723469890,S0072,+91-8873660196,0,SMS,TWR-0019,Highway NH-48 Rest Stop,750491755308094
CDR-004524,2024-04-08,16:52:02,S0078,+91-8505943466,S0077,+91-7477042007,1701,VOICE,TWR-0121,"Civil Lines, Lucknow",596461236599697
CDR-004525,2024-05-12,20:11:30,S0078,+91-8505943466,S0073,+91-8723469890,724,VOICE,TWR-0150,Old Market Area,644662568141622
CDR-004526,2024-02-07,10:34:47,S0078,+91-8505943466,S0008,+91-7468144718,0,SMS,TWR-0064,"Koregaon Park, Pune",844628640927800
CDR-004527,2023-07-17,03:32:11,S0057,+91-9859711607,S0025,+91-9877427601,362,VOICE,TWR-0056,"Indiranagar, Bangalore",920039344198113
CDR-004528,2023-10-25,11:22:13,S0079,+91-8925349210,S0073,+91-8723469890,924,VOICE,TWR-0042,River Bridge Underpass,224341607151199
CDR-004529,2023-08-13,08:34:36,S0048,+91-8745666148,S0010,+91-8733842953,0,SMS,TWR-0160,Old Market Area,897670063366476
CDR-004530,2024-11-18,16:05:38,S0038,+91-7164583060,S0001,+91-7731428289,1223,VOICE,TWR-0035,"Koregaon Park, Pune",974604863242658
CDR-004531,2024-10-01,22:37:25,S0068,+91-7943867424,S0006,+91-8996093227,2482,VOICE,TWR-0125,River Bridge Underpass,708785939609871
CDR-004532,2023-03-16,13:04:07,S0033,+91-8986477033,S0042,+91-9807385456,0,DATA,TWR-0127,"Banjara Hills, Hyderabad",115842855696425
CDR-004533,2023-07-11,01:17:34,S0060,+91-7569582350,S0059,+91-9818587139,1249,VOICE,TWR-0102,Airport Cargo Terminal,972270276483375
CDR-004534,2024-12-29,21:10:11,S0021,+91-7186376562,S0025,+91-9877427601,0,SMS,TWR-0145,"Malviya Nagar, Jaipur",988685016590812
CDR-004535,2024-09-05,14:44:33,S0011,+91-7365548469,S0007,+91-8314545093,0,DATA,TWR-0149,"Andheri West, Mumbai",585928139110670
CDR-004536,2024-05-16,03:26:37,S0077,+91-7477042007,S0076,+91-8453831805,3108,VOICE,TWR-0111,Port District Dock 7,295599449319433
CDR-004537,2023-06-15,04:02:27,S0053,+91-7726163005,S0054,+91-8152869473,3321,VOICE,TWR-0019,Industrial Zone B-12,195920108444415
CDR-004538,2023-06-07,16:42:02,S0046,+91-8551797747,S0049,+91-9317730052,901,VOICE,TWR-0110,"Velachery, Chennai",799223112975677
CDR-004539,2024-02-29,03:21:32,S0020,+91-7191685914,S0021,+91-7186376562,3382,VOICE,TWR-0072,"Sector 15, New Delhi",438032497831831
CDR-004540,2023-05-10,13:44:45,S0070,+91-8361473242,S0069,+91-7305439451,0,SMS,TWR-0064,"Velachery, Chennai",219782397171248
CDR-004541,2024-06-22,23:35:47,S0035,+91-9574786019,S0028,+91-8010157795,0,DATA,TWR-0191,Airport Cargo Terminal,954956729112132
CDR-004542,2024-09-02,18:25:20,S0064,+91-7750198381,S0065,+91-7911433788,962,VOICE,TWR-0145,Industrial Zone B-12,186348439637098
CDR-004543,2024-05-28,15:18:45,S0076,+91-8453831805,S0079,+91-8925349210,3360,VOICE,TWR-0031,"Banjara Hills, Hyderabad",190843143965665
CDR-004544,2023-05-19,19:12:15,S0018,+91-8515942742,S0051,+91-8102313761,2920,VOICE,TWR-0125,"Banjara Hills, Hyderabad",841214192622170
CDR-004545,2023-08-22,05:42:32,S0045,+91-7911765255,S0036,+91-8689097012,0,SMS,TWR-0079,"Anna Nagar, Chennai",843615328908502
CDR-004546,2023-12-15,23:58:41,S0054,+91-7823740217,S0057,+91-9859711607,565,VOICE,TWR-0158,Industrial Zone B-12,369488872798438
CDR-004547,2024-02-15,15:52:26,S0037,+91-9353860328,S0044,+91-9971861645,1067,VOICE,TWR-0183,Bus Terminal Underground,446310502259986
CDR-004548,2023-03-23,00:50:57,S0067,+91-8354117104,S0066,+91-9665882102,1646,VOICE,TWR-0200,"Marine Drive, Mumbai",272802529610585
CDR-004549,2023-05-01,07:21:55,S0079,+91-8925349210,S0064,+91-7750198381,2984,VOICE,TWR-0106,"Sector 15, New Delhi",766577210620120
CDR-004550,2023-03-01,15:37:24,S0007,+91-9992184341,S0003,+91-7303959797,2571,VOICE,TWR-0152,Airport Cargo Terminal,510344375305959
CDR-004551,2024-03-16,06:14:55,S0001,+91-7731428289,S0052,+91-8821211330,933,VOICE,TWR-0006,"Banjara Hills, Hyderabad",931144878912928
CDR-004552,2024-07-27,09:58:46,S0038,+91-9779825906,S0041,+91-8047680798,0,DATA,TWR-0047,"Koregaon Park, Pune",162615715954098
CDR-004553,2024-09-01,09:25:30,S0049,+91-9317730052,S0067,+91-8354117104,2941,VOICE,TWR-0124,Bus Terminal Underground,161240638697032
CDR-004554,2024-01-21,11:07:55,S0019,+91-9469240982,S0017,+91-8160965519,0,SMS,TWR-0106,"Andheri West, Mumbai",443957910875770
CDR-004555,2023-05-15,10:26:45,S0014,+91-7694080686,S0015,+91-8928238864,2976,VOICE,TWR-0138,"Velachery, Chennai",407608572112769
CDR-004556,2024-04-09,12:05:14,S0013,+91-8601012552,S0014,+91-7694080686,0,DATA,TWR-0067,"Koregaon Park, Pune",523576452192951
CDR-004557,2023-05-03,20:45:24,S0032,+91-7090425118,S0074,+91-9129320527,1619,VOICE,TWR-0071,Old Market Area,169522167430788
CDR-004558,2023-03-23,21:30:38,S0037,+91-9353860328,S0052,+91-8821211330,0,SMS,TWR-0110,"Marine Drive, Mumbai",821224009896509
CDR-004559,2024-05-19,21:42:41,S0023,+91-7870361876,S0020,+91-7191685914,2539,VOICE,TWR-0097,"Jubilee Hills, Hyderabad",358231912217834
CDR-004560,2024-11-04,02:22:06,S0036,+91-8689097012,S0013,+91-8601012552,3483,VOICE,TWR-0174,Railway Station Complex,704821772036773
CDR-004561,2023-04-16,10:52:45,S0079,+91-8925349210,S0050,+91-8427287656,0,SMS,TWR-0169,Airport Cargo Terminal,231163643940425
CDR-004562,2024-04-20,13:11:37,S0010,+91-8733842953,S0029,+91-8158983385,1966,VOICE,TWR-0024,"Anna Nagar, Chennai",295558050993843
CDR-004563,2023-03-14,19:37:03,S0066,+91-9665882102,S0015,+91-8928238864,0,SMS,TWR-0169,"MG Road, Bangalore",158345424666250
CDR-004564,2023-08-26,11:33:24,S0033,+91-9947485574,S0042,+91-9807385456,0,SMS,TWR-0163,"Velachery, Chennai",417153703816571
CDR-004565,2023-06-04,12:12:49,S0024,+91-9732081200,S0027,+91-8837911267,0,SMS,TWR-0086,"Navrangpura, Ahmedabad",477218171503015
CDR-004566,2024-02-29,14:40:41,S0028,+91-8010157795,S0025,+91-9877427601,2859,VOICE,TWR-0169,"Marine Drive, Mumbai",732349863475366
CDR-004567,2024-06-11,19:57:13,S0042,+91-9807385456,S0033,+91-8986477033,0,SMS,TWR-0018,"MG Road, Bangalore",186856410329729
CDR-004568,2023-04-03,12:12:25,S0016,+91-7433584847,S0014,+91-7694080686,0,DATA,TWR-0066,Railway Station Complex,622083989346657
CDR-004569,2023-11-16,13:01:43,S0058,+91-7497129555,S0056,+91-7990411854,0,DATA,TWR-0138,"Velachery, Chennai",426775741748396
CDR-004570,2023-09-16,22:43:12,S0056,+91-7990411854,S0053,+91-8468512260,2845,VOICE,TWR-0098,"Sector 15, New Delhi",892160913741465
CDR-004571,2023-10-11,03:24:55,S0014,+91-7694080686,S0065,+91-7911433788,3555,VOICE,TWR-0038,Airport Cargo Terminal,729722806264437
CDR-004572,2024-07-25,19:24:51,S0014,+91-7694080686,S0022,+91-9029520745,0,DATA,TWR-0107,"Connaught Place, New Delhi",137334021247986
CDR-004573,2024-09-02,16:16:59,S0023,+91-7870361876,S0028,+91-8010157795,0,SMS,TWR-0048,Bus Terminal Underground,490319807252419
CDR-004574,2024-12-17,10:32:49,S0063,+91-8639980776,S0062,+91-7376081376,0,DATA,TWR-0050,Abandoned Factory Block C,799994397057246
CDR-004575,2024-12-31,21:40:39,S0005,+91-9533147930,S0070,+91-8361473242,1688,VOICE,TWR-0176,"Navrangpura, Ahmedabad",915144271435061
CDR-004576,2023-11-29,03:43:24,S0042,+91-9807385456,S0056,+91-7990411854,0,DATA,TWR-0002,"Aundh, Pune",390371982899870
CDR-004577,2024-03-05,22:23:13,S0074,+91-9129320527,S0072,+91-8873660196,0,SMS,TWR-0010,"Marine Drive, Mumbai",906537707657048
CDR-004578,2023-12-05,14:02:39,S0064,+91-7750198381,S0065,+91-7911433788,0,DATA,TWR-0049,"Kothrud, Pune",419711712407303
CDR-004579,2023-12-12,16:37:23,S0064,+91-7750198381,S0065,+91-7911433788,0,SMS,TWR-0159,Airport Cargo Terminal,847126716083931
CDR-004580,2024-08-23,11:23:28,S0001,+91-7731428289,S0005,+91-9533147930,0,SMS,TWR-0016,"Indiranagar, Bangalore",119917378688206
CDR-004581,2024-12-12,12:22:56,S0028,+91-8010157795,S0050,+91-8427287656,3008,VOICE,TWR-0060,"Park Street, Kolkata",128377914397927
CDR-004582,2024-02-25,17:37:25,S0066,+91-7288551224,S0067,+91-8354117104,1972,VOICE,TWR-0160,Railway Station Complex,723394831946654
CDR-004583,2023-02-27,18:29:39,S0072,+91-8873660196,S0058,+91-7497129555,0,DATA,TWR-0160,Industrial Zone B-12,174749386598325
CDR-004584,2024-05-22,06:13:47,S0001,+91-7731428289,S0005,+91-9533147930,725,VOICE,TWR-0135,"Banjara Hills, Hyderabad",229988693949463
CDR-004585,2023-10-17,20:52:37,S0044,+91-9971861645,S0058,+91-7497129555,384,VOICE,TWR-0020,Industrial Zone B-12,159502691872110
CDR-004586,2023-12-09,19:26:24,S0030,+91-7587753540,S0028,+91-8010157795,0,SMS,TWR-0166,Port District Dock 7,375080976691046
CDR-004587,2024-07-25,12:16:31,S0063,+91-8639980776,S0059,+91-9818587139,0,SMS,TWR-0177,"Anna Nagar, Chennai",549212808284485
CDR-004588,2024-11-21,02:54:44,S0027,+91-8837911267,S0029,+91-8158983385,0,SMS,TWR-0036,"Indiranagar, Bangalore",402887186363249
CDR-004589,2024-12-23,08:16:50,S0013,+91-8601012552,S0020,+91-7191685914,0,DATA,TWR-0089,"Koregaon Park, Pune",945769516815163
CDR-004590,2024-01-30,20:19:01,S0052,+91-8821211330,S0046,+91-8551797747,727,VOICE,TWR-0087,"Connaught Place, New Delhi",378904974032866
CDR-004591,2023-03-16,03:19:34,S0005,+91-9533147930,S0011,+91-7365548469,1947,VOICE,TWR-0095,"Indiranagar, Bangalore",316185905770728
CDR-004592,2023-06-10,02:24:09,S0055,+91-7906087278,S0031,+91-7728836158,431,VOICE,TWR-0027,Highway NH-48 Rest Stop,992200835183492
CDR-004593,2024-03-05,00:15:37,S0075,+91-9023218968,S0021,+91-7186376562,0,SMS,TWR-0011,"Velachery, Chennai",798153878495874
CDR-004594,2024-10-07,20:41:52,S0048,+91-8745666148,S0046,+91-8551797747,2210,VOICE,TWR-0139,"Gomti Nagar, Lucknow",966573811996130
CDR-004595,2024-11-18,17:11:52,S0055,+91-7906087278,S0058,+91-7497129555,3560,VOICE,TWR-0195,"Andheri West, Mumbai",452064060099996
CDR-004596,2023-09-17,05:39:58,S0032,+91-7090425118,S0039,+91-9007576162,564,VOICE,TWR-0054,"Gomti Nagar, Lucknow",509695966800109
CDR-004597,2023-11-04,09:38:27,S0009,+91-7154324371,S0003,+91-7303959797,0,SMS,TWR-0139,River Bridge Underpass,450890576732149
CDR-004598,2023-12-17,09:16:47,S0043,+91-8599838760,S0008,+91-7468144718,1779,VOICE,TWR-0040,"Indiranagar, Bangalore",739676837441133
CDR-004599,2023-01-10,17:07:24,S0018,+91-8515942742,S0064,+91-7750198381,1244,VOICE,TWR-0172,"Park Street, Kolkata",858956341924027
CDR-004600,2023-05-15,23:12:48,S0067,+91-8354117104,S0066,+91-9665882102,0,DATA,TWR-0083,"Aundh, Pune",229946472247349
CDR-004601,2023-02-28,09:48:45,S0022,+91-9029520745,S0016,+91-9192173624,2857,VOICE,TWR-0177,Bus Terminal Underground,130832504179524
CDR-004602,2023-03-09,17:06:53,S0075,+91-9023218968,S0078,+91-8505943466,598,VOICE,TWR-0095,Old Market Area,700269297108664
CDR-004603,2023-03-05,02:11:59,S0034,+91-9185263528,S0045,+91-7911765255,1306,VOICE,TWR-0064,45th Street Warehouse,855308463194833
CDR-004604,2024-03-28,06:01:00,S0021,+91-7186376562,S0048,+91-8745666148,0,SMS,TWR-0200,Industrial Zone B-12,856050107753099
CDR-004605,2024-03-10,23:48:08,S0046,+91-8551797747,S0029,+91-8158983385,0,DATA,TWR-0150,"Banjara Hills, Hyderabad",899500359485645
CDR-004606,2023-06-11,23:19:12,S0025,+91-9877427601,S0030,+91-7587753540,0,SMS,TWR-0017,"Salt Lake, Kolkata",717441439937676
CDR-004607,2024-02-19,04:53:30,S0033,+91-8986477033,S0042,+91-9807385456,1601,VOICE,TWR-0088,"Navrangpura, Ahmedabad",493841435855762
CDR-004608,2023-03-05,08:00:00,S0070,+91-8361473242,S0069,+91-7305439451,1101,VOICE,TWR-0176,River Bridge Underpass,407937352763713
CDR-004609,2023-05-07,02:33:31,S0079,+91-8925349210,S0073,+91-8723469890,0,DATA,TWR-0137,Airport Cargo Terminal,263128044779327
CDR-004610,2024-04-08,15:16:35,S0011,+91-7365548469,S0014,+91-7694080686,575,VOICE,TWR-0024,Highway NH-48 Rest Stop,747010154197741
CDR-004611,2024-11-09,21:53:08,S0059,+91-9818587139,S0061,+91-7944047056,0,SMS,TWR-0064,"Aundh, Pune",206085621915351
CDR-004612,2023-10-18,22:14:07,S0019,+91-8591373092,S0020,+91-7191685914,0,SMS,TWR-0168,"Satellite, Ahmedabad",185033820557424
CDR-004613,2024-07-23,01:55:56,S0002,+91-7762376237,S0005,+91-9533147930,0,SMS,TWR-0098,"Connaught Place, New Delhi",472392607856109
CDR-004614,2023-05-30,08:47:50,S0067,+91-8354117104,S0010,+91-8733842953,3161,VOICE,TWR-0158,"Aundh, Pune",410755422217456
CDR-004615,2024-01-04,20:30:05,S0055,+91-7906087278,S0058,+91-7497129555,3518,VOICE,TWR-0093,"Koregaon Park, Pune",727724601522979
CDR-004616,2024-04-19,21:53:19,S0068,+91-7943867424,S0070,+91-8361473242,363,VOICE,TWR-0170,45th Street Warehouse,867801078728078
CDR-004617,2023-08-04,04:42:33,S0008,+91-7468144718,S0062,+91-7376081376,0,SMS,TWR-0167,"Salt Lake, Kolkata",264786805073093
CDR-004618,2023-03-13,04:55:32,S0058,+91-7497129555,S0018,+91-8515942742,3170,VOICE,TWR-0141,"Koregaon Park, Pune",635462359188606
CDR-004619,2024-11-26,11:22:25,S0047,+91-9284549529,S0067,+91-8354117104,2104,VOICE,TWR-0158,"Navrangpura, Ahmedabad",171287360972665
CDR-004620,2024-05-10,07:28:22,S0064,+91-7750198381,S0065,+91-7911433788,1123,VOICE,TWR-0090,"Navrangpura, Ahmedabad",545785565236535
CDR-004621,2024-05-07,22:55:09,S0062,+91-7376081376,S0052,+91-8821211330,3355,VOICE,TWR-0145,Airport Cargo Terminal,725386501087033
CDR-004622,2024-08-13,09:08:00,S0006,+91-8996093227,S0005,+91-9533147930,2808,VOICE,TWR-0095,Airport Cargo Terminal,199312670616838
CDR-004623,2024-10-17,22:26:07,S0024,+91-9732081200,S0029,+91-8158983385,0,DATA,TWR-0157,Railway Station Complex,347882071065703
CDR-004624,2024-02-10,11:22:31,S0040,+91-9752093579,S0044,+91-9971861645,1270,VOICE,TWR-0138,Bus Terminal Underground,994665197022618
CDR-004625,2023-10-10,04:25:14,S0063,+91-8639980776,S0078,+91-8505943466,0,SMS,TWR-0098,"Gomti Nagar, Lucknow",913306850497028
CDR-004626,2023-06-20,00:43:03,S0001,+91-7731428289,S0007,+91-8314545093,0,SMS,TWR-0073,"Koregaon Park, Pune",693103735928247
CDR-004627,2024-12-27,08:22:45,S0009,+91-8669674686,S0005,+91-9533147930,0,DATA,TWR-0161,"Anna Nagar, Chennai",495536176483708
CDR-004628,2023-02-22,19:48:35,S0042,+91-9807385456,S0039,+91-9007576162,0,SMS,TWR-0120,River Bridge Underpass,635478197437345
CDR-004629,2023-05-17,04:08:15,S0053,+91-8468512260,S0057,+91-9859711607,0,SMS,TWR-0129,Highway NH-48 Rest Stop,808627553524881
CDR-004630,2023-12-20,19:06:22,S0052,+91-8821211330,S0050,+91-8427287656,0,DATA,TWR-0120,"Civil Lines, Lucknow",533004125297947
CDR-004631,2023-05-21,19:58:21,S0003,+91-7303959797,S0002,+91-7762376237,0,SMS,TWR-0113,Railway Station Complex,456494789867845
CDR-004632,2023-03-08,19:27:22,S0001,+91-7731428289,S0005,+91-9533147930,0,SMS,TWR-0004,Industrial Zone B-12,538884104844497
CDR-004633,2023-05-05,10:01:51,S0080,+91-9719896275,S0007,+91-8314545093,0,SMS,TWR-0115,"Aundh, Pune",117578350360723
CDR-004634,2024-07-05,13:44:38,S0058,+91-7497129555,S0053,+91-8468512260,1219,VOICE,TWR-0020,"Marine Drive, Mumbai",613127240040436
CDR-004635,2023-09-21,22:33:45,S0071,+91-9835229476,S0080,+91-9719896275,506,VOICE,TWR-0084,Bus Terminal Underground,460201158144215
CDR-004636,2024-02-24,05:16:43,S0066,+91-9665882102,S0071,+91-9835229476,1981,VOICE,TWR-0160,"Park Street, Kolkata",233937012980842
CDR-004637,2024-06-28,08:36:57,S0067,+91-8354117104,S0047,+91-8940192213,455,VOICE,TWR-0046,"Kothrud, Pune",139183188003075
CDR-004638,2024-11-08,21:17:04,S0031,+91-7728836158,S0038,+91-7164583060,2720,VOICE,TWR-0186,"Malviya Nagar, Jaipur",502816319275535
CDR-004639,2024-09-05,01:15:30,S0012,+91-9757993748,S0007,+91-8314545093,2605,VOICE,TWR-0090,"Malviya Nagar, Jaipur",290326613701570
CDR-004640,2024-11-29,04:47:09,S0003,+91-7303959797,S0062,+91-7376081376,0,SMS,TWR-0107,"Navrangpura, Ahmedabad",917623464414394
CDR-004641,2024-10-03,18:05:40,S0001,+91-7731428289,S0027,+91-8837911267,0,SMS,TWR-0105,Port District Dock 7,266143337203526
CDR-004642,2024-10-23,17:47:03,S0078,+91-8505943466,S0077,+91-7477042007,0,DATA,TWR-0170,Industrial Zone B-12,286808291398778
CDR-004643,2023-02-22,19:38:13,S0025,+91-9877427601,S0030,+91-7587753540,0,SMS,TWR-0048,Industrial Zone B-12,858825176486435
CDR-004644,2023-06-24,03:25:53,S0048,+91-8745666148,S0050,+91-8427287656,1437,VOICE,TWR-0013,"Gomti Nagar, Lucknow",116603510750403
CDR-004645,2024-05-15,19:52:24,S0037,+91-9353860328,S0044,+91-9971861645,420,VOICE,TWR-0177,River Bridge Underpass,763587534556317
CDR-004646,2024-11-08,05:18:49,S0032,+91-7090425118,S0035,+91-9574786019,0,SMS,TWR-0172,Industrial Zone B-12,941925625443848
CDR-004647,2023-06-13,17:17:55,S0062,+91-7376081376,S0061,+91-7944047056,1705,VOICE,TWR-0111,"Banjara Hills, Hyderabad",637897501673812
CDR-004648,2023-11-17,02:00:11,S0055,+91-7906087278,S0058,+91-7497129555,2783,VOICE,TWR-0073,"Anna Nagar, Chennai",524746593788303
CDR-004649,2023-10-17,11:42:34,S0016,+91-9192173624,S0017,+91-8160965519,0,DATA,TWR-0048,"Sector 15, New Delhi",868880856931898
CDR-004650,2023-09-17,13:04:59,S0074,+91-9129320527,S0072,+91-8873660196,514,VOICE,TWR-0153,"Koregaon Park, Pune",558864918352102
CDR-004651,2024-11-15,17:08:49,S0043,+91-8591313804,S0033,+91-8986477033,0,SMS,TWR-0061,Port District Dock 7,306089489665658
CDR-004652,2023-01-26,21:45:21,S0029,+91-8158983385,S0028,+91-8010157795,0,SMS,TWR-0095,"Aundh, Pune",435689777514592
CDR-004653,2024-05-27,19:25:30,S0019,+91-8591373092,S0017,+91-8160965519,3502,VOICE,TWR-0041,"Park Street, Kolkata",521247701157935
CDR-004654,2024-06-01,17:12:15,S0045,+91-7911765255,S0034,+91-9185263528,509,VOICE,TWR-0195,"Park Street, Kolkata",203257045002167
CDR-004655,2024-11-07,04:45:05,S0072,+91-9541363841,S0074,+91-9129320527,1582,VOICE,TWR-0152,Industrial Zone B-12,819190978712507
CDR-004656,2024-02-04,17:10:16,S0001,+91-7731428289,S0005,+91-9533147930,0,DATA,TWR-0181,"Malviya Nagar, Jaipur",594185249181185
CDR-004657,2024-08-31,07:49:58,S0066,+91-7288551224,S0015,+91-8928238864,0,SMS,TWR-0140,"Navrangpura, Ahmedabad",509011309436599
CDR-004658,2024-05-14,03:02:08,S0057,+91-9859711607,S0058,+91-7497129555,2016,VOICE,TWR-0082,"Banjara Hills, Hyderabad",428532399122310
CDR-004659,2024-02-06,21:22:50,S0067,+91-8185491609,S0064,+91-7750198381,1587,VOICE,TWR-0137,45th Street Warehouse,466240883700792
CDR-004660,2024-12-21,23:29:38,S0069,+91-7305439451,S0068,+91-7943867424,2590,VOICE,TWR-0052,"Civil Lines, Lucknow",158575607022368
CDR-004661,2023-09-15,00:43:37,S0077,+91-7477042007,S0076,+91-8453831805,0,SMS,TWR-0089,"Jubilee Hills, Hyderabad",607210169717986
CDR-004662,2023-09-02,07:29:21,S0027,+91-8837911267,S0024,+91-8210847353,0,SMS,TWR-0073,Port District Dock 7,210906695255034
CDR-004663,2024-12-18,14:30:37,S0044,+91-9971861645,S0033,+91-8986477033,3147,VOICE,TWR-0060,"Malviya Nagar, Jaipur",313838091114151
CDR-004664,2023-04-15,19:38:28,S0014,+91-7694080686,S0073,+91-8723469890,0,SMS,TWR-0095,45th Street Warehouse,701397921135053
CDR-004665,2024-11-28,19:59:14,S0033,+91-8986477033,S0042,+91-9807385456,0,SMS,TWR-0180,"Aundh, Pune",544152344069664
CDR-004666,2023-12-14,20:01:22,S0080,+91-9719896275,S0067,+91-8354117104,0,SMS,TWR-0016,"MG Road, Bangalore",471244019259874
CDR-004667,2024-09-27,13:23:22,S0037,+91-9353860328,S0018,+91-8515942742,1537,VOICE,TWR-0167,Port District Dock 7,276389202835644
CDR-004668,2024-02-29,19:59:00,S0005,+91-9533147930,S0007,+91-8314545093,0,SMS,TWR-0200,"Malviya Nagar, Jaipur",723775504433529
CDR-004669,2023-06-30,01:09:28,S0074,+91-9129320527,S0072,+91-8873660196,0,SMS,TWR-0126,"Connaught Place, New Delhi",883683148247707
CDR-004670,2023-03-13,13:28:47,S0011,+91-7365548469,S0035,+91-9574786019,0,SMS,TWR-0158,"Park Street, Kolkata",891030539733182
CDR-004671,2023-02-22,14:54:24,S0064,+91-7750198381,S0057,+91-9859711607,0,SMS,TWR-0039,"Velachery, Chennai",391066175567622
CDR-004672,2024-04-26,09:27:55,S0036,+91-8689097012,S0034,+91-9185263528,1498,VOICE,TWR-0017,"Connaught Place, New Delhi",362199786868691
CDR-004673,2024-11-21,13:16:17,S0076,+91-8453831805,S0073,+91-8723469890,0,SMS,TWR-0114,"Banjara Hills, Hyderabad",599925312884960
CDR-004674,2023-02-07,13:01:27,S0053,+91-7726163005,S0066,+91-9665882102,0,SMS,TWR-0176,"Banjara Hills, Hyderabad",154761880247339
CDR-004675,2024-04-14,05:44:52,S0033,+91-8986477033,S0042,+91-9807385456,2715,VOICE,TWR-0003,"Velachery, Chennai",782291467144541
CDR-004676,2023-11-03,09:07:32,S0028,+91-8010157795,S0030,+91-7587753540,0,DATA,TWR-0034,"Navrangpura, Ahmedabad",269332041805945
CDR-004677,2024-02-11,07:19:47,S0070,+91-8361473242,S0069,+91-7305439451,0,SMS,TWR-0020,Old Market Area,714180848139516
CDR-004678,2024-12-21,12:30:30,S0056,+91-7990411854,S0053,+91-8468512260,3155,VOICE,TWR-0071,45th Street Warehouse,662021262899905
CDR-004679,2024-06-03,09:34:14,S0010,+91-8733842953,S0008,+91-7468144718,3094,VOICE,TWR-0095,"Satellite, Ahmedabad",696531778053024
CDR-004680,2024-08-04,07:13:39,S0060,+91-9164020641,S0033,+91-8986477033,3327,VOICE,TWR-0167,"Andheri West, Mumbai",246171563297981
CDR-004681,2024-09-22,15:05:03,S0030,+91-7587753540,S0042,+91-9807385456,580,VOICE,TWR-0064,"Koregaon Park, Pune",129121052313544
CDR-004682,2024-09-22,19:48:24,S0047,+91-8940192213,S0073,+91-8723469890,965,VOICE,TWR-0051,"Aundh, Pune",865077323841809
CDR-004683,2023-12-01,20:00:18,S0067,+91-8354117104,S0066,+91-9665882102,0,SMS,TWR-0150,River Bridge Underpass,778121781822848
CDR-004684,2023-11-28,22:23:35,S0044,+91-9971861645,S0033,+91-8986477033,1374,VOICE,TWR-0088,"Connaught Place, New Delhi",408698576029066
CDR-004685,2024-03-01,08:43:33,S0052,+91-8821211330,S0050,+91-8427287656,1608,VOICE,TWR-0010,"Civil Lines, Lucknow",689908624539166
CDR-004686,2024-07-07,22:11:19,S0062,+91-7488244816,S0063,+91-8639980776,0,SMS,TWR-0159,"Koregaon Park, Pune",808682074610270
CDR-004687,2024-05-15,21:56:01,S0035,+91-9574786019,S0031,+91-7728836158,0,DATA,TWR-0131,"Sector 15, New Delhi",386173369364112
CDR-004688,2024-03-16,00:23:52,S0058,+91-7497129555,S0015,+91-8928238864,0,SMS,TWR-0151,Abandoned Factory Block C,930196124785418
CDR-004689,2024-11-21,16:18:14,S0064,+91-7750198381,S0065,+91-7911433788,891,VOICE,TWR-0130,"Marine Drive, Mumbai",295114916901669
CDR-004690,2023-11-22,13:22:47,S0063,+91-8639980776,S0030,+91-7587753540,0,SMS,TWR-0019,"Kothrud, Pune",380581663261762
CDR-004691,2024-06-04,15:31:50,S0020,+91-7191685914,S0013,+91-8601012552,0,SMS,TWR-0191,"MG Road, Bangalore",555784312656957
CDR-004692,2023-03-23,21:10:41,S0056,+91-7990411854,S0061,+91-7944047056,0,DATA,TWR-0127,"Anna Nagar, Chennai",384570653414487
CDR-004693,2023-09-20,12:45:19,S0012,+91-9757993748,S0072,+91-8873660196,0,SMS,TWR-0186,"Salt Lake, Kolkata",183355269497023
CDR-004694,2023-08-16,10:42:02,S0005,+91-9533147930,S0045,+91-7911765255,0,SMS,TWR-0146,"Anna Nagar, Chennai",146833234592387
CDR-004695,2023-10-04,12:53:30,S0070,+91-8361473242,S0069,+91-7305439451,1668,VOICE,TWR-0058,"Kothrud, Pune",129711150524956
CDR-004696,2024-11-10,11:44:11,S0061,+91-7944047056,S0022,+91-9029520745,3468,VOICE,TWR-0058,"Malviya Nagar, Jaipur",248431387228279
CDR-004697,2024-10-31,06:38:11,S0041,+91-8047680798,S0076,+91-8453831805,1974,VOICE,TWR-0048,Bus Terminal Underground,609546927247525
CDR-004698,2023-07-24,19:13:26,S0031,+91-7728836158,S0038,+91-7164583060,1734,VOICE,TWR-0120,"Park Street, Kolkata",732826409787251
CDR-004699,2024-06-03,03:26:57,S0009,+91-8669674686,S0008,+91-7468144718,0,SMS,TWR-0040,"Koregaon Park, Pune",114007265668938
CDR-004700,2024-12-22,07:17:07,S0025,+91-9915424029,S0030,+91-7587753540,0,SMS,TWR-0087,"Velachery, Chennai",991912744089793
CDR-004701,2024-04-13,21:16:25,S0051,+91-8102313761,S0046,+91-8551797747,2335,VOICE,TWR-0141,"Koregaon Park, Pune",193210327670544
CDR-004702,2023-01-14,16:58:37,S0044,+91-9971861645,S0033,+91-8986477033,1254,VOICE,TWR-0088,River Bridge Underpass,556933154298079
CDR-004703,2023-01-27,15:25:13,S0048,+91-8745666148,S0031,+91-7728836158,0,SMS,TWR-0089,45th Street Warehouse,312459846036215
CDR-004704,2023-10-13,16:55:38,S0021,+91-7186376562,S0014,+91-7694080686,3383,VOICE,TWR-0041,"Gomti Nagar, Lucknow",433409695421957
CDR-004705,2023-05-22,10:45:58,S0065,+91-7911433788,S0007,+91-8314545093,1382,VOICE,TWR-0158,"Navrangpura, Ahmedabad",913136698059646
CDR-004706,2023-11-27,05:16:22,S0007,+91-8314545093,S0068,+91-7943867424,0,DATA,TWR-0058,"Anna Nagar, Chennai",782252905759666
CDR-004707,2023-05-09,21:25:36,S0039,+91-9007576162,S0044,+91-9971861645,0,SMS,TWR-0035,"Sector 15, New Delhi",650986597240992
CDR-004708,2024-10-21,17:07:08,S0056,+91-7990411854,S0053,+91-8468512260,0,SMS,TWR-0035,"Sector 15, New Delhi",933736993775590
CDR-004709,2023-09-14,20:15:16,S0077,+91-7477042007,S0071,+91-9835229476,877,VOICE,TWR-0065,"Gomti Nagar, Lucknow",654372974568106
CDR-004710,2023-04-08,16:58:11,S0034,+91-9185263528,S0042,+91-9807385456,1962,VOICE,TWR-0116,Bus Terminal Underground,136457176126722
CDR-004711,2023-05-06,13:01:22,S0029,+91-8158983385,S0028,+91-8010157795,1879,VOICE,TWR-0110,"Koregaon Park, Pune",115782829950854
CDR-004712,2023-01-20,07:39:24,S0078,+91-8505943466,S0072,+91-8873660196,2324,VOICE,TWR-0136,45th Street Warehouse,237378557372014
CDR-004713,2023-12-13,22:39:49,S0077,+91-7477042007,S0076,+91-8453831805,1365,VOICE,TWR-0074,Abandoned Factory Block C,728972352704548
CDR-004714,2023-06-16,02:27:26,S0070,+91-8361473242,S0068,+91-7943867424,0,SMS,TWR-0007,"Koregaon Park, Pune",203439403646617
CDR-004715,2023-01-18,10:22:35,S0072,+91-8873660196,S0067,+91-8354117104,1724,VOICE,TWR-0141,"Velachery, Chennai",443260445584389
CDR-004716,2023-07-23,22:01:34,S0029,+91-8158983385,S0028,+91-8010157795,2923,VOICE,TWR-0129,"Jubilee Hills, Hyderabad",494650064032367
CDR-004717,2024-04-29,11:10:50,S0017,+91-8160965519,S0065,+91-7911433788,0,SMS,TWR-0166,"Malviya Nagar, Jaipur",501156814895214
CDR-004718,2023-08-23,13:11:31,S0042,+91-9807385456,S0046,+91-8551797747,132,VOICE,TWR-0089,Old Market Area,384257814631497
CDR-004719,2024-10-17,09:58:52,S0010,+91-8733842953,S0008,+91-7468144718,3575,VOICE,TWR-0033,"Kothrud, Pune",740282922555069
CDR-004720,2023-05-28,08:33:14,S0017,+91-8160965519,S0022,+91-9029520745,0,SMS,TWR-0169,"Sector 15, New Delhi",358654343615114
CDR-004721,2024-04-30,02:09:19,S0020,+91-7191685914,S0013,+91-8601012552,2782,VOICE,TWR-0173,Railway Station Complex,134155443211498
CDR-004722,2024-06-20,10:27:29,S0008,+91-7468144718,S0010,+91-8733842953,0,DATA,TWR-0099,Highway NH-48 Rest Stop,878323916387362
CDR-004723,2023-09-06,20:00:02,S0064,+91-7750198381,S0065,+91-7911433788,1614,VOICE,TWR-0164,"Velachery, Chennai",331419153786911
CDR-004724,2024-12-30,17:09:35,S0052,+91-8821211330,S0019,+91-9469240982,0,DATA,TWR-0132,Railway Station Complex,400517672849390
CDR-004725,2023-08-06,20:11:00,S0029,+91-8158983385,S0028,+91-8010157795,0,SMS,TWR-0167,"Satellite, Ahmedabad",778503625351408
CDR-004726,2023-04-17,17:16:39,S0012,+91-9757993748,S0011,+91-7365548469,1231,VOICE,TWR-0180,"Jubilee Hills, Hyderabad",606053292721767
CDR-004727,2023-02-04,06:18:32,S0041,+91-8047680798,S0035,+91-9574786019,3014,VOICE,TWR-0099,Highway NH-48 Rest Stop,732185514005105
CDR-004728,2023-05-09,17:52:03,S0049,+91-9317730052,S0052,+91-8821211330,0,SMS,TWR-0063,"Satellite, Ahmedabad",362188832342153
CDR-004729,2024-08-18,00:45:08,S0010,+91-8733842953,S0008,+91-7468144718,3303,VOICE,TWR-0183,"Banjara Hills, Hyderabad",184874783475905
CDR-004730,2023-03-15,21:52:29,S0055,+91-7906087278,S0054,+91-8152869473,128,VOICE,TWR-0022,"Satellite, Ahmedabad",405734466150915
CDR-004731,2024-05-12,00:49:54,S0002,+91-7762376237,S0005,+91-9533147930,0,DATA,TWR-0022,Old Market Area,659616615980740
CDR-004732,2024-04-30,22:18:00,S0013,+91-8601012552,S0020,+91-7191685914,752,VOICE,TWR-0135,"Indiranagar, Bangalore",364257324164748
CDR-004733,2024-02-15,05:29:43,S0062,+91-7376081376,S0063,+91-8639980776,0,SMS,TWR-0180,Bus Terminal Underground,287584681245958
CDR-004734,2024-05-27,12:21:49,S0050,+91-8427287656,S0078,+91-8505943466,0,DATA,TWR-0167,"Park Street, Kolkata",686670800874154
CDR-004735,2024-08-17,09:36:23,S0056,+91-7990411854,S0053,+91-8468512260,0,SMS,TWR-0073,"Anna Nagar, Chennai",386311684425749
CDR-004736,2023-09-18,05:11:24,S0027,+91-8837911267,S0075,+91-9023218968,0,SMS,TWR-0150,Highway NH-48 Rest Stop,560777647714195
CDR-004737,2023-01-07,09:08:38,S0029,+91-8158983385,S0040,+91-9752093579,0,DATA,TWR-0095,"Koregaon Park, Pune",838224722444493
CDR-004738,2024-04-09,17:51:09,S0068,+91-7943867424,S0069,+91-7305439451,0,DATA,TWR-0142,"Salt Lake, Kolkata",662099500714282
CDR-004739,2023-07-19,11:16:19,S0041,+91-8047680798,S0035,+91-9574786019,0,SMS,TWR-0191,River Bridge Underpass,126247079316668
CDR-004740,2024-03-13,11:02:41,S0060,+91-9164020641,S0063,+91-8639980776,1956,VOICE,TWR-0052,"MG Road, Bangalore",866614777713724
CDR-004741,2024-05-14,20:53:04,S0038,+91-7164583060,S0006,+91-8996093227,0,DATA,TWR-0194,"Andheri West, Mumbai",687939572324828
CDR-004742,2024-04-19,16:05:12,S0011,+91-7365548469,S0007,+91-8314545093,0,SMS,TWR-0192,"Anna Nagar, Chennai",546681889699498
CDR-004743,2023-07-06,00:11:25,S0073,+91-8723469890,S0072,+91-8873660196,3443,VOICE,TWR-0091,"Malviya Nagar, Jaipur",659636358707559
CDR-004744,2023-02-01,14:24:49,S0053,+91-7726163005,S0058,+91-7497129555,0,DATA,TWR-0165,"Malviya Nagar, Jaipur",492887144058833
CDR-004745,2024-11-07,13:35:02,S0011,+91-7365548469,S0078,+91-8505943466,1761,VOICE,TWR-0046,"Malviya Nagar, Jaipur",258487986875624
CDR-004746,2023-09-22,19:59:05,S0059,+91-9818587139,S0061,+91-7944047056,0,SMS,TWR-0069,"Connaught Place, New Delhi",628703951473130
CDR-004747,2023-02-25,05:29:47,S0078,+91-8505943466,S0073,+91-8723469890,0,DATA,TWR-0144,"Salt Lake, Kolkata",844807290972186
CDR-004748,2023-08-22,11:32:16,S0021,+91-7186376562,S0048,+91-8745666148,0,DATA,TWR-0050,Old Market Area,781851139503922
CDR-004749,2023-06-30,00:34:31,S0058,+91-7497129555,S0057,+91-9859711607,0,DATA,TWR-0019,Highway NH-48 Rest Stop,127481699755306
CDR-004750,2023-08-30,16:33:28,S0050,+91-8427287656,S0049,+91-9317730052,0,SMS,TWR-0080,River Bridge Underpass,622650172558160
CDR-004751,2024-05-04,06:56:57,S0054,+91-8152869473,S0056,+91-7990411854,0,DATA,TWR-0003,"Sector 15, New Delhi",225144692759910
CDR-004752,2023-09-28,00:45:32,S0010,+91-8733842953,S0046,+91-8551797747,0,DATA,TWR-0109,Railway Station Complex,642511975214583
CDR-004753,2023-12-28,07:20:27,S0067,+91-8354117104,S0065,+91-7911433788,0,SMS,TWR-0117,"Navrangpura, Ahmedabad",238273053584950
CDR-004754,2023-02-10,17:05:58,S0006,+91-9389242087,S0039,+91-9007576162,1821,VOICE,TWR-0166,"Indiranagar, Bangalore",365511642077261
CDR-004755,2024-05-07,13:26:52,S0074,+91-9129320527,S0072,+91-8873660196,0,SMS,TWR-0146,"Satellite, Ahmedabad",115597398034453
CDR-004756,2023-12-06,05:58:08,S0023,+91-7870361876,S0026,+91-9078465518,1497,VOICE,TWR-0001,"Malviya Nagar, Jaipur",610875753481020
CDR-004757,2024-11-30,19:56:21,S0046,+91-7714270952,S0049,+91-9317730052,1887,VOICE,TWR-0026,"Jubilee Hills, Hyderabad",937612199255480
CDR-004758,2024-02-06,07:08:30,S0067,+91-8185491609,S0066,+91-9665882102,2212,VOICE,TWR-0010,"MG Road, Bangalore",696609650307203
CDR-004759,2024-10-11,05:01:30,S0026,+91-9078465518,S0025,+91-9877427601,0,SMS,TWR-0143,"Sector 15, New Delhi",467978739943365
CDR-004760,2023-10-23,03:06:54,S0053,+91-7726163005,S0066,+91-9665882102,0,DATA,TWR-0036,Bus Terminal Underground,451068670280404
CDR-004761,2024-09-27,01:03:18,S0014,+91-7694080686,S0034,+91-9185263528,2965,VOICE,TWR-0149,"Anna Nagar, Chennai",289164312585397
CDR-004762,2023-12-19,07:09:02,S0009,+91-8669674686,S0026,+91-9078465518,0,SMS,TWR-0049,"Banjara Hills, Hyderabad",241903035824335
CDR-004763,2024-02-16,08:32:49,S0035,+91-9574786019,S0028,+91-8010157795,0,SMS,TWR-0150,River Bridge Underpass,621173577711196
CDR-004764,2024-01-29,16:32:26,S0067,+91-8354117104,S0066,+91-9665882102,2879,VOICE,TWR-0177,"Malviya Nagar, Jaipur",508114720342672
CDR-004765,2024-11-05,14:51:25,S0050,+91-8427287656,S0049,+91-9317730052,1792,VOICE,TWR-0031,River Bridge Underpass,345809122646250
CDR-004766,2023-01-25,04:33:00,S0039,+91-9007576162,S0044,+91-9971861645,215,VOICE,TWR-0030,45th Street Warehouse,669324083494067
CDR-004767,2023-01-05,05:42:53,S0037,+91-9353860328,S0018,+91-8515942742,0,SMS,TWR-0013,"Indiranagar, Bangalore",369434183962801
CDR-004768,2024-06-19,00:46:50,S0042,+91-9807385456,S0039,+91-9007576162,0,SMS,TWR-0089,"Jubilee Hills, Hyderabad",917762516428146
CDR-004769,2024-02-10,00:35:27,S0058,+91-7497129555,S0053,+91-8468512260,0,SMS,TWR-0117,"Marine Drive, Mumbai",263519704070980
CDR-004770,2023-06-21,14:41:12,S0047,+91-8940192213,S0080,+91-9719896275,408,VOICE,TWR-0182,"Satellite, Ahmedabad",785717561230305
CDR-004771,2024-09-16,08:38:49,S0042,+91-9807385456,S0008,+91-7468144718,2973,VOICE,TWR-0036,Railway Station Complex,585542591311526
CDR-004772,2023-02-18,02:59:02,S0063,+91-8639980776,S0062,+91-7376081376,0,SMS,TWR-0188,"Velachery, Chennai",234343201303940
CDR-004773,2023-04-27,14:21:28,S0009,+91-8669674686,S0003,+91-7303959797,0,DATA,TWR-0126,"Koregaon Park, Pune",862114754873896
CDR-004774,2023-08-18,10:09:50,S0013,+91-8189450306,S0015,+91-8928238864,3372,VOICE,TWR-0183,"Banjara Hills, Hyderabad",544759063587170
CDR-004775,2024-01-28,15:37:59,S0032,+91-7090425118,S0033,+91-8986477033,574,VOICE,TWR-0149,Railway Station Complex,935903167027782
CDR-004776,2024-04-04,10:05:36,S0055,+91-7906087278,S0049,+91-9317730052,0,SMS,TWR-0109,"Aundh, Pune",664960903751658
CDR-004777,2023-08-16,23:23:30,S0080,+91-9719896275,S0072,+91-8873660196,1940,VOICE,TWR-0199,Airport Cargo Terminal,864116570072636
CDR-004778,2023-09-09,09:03:45,S0053,+91-8468512260,S0058,+91-7497129555,1600,VOICE,TWR-0060,"Kothrud, Pune",327251949016993
CDR-004779,2024-10-31,21:13:48,S0071,+91-9835229476,S0080,+91-9719896275,1814,VOICE,TWR-0021,Old Market Area,867423821422816
CDR-004780,2023-12-23,00:45:59,S0044,+91-9971861645,S0033,+91-8986477033,0,SMS,TWR-0098,"Andheri West, Mumbai",185313991114102
CDR-004781,2023-09-01,03:48:30,S0029,+91-8158983385,S0028,+91-8010157795,987,VOICE,TWR-0101,"Koregaon Park, Pune",779619421884031
CDR-004782,2023-12-10,20:24:26,S0002,+91-7762376237,S0043,+91-8599838760,0,SMS,TWR-0049,Old Market Area,576924611118848
CDR-004783,2023-11-12,23:44:35,S0047,+91-8940192213,S0048,+91-8745666148,0,SMS,TWR-0057,45th Street Warehouse,437384230286986
CDR-004784,2024-04-21,20:56:50,S0043,+91-8591313804,S0044,+91-9971861645,2432,VOICE,TWR-0052,"Koregaon Park, Pune",729313246953460
CDR-004785,2024-11-19,17:56:52,S0006,+91-8996093227,S0005,+91-9533147930,3452,VOICE,TWR-0036,"Connaught Place, New Delhi",302509791105532
CDR-004786,2024-05-23,05:25:47,S0028,+91-8010157795,S0030,+91-7587753540,0,SMS,TWR-0087,River Bridge Underpass,821077712882723
CDR-004787,2024-12-25,02:00:50,S0026,+91-9078465518,S0023,+91-7870361876,1826,VOICE,TWR-0187,"Koregaon Park, Pune",215079891193812
CDR-004788,2023-07-29,03:57:21,S0069,+91-7305439451,S0003,+91-7303959797,0,DATA,TWR-0155,"Gomti Nagar, Lucknow",324552841222938
CDR-004789,2024-10-12,01:03:47,S0064,+91-7750198381,S0065,+91-7911433788,1354,VOICE,TWR-0129,"Sector 15, New Delhi",613892674915717
CDR-004790,2023-12-28,06:25:29,S0029,+91-8158983385,S0022,+91-9029520745,0,DATA,TWR-0194,Industrial Zone B-12,706980683566471
CDR-004791,2023-01-10,00:36:04,S0001,+91-7731428289,S0007,+91-8314545093,0,SMS,TWR-0162,River Bridge Underpass,474129160597024
CDR-004792,2023-12-16,00:07:08,S0014,+91-7694080686,S0022,+91-9029520745,0,SMS,TWR-0143,Railway Station Complex,290947671863143
CDR-004793,2024-04-11,12:46:47,S0051,+91-8102313761,S0047,+91-8940192213,3283,VOICE,TWR-0003,"Indiranagar, Bangalore",375430126367243
CDR-004794,2024-05-22,09:27:45,S0043,+91-8599838760,S0011,+91-7365548469,763,VOICE,TWR-0119,"Koregaon Park, Pune",831910312557926
CDR-004795,2024-09-21,17:54:10,S0042,+91-9807385456,S0033,+91-8986477033,3093,VOICE,TWR-0084,"MG Road, Bangalore",699781764741104
CDR-004796,2023-01-31,07:25:00,S0038,+91-7164583060,S0034,+91-9185263528,0,SMS,TWR-0170,"Satellite, Ahmedabad",763338420657064
CDR-004797,2024-12-11,17:58:49,S0034,+91-9185263528,S0045,+91-7911765255,522,VOICE,TWR-0058,Old Market Area,501135795821035
CDR-004798,2024-12-02,19:16:17,S0018,+91-8515942742,S0016,+91-9192173624,0,DATA,TWR-0025,"Koregaon Park, Pune",142884025716475
CDR-004799,2024-12-08,18:48:40,S0020,+91-7191685914,S0013,+91-8601012552,2560,VOICE,TWR-0042,Industrial Zone B-12,746149544954379
CDR-004800,2023-08-31,09:31:11,S0071,+91-9835229476,S0080,+91-9719896275,1549,VOICE,TWR-0001,"Kothrud, Pune",667840465576102
CDR-004801,2023-06-04,04:24:34,S0043,+91-8591313804,S0033,+91-8986477033,0,DATA,TWR-0137,Industrial Zone B-12,908572840055302
CDR-004802,2024-02-17,22:15:36,S0067,+91-8354117104,S0066,+91-9665882102,2085,VOICE,TWR-0194,Abandoned Factory Block C,280376342643531
CDR-004803,2024-02-14,02:29:27,S0031,+91-7728836158,S0030,+91-7587753540,378,VOICE,TWR-0187,Highway NH-48 Rest Stop,456829998353780
CDR-004804,2024-11-27,03:01:53,S0039,+91-9007576162,S0044,+91-9971861645,0,SMS,TWR-0076,"Malviya Nagar, Jaipur",388299453716772
CDR-004805,2023-12-09,02:37:10,S0040,+91-9752093579,S0044,+91-9971861645,0,SMS,TWR-0139,Abandoned Factory Block C,345937352146308
CDR-004806,2024-06-23,03:59:47,S0010,+91-8733842953,S0030,+91-7587753540,2870,VOICE,TWR-0122,Port District Dock 7,439710608913681
CDR-004807,2023-05-11,15:43:22,S0075,+91-9242647667,S0071,+91-9835229476,258,VOICE,TWR-0098,"Gomti Nagar, Lucknow",179711808472742
CDR-004808,2023-02-04,01:52:28,S0054,+91-8152869473,S0038,+91-7164583060,0,SMS,TWR-0191,Old Market Area,490748798825549
CDR-004809,2024-09-28,09:31:24,S0014,+91-7694080686,S0018,+91-8515942742,3254,VOICE,TWR-0138,"Malviya Nagar, Jaipur",184875186325926
CDR-004810,2023-06-16,09:49:24,S0015,+91-8928238864,S0056,+91-7990411854,0,SMS,TWR-0040,"Banjara Hills, Hyderabad",776731352136010
CDR-004811,2023-07-31,18:10:41,S0042,+91-9807385456,S0039,+91-9007576162,0,SMS,TWR-0198,"Aundh, Pune",387828193653132
CDR-004812,2024-05-15,04:04:12,S0047,+91-8940192213,S0024,+91-8210847353,0,SMS,TWR-0099,Railway Station Complex,962491448595101
CDR-004813,2024-10-24,16:36:32,S0045,+91-7911765255,S0036,+91-8689097012,0,SMS,TWR-0121,"Jubilee Hills, Hyderabad",627844307146235
CDR-004814,2023-10-13,15:13:44,S0074,+91-9129320527,S0079,+91-8925349210,773,VOICE,TWR-0168,"Connaught Place, New Delhi",270196476918529
CDR-004815,2024-09-22,10:22:55,S0014,+91-7694080686,S0015,+91-8928238864,0,SMS,TWR-0071,River Bridge Underpass,623647852600805
CDR-004816,2024-09-05,21:22:59,S0024,+91-8210847353,S0018,+91-8515942742,0,SMS,TWR-0128,"Banjara Hills, Hyderabad",217862781735011
CDR-004817,2024-02-12,07:37:42,S0080,+91-9719896275,S0072,+91-8873660196,0,SMS,TWR-0111,"Sector 15, New Delhi",175483976071372
CDR-004818,2024-08-10,16:41:23,S0040,+91-9752093579,S0064,+91-7750198381,0,SMS,TWR-0020,"Kothrud, Pune",407651210298466
CDR-004819,2024-04-10,16:31:07,S0043,+91-8591313804,S0032,+91-7090425118,3354,VOICE,TWR-0131,"Koregaon Park, Pune",260326389223022
CDR-004820,2024-09-04,08:02:51,S0049,+91-9317730052,S0052,+91-8821211330,3456,VOICE,TWR-0119,"Salt Lake, Kolkata",888193444442111
CDR-004821,2023-07-04,04:20:24,S0063,+91-8639980776,S0078,+91-8505943466,2094,VOICE,TWR-0087,Airport Cargo Terminal,349042298985662
CDR-004822,2024-04-24,09:22:54,S0017,+91-8160965519,S0022,+91-9029520745,0,SMS,TWR-0164,Old Market Area,412938231697649
CDR-004823,2023-12-29,11:26:05,S0045,+91-7911765255,S0036,+91-8689097012,3224,VOICE,TWR-0126,"Marine Drive, Mumbai",896729557238198
CDR-004824,2024-10-02,05:06:59,S0054,+91-8152869473,S0072,+91-8873660196,0,SMS,TWR-0168,"Jubilee Hills, Hyderabad",929063315244252
CDR-004825,2024-02-22,05:20:18,S0053,+91-7726163005,S0057,+91-9859711607,0,SMS,TWR-0042,"Andheri West, Mumbai",279300540495873
CDR-004826,2024-07-13,16:35:33,S0072,+91-9541363841,S0079,+91-8925349210,711,VOICE,TWR-0077,"Marine Drive, Mumbai",654928844241597
CDR-004827,2023-10-13,07:51:40,S0033,+91-8986477033,S0042,+91-9807385456,0,SMS,TWR-0024,"Jubilee Hills, Hyderabad",619837068327719
CDR-004828,2023-06-22,17:31:39,S0063,+91-8639980776,S0059,+91-9818587139,0,SMS,TWR-0165,Highway NH-48 Rest Stop,313156069510365
CDR-004829,2023-03-24,09:55:57,S0062,+91-7488244816,S0059,+91-9818587139,0,SMS,TWR-0084,Airport Cargo Terminal,915253758610090
CDR-004830,2023-11-01,16:03:48,S0043,+91-8599838760,S0032,+91-7090425118,199,VOICE,TWR-0163,"Civil Lines, Lucknow",991470068730053
CDR-004831,2024-10-22,23:00:01,S0072,+91-8873660196,S0060,+91-9164020641,0,DATA,TWR-0047,"Satellite, Ahmedabad",433506940794357
CDR-004832,2024-10-14,17:28:07,S0045,+91-7911765255,S0036,+91-8689097012,0,SMS,TWR-0010,"Satellite, Ahmedabad",261032011070526
CDR-004833,2024-08-05,17:28:33,S0070,+91-8361473242,S0068,+91-7943867424,1878,VOICE,TWR-0164,45th Street Warehouse,992264921756679
CDR-004834,2024-06-10,20:03:30,S0032,+91-7090425118,S0033,+91-8986477033,3486,VOICE,TWR-0071,"Kothrud, Pune",857331722186926
CDR-004835,2023-08-26,03:48:30,S0070,+91-8361473242,S0069,+91-7305439451,0,SMS,TWR-0026,"Malviya Nagar, Jaipur",662596537419224
CDR-004836,2023-09-07,12:57:55,S0051,+91-8102313761,S0047,+91-8940192213,1552,VOICE,TWR-0133,"Gomti Nagar, Lucknow",961393824500322
CDR-004837,2024-11-25,22:58:22,S0022,+91-9029520745,S0022,+91-9029520745,0,DATA,TWR-0128,"Andheri West, Mumbai",365912101390388
CDR-004838,2023-11-17,02:12:00,S0005,+91-9533147930,S0007,+91-8314545093,0,SMS,TWR-0010,45th Street Warehouse,338976876408107
CDR-004839,2023-08-25,14:05:51,S0056,+91-7990411854,S0053,+91-8468512260,2739,VOICE,TWR-0191,"Sector 15, New Delhi",487843859609674
CDR-004840,2023-04-04,06:23:52,S0039,+91-9007576162,S0036,+91-8689097012,2625,VOICE,TWR-0168,45th Street Warehouse,861976224208782
CDR-004841,2024-10-17,23:50:27,S0058,+91-7497129555,S0053,+91-8468512260,0,DATA,TWR-0147,"Jubilee Hills, Hyderabad",567595857914396
CDR-004842,2023-07-01,00:13:43,S0041,+91-8047680798,S0035,+91-9574786019,0,SMS,TWR-0024,"Banjara Hills, Hyderabad",978555449811913
CDR-004843,2023-11-14,22:15:35,S0022,+91-9029520745,S0021,+91-7186376562,637,VOICE,TWR-0029,"Satellite, Ahmedabad",434998408581254
CDR-004844,2023-01-13,22:35:17,S0030,+91-7587753540,S0025,+91-9877427601,2137,VOICE,TWR-0082,"Velachery, Chennai",643472902882404
CDR-004845,2024-03-04,07:04:23,S0025,+91-9877427601,S0030,+91-7587753540,0,SMS,TWR-0089,"Koregaon Park, Pune",107768492772227
CDR-004846,2023-09-25,22:47:01,S0047,+91-8940192213,S0048,+91-8745666148,0,SMS,TWR-0134,Highway NH-48 Rest Stop,870441389204108
CDR-004847,2023-06-02,21:03:21,S0021,+91-7186376562,S0048,+91-8745666148,765,VOICE,TWR-0174,"Koregaon Park, Pune",987669869337717
CDR-004848,2023-07-14,05:06:32,S0053,+91-8468512260,S0058,+91-7497129555,1858,VOICE,TWR-0007,Industrial Zone B-12,544015626030253
CDR-004849,2024-06-15,10:55:10,S0050,+91-8427287656,S0049,+91-9317730052,0,SMS,TWR-0166,"Connaught Place, New Delhi",534220810028299
CDR-004850,2023-03-31,05:18:24,S0075,+91-9023218968,S0071,+91-9835229476,0,DATA,TWR-0014,"Satellite, Ahmedabad",382922344986687
CDR-004851,2023-12-22,13:53:27,S0061,+91-7944047056,S0060,+91-9164020641,718,VOICE,TWR-0077,Highway NH-48 Rest Stop,240722258796516
CDR-004852,2024-10-08,08:42:41,S0069,+91-7305439451,S0070,+91-8361473242,1873,VOICE,TWR-0074,Old Market Area,456932765682464
CDR-004853,2024-04-10,11:28:58,S0067,+91-8354117104,S0065,+91-7911433788,230,VOICE,TWR-0199,"Kothrud, Pune",478405748704924
CDR-004854,2024-03-30,11:04:44,S0019,+91-8591373092,S0017,+91-8160965519,0,SMS,TWR-0131,"Kothrud, Pune",325232292296483
CDR-004855,2024-03-17,18:17:18,S0002,+91-7762376237,S0009,+91-8669674686,1117,VOICE,TWR-0109,Abandoned Factory Block C,592079607943903
CDR-004856,2024-09-02,15:51:25,S0011,+91-7365548469,S0035,+91-9574786019,1495,VOICE,TWR-0120,"Jubilee Hills, Hyderabad",654443985415209
CDR-004857,2024-04-20,13:50:12,S0071,+91-9835229476,S0080,+91-9719896275,0,SMS,TWR-0173,"Navrangpura, Ahmedabad",141482981719206
CDR-004858,2024-03-12,16:49:46,S0021,+91-7186376562,S0048,+91-8745666148,2783,VOICE,TWR-0191,"Connaught Place, New Delhi",961806151767074
CDR-004859,2024-11-08,20:58:23,S0036,+91-8689097012,S0034,+91-9185263528,2375,VOICE,TWR-0151,Industrial Zone B-12,350177157744336
CDR-004860,2023-06-21,22:05:28,S0055,+91-7906087278,S0019,+91-9469240982,0,SMS,TWR-0131,"Sector 15, New Delhi",182290852596449
CDR-004861,2024-05-16,08:54:02,S0028,+91-8010157795,S0063,+91-8639980776,0,SMS,TWR-0109,"Salt Lake, Kolkata",488271412200122
CDR-004862,2023-09-06,22:43:13,S0009,+91-8669674686,S0005,+91-9533147930,0,SMS,TWR-0045,"Velachery, Chennai",798985748362093
CDR-004863,2024-11-21,11:37:24,S0077,+91-7477042007,S0076,+91-8453831805,3358,VOICE,TWR-0057,"Sector 15, New Delhi",316185568679176
CDR-004864,2024-05-16,04:04:20,S0028,+91-8010157795,S0005,+91-9533147930,1440,VOICE,TWR-0163,"Satellite, Ahmedabad",731586437058545
CDR-004865,2023-10-31,18:24:47,S0067,+91-8185491609,S0066,+91-9665882102,2512,VOICE,TWR-0097,"Marine Drive, Mumbai",605694583093037
CDR-004866,2024-08-06,11:02:35,S0035,+91-9574786019,S0028,+91-8010157795,0,SMS,TWR-0147,"Jubilee Hills, Hyderabad",473286331332546
CDR-004867,2024-03-27,13:25:51,S0065,+91-7911433788,S0036,+91-8689097012,2433,VOICE,TWR-0116,"Malviya Nagar, Jaipur",622736908460518
CDR-004868,2024-09-18,11:27:23,S0007,+91-8314545093,S0004,+91-8808948427,0,SMS,TWR-0162,"Salt Lake, Kolkata",377021978460334
CDR-004869,2024-04-19,01:07:03,S0061,+91-7944047056,S0063,+91-8639980776,2267,VOICE,TWR-0029,"Connaught Place, New Delhi",159516707475333
CDR-004870,2024-03-25,14:23:50,S0068,+91-7943867424,S0015,+91-8928238864,284,VOICE,TWR-0042,"Koregaon Park, Pune",720438746391094
CDR-004871,2023-09-23,11:27:22,S0014,+91-7694080686,S0015,+91-8928238864,1411,VOICE,TWR-0163,45th Street Warehouse,826553037634903
CDR-004872,2024-10-04,20:11:37,S0060,+91-9164020641,S0061,+91-7944047056,0,SMS,TWR-0150,Old Market Area,249665622468772
CDR-004873,2024-05-09,22:13:21,S0005,+91-9533147930,S0011,+91-7365548469,0,SMS,TWR-0094,Industrial Zone B-12,923437884660218
CDR-004874,2024-03-03,00:55:49,S0077,+91-7477042007,S0080,+91-9719896275,0,DATA,TWR-0022,"Salt Lake, Kolkata",479144016397614
CDR-004875,2023-01-30,08:39:35,S0068,+91-7943867424,S0052,+91-8821211330,1331,VOICE,TWR-0142,"Park Street, Kolkata",862801412414081
CDR-004876,2024-12-01,17:36:21,S0008,+91-7468144718,S0010,+91-8733842953,0,SMS,TWR-0048,45th Street Warehouse,311441690761398
CDR-004877,2023-01-25,15:28:32,S0056,+91-7990411854,S0054,+91-8152869473,0,SMS,TWR-0155,Abandoned Factory Block C,656242219404132
CDR-004878,2023-01-14,21:57:56,S0068,+91-7943867424,S0069,+91-7305439451,0,SMS,TWR-0128,Industrial Zone B-12,609926551993860
CDR-004879,2023-07-22,00:14:29,S0022,+91-9029520745,S0009,+91-8669674686,0,SMS,TWR-0158,Abandoned Factory Block C,586435584016051
CDR-004880,2023-04-15,11:53:32,S0043,+91-8599838760,S0032,+91-7090425118,820,VOICE,TWR-0171,"Marine Drive, Mumbai",789999468599443
CDR-004881,2023-01-11,01:54:55,S0027,+91-8837911267,S0026,+91-9078465518,0,SMS,TWR-0084,Industrial Zone B-12,115987435147367
CDR-004882,2024-10-30,11:49:36,S0014,+91-7694080686,S0058,+91-7497129555,0,SMS,TWR-0197,"Civil Lines, Lucknow",353193237808885
CDR-004883,2023-09-21,22:10:43,S0017,+91-8160965519,S0022,+91-9029520745,0,SMS,TWR-0054,"Anna Nagar, Chennai",981497562924572
CDR-004884,2024-06-11,23:56:33,S0011,+91-7365548469,S0039,+91-9007576162,0,DATA,TWR-0064,Old Market Area,345491811980362
CDR-004885,2024-08-16,00:32:02,S0052,+91-8821211330,S0050,+91-8427287656,0,SMS,TWR-0173,Old Market Area,396836592849006
CDR-004886,2023-04-15,04:24:21,S0039,+91-9007576162,S0036,+91-8689097012,3440,VOICE,TWR-0190,"Andheri West, Mumbai",820811087236283
CDR-004887,2023-07-31,07:12:40,S0072,+91-8873660196,S0079,+91-8925349210,0,SMS,TWR-0049,Railway Station Complex,494790140014133
CDR-004888,2024-11-26,02:40:40,S0059,+91-9818587139,S0061,+91-7944047056,0,SMS,TWR-0175,"Marine Drive, Mumbai",322690614912310
CDR-004889,2023-01-25,15:20:57,S0052,+91-8821211330,S0027,+91-8837911267,94,VOICE,TWR-0057,"Navrangpura, Ahmedabad",912401469960737
CDR-004890,2024-05-05,20:15:25,S0048,+91-8745666148,S0046,+91-8551797747,0,DATA,TWR-0074,Bus Terminal Underground,866103426430800
CDR-004891,2023-01-14,08:55:14,S0058,+91-7497129555,S0056,+91-7990411854,0,SMS,TWR-0033,Port District Dock 7,983128740059526
CDR-004892,2024-09-15,04:45:17,S0001,+91-7731428289,S0005,+91-9533147930,3590,VOICE,TWR-0163,"Gomti Nagar, Lucknow",129332324475761
CDR-004893,2024-05-15,12:01:32,S0017,+91-8160965519,S0022,+91-9029520745,0,SMS,TWR-0018,"Sector 15, New Delhi",309889807298178
CDR-004894,2023-12-27,15:13:07,S0073,+91-8723469890,S0077,+91-7477042007,0,DATA,TWR-0143,"Kothrud, Pune",503404455368372
CDR-004895,2023-04-04,16:04:54,S0049,+91-9317730052,S0054,+91-8152869473,267,VOICE,TWR-0010,"Navrangpura, Ahmedabad",263331564109288
CDR-004896,2023-07-28,07:55:16,S0072,+91-9541363841,S0074,+91-9129320527,528,VOICE,TWR-0063,Abandoned Factory Block C,359325093223702
CDR-004897,2024-01-20,00:03:11,S0005,+91-9533147930,S0007,+91-8314545093,782,VOICE,TWR-0034,"Malviya Nagar, Jaipur",868447812324632
CDR-004898,2023-06-23,00:52:14,S0001,+91-7731428289,S0007,+91-8314545093,3158,VOICE,TWR-0040,"Marine Drive, Mumbai",293912168146936
CDR-004899,2024-03-21,05:54:07,S0042,+91-9807385456,S0033,+91-8986477033,0,SMS,TWR-0030,"Civil Lines, Lucknow",693110252245974
CDR-004900,2024-09-22,15:16:56,S0062,+91-7488244816,S0063,+91-8639980776,0,DATA,TWR-0106,"Navrangpura, Ahmedabad",139384911610633
CDR-004901,2023-07-10,11:50:38,S0076,+91-8453831805,S0063,+91-8639980776,566,VOICE,TWR-0063,"Malviya Nagar, Jaipur",646939972105999
CDR-004902,2023-05-30,00:17:09,S0034,+91-9185263528,S0042,+91-9807385456,0,DATA,TWR-0093,Highway NH-48 Rest Stop,793505762117246
CDR-004903,2023-08-29,21:27:21,S0040,+91-9752093579,S0041,+91-8047680798,0,SMS,TWR-0179,"Satellite, Ahmedabad",282120824141595
CDR-004904,2024-08-23,09:18:20,S0079,+91-8925349210,S0073,+91-8723469890,3088,VOICE,TWR-0073,"Sector 15, New Delhi",704455624423132
CDR-004905,2024-05-28,00:17:41,S0069,+91-7305439451,S0065,+91-7911433788,0,SMS,TWR-0200,"Banjara Hills, Hyderabad",177700891474659
CDR-004906,2024-02-18,09:43:09,S0020,+91-7191685914,S0007,+91-8314545093,0,DATA,TWR-0180,"Indiranagar, Bangalore",204658513669218
CDR-004907,2023-07-12,04:55:50,S0048,+91-8745666148,S0047,+91-8940192213,0,SMS,TWR-0004,"Navrangpura, Ahmedabad",513328812925733
CDR-004908,2023-08-26,13:12:24,S0006,+91-8996093227,S0071,+91-9835229476,2535,VOICE,TWR-0035,Railway Station Complex,177802476648725
CDR-004909,2024-10-04,14:11:00,S0053,+91-8468512260,S0058,+91-7497129555,0,SMS,TWR-0099,Bus Terminal Underground,260804204012988
CDR-004910,2024-01-08,14:59:02,S0035,+91-9574786019,S0028,+91-8010157795,503,VOICE,TWR-0126,Industrial Zone B-12,244463160571042
CDR-004911,2024-04-17,10:12:52,S0030,+91-7587753540,S0028,+91-8010157795,0,SMS,TWR-0117,River Bridge Underpass,868002838018504
CDR-004912,2024-01-22,03:35:27,S0024,+91-8210847353,S0029,+91-8158983385,1847,VOICE,TWR-0058,"Salt Lake, Kolkata",571729383785623
CDR-004913,2024-12-13,17:48:53,S0065,+91-7911433788,S0066,+91-9665882102,1263,VOICE,TWR-0190,"MG Road, Bangalore",276629171166877
CDR-004914,2023-03-08,03:55:05,S0050,+91-9790842177,S0049,+91-9317730052,110,VOICE,TWR-0076,"Gomti Nagar, Lucknow",263044534529692
CDR-004915,2024-06-06,00:35:01,S0025,+91-9877427601,S0030,+91-7587753540,0,SMS,TWR-0138,River Bridge Underpass,420469408726932
CDR-004916,2023-12-03,09:32:39,S0068,+91-7943867424,S0028,+91-8010157795,0,SMS,TWR-0047,"Civil Lines, Lucknow",906689327292782
CDR-004917,2023-09-13,20:15:10,S0023,+91-7870361876,S0077,+91-7477042007,0,SMS,TWR-0031,"Velachery, Chennai",278450358822392
CDR-004918,2024-03-16,16:08:34,S0080,+91-9719896275,S0072,+91-8873660196,0,DATA,TWR-0055,Port District Dock 7,842698170083112
CDR-004919,2023-10-25,20:15:57,S0075,+91-9023218968,S0071,+91-9835229476,1632,VOICE,TWR-0143,"Velachery, Chennai",822335432598575
CDR-004920,2024-06-18,22:35:15,S0068,+91-7943867424,S0028,+91-8010157795,0,SMS,TWR-0073,Old Market Area,696906453454469
CDR-004921,2024-07-04,16:35:42,S0057,+91-9859711607,S0055,+91-7906087278,0,DATA,TWR-0040,Old Market Area,964183548200098
CDR-004922,2023-04-23,08:31:55,S0057,+91-9859711607,S0022,+91-9029520745,1712,VOICE,TWR-0169,Railway Station Complex,350171603580051
CDR-004923,2024-12-16,22:56:08,S0052,+91-8821211330,S0046,+91-8551797747,3383,VOICE,TWR-0173,"Satellite, Ahmedabad",902578321345609
CDR-004924,2023-10-13,03:14:38,S0004,+91-8808948427,S0006,+91-8996093227,2629,VOICE,TWR-0200,"Jubilee Hills, Hyderabad",486805955978609
CDR-004925,2023-03-16,10:23:49,S0077,+91-7477042007,S0014,+91-7694080686,0,SMS,TWR-0070,"Anna Nagar, Chennai",686152876402302
CDR-004926,2023-09-15,07:58:39,S0019,+91-9469240982,S0013,+91-8601012552,1258,VOICE,TWR-0038,"Indiranagar, Bangalore",163728986393811
CDR-004927,2023-05-10,01:17:53,S0068,+91-7943867424,S0049,+91-9317730052,1433,VOICE,TWR-0050,"Civil Lines, Lucknow",973590735373609
CDR-004928,2023-05-21,19:47:04,S0010,+91-8733842953,S0002,+91-7762376237,773,VOICE,TWR-0073,"Jubilee Hills, Hyderabad",378002569322878
CDR-004929,2024-10-24,23:37:45,S0046,+91-8551797747,S0018,+91-8515942742,309,VOICE,TWR-0123,"Salt Lake, Kolkata",260779057565180
CDR-004930,2023-02-17,08:32:23,S0030,+91-7587753540,S0025,+91-9877427601,0,DATA,TWR-0080,"Anna Nagar, Chennai",355233509025138
CDR-004931,2024-12-07,02:54:16,S0037,+91-9353860328,S0044,+91-9971861645,2772,VOICE,TWR-0016,"Marine Drive, Mumbai",283074549238788
CDR-004932,2023-06-13,17:10:52,S0037,+91-9353860328,S0044,+91-9971861645,3487,VOICE,TWR-0044,Airport Cargo Terminal,733915861318099
CDR-004933,2024-10-20,20:56:03,S0069,+91-7305439451,S0070,+91-8361473242,1115,VOICE,TWR-0024,"Indiranagar, Bangalore",231877701175005
CDR-004934,2023-05-06,17:11:34,S0012,+91-9757993748,S0078,+91-8505943466,0,SMS,TWR-0185,"Anna Nagar, Chennai",882630667753122
CDR-004935,2023-10-07,14:02:56,S0012,+91-9757993748,S0011,+91-7365548469,0,SMS,TWR-0166,"Sector 15, New Delhi",954978886252402
CDR-004936,2023-12-25,08:17:36,S0042,+91-9807385456,S0039,+91-9007576162,0,DATA,TWR-0194,45th Street Warehouse,912623530810378
CDR-004937,2024-06-25,17:06:56,S0063,+91-8639980776,S0078,+91-8505943466,0,SMS,TWR-0019,Airport Cargo Terminal,327077906637059
CDR-004938,2024-12-12,05:08:50,S0053,+91-8468512260,S0054,+91-8152869473,0,DATA,TWR-0191,"Marine Drive, Mumbai",911471522070749
CDR-004939,2024-08-07,23:52:18,S0037,+91-9353860328,S0044,+91-9971861645,0,SMS,TWR-0072,Bus Terminal Underground,633561977357302
CDR-004940,2023-08-20,17:16:57,S0078,+91-8505943466,S0003,+91-7303959797,0,SMS,TWR-0104,"MG Road, Bangalore",678033761726885
CDR-004941,2023-09-21,10:17:18,S0043,+91-8599838760,S0021,+91-7186376562,3474,VOICE,TWR-0054,Highway NH-48 Rest Stop,890338534859087
CDR-004942,2024-08-22,05:35:20,S0041,+91-7494240311,S0035,+91-9574786019,1609,VOICE,TWR-0089,"Koregaon Park, Pune",728195465815367
CDR-004943,2023-12-12,03:53:28,S0054,+91-8152869473,S0053,+91-8468512260,1820,VOICE,TWR-0077,"Koregaon Park, Pune",184116768255020
CDR-004944,2024-10-26,06:35:23,S0032,+91-7090425118,S0068,+91-7943867424,2949,VOICE,TWR-0170,"Indiranagar, Bangalore",262836569674157
CDR-004945,2024-01-28,03:38:40,S0051,+91-8102313761,S0050,+91-8427287656,2033,VOICE,TWR-0154,"Gomti Nagar, Lucknow",150446812753163
CDR-004946,2023-01-11,14:26:29,S0037,+91-9353860328,S0027,+91-8837911267,888,VOICE,TWR-0081,"Malviya Nagar, Jaipur",930305793438576
CDR-004947,2024-03-15,18:25:28,S0046,+91-7714270952,S0049,+91-9317730052,1919,VOICE,TWR-0169,"Connaught Place, New Delhi",166862316277643
CDR-004948,2023-02-28,21:51:07,S0062,+91-7376081376,S0031,+91-7728836158,749,VOICE,TWR-0160,"Park Street, Kolkata",413949725105519
CDR-004949,2024-07-22,12:42:27,S0078,+91-8505943466,S0078,+91-8505943466,0,SMS,TWR-0131,Airport Cargo Terminal,414626120479854
CDR-004950,2024-09-08,00:24:23,S0060,+91-9164020641,S0059,+91-9818587139,0,DATA,TWR-0163,"Park Street, Kolkata",790398872989552
CDR-004951,2024-11-30,07:37:46,S0055,+91-7906087278,S0053,+91-8468512260,0,SMS,TWR-0043,"Anna Nagar, Chennai",521088213109931
CDR-004952,2024-12-09,01:21:07,S0028,+91-8010157795,S0025,+91-9877427601,0,SMS,TWR-0194,45th Street Warehouse,131676745226374
CDR-004953,2024-01-04,16:04:00,S0009,+91-7154324371,S0069,+91-7305439451,2037,VOICE,TWR-0187,Highway NH-48 Rest Stop,623766485408811
CDR-004954,2024-06-08,22:48:33,S0070,+91-8361473242,S0065,+91-7911433788,0,SMS,TWR-0129,"Aundh, Pune",658941043683233
CDR-004955,2024-09-24,12:10:57,S0017,+91-8160965519,S0022,+91-9029520745,0,SMS,TWR-0139,"Salt Lake, Kolkata",594644313032821
CDR-004956,2023-01-19,15:42:42,S0040,+91-9752093579,S0042,+91-9807385456,3074,VOICE,TWR-0180,Bus Terminal Underground,656493531492319
CDR-004957,2024-10-25,02:02:17,S0046,+91-8551797747,S0051,+91-8102313761,1059,VOICE,TWR-0143,"Satellite, Ahmedabad",199428503394680
CDR-004958,2023-08-04,13:30:09,S0046,+91-7714270952,S0009,+91-8669674686,2750,VOICE,TWR-0177,"Satellite, Ahmedabad",834827332553584
CDR-004959,2024-03-28,18:57:24,S0072,+91-8873660196,S0074,+91-9129320527,1240,VOICE,TWR-0116,"Salt Lake, Kolkata",210385075552441
CDR-004960,2023-05-01,13:59:44,S0067,+91-8354117104,S0026,+91-9078465518,2447,VOICE,TWR-0171,Highway NH-48 Rest Stop,825859056338191
CDR-004961,2023-02-22,09:28:33,S0047,+91-9284549529,S0048,+91-8745666148,0,SMS,TWR-0084,"Kothrud, Pune",754934979956323
CDR-004962,2023-11-17,20:23:30,S0003,+91-9777055082,S0002,+91-7762376237,0,SMS,TWR-0181,Railway Station Complex,919374571802768
CDR-004963,2024-12-29,11:18:36,S0038,+91-7164583060,S0041,+91-8047680798,3391,VOICE,TWR-0167,"Anna Nagar, Chennai",765278901931251
CDR-004964,2023-05-26,21:16:21,S0046,+91-8551797747,S0051,+91-8102313761,0,SMS,TWR-0189,Railway Station Complex,664348523574920
CDR-004965,2023-05-19,03:35:27,S0021,+91-7186376562,S0020,+91-7191685914,2804,VOICE,TWR-0181,"Andheri West, Mumbai",478512135130572
CDR-004966,2023-01-24,23:31:43,S0077,+91-7477042007,S0076,+91-8453831805,3133,VOICE,TWR-0022,Port District Dock 7,673937594386413
CDR-004967,2023-11-29,18:21:41,S0019,+91-8591373092,S0020,+91-7191685914,0,SMS,TWR-0084,Abandoned Factory Block C,335275919385176
CDR-004968,2024-02-13,00:16:21,S0077,+91-7477042007,S0078,+91-8505943466,2231,VOICE,TWR-0012,"Jubilee Hills, Hyderabad",847654949513819
CDR-004969,2023-09-30,08:39:03,S0051,+91-8102313761,S0046,+91-8551797747,0,SMS,TWR-0056,Port District Dock 7,558519191901989
CDR-004970,2023-09-11,15:51:05,S0078,+91-8505943466,S0060,+91-9164020641,2881,VOICE,TWR-0143,Airport Cargo Terminal,667012067357073
CDR-004971,2023-04-09,12:33:51,S0077,+91-7477042007,S0061,+91-7944047056,2676,VOICE,TWR-0124,"Aundh, Pune",418559734953052
CDR-004972,2024-07-13,18:00:13,S0070,+91-8361473242,S0012,+91-9757993748,0,SMS,TWR-0005,"Indiranagar, Bangalore",746771180012151
CDR-004973,2023-12-17,11:42:20,S0013,+91-8601012552,S0020,+91-7191685914,2118,VOICE,TWR-0040,"Banjara Hills, Hyderabad",621868020330570
CDR-004974,2023-08-26,16:29:00,S0026,+91-9078465518,S0028,+91-8010157795,0,SMS,TWR-0162,"Indiranagar, Bangalore",147464978442751
CDR-004975,2023-04-09,15:12:07,S0047,+91-8940192213,S0048,+91-8745666148,0,DATA,TWR-0176,"Andheri West, Mumbai",926714817606018
CDR-004976,2024-05-26,02:30:52,S0047,+91-8940192213,S0048,+91-8745666148,0,SMS,TWR-0091,"Gomti Nagar, Lucknow",459759005765122
CDR-004977,2024-02-15,11:44:42,S0010,+91-8733842953,S0008,+91-7468144718,0,SMS,TWR-0027,"Kothrud, Pune",962501625024851
CDR-004978,2023-12-28,06:12:40,S0027,+91-8837911267,S0024,+91-8210847353,2808,VOICE,TWR-0008,"MG Road, Bangalore",592753347369215
CDR-004979,2024-10-17,01:09:17,S0062,+91-7488244816,S0059,+91-9818587139,0,DATA,TWR-0103,"Anna Nagar, Chennai",463045598666783
CDR-004980,2024-12-03,10:15:45,S0006,+91-8996093227,S0005,+91-9533147930,0,SMS,TWR-0152,"Marine Drive, Mumbai",775679865304420
CDR-004981,2024-05-11,00:39:09,S0023,+91-7870361876,S0026,+91-9078465518,0,DATA,TWR-0193,45th Street Warehouse,572257505735099
CDR-004982,2023-05-12,17:12:21,S0056,+91-7990411854,S0054,+91-8152869473,0,SMS,TWR-0143,"Navrangpura, Ahmedabad",179486823475842
CDR-004983,2024-06-11,21:45:52,S0013,+91-8601012552,S0020,+91-7191685914,2200,VOICE,TWR-0003,"Park Street, Kolkata",869508485303603
CDR-004984,2023-08-09,17:47:03,S0038,+91-7164583060,S0034,+91-9185263528,64,VOICE,TWR-0008,Airport Cargo Terminal,853412602661499
CDR-004985,2023-05-23,22:46:16,S0037,+91-9353860328,S0044,+91-9971861645,0,SMS,TWR-0062,"Kothrud, Pune",903827205650461
CDR-004986,2023-10-15,19:39:36,S0015,+91-8928238864,S0013,+91-8601012552,102,VOICE,TWR-0015,"Kothrud, Pune",456025608146901
CDR-004987,2024-02-09,02:09:52,S0017,+91-8160965519,S0064,+91-7750198381,1844,VOICE,TWR-0016,Airport Cargo Terminal,313947761755140
CDR-004988,2024-07-14,06:45:39,S0025,+91-9915424029,S0030,+91-7587753540,3273,VOICE,TWR-0083,"Aundh, Pune",674451775818641
CDR-004989,2024-08-09,17:03:14,S0037,+91-9353860328,S0032,+91-7090425118,2112,VOICE,TWR-0115,River Bridge Underpass,263042213136950
CDR-004990,2023-05-02,19:05:42,S0049,+91-9317730052,S0052,+91-8821211330,1696,VOICE,TWR-0196,"Banjara Hills, Hyderabad",951905879854217
CDR-004991,2024-10-06,21:21:46,S0006,+91-9389242087,S0005,+91-9533147930,2548,VOICE,TWR-0045,"Malviya Nagar, Jaipur",302732322524143
CDR-004992,2023-10-26,12:17:52,S0053,+91-7726163005,S0058,+91-7497129555,1552,VOICE,TWR-0092,"Indiranagar, Bangalore",253890097759365
CDR-004993,2023-04-16,21:16:08,S0063,+91-8639980776,S0020,+91-7191685914,0,SMS,TWR-0091,Airport Cargo Terminal,984112864449669
CDR-004994,2023-02-20,15:49:46,S0039,+91-9007576162,S0036,+91-8689097012,1324,VOICE,TWR-0128,"Gomti Nagar, Lucknow",785589078781663
CDR-004995,2023-04-21,19:13:36,S0019,+91-9469240982,S0014,+91-7694080686,0,DATA,TWR-0015,Bus Terminal Underground,593491799646653
CDR-004996,2023-02-10,05:33:59,S0035,+91-9574786019,S0031,+91-7728836158,3581,VOICE,TWR-0049,"Park Street, Kolkata",516179640349961
CDR-004997,2024-02-25,07:06:50,S0056,+91-7990411854,S0060,+91-9164020641,0,SMS,TWR-0041,45th Street Warehouse,926653457606663
CDR-004998,2023-11-27,11:09:41,S0036,+91-8689097012,S0033,+91-8986477033,0,SMS,TWR-0132,"Kothrud, Pune",997854741809770
CDR-004999,2024-01-07,04:16:45,S0041,+91-8047680798,S0080,+91-9719896275,3537,VOICE,TWR-0082,River Bridge Underpass,663094769697765
CDR-005000,2024-04-25,07:46:23,S0003,+91-9777055082,S0004,+91-8808948427,3273,VOICE,TWR-0003,"Park Street, Kolkata",462595321012790
