txn_id,date,time,sender_id,sender_name,sender_account,receiver_id,receiver_name,receiver_account,amount,currency,transaction_type,bank,is_suspicious,remarks
TXN-000001,2023-09-08,04:46:17,S0024,Anita Lopez,ACCT-889053,S0023,Kiran Ali,ACCT-205465,240236,INR,CHECK,IndusInd Bank,False,No remarks
TXN-000002,2023-01-16,17:36:07,S0042,Rekha Thakur,ACCT-112187,S0039,Yusuf Khan,ACCT-736107,7886739,INR,WIRE_TRANSFER,Axis Bank,True,Monthly installment
TXN-000003,2023-02-22,23:49:02,S0043,Rekha Das,ACCT-696837,S0033,Anita Malik,ACCT-304609,38627,INR,CHECK,State Bank,False,Consulting fee
TXN-000004,2023-07-26,03:13:51,S0061,Farooq Joshi,ACCT-532577,S0063,Mohan Hussain,ACCT-816859,7925771,INR,CASH_DEPOSIT,Axis Bank,True,Commission
TXN-000005,2023-08-28,00:57:07,S0055,Prakash Yadav,ACCT-298095,S0053,Vinod Hussain,ACCT-136082,2081,INR,HAWALA,Axis Bank,False,No remarks
TXN-000006,2023-01-08,12:54:07,S0036,Ravi Ali,ACCT-448805,S0034,Manoj Malik,ACCT-979492,5330,INR,HAWALA,Kotak Bank,False,Investment return
TXN-000007,2023-03-10,05:55:53,S0021,Saleem Hernandez,ACCT-591108,S0020,Ajay Yadav,ACCT-592660,8804,INR,CRYPTO,State Bank,True,Monthly installment
TXN-000008,2024-10-23,04:12:38,S0068,Kiran Reddy,ACCT-643950,S0070,Ajay Mehta,ACCT-445535,7784358,INR,CRYPTO,Federal Bank,True,Import payment
TXN-000009,2024-12-29,16:24:05,S0051,Vinod Qureshi,ACCT-213625,S0050,Hassan Qureshi,ACCT-462322,862653,INR,HAWALA,Kotak Bank,True,Consulting fee
TXN-000010,2024-09-06,19:13:15,S0058,Arjun Roy,ACCT-252523,S0057,Sanjay Ahmed,ACCT-664862,48403,INR,HAWALA,HDFC Bank,False,Regular transfer
TXN-000011,2024-12-03,13:19:41,S0013,Tariq Hernandez,ACCT-569174,S0079,Ravi Singh,ACCT-298400,386003,INR,CASH_WITHDRAWAL,ICICI Bank,False,Regular transfer
TXN-000012,2024-10-04,20:47:15,S0058,Arjun Roy,ACCT-552332,S0053,Vinod Hussain,ACCT-860055,212847,INR,CASH_WITHDRAWAL,ICICI Bank,False,Regular transfer
TXN-000013,2023-10-14,07:41:03,S0034,Manoj Malik,ACCT-653798,S0045,Suman Mishra,ACCT-953188,93045,INR,CASH_DEPOSIT,Kotak Bank,False,Personal
TXN-000014,2024-08-19,04:47:01,S0076,Rahul Qureshi,ACCT-786434,S0071,Rajesh Joshi,ACCT-135126,7141,INR,ONLINE_TRANSFER,Bank of Baroda,False,Investment return
TXN-000015,2024-11-26,06:43:01,S0078,Ashok Saxena,ACCT-468178,S0011,Hassan Qureshi,ACCT-679868,2884,INR,CASH_WITHDRAWAL,ICICI Bank,False,Business payment
TXN-000016,2024-04-30,10:46:34,S0012,Prakash Shah,ACCT-631914,S0070,Ajay Mehta,ACCT-326334,350151,INR,WIRE_TRANSFER,Axis Bank,False,Import payment
TXN-000017,2023-01-30,22:41:00,S0045,Suman Mishra,ACCT-380714,S0036,Ravi Ali,ACCT-966848,7749,INR,ONLINE_TRANSFER,Bank of Baroda,False,Property deal
TXN-000018,2024-10-30,09:42:39,S0019,Hassan Rodriguez,ACCT-221600,S0057,Sanjay Ahmed,ACCT-602069,23907,INR,CRYPTO,Federal Bank,False,Consulting fee
TXN-000019,2023-06-16,18:30:39,S0018,Sanjay Agarwal,ACCT-230289,S0014,Yusuf Patel,ACCT-719433,887473,INR,CASH_DEPOSIT,Kotak Bank,True,Business payment
TXN-000020,2024-12-03,19:39:22,S0063,Mohan Hussain,ACCT-268554,S0046,Miguel Gupta,ACCT-789459,255875,INR,ONLINE_TRANSFER,State Bank,False,Regular transfer
TXN-000021,2024-02-06,04:25:24,S0029,Kiran Ali,ACCT-211256,S0016,Arjun Shah,ACCT-206386,1179,INR,CHECK,State Bank,False,Loan repayment
TXN-000022,2024-05-02,10:53:43,S0064,Carlos Reddy,ACCT-860773,S0065,Prakash Mehta,ACCT-820300,8862,INR,CHECK,State Bank,False,Import payment
TXN-000023,2024-10-05,02:54:28,S0031,Rahul Thakur,ACCT-235986,S0038,Ashok Patel,ACCT-706985,3090934,INR,CASH_WITHDRAWAL,Federal Bank,True,Business payment
TXN-000024,2024-05-05,04:04:23,S0007,Vikram Chauhan,ACCT-883718,S0058,Arjun Roy,ACCT-368636,8285865,INR,WIRE_TRANSFER,Kotak Bank,True,Property deal
TXN-000025,2024-07-16,19:03:44,S0007,Vikram Chauhan,ACCT-798090,S0004,Hassan Kumar,ACCT-242786,400907,INR,CASH_WITHDRAWAL,Bank of Baroda,True,Loan repayment
TXN-000026,2024-02-18,10:36:36,S0079,Ravi Singh,ACCT-431532,S0066,Imran Joshi,ACCT-211703,626462,INR,CASH_DEPOSIT,Kotak Bank,True,Consulting fee
TXN-000027,2024-03-31,08:38:38,S0023,Kiran Ali,ACCT-978667,S0030,Prakash Lopez,ACCT-382980,486768,INR,WIRE_TRANSFER,Yes Bank,False,Investment return
TXN-000028,2024-07-05,03:58:41,S0024,Anita Lopez,ACCT-988616,S0027,Ramesh Patel,ACCT-509849,9556,INR,CASH_DEPOSIT,Punjab National Bank,False,Commission
TXN-000029,2023-03-06,00:02:49,S0044,Sanjay Khan,ACCT-555400,S0033,Anita Malik,ACCT-832708,58138,INR,CASH_DEPOSIT,Punjab National Bank,False,Loan repayment
TXN-000030,2024-06-16,23:15:09,S0024,Anita Lopez,ACCT-466197,S0027,Ramesh Patel,ACCT-186076,11516,INR,HAWALA,Axis Bank,False,Import payment
TXN-000031,2024-06-02,06:41:43,S0023,Kiran Ali,ACCT-843587,S0030,Prakash Lopez,ACCT-675257,2114,INR,CASH_WITHDRAWAL,Federal Bank,False,Personal
TXN-000032,2024-04-23,04:15:09,S0053,Vinod Hussain,ACCT-595142,S0058,Arjun Roy,ACCT-492351,18989,INR,CHECK,Axis Bank,False,Monthly installment
TXN-000033,2024-03-06,03:27:53,S0024,Anita Lopez,ACCT-680598,S0004,Hassan Kumar,ACCT-739357,4744008,INR,CASH_WITHDRAWAL,ICICI Bank,True,No remarks
TXN-000034,2023-01-11,06:08:42,S0061,Farooq Joshi,ACCT-351531,S0070,Ajay Mehta,ACCT-434532,40278,INR,HAWALA,Federal Bank,False,Urgent transfer
TXN-000035,2023-08-08,23:51:12,S0048,Abdul Garcia,ACCT-402418,S0046,Miguel Gupta,ACCT-711542,2045827,INR,WIRE_TRANSFER,Kotak Bank,True,Monthly installment
TXN-000036,2023-12-01,11:46:18,S0079,Ravi Singh,ACCT-932714,S0073,Rahul Martinez,ACCT-803527,7637,INR,CASH_WITHDRAWAL,Yes Bank,False,Business payment
TXN-000037,2023-11-25,20:15:38,S0001,Manoj Sharma,ACCT-309916,S0011,Hassan Qureshi,ACCT-356107,61562,INR,HAWALA,Bank of Baroda,False,Import payment
TXN-000038,2024-06-03,09:52:15,S0056,Anil Chauhan,ACCT-587189,S0054,Tariq Pandey,ACCT-254832,5532012,INR,CHECK,IndusInd Bank,True,Import payment
TXN-000039,2024-04-13,02:40:40,S0020,Ajay Yadav,ACCT-369028,S0013,Tariq Hernandez,ACCT-155090,5780097,INR,ONLINE_TRANSFER,Yes Bank,True,No remarks
TXN-000040,2024-03-18,04:00:06,S0070,Ajay Mehta,ACCT-256081,S0068,Kiran Reddy,ACCT-383747,453463,INR,CASH_WITHDRAWAL,ICICI Bank,False,Property deal
TXN-000041,2024-12-10,03:23:45,S0038,Ashok Patel,ACCT-911153,S0005,Arjun Verma,ACCT-820058,77805,INR,HAWALA,IndusInd Bank,False,Urgent transfer
TXN-000042,2023-05-17,03:03:04,S0072,Priya Martinez,ACCT-704549,S0041,Anil Chauhan,ACCT-426280,243817,INR,HAWALA,Kotak Bank,False,Investment return
TXN-000043,2024-11-17,19:29:06,S0072,Priya Martinez,ACCT-206183,S0079,Ravi Singh,ACCT-589626,4635,INR,CHECK,State Bank,False,No remarks
TXN-000044,2023-08-23,07:09:28,S0007,Vikram Chauhan,ACCT-497579,S0043,Rekha Das,ACCT-338357,18055,INR,ONLINE_TRANSFER,IndusInd Bank,False,Monthly installment
TXN-000045,2023-09-23,23:19:05,S0053,Vinod Hussain,ACCT-696029,S0009,Pooja Pandey,ACCT-499541,63474,INR,CRYPTO,IndusInd Bank,True,Loan repayment
TXN-000046,2023-06-20,14:24:06,S0044,Sanjay Khan,ACCT-111836,S0033,Anita Malik,ACCT-409454,295789,INR,HAWALA,Yes Bank,False,Regular transfer
TXN-000047,2023-01-28,15:56:20,S0065,Prakash Mehta,ACCT-116134,S0032,Saleem Thakur,ACCT-879902,4545,INR,CHECK,IndusInd Bank,False,Loan repayment
TXN-000048,2024-03-23,18:47:23,S0008,Pooja Lopez,ACCT-428283,S0061,Farooq Joshi,ACCT-932962,60069,INR,CASH_WITHDRAWAL,IndusInd Bank,False,Loan repayment
TXN-000049,2024-08-04,11:37:16,S0069,Mohan Das,ACCT-231530,S0049,Rahul Agarwal,ACCT-285713,5551,INR,WIRE_TRANSFER,IndusInd Bank,False,Loan repayment
TXN-000050,2024-11-12,13:36:37,S0050,Hassan Qureshi,ACCT-377005,S0049,Rahul Agarwal,ACCT-233869,3232633,INR,HAWALA,Axis Bank,True,Investment return
TXN-000051,2023-06-06,19:52:09,S0039,Yusuf Khan,ACCT-124573,S0016,Arjun Shah,ACCT-352876,4997286,INR,CHECK,Bank of Baroda,True,Personal
TXN-000052,2024-06-08,13:37:57,S0051,Vinod Qureshi,ACCT-774067,S0054,Tariq Pandey,ACCT-738375,2087771,INR,WIRE_TRANSFER,Axis Bank,True,No remarks
TXN-000053,2023-05-11,17:38:00,S0034,Manoj Malik,ACCT-328295,S0042,Rekha Thakur,ACCT-752829,2479398,INR,ONLINE_TRANSFER,Punjab National Bank,True,Commission
TXN-000054,2023-06-05,05:24:59,S0014,Yusuf Patel,ACCT-419724,S0059,Geeta Hernandez,ACCT-643458,6452217,INR,WIRE_TRANSFER,Bank of Baroda,True,Investment return
TXN-000055,2023-08-21,22:02:25,S0023,Kiran Ali,ACCT-652124,S0027,Ramesh Patel,ACCT-446905,8916,INR,CASH_WITHDRAWAL,Punjab National Bank,False,Property deal
TXN-000056,2023-09-13,22:13:04,S0001,Manoj Sharma,ACCT-704688,S0078,Ashok Saxena,ACCT-904796,157806,INR,HAWALA,Axis Bank,False,Regular transfer
TXN-000057,2023-07-05,07:27:35,S0052,Neha Reddy,ACCT-175889,S0046,Miguel Gupta,ACCT-218630,133229,INR,CASH_DEPOSIT,Punjab National Bank,False,Property deal
TXN-000058,2024-03-04,20:16:34,S0044,Sanjay Khan,ACCT-244040,S0076,Rahul Qureshi,ACCT-271146,2342,INR,CASH_WITHDRAWAL,State Bank,True,Investment return
TXN-000059,2024-12-05,22:52:35,S0021,Saleem Hernandez,ACCT-372534,S0013,Tariq Hernandez,ACCT-765054,50406,INR,CHECK,Yes Bank,False,Monthly installment
TXN-000060,2023-01-07,10:56:56,S0001,Manoj Sharma,ACCT-173468,S0037,Suman Agarwal,ACCT-222599,675417,INR,ONLINE_TRANSFER,Bank of Baroda,True,Commission
TXN-000061,2024-03-05,01:49:51,S0060,Kiran Ahmed,ACCT-946541,S0029,Kiran Ali,ACCT-183413,377203,INR,CASH_DEPOSIT,State Bank,True,Import payment
TXN-000062,2023-07-11,16:27:49,S0024,Anita Lopez,ACCT-331207,S0029,Kiran Ali,ACCT-958994,24954,INR,WIRE_TRANSFER,Kotak Bank,False,Property deal
TXN-000063,2024-12-14,20:02:37,S0018,Sanjay Agarwal,ACCT-682750,S0019,Hassan Rodriguez,ACCT-198005,590515,INR,CASH_WITHDRAWAL,Punjab National Bank,True,Personal
TXN-000064,2023-11-19,14:45:51,S0032,Saleem Thakur,ACCT-948080,S0035,Mohan Joshi,ACCT-989934,327709,INR,HAWALA,Yes Bank,False,Property deal
TXN-000065,2024-08-04,04:49:40,S0068,Kiran Reddy,ACCT-872494,S0062,Rizwan Ali,ACCT-174768,677611,INR,CASH_DEPOSIT,Yes Bank,True,Regular transfer
TXN-000066,2024-04-07,21:49:31,S0027,Ramesh Patel,ACCT-630806,S0075,Imran Martinez,ACCT-764896,1271347,INR,CASH_WITHDRAWAL,HDFC Bank,True,Import payment
TXN-000067,2024-09-24,23:38:53,S0066,Imran Joshi,ACCT-725052,S0061,Farooq Joshi,ACCT-330866,4617386,INR,ONLINE_TRANSFER,Punjab National Bank,True,Monthly installment
TXN-000068,2023-07-09,01:05:09,S0077,Anil Pandey,ACCT-227229,S0080,Abdul Joshi,ACCT-164803,16731,INR,CASH_WITHDRAWAL,Federal Bank,False,Business payment
TXN-000069,2024-03-03,19:15:22,S0016,Arjun Shah,ACCT-176979,S0034,Manoj Malik,ACCT-321934,41771,INR,ONLINE_TRANSFER,Kotak Bank,False,Urgent transfer
TXN-000070,2024-12-12,04:53:29,S0037,Suman Agarwal,ACCT-146557,S0032,Saleem Thakur,ACCT-392334,5067,INR,WIRE_TRANSFER,Yes Bank,False,Commission
TXN-000071,2023-01-07,09:06:05,S0043,Rekha Das,ACCT-874913,S0014,Yusuf Patel,ACCT-380297,610,INR,WIRE_TRANSFER,Axis Bank,False,Monthly installment
TXN-000072,2023-05-13,04:12:02,S0060,Kiran Ahmed,ACCT-742878,S0052,Neha Reddy,ACCT-138784,1340303,INR,CASH_WITHDRAWAL,Axis Bank,True,Commission
TXN-000073,2023-05-31,02:32:45,S0076,Rahul Qureshi,ACCT-253766,S0073,Rahul Martinez,ACCT-952061,1001332,INR,CASH_WITHDRAWAL,Punjab National Bank,True,Business payment
TXN-000074,2024-11-15,15:10:15,S0068,Kiran Reddy,ACCT-961725,S0069,Mohan Das,ACCT-119194,801744,INR,ONLINE_TRANSFER,IndusInd Bank,True,Consulting fee
TXN-000075,2024-01-31,19:10:58,S0064,Carlos Reddy,ACCT-332911,S0043,Rekha Das,ACCT-180669,778908,INR,CASH_WITHDRAWAL,Axis Bank,True,Personal
TXN-000076,2024-08-21,08:27:32,S0077,Anil Pandey,ACCT-317922,S0076,Rahul Qureshi,ACCT-484859,77804,INR,CRYPTO,IndusInd Bank,False,Investment return
TXN-000077,2023-06-21,15:37:33,S0036,Ravi Ali,ACCT-723086,S0062,Rizwan Ali,ACCT-899872,3225,INR,CRYPTO,Axis Bank,False,Property deal
TXN-000078,2024-03-30,16:05:56,S0041,Anil Chauhan,ACCT-808200,S0022,Abdul Chauhan,ACCT-364202,10716,INR,WIRE_TRANSFER,Axis Bank,False,Commission
TXN-000079,2024-11-08,10:27:34,S0006,Sunil Hussain,ACCT-801787,S0005,Arjun Verma,ACCT-575362,5515817,INR,CHECK,Bank of Baroda,True,Business payment
TXN-000080,2024-12-25,11:24:38,S0063,Mohan Hussain,ACCT-313045,S0078,Ashok Saxena,ACCT-767050,30583,INR,CHECK,Bank of Baroda,False,Property deal
TXN-000081,2023-07-20,00:09:38,S0038,Ashok Patel,ACCT-329367,S0034,Manoj Malik,ACCT-687485,1011,INR,CASH_DEPOSIT,Punjab National Bank,False,Investment return
TXN-000082,2023-08-18,11:15:47,S0007,Vikram Chauhan,ACCT-502335,S0008,Pooja Lopez,ACCT-545268,385037,INR,CASH_DEPOSIT,State Bank,False,Urgent transfer
TXN-000083,2023-02-24,10:26:45,S0006,Sunil Hussain,ACCT-426418,S0005,Arjun Verma,ACCT-527851,510351,INR,HAWALA,Bank of Baroda,True,Business payment
TXN-000084,2023-06-05,08:26:28,S0043,Rekha Das,ACCT-928992,S0033,Anita Malik,ACCT-391302,11657,INR,ONLINE_TRANSFER,ICICI Bank,False,Loan repayment
TXN-000085,2023-11-14,23:28:58,S0038,Ashok Patel,ACCT-671307,S0041,Anil Chauhan,ACCT-121239,90996,INR,CASH_DEPOSIT,Yes Bank,False,Urgent transfer
TXN-000086,2023-03-08,00:08:01,S0036,Ravi Ali,ACCT-726190,S0034,Manoj Malik,ACCT-152844,9114383,INR,CASH_DEPOSIT,Kotak Bank,True,Loan repayment
TXN-000087,2024-11-16,05:33:57,S0078,Ashok Saxena,ACCT-828846,S0077,Anil Pandey,ACCT-624328,62794,INR,CHECK,IndusInd Bank,False,Import payment
TXN-000088,2023-11-24,22:33:47,S0075,Imran Martinez,ACCT-231326,S0071,Rajesh Joshi,ACCT-234808,7054058,INR,HAWALA,Axis Bank,True,Monthly installment
TXN-000089,2023-02-04,13:06:46,S0011,Hassan Qureshi,ACCT-579441,S0035,Mohan Joshi,ACCT-434472,399612,INR,ONLINE_TRANSFER,HDFC Bank,False,Regular transfer
TXN-000090,2023-11-12,16:43:41,S0010,Kavita Thakur,ACCT-614049,S0040,Farooq Saxena,ACCT-346500,288327,INR,CHECK,IndusInd Bank,False,Loan repayment
TXN-000091,2023-05-31,00:09:00,S0066,Imran Joshi,ACCT-993020,S0008,Pooja Lopez,ACCT-774657,9699014,INR,HAWALA,State Bank,True,Import payment
TXN-000092,2023-03-11,17:25:36,S0067,Rajesh Ali,ACCT-491193,S0050,Hassan Qureshi,ACCT-797712,40748,INR,WIRE_TRANSFER,IndusInd Bank,False,Consulting fee
TXN-000093,2023-05-29,06:42:29,S0047,Pooja Hussain,ACCT-575488,S0048,Abdul Garcia,ACCT-476341,4472,INR,CASH_WITHDRAWAL,ICICI Bank,False,Monthly installment
TXN-000094,2023-03-03,22:21:18,S0068,Kiran Reddy,ACCT-256340,S0069,Mohan Das,ACCT-318392,183903,INR,CASH_WITHDRAWAL,Federal Bank,False,No remarks
TXN-000095,2024-12-21,18:49:07,S0005,Arjun Verma,ACCT-559735,S0011,Hassan Qureshi,ACCT-635836,53491,INR,CASH_WITHDRAWAL,Yes Bank,False,Personal
TXN-000096,2023-10-25,20:18:04,S0027,Ramesh Patel,ACCT-381710,S0076,Rahul Qureshi,ACCT-513101,5272,INR,CHECK,Axis Bank,False,No remarks
TXN-000097,2023-09-06,16:06:33,S0007,Vikram Chauhan,ACCT-609414,S0016,Arjun Shah,ACCT-374986,24751,INR,WIRE_TRANSFER,Axis Bank,False,Property deal
TXN-000098,2023-10-02,08:48:08,S0076,Rahul Qureshi,ACCT-898376,S0079,Ravi Singh,ACCT-889406,4765,INR,CASH_WITHDRAWAL,Yes Bank,False,Urgent transfer
TXN-000099,2023-03-04,05:10:44,S0048,Abdul Garcia,ACCT-737721,S0048,Abdul Garcia,ACCT-687383,520740,INR,CASH_DEPOSIT,HDFC Bank,True,No remarks
TXN-000100,2024-02-23,08:57:35,S0039,Yusuf Khan,ACCT-415733,S0036,Ravi Ali,ACCT-108197,192678,INR,CRYPTO,Axis Bank,False,Investment return
TXN-000101,2024-01-14,11:44:50,S0019,Hassan Rodriguez,ACCT-726489,S0029,Kiran Ali,ACCT-570908,87328,INR,CASH_DEPOSIT,State Bank,False,Monthly installment
TXN-000102,2023-01-04,23:09:11,S0042,Rekha Thakur,ACCT-735711,S0003,Kiran Qureshi,ACCT-281894,7342,INR,HAWALA,ICICI Bank,False,No remarks
TXN-000103,2024-02-29,16:53:13,S0063,Mohan Hussain,ACCT-508057,S0080,Abdul Joshi,ACCT-840461,1275,INR,HAWALA,State Bank,False,Monthly installment
TXN-000104,2023-08-18,04:56:34,S0011,Hassan Qureshi,ACCT-472045,S0001,Manoj Sharma,ACCT-844141,37669,INR,CASH_WITHDRAWAL,Axis Bank,False,Import payment
TXN-000105,2024-02-13,01:22:10,S0034,Manoj Malik,ACCT-995459,S0045,Suman Mishra,ACCT-280558,2752,INR,WIRE_TRANSFER,Kotak Bank,False,Commission
TXN-000106,2023-06-21,08:15:37,S0022,Abdul Chauhan,ACCT-699939,S0015,Arjun Mishra,ACCT-548420,28757,INR,CRYPTO,State Bank,False,No remarks
TXN-000107,2024-08-19,06:55:37,S0049,Rahul Agarwal,ACCT-760595,S0059,Geeta Hernandez,ACCT-132347,466862,INR,CRYPTO,Yes Bank,True,Regular transfer
TXN-000108,2024-01-15,07:17:02,S0068,Kiran Reddy,ACCT-866496,S0053,Vinod Hussain,ACCT-792648,839947,INR,WIRE_TRANSFER,Bank of Baroda,True,Urgent transfer
TXN-000109,2023-03-05,22:27:57,S0026,Ramesh Lopez,ACCT-385399,S0020,Ajay Yadav,ACCT-258143,83193,INR,CRYPTO,Punjab National Bank,False,Consulting fee
TXN-000110,2023-06-24,19:23:09,S0002,Suresh Sharma,ACCT-977212,S0041,Anil Chauhan,ACCT-652829,862579,INR,CHECK,HDFC Bank,True,Urgent transfer
TXN-000111,2024-08-18,07:42:25,S0041,Anil Chauhan,ACCT-734482,S0035,Mohan Joshi,ACCT-278694,522441,INR,ONLINE_TRANSFER,IndusInd Bank,True,Property deal
TXN-000112,2024-10-27,20:28:54,S0026,Ramesh Lopez,ACCT-293728,S0080,Abdul Joshi,ACCT-844947,9960,INR,CHECK,Kotak Bank,False,No remarks
TXN-000113,2023-11-24,11:20:04,S0025,Yusuf Joshi,ACCT-748130,S0005,Arjun Verma,ACCT-385214,393227,INR,CASH_WITHDRAWAL,ICICI Bank,False,Personal
TXN-000114,2023-12-12,13:14:05,S0070,Ajay Mehta,ACCT-607881,S0069,Mohan Das,ACCT-779781,1849,INR,ONLINE_TRANSFER,ICICI Bank,False,Personal
TXN-000115,2023-09-02,15:47:32,S0078,Ashok Saxena,ACCT-276563,S0073,Rahul Martinez,ACCT-235405,863,INR,ONLINE_TRANSFER,Kotak Bank,False,Property deal
TXN-000116,2024-12-29,06:34:36,S0046,Miguel Gupta,ACCT-427260,S0015,Arjun Mishra,ACCT-201520,17812,INR,CHECK,Kotak Bank,True,Urgent transfer
TXN-000117,2024-05-03,17:29:18,S0079,Ravi Singh,ACCT-374474,S0073,Rahul Martinez,ACCT-588317,4048,INR,HAWALA,State Bank,False,Personal
TXN-000118,2024-02-18,10:49:03,S0006,Sunil Hussain,ACCT-832721,S0055,Prakash Yadav,ACCT-722385,538917,INR,CRYPTO,Punjab National Bank,True,Investment return
TXN-000119,2023-06-02,04:42:47,S0002,Suresh Sharma,ACCT-355860,S0010,Kavita Thakur,ACCT-789994,415542,INR,CASH_WITHDRAWAL,Punjab National Bank,False,Business payment
TXN-000120,2023-02-11,22:36:23,S0065,Prakash Mehta,ACCT-245484,S0066,Imran Joshi,ACCT-858494,2095184,INR,CASH_WITHDRAWAL,IndusInd Bank,True,Investment return
TXN-000121,2023-01-09,18:57:08,S0023,Kiran Ali,ACCT-702090,S0036,Ravi Ali,ACCT-308685,117226,INR,ONLINE_TRANSFER,Axis Bank,False,Business payment
TXN-000122,2023-11-25,23:32:22,S0053,Vinod Hussain,ACCT-126953,S0057,Sanjay Ahmed,ACCT-247025,623959,INR,ONLINE_TRANSFER,HDFC Bank,True,Investment return
TXN-000123,2023-01-21,07:32:11,S0027,Ramesh Patel,ACCT-938709,S0026,Ramesh Lopez,ACCT-442724,2735561,INR,ONLINE_TRANSFER,State Bank,True,Property deal
TXN-000124,2024-01-16,12:04:32,S0034,Manoj Malik,ACCT-523128,S0066,Imran Joshi,ACCT-836571,9506659,INR,CASH_DEPOSIT,HDFC Bank,True,Commission
TXN-000125,2024-09-20,16:26:15,S0004,Hassan Kumar,ACCT-309841,S0006,Sunil Hussain,ACCT-977243,5969288,INR,CASH_WITHDRAWAL,State Bank,True,Import payment
TXN-000126,2024-07-03,12:18:04,S0061,Farooq Joshi,ACCT-328655,S0063,Mohan Hussain,ACCT-468414,71326,INR,ONLINE_TRANSFER,Punjab National Bank,False,No remarks
TXN-000127,2023-07-17,06:10:27,S0041,Anil Chauhan,ACCT-992725,S0032,Saleem Thakur,ACCT-854567,99046,INR,CASH_WITHDRAWAL,State Bank,False,Commission
TXN-000128,2023-08-12,18:50:34,S0038,Ashok Patel,ACCT-884131,S0032,Saleem Thakur,ACCT-193768,5458926,INR,CRYPTO,ICICI Bank,True,Import payment
TXN-000129,2023-09-15,11:15:34,S0070,Ajay Mehta,ACCT-930392,S0068,Kiran Reddy,ACCT-673548,7822631,INR,CRYPTO,Kotak Bank,True,Commission
TXN-000130,2024-01-01,11:30:20,S0077,Anil Pandey,ACCT-208165,S0071,Rajesh Joshi,ACCT-653072,2304,INR,CRYPTO,Axis Bank,False,Property deal
TXN-000131,2023-01-13,23:50:07,S0029,Kiran Ali,ACCT-845283,S0064,Carlos Reddy,ACCT-453160,6993445,INR,WIRE_TRANSFER,Bank of Baroda,True,Loan repayment
TXN-000132,2023-08-14,19:35:29,S0012,Prakash Shah,ACCT-737371,S0023,Kiran Ali,ACCT-419707,7349,INR,WIRE_TRANSFER,Axis Bank,False,Commission
TXN-000133,2023-03-07,09:43:51,S0022,Abdul Chauhan,ACCT-803908,S0015,Arjun Mishra,ACCT-227268,1052,INR,ONLINE_TRANSFER,State Bank,False,Urgent transfer
TXN-000134,2024-11-15,19:45:41,S0039,Yusuf Khan,ACCT-780314,S0022,Abdul Chauhan,ACCT-883958,2167,INR,ONLINE_TRANSFER,HDFC Bank,True,Monthly installment
TXN-000135,2024-01-01,03:40:45,S0051,Vinod Qureshi,ACCT-299636,S0043,Rekha Das,ACCT-405862,3402483,INR,CRYPTO,Punjab National Bank,True,Consulting fee
TXN-000136,2024-05-20,15:12:25,S0041,Anil Chauhan,ACCT-474392,S0035,Mohan Joshi,ACCT-717827,823815,INR,CHECK,ICICI Bank,True,Personal
TXN-000137,2024-01-28,00:47:20,S0007,Vikram Chauhan,ACCT-807325,S0008,Pooja Lopez,ACCT-713307,548668,INR,CHECK,Yes Bank,True,Import payment
TXN-000138,2023-07-01,01:44:04,S0064,Carlos Reddy,ACCT-359689,S0065,Prakash Mehta,ACCT-560877,8817494,INR,CHECK,Bank of Baroda,True,Consulting fee
TXN-000139,2024-09-29,10:49:10,S0047,Pooja Hussain,ACCT-500637,S0057,Sanjay Ahmed,ACCT-566183,4178256,INR,WIRE_TRANSFER,HDFC Bank,True,Property deal
TXN-000140,2023-12-10,06:30:54,S0022,Abdul Chauhan,ACCT-274994,S0026,Ramesh Lopez,ACCT-702314,4810085,INR,CRYPTO,HDFC Bank,True,Commission
TXN-000141,2024-11-05,23:21:20,S0061,Farooq Joshi,ACCT-765574,S0026,Ramesh Lopez,ACCT-237482,5189877,INR,CHECK,Bank of Baroda,True,Business payment
TXN-000142,2024-01-24,05:11:41,S0028,Ajay Agarwal,ACCT-599100,S0025,Yusuf Joshi,ACCT-798478,175916,INR,CHECK,Federal Bank,False,Urgent transfer
TXN-000143,2023-09-10,22:23:52,S0007,Vikram Chauhan,ACCT-328915,S0003,Kiran Qureshi,ACCT-527805,45859,INR,CASH_WITHDRAWAL,Kotak Bank,False,Urgent transfer
TXN-000144,2024-02-13,16:36:43,S0070,Ajay Mehta,ACCT-422557,S0068,Kiran Reddy,ACCT-105650,5458383,INR,CRYPTO,Bank of Baroda,True,Consulting fee
TXN-000145,2023-05-08,14:54:12,S0003,Kiran Qureshi,ACCT-391108,S0004,Hassan Kumar,ACCT-992654,501,INR,CHECK,Federal Bank,False,Urgent transfer
TXN-000146,2023-08-26,17:27:44,S0009,Pooja Pandey,ACCT-612739,S0017,Naveen Kumar,ACCT-519882,591666,INR,HAWALA,Federal Bank,True,Consulting fee
TXN-000147,2023-08-06,22:30:57,S0056,Anil Chauhan,ACCT-397696,S0054,Tariq Pandey,ACCT-594352,719889,INR,WIRE_TRANSFER,Yes Bank,True,Monthly installment
TXN-000148,2024-03-08,19:09:24,S0057,Sanjay Ahmed,ACCT-224772,S0013,Tariq Hernandez,ACCT-823030,5660046,INR,CASH_WITHDRAWAL,HDFC Bank,True,Urgent transfer
TXN-000149,2023-10-18,07:24:53,S0056,Anil Chauhan,ACCT-101976,S0053,Vinod Hussain,ACCT-149534,6459,INR,CHECK,Yes Bank,True,Monthly installment
TXN-000150,2023-09-10,09:39:37,S0058,Arjun Roy,ACCT-767594,S0004,Hassan Kumar,ACCT-298494,1528724,INR,CASH_WITHDRAWAL,HDFC Bank,True,Consulting fee
TXN-000151,2023-05-25,19:34:00,S0020,Ajay Yadav,ACCT-352723,S0013,Tariq Hernandez,ACCT-928049,310566,INR,ONLINE_TRANSFER,State Bank,False,Commission
TXN-000152,2023-07-13,16:31:38,S0008,Pooja Lopez,ACCT-125761,S0006,Sunil Hussain,ACCT-269267,5370,INR,CHECK,Yes Bank,False,Urgent transfer
TXN-000153,2023-01-31,13:56:47,S0066,Imran Joshi,ACCT-626453,S0015,Arjun Mishra,ACCT-236170,9971271,INR,CRYPTO,State Bank,True,Personal
TXN-000154,2023-12-23,11:34:35,S0072,Priya Martinez,ACCT-949743,S0074,Ramesh Mishra,ACCT-664430,30321,INR,CASH_WITHDRAWAL,Federal Bank,True,Regular transfer
TXN-000155,2023-12-19,16:58:06,S0023,Kiran Ali,ACCT-849515,S0014,Yusuf Patel,ACCT-412147,968473,INR,CHECK,Yes Bank,True,Personal
TXN-000156,2023-04-19,19:53:49,S0025,Yusuf Joshi,ACCT-317495,S0030,Prakash Lopez,ACCT-627357,6514,INR,CASH_DEPOSIT,Bank of Baroda,True,Property deal
TXN-000157,2024-01-12,19:30:35,S0032,Saleem Thakur,ACCT-908108,S0033,Anita Malik,ACCT-842051,828142,INR,CRYPTO,Yes Bank,True,Property deal
TXN-000158,2024-06-06,14:12:16,S0023,Kiran Ali,ACCT-213861,S0026,Ramesh Lopez,ACCT-841219,37777,INR,ONLINE_TRANSFER,Yes Bank,False,Business payment
TXN-000159,2023-05-22,15:19:33,S0062,Rizwan Ali,ACCT-477550,S0026,Ramesh Lopez,ACCT-480047,20973,INR,WIRE_TRANSFER,Punjab National Bank,False,Commission
TXN-000160,2024-08-22,21:18:23,S0043,Rekha Das,ACCT-214395,S0032,Saleem Thakur,ACCT-158782,9842,INR,CASH_DEPOSIT,Kotak Bank,False,No remarks
TXN-000161,2024-08-19,01:05:50,S0006,Sunil Hussain,ACCT-420084,S0005,Arjun Verma,ACCT-100397,40540,INR,HAWALA,Axis Bank,False,Property deal
TXN-000162,2024-06-29,16:48:40,S0001,Manoj Sharma,ACCT-372439,S0011,Hassan Qureshi,ACCT-429680,87977,INR,WIRE_TRANSFER,Bank of Baroda,False,Urgent transfer
TXN-000163,2023-06-25,09:06:34,S0065,Prakash Mehta,ACCT-743141,S0006,Sunil Hussain,ACCT-761867,62401,INR,HAWALA,Yes Bank,False,Personal
TXN-000164,2023-11-13,23:26:13,S0042,Rekha Thakur,ACCT-632859,S0033,Anita Malik,ACCT-268005,23669,INR,HAWALA,Axis Bank,False,Business payment
TXN-000165,2023-03-12,21:36:51,S0028,Ajay Agarwal,ACCT-243250,S0005,Arjun Verma,ACCT-516566,81968,INR,CHECK,ICICI Bank,False,Property deal
TXN-000166,2024-02-25,03:34:27,S0013,Tariq Hernandez,ACCT-244532,S0020,Ajay Yadav,ACCT-714973,6495991,INR,CHECK,Federal Bank,True,Commission
TXN-000167,2023-03-14,19:21:51,S0020,Ajay Yadav,ACCT-413429,S0021,Saleem Hernandez,ACCT-639542,4712,INR,ONLINE_TRANSFER,Axis Bank,False,Investment return
TXN-000168,2024-10-21,19:11:24,S0037,Suman Agarwal,ACCT-190266,S0044,Sanjay Khan,ACCT-160761,8920171,INR,ONLINE_TRANSFER,Kotak Bank,True,No remarks
TXN-000169,2024-01-06,00:58:35,S0051,Vinod Qureshi,ACCT-859069,S0048,Abdul Garcia,ACCT-417663,7205661,INR,HAWALA,HDFC Bank,True,Loan repayment
TXN-000170,2023-05-27,02:57:43,S0005,Arjun Verma,ACCT-879341,S0001,Manoj Sharma,ACCT-931041,422412,INR,HAWALA,HDFC Bank,False,Business payment
TXN-000171,2024-10-06,17:52:34,S0065,Prakash Mehta,ACCT-161458,S0066,Imran Joshi,ACCT-853557,9888,INR,ONLINE_TRANSFER,State Bank,False,Commission
TXN-000172,2023-11-28,22:11:41,S0048,Abdul Garcia,ACCT-223489,S0065,Prakash Mehta,ACCT-918766,98925,INR,HAWALA,Yes Bank,False,No remarks
TXN-000173,2024-06-28,08:35:11,S0055,Prakash Yadav,ACCT-256261,S0030,Prakash Lopez,ACCT-529382,9814417,INR,CASH_WITHDRAWAL,Kotak Bank,True,Business payment
TXN-000174,2024-06-28,14:58:56,S0051,Vinod Qureshi,ACCT-135866,S0048,Abdul Garcia,ACCT-957590,113530,INR,CRYPTO,IndusInd Bank,True,Urgent transfer
TXN-000175,2023-04-09,09:17:09,S0064,Carlos Reddy,ACCT-121286,S0065,Prakash Mehta,ACCT-342645,8227991,INR,CASH_WITHDRAWAL,Yes Bank,True,Regular transfer
TXN-000176,2024-05-09,10:55:41,S0005,Arjun Verma,ACCT-795016,S0003,Kiran Qureshi,ACCT-464292,47050,INR,WIRE_TRANSFER,Yes Bank,False,Property deal
TXN-000177,2023-08-10,11:37:19,S0022,Abdul Chauhan,ACCT-631660,S0021,Saleem Hernandez,ACCT-921309,2257610,INR,CASH_WITHDRAWAL,IndusInd Bank,True,Import payment
TXN-000178,2024-05-09,11:54:30,S0008,Pooja Lopez,ACCT-410007,S0010,Kavita Thakur,ACCT-998648,580077,INR,CRYPTO,State Bank,True,Investment return
TXN-000179,2024-10-09,14:43:54,S0037,Suman Agarwal,ACCT-902884,S0044,Sanjay Khan,ACCT-149571,7743,INR,WIRE_TRANSFER,Yes Bank,False,Regular transfer
TXN-000180,2024-02-29,02:45:13,S0024,Anita Lopez,ACCT-520255,S0027,Ramesh Patel,ACCT-731287,138513,INR,HAWALA,HDFC Bank,True,No remarks
TXN-000181,2023-03-02,08:49:29,S0026,Ramesh Lopez,ACCT-905967,S0028,Ajay Agarwal,ACCT-702000,50909,INR,CASH_DEPOSIT,HDFC Bank,False,Loan repayment
TXN-000182,2024-08-19,18:14:27,S0017,Naveen Kumar,ACCT-308005,S0022,Abdul Chauhan,ACCT-505810,2082,INR,HAWALA,Yes Bank,False,Commission
TXN-000183,2023-05-29,19:41:49,S0077,Anil Pandey,ACCT-373750,S0080,Abdul Joshi,ACCT-647372,61136,INR,WIRE_TRANSFER,Yes Bank,False,Urgent transfer
TXN-000184,2023-08-11,02:27:58,S0024,Anita Lopez,ACCT-443662,S0014,Yusuf Patel,ACCT-152303,99210,INR,ONLINE_TRANSFER,Punjab National Bank,False,Loan repayment
TXN-000185,2023-04-08,19:53:25,S0024,Anita Lopez,ACCT-371951,S0027,Ramesh Patel,ACCT-466735,3497,INR,CASH_WITHDRAWAL,Yes Bank,True,Urgent transfer
TXN-000186,2023-09-12,07:37:12,S0041,Anil Chauhan,ACCT-785913,S0037,Suman Agarwal,ACCT-950693,261318,INR,CASH_WITHDRAWAL,Axis Bank,False,Monthly installment
TXN-000187,2023-07-07,06:19:47,S0036,Ravi Ali,ACCT-446372,S0034,Manoj Malik,ACCT-859015,1476,INR,WIRE_TRANSFER,Federal Bank,False,Monthly installment
TXN-000188,2024-07-07,03:00:29,S0077,Anil Pandey,ACCT-902594,S0007,Vikram Chauhan,ACCT-324298,92316,INR,CHECK,IndusInd Bank,False,Business payment
TXN-000189,2023-11-21,07:56:55,S0006,Sunil Hussain,ACCT-600539,S0005,Arjun Verma,ACCT-924529,7063808,INR,ONLINE_TRANSFER,Punjab National Bank,True,Business payment
TXN-000190,2023-11-05,15:15:06,S0045,Suman Mishra,ACCT-529816,S0036,Ravi Ali,ACCT-304877,390331,INR,HAWALA,Yes Bank,False,Regular transfer
TXN-000191,2023-04-02,08:15:53,S0016,Arjun Shah,ACCT-137149,S0014,Yusuf Patel,ACCT-720823,515276,INR,CHECK,HDFC Bank,True,Personal
TXN-000192,2024-01-22,05:25:05,S0076,Rahul Qureshi,ACCT-560417,S0022,Abdul Chauhan,ACCT-722458,215488,INR,CHECK,Yes Bank,False,Loan repayment
TXN-000193,2024-04-08,20:30:40,S0017,Naveen Kumar,ACCT-492252,S0022,Abdul Chauhan,ACCT-465108,6160690,INR,CASH_DEPOSIT,Axis Bank,True,Regular transfer
TXN-000194,2024-10-09,00:43:37,S0032,Saleem Thakur,ACCT-965523,S0041,Anil Chauhan,ACCT-152965,2226,INR,HAWALA,HDFC Bank,False,Monthly installment
TXN-000195,2023-08-30,10:11:59,S0021,Saleem Hernandez,ACCT-245814,S0079,Ravi Singh,ACCT-187780,92569,INR,HAWALA,ICICI Bank,False,Consulting fee
TXN-000196,2023-01-01,21:59:51,S0010,Kavita Thakur,ACCT-526946,S0008,Pooja Lopez,ACCT-940768,1827114,INR,CASH_WITHDRAWAL,IndusInd Bank,True,Monthly installment
TXN-000197,2023-03-01,00:53:16,S0029,Kiran Ali,ACCT-773777,S0028,Ajay Agarwal,ACCT-951086,22805,INR,ONLINE_TRANSFER,Kotak Bank,True,Commission
TXN-000198,2023-11-11,09:32:33,S0076,Rahul Qureshi,ACCT-281397,S0071,Rajesh Joshi,ACCT-245586,604249,INR,CASH_WITHDRAWAL,IndusInd Bank,True,No remarks
TXN-000199,2024-08-16,16:07:24,S0034,Manoj Malik,ACCT-131231,S0070,Ajay Mehta,ACCT-149660,3027560,INR,CHECK,Kotak Bank,True,No remarks
TXN-000200,2024-11-26,20:19:01,S0037,Suman Agarwal,ACCT-232144,S0044,Sanjay Khan,ACCT-750641,884803,INR,CASH_WITHDRAWAL,State Bank,True,Property deal
TXN-000201,2023-11-01,04:00:41,S0032,Saleem Thakur,ACCT-127453,S0044,Sanjay Khan,ACCT-390176,68138,INR,CASH_WITHDRAWAL,Bank of Baroda,False,Consulting fee
TXN-000202,2024-10-05,14:41:50,S0075,Imran Martinez,ACCT-308481,S0078,Ashok Saxena,ACCT-434136,27821,INR,WIRE_TRANSFER,Federal Bank,False,Consulting fee
TXN-000203,2024-04-20,09:27:39,S0012,Prakash Shah,ACCT-249537,S0017,Naveen Kumar,ACCT-540863,2678886,INR,CRYPTO,IndusInd Bank,True,Commission
TXN-000204,2024-03-13,15:03:30,S0048,Abdul Garcia,ACCT-775069,S0046,Miguel Gupta,ACCT-167456,53712,INR,ONLINE_TRANSFER,Yes Bank,False,Property deal
TXN-000205,2024-10-08,19:19:42,S0048,Abdul Garcia,ACCT-910931,S0027,Ramesh Patel,ACCT-651431,58759,INR,CHECK,Kotak Bank,True,Monthly installment
TXN-000206,2023-04-06,08:03:18,S0080,Abdul Joshi,ACCT-236498,S0007,Vikram Chauhan,ACCT-778455,8797,INR,WIRE_TRANSFER,Federal Bank,False,Loan repayment
TXN-000207,2023-12-07,23:28:04,S0005,Arjun Verma,ACCT-739957,S0011,Hassan Qureshi,ACCT-122060,793,INR,ONLINE_TRANSFER,Bank of Baroda,False,Commission
TXN-000208,2023-07-08,00:41:09,S0021,Saleem Hernandez,ACCT-944848,S0013,Tariq Hernandez,ACCT-155634,93967,INR,CHECK,Yes Bank,False,Commission
TXN-000209,2023-08-26,17:17:48,S0050,Hassan Qureshi,ACCT-817760,S0049,Rahul Agarwal,ACCT-737536,8829,INR,CHECK,ICICI Bank,False,Investment return
TXN-000210,2024-01-17,17:55:14,S0023,Kiran Ali,ACCT-882617,S0048,Abdul Garcia,ACCT-997905,598760,INR,WIRE_TRANSFER,Federal Bank,True,Consulting fee
TXN-000211,2024-06-20,15:10:54,S0022,Abdul Chauhan,ACCT-254442,S0024,Anita Lopez,ACCT-528428,3103943,INR,HAWALA,State Bank,True,Property deal
TXN-000212,2024-09-07,15:53:06,S0044,Sanjay Khan,ACCT-209647,S0033,Anita Malik,ACCT-957631,648704,INR,CRYPTO,IndusInd Bank,True,Import payment
TXN-000213,2024-06-02,01:34:25,S0065,Prakash Mehta,ACCT-443053,S0052,Neha Reddy,ACCT-943272,32086,INR,ONLINE_TRANSFER,Federal Bank,False,Import payment
TXN-000214,2024-09-12,13:01:03,S0020,Ajay Yadav,ACCT-172737,S0016,Arjun Shah,ACCT-598231,7099797,INR,CHECK,ICICI Bank,True,Property deal
TXN-000215,2024-08-02,04:59:22,S0073,Rahul Martinez,ACCT-996058,S0072,Priya Martinez,ACCT-452402,548843,INR,WIRE_TRANSFER,Punjab National Bank,True,Property deal
TXN-000216,2023-08-23,02:22:22,S0047,Pooja Hussain,ACCT-265987,S0065,Prakash Mehta,ACCT-207779,36214,INR,ONLINE_TRANSFER,IndusInd Bank,False,Investment return
TXN-000217,2024-12-03,09:03:11,S0014,Yusuf Patel,ACCT-903285,S0047,Pooja Hussain,ACCT-934449,9580441,INR,CASH_WITHDRAWAL,Punjab National Bank,True,Commission
TXN-000218,2024-07-29,01:37:07,S0027,Ramesh Patel,ACCT-398470,S0065,Prakash Mehta,ACCT-281860,2740167,INR,CASH_WITHDRAWAL,HDFC Bank,True,Commission
TXN-000219,2024-11-13,14:58:33,S0055,Prakash Yadav,ACCT-787749,S0043,Rekha Das,ACCT-482171,2697870,INR,HAWALA,ICICI Bank,True,Loan repayment
TXN-000220,2024-06-13,13:42:10,S0006,Sunil Hussain,ACCT-593352,S0045,Suman Mishra,ACCT-372548,786444,INR,CRYPTO,IndusInd Bank,True,Consulting fee
TXN-000221,2023-11-10,02:20:04,S0006,Sunil Hussain,ACCT-875063,S0039,Yusuf Khan,ACCT-893243,9339,INR,CHECK,State Bank,False,Import payment
TXN-000222,2023-08-27,10:04:04,S0077,Anil Pandey,ACCT-435434,S0076,Rahul Qureshi,ACCT-671834,6409442,INR,ONLINE_TRANSFER,Yes Bank,True,No remarks
TXN-000223,2024-07-21,14:19:42,S0025,Yusuf Joshi,ACCT-309521,S0030,Prakash Lopez,ACCT-597814,4564,INR,WIRE_TRANSFER,Yes Bank,False,Regular transfer
TXN-000224,2023-02-22,03:10:59,S0030,Prakash Lopez,ACCT-506394,S0025,Yusuf Joshi,ACCT-762216,18680,INR,WIRE_TRANSFER,Kotak Bank,False,Property deal
TXN-000225,2024-04-30,22:32:33,S0068,Kiran Reddy,ACCT-121220,S0028,Ajay Agarwal,ACCT-911454,7699199,INR,CASH_WITHDRAWAL,Yes Bank,True,Loan repayment
TXN-000226,2024-06-29,01:22:07,S0022,Abdul Chauhan,ACCT-538675,S0021,Saleem Hernandez,ACCT-104148,14768,INR,CRYPTO,Kotak Bank,False,Business payment
TXN-000227,2024-01-28,19:31:08,S0016,Arjun Shah,ACCT-935641,S0002,Suresh Sharma,ACCT-422834,9643,INR,CASH_DEPOSIT,Axis Bank,False,Property deal
TXN-000228,2024-02-15,11:14:19,S0053,Vinod Hussain,ACCT-837593,S0054,Tariq Pandey,ACCT-601971,6051,INR,ONLINE_TRANSFER,Punjab National Bank,False,Urgent transfer
TXN-000229,2023-05-09,00:33:31,S0045,Suman Mishra,ACCT-127225,S0019,Hassan Rodriguez,ACCT-595353,18204,INR,HAWALA,Kotak Bank,False,Urgent transfer
TXN-000230,2024-01-10,15:17:46,S0032,Saleem Thakur,ACCT-141973,S0035,Mohan Joshi,ACCT-230348,4392216,INR,HAWALA,Bank of Baroda,True,Import payment
TXN-000231,2024-03-09,05:32:20,S0062,Rizwan Ali,ACCT-812235,S0061,Farooq Joshi,ACCT-787001,834077,INR,ONLINE_TRANSFER,Punjab National Bank,True,Import payment
TXN-000232,2024-12-09,08:08:04,S0011,Hassan Qureshi,ACCT-680041,S0035,Mohan Joshi,ACCT-279004,6401686,INR,CRYPTO,Kotak Bank,True,Commission
TXN-000233,2024-11-16,04:15:43,S0009,Pooja Pandey,ACCT-765734,S0034,Manoj Malik,ACCT-409766,6496,INR,CASH_WITHDRAWAL,Yes Bank,True,Loan repayment
TXN-000234,2023-07-14,23:20:03,S0003,Kiran Qureshi,ACCT-767680,S0063,Mohan Hussain,ACCT-278653,4223,INR,ONLINE_TRANSFER,Kotak Bank,False,Investment return
TXN-000235,2024-06-12,07:39:05,S0016,Arjun Shah,ACCT-540360,S0067,Rajesh Ali,ACCT-130024,6056,INR,WIRE_TRANSFER,Kotak Bank,True,No remarks
TXN-000236,2024-08-10,10:49:07,S0080,Abdul Joshi,ACCT-888417,S0048,Abdul Garcia,ACCT-243873,827013,INR,HAWALA,Bank of Baroda,True,Investment return
TXN-000237,2023-01-30,14:07:49,S0058,Arjun Roy,ACCT-388140,S0057,Sanjay Ahmed,ACCT-103821,968768,INR,ONLINE_TRANSFER,State Bank,True,Monthly installment
TXN-000238,2023-05-24,04:11:52,S0075,Imran Martinez,ACCT-112147,S0078,Ashok Saxena,ACCT-629180,50187,INR,CASH_DEPOSIT,IndusInd Bank,False,Import payment
TXN-000239,2024-07-08,18:14:06,S0062,Rizwan Ali,ACCT-416533,S0060,Kiran Ahmed,ACCT-956703,35351,INR,ONLINE_TRANSFER,HDFC Bank,False,Personal
TXN-000240,2024-08-29,07:58:41,S0050,Hassan Qureshi,ACCT-569178,S0049,Rahul Agarwal,ACCT-455612,6531,INR,HAWALA,Bank of Baroda,False,Investment return
TXN-000241,2023-09-04,23:34:16,S0069,Mohan Das,ACCT-135038,S0070,Ajay Mehta,ACCT-912408,3025731,INR,ONLINE_TRANSFER,IndusInd Bank,True,Consulting fee
TXN-000242,2023-08-06,19:09:27,S0063,Mohan Hussain,ACCT-686683,S0040,Farooq Saxena,ACCT-266765,66102,INR,CHECK,Bank of Baroda,False,Commission
TXN-000243,2024-08-11,20:11:00,S0058,Arjun Roy,ACCT-826557,S0056,Anil Chauhan,ACCT-342259,1622,INR,WIRE_TRANSFER,Punjab National Bank,False,Personal
TXN-000244,2023-07-28,22:49:36,S0075,Imran Martinez,ACCT-475443,S0029,Kiran Ali,ACCT-628818,878732,INR,CHECK,ICICI Bank,True,Investment return
TXN-000245,2023-06-03,19:07:08,S0050,Hassan Qureshi,ACCT-960681,S0049,Rahul Agarwal,ACCT-770831,5924,INR,CASH_WITHDRAWAL,Bank of Baroda,False,Commission
TXN-000246,2024-06-22,01:04:57,S0059,Geeta Hernandez,ACCT-428273,S0044,Sanjay Khan,ACCT-201084,826313,INR,WIRE_TRANSFER,Bank of Baroda,True,Personal
TXN-000247,2024-03-26,03:05:23,S0038,Ashok Patel,ACCT-101207,S0041,Anil Chauhan,ACCT-154823,95672,INR,CASH_DEPOSIT,Bank of Baroda,False,Urgent transfer
TXN-000248,2024-10-12,06:17:26,S0061,Farooq Joshi,ACCT-754732,S0063,Mohan Hussain,ACCT-420732,332638,INR,HAWALA,Federal Bank,False,Monthly installment
TXN-000249,2024-03-10,01:21:40,S0065,Prakash Mehta,ACCT-854851,S0031,Rahul Thakur,ACCT-775255,737202,INR,CRYPTO,Bank of Baroda,True,Urgent transfer
TXN-000250,2024-05-31,02:34:30,S0046,Miguel Gupta,ACCT-871095,S0024,Anita Lopez,ACCT-275632,2687672,INR,HAWALA,Yes Bank,True,Regular transfer
TXN-000251,2024-06-10,20:18:11,S0011,Hassan Qureshi,ACCT-818613,S0003,Kiran Qureshi,ACCT-667617,26405,INR,CASH_DEPOSIT,Kotak Bank,True,No remarks
TXN-000252,2024-07-12,17:56:50,S0049,Rahul Agarwal,ACCT-302866,S0054,Tariq Pandey,ACCT-307307,2459755,INR,CASH_DEPOSIT,ICICI Bank,True,Regular transfer
TXN-000253,2024-12-25,20:09:27,S0053,Vinod Hussain,ACCT-327425,S0036,Ravi Ali,ACCT-452190,268098,INR,HAWALA,Federal Bank,False,Property deal
TXN-000254,2024-05-15,09:40:13,S0074,Ramesh Mishra,ACCT-117630,S0072,Priya Martinez,ACCT-270754,243499,INR,CASH_WITHDRAWAL,State Bank,False,Regular transfer
TXN-000255,2023-12-23,02:04:10,S0046,Miguel Gupta,ACCT-112965,S0051,Vinod Qureshi,ACCT-737633,950121,INR,CASH_DEPOSIT,Kotak Bank,True,No remarks
TXN-000256,2023-03-11,17:10:28,S0023,Kiran Ali,ACCT-648553,S0026,Ramesh Lopez,ACCT-670515,6586,INR,CRYPTO,ICICI Bank,False,Personal
TXN-000257,2023-03-11,07:55:33,S0065,Prakash Mehta,ACCT-318486,S0066,Imran Joshi,ACCT-262501,95359,INR,CASH_DEPOSIT,IndusInd Bank,False,Monthly installment
TXN-000258,2024-11-24,23:27:41,S0057,Sanjay Ahmed,ACCT-589820,S0036,Ravi Ali,ACCT-540900,53026,INR,CRYPTO,State Bank,False,Import payment
TXN-000259,2024-12-15,14:41:10,S0069,Mohan Das,ACCT-575905,S0070,Ajay Mehta,ACCT-139412,5261,INR,CHECK,Yes Bank,False,Urgent transfer
TXN-000260,2023-06-09,08:32:40,S0048,Abdul Garcia,ACCT-222600,S0079,Ravi Singh,ACCT-192995,283430,INR,ONLINE_TRANSFER,Kotak Bank,False,Regular transfer
TXN-000261,2023-04-14,23:50:24,S0045,Suman Mishra,ACCT-383760,S0036,Ravi Ali,ACCT-637804,6929835,INR,ONLINE_TRANSFER,Punjab National Bank,True,Property deal
TXN-000262,2024-01-31,11:50:56,S0052,Neha Reddy,ACCT-788764,S0040,Farooq Saxena,ACCT-166058,480447,INR,ONLINE_TRANSFER,Punjab National Bank,False,Personal
TXN-000263,2024-11-12,00:19:15,S0044,Sanjay Khan,ACCT-477865,S0033,Anita Malik,ACCT-421208,9277,INR,HAWALA,IndusInd Bank,False,Import payment
TXN-000264,2024-12-04,10:46:58,S0048,Abdul Garcia,ACCT-457523,S0002,Suresh Sharma,ACCT-414884,58619,INR,CRYPTO,ICICI Bank,False,Commission
TXN-000265,2024-03-07,00:06:14,S0072,Priya Martinez,ACCT-953777,S0074,Ramesh Mishra,ACCT-438357,3285,INR,CHECK,IndusInd Bank,False,Urgent transfer
TXN-000266,2023-12-19,05:56:10,S0071,Rajesh Joshi,ACCT-194243,S0080,Abdul Joshi,ACCT-189272,8620738,INR,WIRE_TRANSFER,IndusInd Bank,True,Import payment
TXN-000267,2023-06-17,18:52:00,S0056,Anil Chauhan,ACCT-482416,S0005,Arjun Verma,ACCT-837009,65656,INR,CRYPTO,Federal Bank,True,No remarks
TXN-000268,2023-04-20,23:57:01,S0071,Rajesh Joshi,ACCT-683964,S0080,Abdul Joshi,ACCT-661894,5456422,INR,CASH_DEPOSIT,Axis Bank,True,Commission
TXN-000269,2023-01-30,21:16:03,S0046,Miguel Gupta,ACCT-347518,S0049,Rahul Agarwal,ACCT-151238,8096932,INR,ONLINE_TRANSFER,Federal Bank,True,Regular transfer
TXN-000270,2023-04-05,06:17:02,S0034,Manoj Malik,ACCT-551486,S0042,Rekha Thakur,ACCT-114772,989558,INR,WIRE_TRANSFER,HDFC Bank,True,Business payment
TXN-000271,2024-10-08,04:23:10,S0012,Prakash Shah,ACCT-671120,S0007,Vikram Chauhan,ACCT-488243,869108,INR,CASH_WITHDRAWAL,Yes Bank,True,Monthly installment
TXN-000272,2024-09-09,08:09:55,S0078,Ashok Saxena,ACCT-209082,S0025,Yusuf Joshi,ACCT-935286,8982,INR,CASH_WITHDRAWAL,Yes Bank,False,No remarks
TXN-000273,2023-03-31,12:04:42,S0051,Vinod Qureshi,ACCT-276616,S0046,Miguel Gupta,ACCT-701915,219565,INR,CHECK,HDFC Bank,False,Investment return
TXN-000274,2023-07-14,18:21:40,S0002,Suresh Sharma,ACCT-767581,S0012,Prakash Shah,ACCT-102891,7795,INR,CRYPTO,Kotak Bank,False,Business payment
TXN-000275,2024-09-23,17:49:03,S0062,Rizwan Ali,ACCT-219048,S0060,Kiran Ahmed,ACCT-549616,72703,INR,CHECK,Punjab National Bank,True,Business payment
TXN-000276,2024-07-31,12:27:29,S0050,Hassan Qureshi,ACCT-741681,S0042,Rekha Thakur,ACCT-887825,5520193,INR,CHECK,ICICI Bank,True,Commission
TXN-000277,2023-06-08,11:40:46,S0004,Hassan Kumar,ACCT-510755,S0006,Sunil Hussain,ACCT-856348,9928,INR,ONLINE_TRANSFER,IndusInd Bank,False,Commission
TXN-000278,2023-01-18,03:51:17,S0026,Ramesh Lopez,ACCT-621345,S0041,Anil Chauhan,ACCT-128899,82570,INR,HAWALA,Axis Bank,False,Loan repayment
TXN-000279,2023-03-11,22:54:57,S0052,Neha Reddy,ACCT-298751,S0046,Miguel Gupta,ACCT-816401,57193,INR,CHECK,Bank of Baroda,False,Investment return
TXN-000280,2024-12-01,02:02:19,S0042,Rekha Thakur,ACCT-614003,S0039,Yusuf Khan,ACCT-411184,2449,INR,ONLINE_TRANSFER,Kotak Bank,False,No remarks
TXN-000281,2024-05-11,20:05:47,S0028,Ajay Agarwal,ACCT-519111,S0030,Prakash Lopez,ACCT-438508,2881376,INR,ONLINE_TRANSFER,HDFC Bank,True,Loan repayment
TXN-000282,2023-07-03,07:08:02,S0039,Yusuf Khan,ACCT-899813,S0036,Ravi Ali,ACCT-367743,2523,INR,HAWALA,ICICI Bank,False,Personal
TXN-000283,2024-09-07,13:50:07,S0043,Rekha Das,ACCT-327520,S0044,Sanjay Khan,ACCT-581066,3526996,INR,CRYPTO,ICICI Bank,True,Regular transfer
TXN-000284,2024-12-12,09:42:49,S0034,Manoj Malik,ACCT-118902,S0042,Rekha Thakur,ACCT-403726,224929,INR,ONLINE_TRANSFER,IndusInd Bank,False,Regular transfer
TXN-000285,2024-06-22,17:59:53,S0050,Hassan Qureshi,ACCT-686738,S0049,Rahul Agarwal,ACCT-325441,26545,INR,HAWALA,Axis Bank,False,Regular transfer
TXN-000286,2024-04-25,07:57:30,S0004,Hassan Kumar,ACCT-987207,S0024,Anita Lopez,ACCT-432294,78224,INR,CHECK,State Bank,False,Monthly installment
TXN-000287,2023-03-10,19:42:56,S0052,Neha Reddy,ACCT-574472,S0021,Saleem Hernandez,ACCT-615052,613254,INR,CASH_DEPOSIT,HDFC Bank,True,Import payment
TXN-000288,2024-09-15,16:11:39,S0043,Rekha Das,ACCT-511706,S0033,Anita Malik,ACCT-222112,60139,INR,HAWALA,Federal Bank,False,Investment return
TXN-000289,2023-06-19,05:49:11,S0079,Ravi Singh,ACCT-711668,S0069,Mohan Das,ACCT-177490,4482110,INR,ONLINE_TRANSFER,Bank of Baroda,True,Import payment
TXN-000290,2023-02-22,07:04:06,S0014,Yusuf Patel,ACCT-363704,S0022,Abdul Chauhan,ACCT-185482,485937,INR,CASH_WITHDRAWAL,Federal Bank,False,Commission
TXN-000291,2023-11-10,18:58:23,S0075,Imran Martinez,ACCT-775194,S0063,Mohan Hussain,ACCT-662227,958762,INR,CRYPTO,Axis Bank,True,Urgent transfer
TXN-000292,2024-07-13,23:51:01,S0025,Yusuf Joshi,ACCT-990288,S0013,Tariq Hernandez,ACCT-190897,97951,INR,CASH_WITHDRAWAL,Yes Bank,False,Urgent transfer
TXN-000293,2024-07-01,07:36:40,S0020,Ajay Yadav,ACCT-248938,S0001,Manoj Sharma,ACCT-627825,23073,INR,CHECK,IndusInd Bank,False,Investment return
TXN-000294,2024-08-30,18:23:31,S0012,Prakash Shah,ACCT-526165,S0002,Suresh Sharma,ACCT-200003,2609,INR,WIRE_TRANSFER,Axis Bank,False,Personal
TXN-000295,2024-10-19,02:15:47,S0072,Priya Martinez,ACCT-213289,S0079,Ravi Singh,ACCT-696888,7838021,INR,CHECK,Bank of Baroda,True,Personal
TXN-000296,2023-06-19,14:47:55,S0056,Anil Chauhan,ACCT-245406,S0002,Suresh Sharma,ACCT-773715,90539,INR,CRYPTO,Yes Bank,False,Investment return
TXN-000297,2024-02-21,15:49:13,S0073,Rahul Martinez,ACCT-313226,S0073,Rahul Martinez,ACCT-578734,6796,INR,CASH_WITHDRAWAL,HDFC Bank,False,Commission
TXN-000298,2024-11-03,16:05:27,S0027,Ramesh Patel,ACCT-323768,S0010,Kavita Thakur,ACCT-888358,7341455,INR,CASH_WITHDRAWAL,State Bank,True,Urgent transfer
TXN-000299,2024-05-20,23:57:27,S0069,Mohan Das,ACCT-703680,S0070,Ajay Mehta,ACCT-805398,199759,INR,WIRE_TRANSFER,Yes Bank,False,Commission
TXN-000300,2023-08-07,23:19:46,S0068,Kiran Reddy,ACCT-132576,S0069,Mohan Das,ACCT-596931,56208,INR,CRYPTO,HDFC Bank,False,No remarks
TXN-000301,2023-08-17,10:04:24,S0003,Kiran Qureshi,ACCT-641067,S0002,Suresh Sharma,ACCT-698067,2789,INR,HAWALA,Bank of Baroda,False,Regular transfer
TXN-000302,2023-03-18,16:53:05,S0079,Ravi Singh,ACCT-238954,S0073,Rahul Martinez,ACCT-233426,9466235,INR,WIRE_TRANSFER,Kotak Bank,True,Commission
TXN-000303,2023-09-02,22:49:17,S0054,Tariq Pandey,ACCT-271160,S0053,Vinod Hussain,ACCT-360934,378727,INR,CASH_WITHDRAWAL,IndusInd Bank,False,Personal
TXN-000304,2024-10-10,01:31:20,S0008,Pooja Lopez,ACCT-210639,S0074,Ramesh Mishra,ACCT-480441,850271,INR,WIRE_TRANSFER,Yes Bank,True,Loan repayment
TXN-000305,2024-11-17,10:14:52,S0063,Mohan Hussain,ACCT-396187,S0062,Rizwan Ali,ACCT-559484,7593372,INR,ONLINE_TRANSFER,Federal Bank,True,Urgent transfer
TXN-000306,2024-10-29,00:16:59,S0038,Ashok Patel,ACCT-501458,S0043,Rekha Das,ACCT-629769,475559,INR,HAWALA,State Bank,False,Business payment
TXN-000307,2024-02-20,12:43:06,S0042,Rekha Thakur,ACCT-358376,S0058,Arjun Roy,ACCT-138737,1117,INR,CHECK,Bank of Baroda,False,Commission
TXN-000308,2024-10-18,15:05:14,S0044,Sanjay Khan,ACCT-737606,S0033,Anita Malik,ACCT-372293,4316,INR,CRYPTO,Bank of Baroda,False,Property deal
TXN-000309,2023-08-12,09:01:15,S0031,Rahul Thakur,ACCT-331109,S0033,Anita Malik,ACCT-139027,5105424,INR,CHECK,HDFC Bank,True,No remarks
TXN-000310,2024-11-13,17:00:12,S0029,Kiran Ali,ACCT-660805,S0057,Sanjay Ahmed,ACCT-863024,9472314,INR,WIRE_TRANSFER,HDFC Bank,True,Commission
TXN-000311,2024-02-26,14:00:09,S0060,Kiran Ahmed,ACCT-445834,S0009,Pooja Pandey,ACCT-993884,9840,INR,CASH_WITHDRAWAL,Kotak Bank,False,Urgent transfer
TXN-000312,2023-05-15,01:15:59,S0022,Abdul Chauhan,ACCT-224261,S0015,Arjun Mishra,ACCT-898882,3991528,INR,CHECK,HDFC Bank,True,Investment return
TXN-000313,2023-11-09,20:17:03,S0057,Sanjay Ahmed,ACCT-967616,S0052,Neha Reddy,ACCT-332389,882525,INR,CHECK,Punjab National Bank,True,Commission
TXN-000314,2023-03-27,16:47:05,S0074,Ramesh Mishra,ACCT-823170,S0049,Rahul Agarwal,ACCT-113680,9397576,INR,WIRE_TRANSFER,ICICI Bank,True,Consulting fee
TXN-000315,2023-06-25,20:18:48,S0014,Yusuf Patel,ACCT-361990,S0072,Priya Martinez,ACCT-347250,147479,INR,CASH_WITHDRAWAL,Punjab National Bank,True,Business payment
TXN-000316,2023-08-18,20:29:25,S0001,Manoj Sharma,ACCT-255996,S0005,Arjun Verma,ACCT-653177,19360,INR,HAWALA,IndusInd Bank,False,Import payment
TXN-000317,2024-10-01,17:43:47,S0001,Manoj Sharma,ACCT-692216,S0077,Anil Pandey,ACCT-305298,64867,INR,CASH_DEPOSIT,State Bank,False,Regular transfer
TXN-000318,2024-07-09,11:45:10,S0020,Ajay Yadav,ACCT-142799,S0022,Abdul Chauhan,ACCT-508096,3170,INR,HAWALA,ICICI Bank,False,Business payment
TXN-000319,2024-02-19,01:35:35,S0062,Rizwan Ali,ACCT-362817,S0068,Kiran Reddy,ACCT-575254,62559,INR,CRYPTO,Kotak Bank,False,Urgent transfer
TXN-000320,2024-02-15,21:19:51,S0022,Abdul Chauhan,ACCT-117202,S0021,Saleem Hernandez,ACCT-977835,45165,INR,CRYPTO,ICICI Bank,False,Property deal
TXN-000321,2024-05-17,05:52:11,S0080,Abdul Joshi,ACCT-832047,S0072,Priya Martinez,ACCT-613539,38030,INR,CASH_WITHDRAWAL,Bank of Baroda,False,Loan repayment
TXN-000322,2024-07-09,09:42:30,S0007,Vikram Chauhan,ACCT-307909,S0008,Pooja Lopez,ACCT-249518,460894,INR,CRYPTO,State Bank,False,Consulting fee
TXN-000323,2023-05-01,05:18:17,S0080,Abdul Joshi,ACCT-571062,S0030,Prakash Lopez,ACCT-738267,77956,INR,WIRE_TRANSFER,Kotak Bank,False,Consulting fee
TXN-000324,2024-11-18,20:20:08,S0039,Yusuf Khan,ACCT-344662,S0036,Ravi Ali,ACCT-557204,45712,INR,CHECK,HDFC Bank,False,Consulting fee
TXN-000325,2024-11-16,16:47:26,S0024,Anita Lopez,ACCT-744997,S0027,Ramesh Patel,ACCT-413674,884089,INR,CASH_WITHDRAWAL,ICICI Bank,True,Regular transfer
TXN-000326,2023-05-30,23:53:09,S0033,Anita Malik,ACCT-311549,S0042,Rekha Thakur,ACCT-643532,7938497,INR,CRYPTO,Federal Bank,True,No remarks
TXN-000327,2023-04-27,09:03:10,S0002,Suresh Sharma,ACCT-339597,S0049,Rahul Agarwal,ACCT-792222,8974320,INR,HAWALA,IndusInd Bank,True,Consulting fee
TXN-000328,2023-06-25,05:00:29,S0038,Ashok Patel,ACCT-686218,S0004,Hassan Kumar,ACCT-684040,8285926,INR,HAWALA,Kotak Bank,True,No remarks
TXN-000329,2023-11-18,17:48:19,S0047,Pooja Hussain,ACCT-908117,S0048,Abdul Garcia,ACCT-812997,970,INR,CASH_DEPOSIT,Federal Bank,False,Regular transfer
TXN-000330,2024-08-24,00:25:53,S0007,Vikram Chauhan,ACCT-694913,S0008,Pooja Lopez,ACCT-281870,1962,INR,HAWALA,Federal Bank,False,Business payment
TXN-000331,2024-05-07,18:37:48,S0001,Manoj Sharma,ACCT-588093,S0007,Vikram Chauhan,ACCT-628212,2221,INR,ONLINE_TRANSFER,ICICI Bank,False,Loan repayment
TXN-000332,2023-06-30,10:14:39,S0008,Pooja Lopez,ACCT-332856,S0051,Vinod Qureshi,ACCT-634918,472329,INR,CHECK,State Bank,False,No remarks
TXN-000333,2023-06-29,01:52:00,S0012,Prakash Shah,ACCT-843111,S0007,Vikram Chauhan,ACCT-645435,81965,INR,CASH_DEPOSIT,Yes Bank,True,Consulting fee
TXN-000334,2023-11-16,09:15:55,S0068,Kiran Reddy,ACCT-405414,S0043,Rekha Das,ACCT-510898,38105,INR,CHECK,State Bank,False,Personal
TXN-000335,2023-07-08,00:51:45,S0077,Anil Pandey,ACCT-920087,S0080,Abdul Joshi,ACCT-202692,11906,INR,WIRE_TRANSFER,HDFC Bank,False,Regular transfer
TXN-000336,2024-04-15,23:38:34,S0078,Ashok Saxena,ACCT-268346,S0073,Rahul Martinez,ACCT-386305,1236,INR,WIRE_TRANSFER,IndusInd Bank,False,Consulting fee
TXN-000337,2023-10-01,06:22:14,S0005,Arjun Verma,ACCT-397246,S0001,Manoj Sharma,ACCT-178433,6870916,INR,CASH_WITHDRAWAL,HDFC Bank,True,Commission
TXN-000338,2023-07-01,19:44:27,S0016,Arjun Shah,ACCT-563051,S0033,Anita Malik,ACCT-869514,479896,INR,HAWALA,Axis Bank,False,No remarks
TXN-000339,2024-10-30,23:08:15,S0002,Suresh Sharma,ACCT-964106,S0005,Arjun Verma,ACCT-618502,210828,INR,CASH_DEPOSIT,Federal Bank,False,Property deal
TXN-000340,2023-04-15,15:25:47,S0071,Rajesh Joshi,ACCT-947790,S0080,Abdul Joshi,ACCT-838813,2587,INR,CASH_DEPOSIT,Kotak Bank,False,Investment return
TXN-000341,2023-03-28,16:51:44,S0038,Ashok Patel,ACCT-721564,S0074,Ramesh Mishra,ACCT-477987,85228,INR,CASH_WITHDRAWAL,Punjab National Bank,False,Monthly installment
TXN-000342,2024-10-09,14:02:55,S0004,Hassan Kumar,ACCT-565123,S0006,Sunil Hussain,ACCT-121701,99918,INR,WIRE_TRANSFER,Kotak Bank,False,Monthly installment
TXN-000343,2023-02-13,20:19:27,S0018,Sanjay Agarwal,ACCT-770634,S0014,Yusuf Patel,ACCT-612006,5403,INR,CHECK,IndusInd Bank,False,No remarks
TXN-000344,2024-06-17,15:03:28,S0068,Kiran Reddy,ACCT-967472,S0028,Ajay Agarwal,ACCT-848901,48204,INR,ONLINE_TRANSFER,Federal Bank,False,Commission
TXN-000345,2023-11-24,20:14:48,S0044,Sanjay Khan,ACCT-473471,S0020,Ajay Yadav,ACCT-274816,17662,INR,CASH_WITHDRAWAL,Bank of Baroda,False,Regular transfer
TXN-000346,2023-08-15,21:59:40,S0032,Saleem Thakur,ACCT-322399,S0042,Rekha Thakur,ACCT-473371,5990,INR,HAWALA,ICICI Bank,True,Monthly installment
TXN-000347,2023-03-19,16:23:10,S0065,Prakash Mehta,ACCT-760805,S0066,Imran Joshi,ACCT-530545,40768,INR,CASH_DEPOSIT,HDFC Bank,False,Import payment
TXN-000348,2023-07-05,15:33:49,S0032,Saleem Thakur,ACCT-873167,S0033,Anita Malik,ACCT-511823,6429077,INR,WIRE_TRANSFER,HDFC Bank,True,No remarks
TXN-000349,2023-05-04,15:25:38,S0034,Manoj Malik,ACCT-412305,S0014,Yusuf Patel,ACCT-799244,1308712,INR,CASH_WITHDRAWAL,ICICI Bank,True,Consulting fee
TXN-000350,2024-02-18,04:17:11,S0039,Yusuf Khan,ACCT-216434,S0070,Ajay Mehta,ACCT-196868,656180,INR,WIRE_TRANSFER,Federal Bank,True,Regular transfer
TXN-000351,2023-10-30,17:25:08,S0025,Yusuf Joshi,ACCT-163642,S0030,Prakash Lopez,ACCT-359845,8766616,INR,CRYPTO,Yes Bank,True,Business payment
TXN-000352,2024-08-22,11:14:50,S0027,Ramesh Patel,ACCT-307404,S0012,Prakash Shah,ACCT-539124,2690,INR,HAWALA,Kotak Bank,False,Regular transfer
TXN-000353,2024-06-20,20:17:57,S0056,Anil Chauhan,ACCT-549506,S0054,Tariq Pandey,ACCT-875386,712451,INR,WIRE_TRANSFER,Kotak Bank,True,No remarks
TXN-000354,2024-08-04,03:54:56,S0044,Sanjay Khan,ACCT-597084,S0076,Rahul Qureshi,ACCT-825666,33282,INR,CASH_WITHDRAWAL,State Bank,False,Business payment
TXN-000355,2023-12-11,07:10:43,S0049,Rahul Agarwal,ACCT-499769,S0014,Yusuf Patel,ACCT-272114,6910,INR,CASH_DEPOSIT,State Bank,False,Investment return
TXN-000356,2024-10-26,06:12:27,S0001,Manoj Sharma,ACCT-427730,S0007,Vikram Chauhan,ACCT-103489,79041,INR,HAWALA,IndusInd Bank,False,Commission
TXN-000357,2023-08-24,02:25:41,S0066,Imran Joshi,ACCT-822479,S0071,Rajesh Joshi,ACCT-633504,47942,INR,CHECK,Yes Bank,False,Loan repayment
TXN-000358,2024-09-01,02:25:56,S0034,Manoj Malik,ACCT-755997,S0042,Rekha Thakur,ACCT-216386,16711,INR,CHECK,Federal Bank,False,Loan repayment
TXN-000359,2023-01-04,07:09:22,S0017,Naveen Kumar,ACCT-267243,S0053,Vinod Hussain,ACCT-754269,2975,INR,HAWALA,HDFC Bank,False,Personal
TXN-000360,2024-06-03,09:01:09,S0046,Miguel Gupta,ACCT-134746,S0020,Ajay Yadav,ACCT-451708,9637,INR,ONLINE_TRANSFER,Yes Bank,False,Business payment
TXN-000361,2023-06-05,07:11:22,S0024,Anita Lopez,ACCT-535342,S0036,Ravi Ali,ACCT-613750,833053,INR,CASH_DEPOSIT,ICICI Bank,True,Monthly installment
TXN-000362,2023-06-18,09:05:11,S0022,Abdul Chauhan,ACCT-421104,S0015,Arjun Mishra,ACCT-101906,727089,INR,ONLINE_TRANSFER,Axis Bank,True,Loan repayment
TXN-000363,2024-10-17,19:40:07,S0030,Prakash Lopez,ACCT-325360,S0066,Imran Joshi,ACCT-128995,7329,INR,CHECK,Kotak Bank,False,Property deal
TXN-000364,2024-10-11,22:08:47,S0074,Ramesh Mishra,ACCT-772280,S0079,Ravi Singh,ACCT-447409,632910,INR,CHECK,Yes Bank,True,Property deal
TXN-000365,2023-05-14,08:24:45,S0011,Hassan Qureshi,ACCT-960976,S0003,Kiran Qureshi,ACCT-121996,45856,INR,CRYPTO,Punjab National Bank,False,Loan repayment
TXN-000366,2023-03-24,07:01:50,S0023,Kiran Ali,ACCT-696924,S0027,Ramesh Patel,ACCT-216254,934506,INR,HAWALA,Kotak Bank,True,Business payment
TXN-000367,2023-11-23,14:58:46,S0012,Prakash Shah,ACCT-903370,S0007,Vikram Chauhan,ACCT-241102,88292,INR,CRYPTO,Kotak Bank,False,Property deal
TXN-000368,2024-05-03,05:11:42,S0019,Hassan Rodriguez,ACCT-479057,S0020,Ajay Yadav,ACCT-474803,800574,INR,ONLINE_TRANSFER,State Bank,True,Commission
TXN-000369,2023-04-21,00:32:43,S0037,Suman Agarwal,ACCT-325793,S0027,Ramesh Patel,ACCT-160230,424805,INR,CHECK,Punjab National Bank,False,Commission
TXN-000370,2024-05-29,02:42:34,S0023,Kiran Ali,ACCT-886968,S0030,Prakash Lopez,ACCT-171103,2876,INR,CRYPTO,ICICI Bank,False,No remarks
TXN-000371,2023-06-23,22:04:37,S0073,Rahul Martinez,ACCT-281803,S0072,Priya Martinez,ACCT-123067,249438,INR,HAWALA,Axis Bank,True,Monthly installment
TXN-000372,2023-05-29,20:22:58,S0044,Sanjay Khan,ACCT-796782,S0014,Yusuf Patel,ACCT-402655,56436,INR,ONLINE_TRANSFER,State Bank,False,Commission
TXN-000373,2023-11-12,20:30:34,S0003,Kiran Qureshi,ACCT-389857,S0004,Hassan Kumar,ACCT-284950,5327,INR,CASH_WITHDRAWAL,Punjab National Bank,False,Monthly installment
TXN-000374,2024-08-24,20:15:53,S0069,Mohan Das,ACCT-711997,S0070,Ajay Mehta,ACCT-287896,8687642,INR,CASH_DEPOSIT,IndusInd Bank,True,Property deal
TXN-000375,2024-10-14,00:40:35,S0021,Saleem Hernandez,ACCT-548183,S0013,Tariq Hernandez,ACCT-953022,2941281,INR,ONLINE_TRANSFER,IndusInd Bank,True,Monthly installment
TXN-000376,2023-08-20,01:39:53,S0076,Rahul Qureshi,ACCT-773858,S0071,Rajesh Joshi,ACCT-739750,4796,INR,CHECK,Punjab National Bank,False,Property deal
TXN-000377,2024-01-05,22:36:25,S0032,Saleem Thakur,ACCT-401052,S0080,Abdul Joshi,ACCT-164715,1702882,INR,CHECK,Axis Bank,True,Investment return
TXN-000378,2023-12-01,04:10:40,S0073,Rahul Martinez,ACCT-193860,S0028,Ajay Agarwal,ACCT-646081,85978,INR,CHECK,Federal Bank,False,Urgent transfer
TXN-000379,2023-03-09,09:17:34,S0075,Imran Martinez,ACCT-855278,S0071,Rajesh Joshi,ACCT-848628,7586667,INR,CHECK,Axis Bank,True,No remarks
TXN-000380,2023-02-21,01:32:05,S0009,Pooja Pandey,ACCT-345674,S0074,Ramesh Mishra,ACCT-758494,1009853,INR,CASH_DEPOSIT,HDFC Bank,True,Commission
TXN-000381,2023-05-07,09:54:08,S0076,Rahul Qureshi,ACCT-981846,S0046,Miguel Gupta,ACCT-651130,613280,INR,CHECK,State Bank,True,Import payment
TXN-000382,2023-10-25,13:19:28,S0012,Prakash Shah,ACCT-627668,S0007,Vikram Chauhan,ACCT-790140,7093393,INR,CHECK,Federal Bank,True,Regular transfer
TXN-000383,2024-12-15,20:50:48,S0038,Ashok Patel,ACCT-704365,S0064,Carlos Reddy,ACCT-566155,190841,INR,CRYPTO,Federal Bank,False,Business payment
TXN-000384,2023-09-13,22:40:17,S0075,Imran Martinez,ACCT-877571,S0012,Prakash Shah,ACCT-441241,3567,INR,ONLINE_TRANSFER,Punjab National Bank,False,No remarks
TXN-000385,2024-08-15,16:36:16,S0050,Hassan Qureshi,ACCT-724870,S0049,Rahul Agarwal,ACCT-379634,3326505,INR,ONLINE_TRANSFER,HDFC Bank,True,Investment return
TXN-000386,2024-08-26,12:55:56,S0032,Saleem Thakur,ACCT-882441,S0017,Naveen Kumar,ACCT-404548,160429,INR,CASH_WITHDRAWAL,Axis Bank,True,Personal
TXN-000387,2023-03-29,15:14:13,S0014,Yusuf Patel,ACCT-307842,S0017,Naveen Kumar,ACCT-516905,7213,INR,CRYPTO,Punjab National Bank,True,No remarks
TXN-000388,2024-06-02,17:44:49,S0070,Ajay Mehta,ACCT-498129,S0056,Anil Chauhan,ACCT-265657,93701,INR,WIRE_TRANSFER,State Bank,True,Urgent transfer
TXN-000389,2023-05-13,20:35:41,S0070,Ajay Mehta,ACCT-796979,S0068,Kiran Reddy,ACCT-281684,488955,INR,WIRE_TRANSFER,IndusInd Bank,False,Investment return
TXN-000390,2024-12-21,01:00:46,S0053,Vinod Hussain,ACCT-844839,S0028,Ajay Agarwal,ACCT-517469,20544,INR,WIRE_TRANSFER,Yes Bank,False,Personal
TXN-000391,2023-09-22,02:45:52,S0036,Ravi Ali,ACCT-936791,S0034,Manoj Malik,ACCT-594514,5951,INR,CASH_DEPOSIT,Yes Bank,False,No remarks
TXN-000392,2023-10-28,20:48:34,S0073,Rahul Martinez,ACCT-503735,S0073,Rahul Martinez,ACCT-544716,92505,INR,CASH_DEPOSIT,IndusInd Bank,False,Monthly installment
TXN-000393,2024-11-01,15:07:14,S0049,Rahul Agarwal,ACCT-932968,S0052,Neha Reddy,ACCT-272901,6525,INR,HAWALA,ICICI Bank,False,Monthly installment
TXN-000394,2023-07-16,12:37:14,S0063,Mohan Hussain,ACCT-507717,S0059,Geeta Hernandez,ACCT-162060,2971547,INR,CHECK,IndusInd Bank,True,Monthly installment
TXN-000395,2024-09-15,08:50:45,S0067,Rajesh Ali,ACCT-296231,S0064,Carlos Reddy,ACCT-146413,904061,INR,ONLINE_TRANSFER,Federal Bank,True,Loan repayment
TXN-000396,2023-10-19,17:54:46,S0049,Rahul Agarwal,ACCT-994065,S0032,Saleem Thakur,ACCT-414146,370001,INR,HAWALA,Kotak Bank,False,Urgent transfer
TXN-000397,2024-09-19,01:18:58,S0028,Ajay Agarwal,ACCT-707753,S0025,Yusuf Joshi,ACCT-169542,33193,INR,CASH_WITHDRAWAL,Axis Bank,False,Loan repayment
TXN-000398,2023-09-22,18:14:27,S0019,Hassan Rodriguez,ACCT-273986,S0057,Sanjay Ahmed,ACCT-159397,7034887,INR,CASH_WITHDRAWAL,Kotak Bank,True,Consulting fee
TXN-000399,2023-05-22,15:16:14,S0018,Sanjay Agarwal,ACCT-785780,S0016,Arjun Shah,ACCT-156381,9492,INR,ONLINE_TRANSFER,Kotak Bank,False,Commission
TXN-000400,2024-06-24,19:11:58,S0031,Rahul Thakur,ACCT-912105,S0067,Rajesh Ali,ACCT-973310,66202,INR,CASH_DEPOSIT,Federal Bank,False,Commission
TXN-000401,2023-06-04,07:10:48,S0062,Rizwan Ali,ACCT-997588,S0061,Farooq Joshi,ACCT-200430,685670,INR,CASH_DEPOSIT,Kotak Bank,True,No remarks
TXN-000402,2024-12-22,00:54:15,S0078,Ashok Saxena,ACCT-975125,S0077,Anil Pandey,ACCT-116792,8904661,INR,CASH_WITHDRAWAL,Axis Bank,True,Business payment
TXN-000403,2023-03-06,14:50:23,S0027,Ramesh Patel,ACCT-287049,S0029,Kiran Ali,ACCT-628473,79464,INR,ONLINE_TRANSFER,IndusInd Bank,False,Monthly installment
TXN-000404,2023-09-29,22:21:49,S0015,Arjun Mishra,ACCT-745337,S0020,Ajay Yadav,ACCT-685743,9440,INR,WIRE_TRANSFER,Kotak Bank,False,Urgent transfer
TXN-000405,2024-08-06,20:02:45,S0002,Suresh Sharma,ACCT-414123,S0070,Ajay Mehta,ACCT-606881,2274,INR,WIRE_TRANSFER,Punjab National Bank,False,Urgent transfer
TXN-000406,2023-04-03,12:20:36,S0038,Ashok Patel,ACCT-456711,S0014,Yusuf Patel,ACCT-742397,13819,INR,CHECK,IndusInd Bank,True,Import payment
TXN-000407,2024-09-27,15:35:57,S0006,Sunil Hussain,ACCT-713441,S0005,Arjun Verma,ACCT-642186,2388569,INR,CHECK,Federal Bank,True,Investment return
TXN-000408,2023-06-30,14:46:11,S0008,Pooja Lopez,ACCT-851480,S0006,Sunil Hussain,ACCT-603135,90135,INR,CRYPTO,Punjab National Bank,False,Import payment
TXN-000409,2024-09-24,15:10:17,S0077,Anil Pandey,ACCT-733088,S0071,Rajesh Joshi,ACCT-251441,1977934,INR,ONLINE_TRANSFER,State Bank,True,Loan repayment
TXN-000410,2024-07-23,19:31:40,S0016,Arjun Shah,ACCT-153577,S0021,Saleem Hernandez,ACCT-128587,348707,INR,CASH_DEPOSIT,Yes Bank,False,Regular transfer
TXN-000411,2023-03-03,07:35:41,S0005,Arjun Verma,ACCT-106851,S0007,Vikram Chauhan,ACCT-540120,9601,INR,ONLINE_TRANSFER,IndusInd Bank,False,Investment return
TXN-000412,2024-03-17,16:18:27,S0010,Kavita Thakur,ACCT-805832,S0032,Saleem Thakur,ACCT-225999,2941,INR,CRYPTO,State Bank,False,Consulting fee
TXN-000413,2023-09-13,01:06:46,S0074,Ramesh Mishra,ACCT-123612,S0079,Ravi Singh,ACCT-978572,31709,INR,ONLINE_TRANSFER,HDFC Bank,False,Loan repayment
TXN-000414,2023-01-21,04:53:51,S0065,Prakash Mehta,ACCT-934744,S0066,Imran Joshi,ACCT-578948,6544345,INR,HAWALA,ICICI Bank,True,Property deal
TXN-000415,2024-06-28,11:15:45,S0011,Hassan Qureshi,ACCT-299368,S0041,Anil Chauhan,ACCT-467423,3722491,INR,ONLINE_TRANSFER,Bank of Baroda,True,Commission
TXN-000416,2023-06-06,05:11:40,S0019,Hassan Rodriguez,ACCT-569660,S0013,Tariq Hernandez,ACCT-499193,999225,INR,CASH_DEPOSIT,Axis Bank,True,Property deal
TXN-000417,2023-04-18,09:06:07,S0022,Abdul Chauhan,ACCT-432956,S0021,Saleem Hernandez,ACCT-920187,249711,INR,HAWALA,ICICI Bank,False,Property deal
TXN-000418,2024-06-21,19:30:33,S0066,Imran Joshi,ACCT-994929,S0007,Vikram Chauhan,ACCT-979526,829809,INR,CHECK,ICICI Bank,True,No remarks
TXN-000419,2024-07-16,05:21:24,S0065,Prakash Mehta,ACCT-590591,S0077,Anil Pandey,ACCT-872212,55272,INR,HAWALA,ICICI Bank,False,Personal
TXN-000420,2024-02-14,10:19:41,S0079,Ravi Singh,ACCT-946474,S0073,Rahul Martinez,ACCT-774247,758414,INR,ONLINE_TRANSFER,State Bank,True,Regular transfer
TXN-000421,2024-03-13,01:14:36,S0053,Vinod Hussain,ACCT-251830,S0057,Sanjay Ahmed,ACCT-211474,92472,INR,HAWALA,ICICI Bank,False,Loan repayment
TXN-000422,2024-06-20,16:46:44,S0063,Mohan Hussain,ACCT-898864,S0031,Rahul Thakur,ACCT-777975,77496,INR,CHECK,IndusInd Bank,False,Regular transfer
TXN-000423,2023-04-18,07:53:39,S0017,Naveen Kumar,ACCT-325725,S0022,Abdul Chauhan,ACCT-592764,6620,INR,CRYPTO,Punjab National Bank,False,Business payment
TXN-000424,2024-04-26,00:49:39,S0039,Yusuf Khan,ACCT-163857,S0041,Anil Chauhan,ACCT-893062,9800,INR,CASH_WITHDRAWAL,Kotak Bank,False,Consulting fee
TXN-000425,2023-05-03,04:01:12,S0080,Abdul Joshi,ACCT-880111,S0072,Priya Martinez,ACCT-803146,5873756,INR,CHECK,HDFC Bank,True,Monthly installment
TXN-000426,2023-10-30,00:28:36,S0037,Suman Agarwal,ACCT-624711,S0044,Sanjay Khan,ACCT-205839,4875057,INR,HAWALA,IndusInd Bank,True,Loan repayment
TXN-000427,2024-12-20,13:11:35,S0048,Abdul Garcia,ACCT-231662,S0047,Pooja Hussain,ACCT-710909,7210300,INR,HAWALA,Bank of Baroda,True,Consulting fee
TXN-000428,2023-10-15,02:29:39,S0001,Manoj Sharma,ACCT-440151,S0011,Hassan Qureshi,ACCT-420305,2124,INR,WIRE_TRANSFER,IndusInd Bank,False,Personal
TXN-000429,2023-10-24,14:53:59,S0080,Abdul Joshi,ACCT-484419,S0025,Yusuf Joshi,ACCT-854507,32007,INR,CASH_WITHDRAWAL,Federal Bank,False,Loan repayment
TXN-000430,2023-11-21,16:32:26,S0048,Abdul Garcia,ACCT-951470,S0076,Rahul Qureshi,ACCT-967733,317129,INR,CASH_WITHDRAWAL,State Bank,True,Investment return
TXN-000431,2023-06-12,21:39:56,S0004,Hassan Kumar,ACCT-497086,S0060,Kiran Ahmed,ACCT-183175,3649366,INR,ONLINE_TRANSFER,Federal Bank,True,Personal
TXN-000432,2023-02-12,15:15:05,S0066,Imran Joshi,ACCT-937071,S0067,Rajesh Ali,ACCT-396212,16975,INR,WIRE_TRANSFER,State Bank,False,Investment return
TXN-000433,2023-02-22,04:00:48,S0003,Kiran Qureshi,ACCT-359071,S0002,Suresh Sharma,ACCT-726754,42015,INR,ONLINE_TRANSFER,Federal Bank,False,Loan repayment
TXN-000434,2024-02-19,17:34:15,S0076,Rahul Qureshi,ACCT-472782,S0073,Rahul Martinez,ACCT-817975,3791,INR,CASH_DEPOSIT,IndusInd Bank,False,Business payment
TXN-000435,2023-01-15,09:15:04,S0024,Anita Lopez,ACCT-539875,S0027,Ramesh Patel,ACCT-698884,520204,INR,WIRE_TRANSFER,Punjab National Bank,True,Investment return
TXN-000436,2024-12-16,09:16:02,S0053,Vinod Hussain,ACCT-417183,S0039,Yusuf Khan,ACCT-244346,950477,INR,CRYPTO,HDFC Bank,True,Monthly installment
TXN-000437,2024-09-22,22:13:31,S0010,Kavita Thakur,ACCT-279390,S0002,Suresh Sharma,ACCT-529741,57180,INR,HAWALA,HDFC Bank,False,Business payment
TXN-000438,2023-01-21,11:07:29,S0072,Priya Martinez,ACCT-657076,S0074,Ramesh Mishra,ACCT-704929,66100,INR,ONLINE_TRANSFER,IndusInd Bank,False,Commission
TXN-000439,2023-09-20,22:55:33,S0040,Farooq Saxena,ACCT-773220,S0044,Sanjay Khan,ACCT-329985,6681256,INR,CASH_WITHDRAWAL,Federal Bank,True,Regular transfer
TXN-000440,2023-04-23,15:41:58,S0043,Rekha Das,ACCT-474555,S0035,Mohan Joshi,ACCT-140048,3684068,INR,HAWALA,State Bank,True,Property deal
TXN-000441,2023-04-16,12:11:29,S0073,Rahul Martinez,ACCT-441668,S0021,Saleem Hernandez,ACCT-124665,3606,INR,CRYPTO,Kotak Bank,False,Import payment
TXN-000442,2024-04-01,22:21:22,S0037,Suman Agarwal,ACCT-134219,S0016,Arjun Shah,ACCT-352429,84433,INR,ONLINE_TRANSFER,Axis Bank,False,Urgent transfer
TXN-000443,2024-12-07,03:38:14,S0066,Imran Joshi,ACCT-397091,S0067,Rajesh Ali,ACCT-717337,581702,INR,CASH_WITHDRAWAL,Yes Bank,True,Business payment
TXN-000444,2023-03-04,06:43:02,S0069,Mohan Das,ACCT-968837,S0068,Kiran Reddy,ACCT-844396,944,INR,ONLINE_TRANSFER,Bank of Baroda,False,Business payment
TXN-000445,2024-02-10,21:26:14,S0008,Pooja Lopez,ACCT-841548,S0010,Kavita Thakur,ACCT-654541,106669,INR,ONLINE_TRANSFER,HDFC Bank,False,Import payment
TXN-000446,2024-02-12,19:37:21,S0014,Yusuf Patel,ACCT-163315,S0022,Abdul Chauhan,ACCT-924008,5859,INR,CASH_WITHDRAWAL,ICICI Bank,False,Loan repayment
TXN-000447,2024-03-10,08:30:33,S0009,Pooja Pandey,ACCT-794705,S0008,Pooja Lopez,ACCT-432679,75593,INR,CHECK,Yes Bank,False,Import payment
TXN-000448,2023-11-04,04:28:14,S0070,Ajay Mehta,ACCT-190616,S0069,Mohan Das,ACCT-475170,1827,INR,CASH_DEPOSIT,Punjab National Bank,True,Urgent transfer
TXN-000449,2024-03-10,21:54:32,S0041,Anil Chauhan,ACCT-531133,S0035,Mohan Joshi,ACCT-641392,8231581,INR,CHECK,IndusInd Bank,True,No remarks
TXN-000450,2023-06-28,18:19:14,S0002,Suresh Sharma,ACCT-219930,S0005,Arjun Verma,ACCT-900551,961677,INR,CASH_DEPOSIT,Yes Bank,True,No remarks
TXN-000451,2024-08-02,17:31:05,S0055,Prakash Yadav,ACCT-199561,S0057,Sanjay Ahmed,ACCT-102946,678414,INR,CASH_DEPOSIT,HDFC Bank,True,Business payment
TXN-000452,2023-02-25,02:31:58,S0010,Kavita Thakur,ACCT-742187,S0002,Suresh Sharma,ACCT-121183,112872,INR,ONLINE_TRANSFER,ICICI Bank,False,Consulting fee
TXN-000453,2023-06-05,00:53:38,S0049,Rahul Agarwal,ACCT-306297,S0054,Tariq Pandey,ACCT-697765,35793,INR,HAWALA,Axis Bank,False,Loan repayment
TXN-000454,2023-08-27,07:13:17,S0007,Vikram Chauhan,ACCT-756894,S0003,Kiran Qureshi,ACCT-589549,44134,INR,ONLINE_TRANSFER,HDFC Bank,False,Business payment
TXN-000455,2024-10-17,17:29:10,S0077,Anil Pandey,ACCT-694669,S0071,Rajesh Joshi,ACCT-498523,189346,INR,WIRE_TRANSFER,Kotak Bank,False,Import payment
TXN-000456,2023-05-31,09:55:08,S0056,Anil Chauhan,ACCT-375226,S0054,Tariq Pandey,ACCT-652508,47916,INR,CASH_WITHDRAWAL,Punjab National Bank,False,Consulting fee
TXN-000457,2024-09-02,19:03:16,S0014,Yusuf Patel,ACCT-255157,S0063,Mohan Hussain,ACCT-542783,13257,INR,CRYPTO,IndusInd Bank,False,Investment return
TXN-000458,2023-03-14,15:59:04,S0052,Neha Reddy,ACCT-744728,S0050,Hassan Qureshi,ACCT-452958,9016,INR,ONLINE_TRANSFER,ICICI Bank,False,Investment return
TXN-000459,2024-12-18,13:39:56,S0030,Prakash Lopez,ACCT-179228,S0028,Ajay Agarwal,ACCT-547498,9688,INR,HAWALA,HDFC Bank,False,Property deal
TXN-000460,2024-06-11,05:27:26,S0045,Suman Mishra,ACCT-497343,S0036,Ravi Ali,ACCT-900354,31606,INR,CASH_WITHDRAWAL,Federal Bank,False,Loan repayment
TXN-000461,2023-02-18,12:04:09,S0079,Ravi Singh,ACCT-432197,S0050,Hassan Qureshi,ACCT-252549,14354,INR,CHECK,Yes Bank,False,Business payment
TXN-000462,2024-01-19,03:18:59,S0025,Yusuf Joshi,ACCT-742734,S0065,Prakash Mehta,ACCT-413116,6309,INR,HAWALA,Federal Bank,False,Import payment
TXN-000463,2024-09-17,02:56:29,S0010,Kavita Thakur,ACCT-539705,S0006,Sunil Hussain,ACCT-203726,9335838,INR,CASH_WITHDRAWAL,Punjab National Bank,True,Consulting fee
TXN-000464,2023-04-18,18:56:58,S0067,Rajesh Ali,ACCT-533435,S0055,Prakash Yadav,ACCT-428987,16896,INR,WIRE_TRANSFER,ICICI Bank,False,Business payment
TXN-000465,2024-09-09,03:49:37,S0054,Tariq Pandey,ACCT-994005,S0053,Vinod Hussain,ACCT-817457,63067,INR,HAWALA,Bank of Baroda,False,Consulting fee
TXN-000466,2023-06-25,04:43:42,S0049,Rahul Agarwal,ACCT-903247,S0052,Neha Reddy,ACCT-436901,88858,INR,HAWALA,Punjab National Bank,False,Loan repayment
TXN-000467,2023-09-14,06:30:17,S0032,Saleem Thakur,ACCT-256128,S0039,Yusuf Khan,ACCT-441874,70452,INR,HAWALA,HDFC Bank,False,Business payment
TXN-000468,2024-10-24,08:09:21,S0006,Sunil Hussain,ACCT-332319,S0034,Manoj Malik,ACCT-193768,129540,INR,WIRE_TRANSFER,State Bank,False,No remarks
TXN-000469,2024-12-18,17:29:50,S0006,Sunil Hussain,ACCT-330569,S0005,Arjun Verma,ACCT-461649,7647,INR,ONLINE_TRANSFER,Bank of Baroda,True,Commission
TXN-000470,2024-12-12,03:45:23,S0036,Ravi Ali,ACCT-963176,S0075,Imran Martinez,ACCT-189637,6054425,INR,CASH_DEPOSIT,Yes Bank,True,Business payment
TXN-000471,2024-05-15,06:13:41,S0079,Ravi Singh,ACCT-952112,S0020,Ajay Yadav,ACCT-350904,21262,INR,CASH_DEPOSIT,Axis Bank,True,Consulting fee
TXN-000472,2024-04-06,14:27:22,S0045,Suman Mishra,ACCT-840815,S0080,Abdul Joshi,ACCT-245618,41710,INR,WIRE_TRANSFER,ICICI Bank,False,Import payment
TXN-000473,2024-11-13,01:00:15,S0080,Abdul Joshi,ACCT-677817,S0007,Vikram Chauhan,ACCT-461099,1055,INR,HAWALA,Bank of Baroda,False,Import payment
TXN-000474,2024-07-13,19:55:53,S0024,Anita Lopez,ACCT-690776,S0035,Mohan Joshi,ACCT-635478,9516,INR,ONLINE_TRANSFER,Kotak Bank,False,Consulting fee
TXN-000475,2024-10-19,14:26:24,S0039,Yusuf Khan,ACCT-763038,S0036,Ravi Ali,ACCT-458156,4662,INR,CHECK,Punjab National Bank,False,Personal
TXN-000476,2024-08-12,02:31:01,S0078,Ashok Saxena,ACCT-441909,S0077,Anil Pandey,ACCT-103287,3996054,INR,HAWALA,Kotak Bank,True,Monthly installment
TXN-000477,2023-06-24,05:33:06,S0032,Saleem Thakur,ACCT-112756,S0053,Vinod Hussain,ACCT-462450,905261,INR,CASH_DEPOSIT,Federal Bank,True,Property deal
TXN-000478,2023-05-13,07:07:41,S0041,Anil Chauhan,ACCT-261309,S0012,Prakash Shah,ACCT-163962,378652,INR,ONLINE_TRANSFER,Punjab National Bank,True,Loan repayment
TXN-000479,2023-02-15,09:44:51,S0038,Ashok Patel,ACCT-295801,S0034,Manoj Malik,ACCT-569694,9380665,INR,CASH_DEPOSIT,HDFC Bank,True,Investment return
TXN-000480,2023-04-21,23:24:28,S0079,Ravi Singh,ACCT-669067,S0012,Prakash Shah,ACCT-137839,14399,INR,CHECK,Punjab National Bank,False,Consulting fee
TXN-000481,2023-02-16,08:28:23,S0059,Geeta Hernandez,ACCT-228290,S0078,Ashok Saxena,ACCT-963729,790844,INR,CASH_WITHDRAWAL,Bank of Baroda,True,Property deal
TXN-000482,2024-01-20,02:39:22,S0059,Geeta Hernandez,ACCT-791179,S0061,Farooq Joshi,ACCT-866221,8370929,INR,ONLINE_TRANSFER,Yes Bank,True,Monthly installment
TXN-000483,2024-05-15,08:33:27,S0054,Tariq Pandey,ACCT-795552,S0078,Ashok Saxena,ACCT-599684,540036,INR,HAWALA,State Bank,True,Consulting fee
TXN-000484,2023-04-08,21:47:05,S0003,Kiran Qureshi,ACCT-515627,S0012,Prakash Shah,ACCT-847051,53381,INR,ONLINE_TRANSFER,ICICI Bank,False,Business payment
TXN-000485,2023-10-14,23:40:19,S0059,Geeta Hernandez,ACCT-493549,S0019,Hassan Rodriguez,ACCT-576080,95971,INR,CASH_WITHDRAWAL,Kotak Bank,False,Investment return
TXN-000486,2023-07-02,04:47:36,S0037,Suman Agarwal,ACCT-968221,S0025,Yusuf Joshi,ACCT-177901,82195,INR,CASH_DEPOSIT,State Bank,False,Import payment
TXN-000487,2023-11-07,19:55:36,S0027,Ramesh Patel,ACCT-386680,S0024,Anita Lopez,ACCT-472546,5227,INR,CASH_DEPOSIT,Punjab National Bank,False,Property deal
TXN-000488,2024-09-10,04:51:12,S0024,Anita Lopez,ACCT-284742,S0064,Carlos Reddy,ACCT-389455,3575749,INR,HAWALA,Axis Bank,True,Investment return
TXN-000489,2023-09-29,19:22:58,S0034,Manoj Malik,ACCT-943954,S0042,Rekha Thakur,ACCT-252818,9203917,INR,CRYPTO,Federal Bank,True,Personal
TXN-000490,2024-09-10,11:11:23,S0044,Sanjay Khan,ACCT-466321,S0074,Ramesh Mishra,ACCT-705403,3730735,INR,CHECK,Bank of Baroda,True,Consulting fee
TXN-000491,2023-09-14,03:52:20,S0077,Anil Pandey,ACCT-197800,S0080,Abdul Joshi,ACCT-155668,9496585,INR,CHECK,ICICI Bank,True,Investment return
TXN-000492,2024-02-08,20:31:31,S0043,Rekha Das,ACCT-880623,S0015,Arjun Mishra,ACCT-994022,629426,INR,HAWALA,Punjab National Bank,True,Property deal
TXN-000493,2024-11-18,12:09:31,S0037,Suman Agarwal,ACCT-618060,S0044,Sanjay Khan,ACCT-547173,7085,INR,CRYPTO,ICICI Bank,False,Monthly installment
TXN-000494,2024-08-18,14:51:38,S0041,Anil Chauhan,ACCT-840945,S0035,Mohan Joshi,ACCT-647085,582706,INR,HAWALA,Bank of Baroda,True,Import payment
TXN-000495,2024-10-01,10:52:00,S0077,Anil Pandey,ACCT-556912,S0040,Farooq Saxena,ACCT-435890,82975,INR,CRYPTO,Punjab National Bank,False,Consulting fee
TXN-000496,2024-04-27,12:47:41,S0029,Kiran Ali,ACCT-637127,S0028,Ajay Agarwal,ACCT-583989,410268,INR,CASH_WITHDRAWAL,Punjab National Bank,False,Consulting fee
TXN-000497,2023-12-04,02:26:53,S0002,Suresh Sharma,ACCT-639906,S0012,Prakash Shah,ACCT-189486,8358316,INR,WIRE_TRANSFER,Kotak Bank,True,Monthly installment
TXN-000498,2024-09-01,02:14:24,S0041,Anil Chauhan,ACCT-587747,S0035,Mohan Joshi,ACCT-392238,542525,INR,ONLINE_TRANSFER,State Bank,True,Regular transfer
TXN-000499,2024-08-13,01:35:49,S0039,Yusuf Khan,ACCT-958771,S0055,Prakash Yadav,ACCT-622018,3602752,INR,CRYPTO,Federal Bank,True,Personal
TXN-000500,2023-09-01,11:17:38,S0021,Saleem Hernandez,ACCT-579479,S0020,Ajay Yadav,ACCT-436571,382111,INR,CASH_DEPOSIT,ICICI Bank,False,Business payment
TXN-000501,2023-07-10,23:12:14,S0048,Abdul Garcia,ACCT-246462,S0047,Pooja Hussain,ACCT-720999,4927280,INR,ONLINE_TRANSFER,Bank of Baroda,True,Monthly installment
TXN-000502,2023-04-08,14:44:24,S0018,Sanjay Agarwal,ACCT-884908,S0016,Arjun Shah,ACCT-618346,47808,INR,CASH_WITHDRAWAL,IndusInd Bank,False,Monthly installment
TXN-000503,2024-08-08,18:26:28,S0062,Rizwan Ali,ACCT-633465,S0024,Anita Lopez,ACCT-947000,758372,INR,CASH_WITHDRAWAL,Yes Bank,True,Property deal
TXN-000504,2024-01-08,21:41:40,S0004,Hassan Kumar,ACCT-956572,S0006,Sunil Hussain,ACCT-696555,71802,INR,CRYPTO,HDFC Bank,False,Urgent transfer
TXN-000505,2023-12-19,10:12:32,S0014,Yusuf Patel,ACCT-708653,S0006,Sunil Hussain,ACCT-185044,42937,INR,CRYPTO,Federal Bank,False,Investment return
TXN-000506,2023-07-22,01:50:13,S0047,Pooja Hussain,ACCT-433698,S0048,Abdul Garcia,ACCT-363248,7772,INR,HAWALA,ICICI Bank,False,Personal
TXN-000507,2023-04-06,17:36:30,S0036,Ravi Ali,ACCT-868163,S0041,Anil Chauhan,ACCT-572527,75951,INR,CASH_WITHDRAWAL,Axis Bank,False,Monthly installment
TXN-000508,2024-07-08,13:13:59,S0053,Vinod Hussain,ACCT-834400,S0058,Arjun Roy,ACCT-417101,68032,INR,CASH_DEPOSIT,ICICI Bank,False,Monthly installment
TXN-000509,2023-11-10,00:55:20,S0041,Anil Chauhan,ACCT-964416,S0036,Ravi Ali,ACCT-968378,6586,INR,CRYPTO,Kotak Bank,False,Commission
TXN-000510,2023-02-22,09:20:47,S0005,Arjun Verma,ACCT-821816,S0001,Manoj Sharma,ACCT-146157,9554735,INR,CASH_WITHDRAWAL,IndusInd Bank,True,Urgent transfer
TXN-000511,2023-02-15,22:38:19,S0051,Vinod Qureshi,ACCT-745833,S0050,Hassan Qureshi,ACCT-668210,3238,INR,ONLINE_TRANSFER,Bank of Baroda,False,Property deal
TXN-000512,2024-05-16,01:27:49,S0011,Hassan Qureshi,ACCT-691423,S0035,Mohan Joshi,ACCT-233302,225100,INR,HAWALA,Yes Bank,False,Property deal
TXN-000513,2023-04-23,19:24:10,S0001,Manoj Sharma,ACCT-152057,S0005,Arjun Verma,ACCT-640640,3961,INR,CRYPTO,Punjab National Bank,False,Consulting fee
TXN-000514,2023-01-09,07:41:28,S0019,Hassan Rodriguez,ACCT-390744,S0013,Tariq Hernandez,ACCT-883522,97665,INR,CASH_WITHDRAWAL,Yes Bank,False,Loan repayment
TXN-000515,2023-06-08,14:04:17,S0073,Rahul Martinez,ACCT-827966,S0077,Anil Pandey,ACCT-798971,2332215,INR,CASH_WITHDRAWAL,Kotak Bank,True,Property deal
TXN-000516,2023-07-08,15:51:17,S0051,Vinod Qureshi,ACCT-725572,S0028,Ajay Agarwal,ACCT-561492,39256,INR,ONLINE_TRANSFER,Yes Bank,False,Monthly installment
TXN-000517,2023-11-23,03:08:25,S0020,Ajay Yadav,ACCT-460043,S0021,Saleem Hernandez,ACCT-561079,66393,INR,HAWALA,Bank of Baroda,False,Commission
TXN-000518,2023-12-21,09:40:18,S0038,Ashok Patel,ACCT-226018,S0034,Manoj Malik,ACCT-378139,64139,INR,CASH_DEPOSIT,HDFC Bank,False,Loan repayment
TXN-000519,2023-02-03,06:55:35,S0060,Kiran Ahmed,ACCT-413350,S0059,Geeta Hernandez,ACCT-392225,151896,INR,WIRE_TRANSFER,ICICI Bank,False,Loan repayment
TXN-000520,2023-09-14,08:08:52,S0012,Prakash Shah,ACCT-130737,S0023,Kiran Ali,ACCT-853775,10780,INR,CRYPTO,Yes Bank,False,Regular transfer
TXN-000521,2024-11-23,15:52:58,S0034,Manoj Malik,ACCT-780916,S0050,Hassan Qureshi,ACCT-589776,5105022,INR,CHECK,Axis Bank,True,Loan repayment
TXN-000522,2024-12-01,05:19:46,S0067,Rajesh Ali,ACCT-256884,S0066,Imran Joshi,ACCT-126916,5653,INR,WIRE_TRANSFER,Axis Bank,False,Personal
TXN-000523,2024-06-08,12:19:00,S0062,Rizwan Ali,ACCT-762039,S0051,Vinod Qureshi,ACCT-264700,951404,INR,WIRE_TRANSFER,HDFC Bank,True,Import payment
TXN-000524,2023-01-18,00:24:34,S0063,Mohan Hussain,ACCT-690796,S0071,Rajesh Joshi,ACCT-322343,217951,INR,ONLINE_TRANSFER,State Bank,False,Regular transfer
TXN-000525,2024-05-26,00:47:17,S0049,Rahul Agarwal,ACCT-935177,S0052,Neha Reddy,ACCT-590070,3203,INR,ONLINE_TRANSFER,Axis Bank,False,Business payment
TXN-000526,2023-12-26,00:28:58,S0003,Kiran Qureshi,ACCT-712154,S0002,Suresh Sharma,ACCT-327766,948338,INR,WIRE_TRANSFER,Kotak Bank,True,Monthly installment
TXN-000527,2023-07-21,18:29:28,S0001,Manoj Sharma,ACCT-300479,S0035,Mohan Joshi,ACCT-921276,195055,INR,ONLINE_TRANSFER,Punjab National Bank,False,Business payment
TXN-000528,2024-04-23,09:53:17,S0016,Arjun Shah,ACCT-587704,S0017,Naveen Kumar,ACCT-461032,3350,INR,CHECK,HDFC Bank,False,Investment return
TXN-000529,2024-10-25,22:08:02,S0015,Arjun Mishra,ACCT-870115,S0021,Saleem Hernandez,ACCT-580724,6222,INR,ONLINE_TRANSFER,State Bank,False,Commission
TXN-000530,2024-02-07,08:35:23,S0044,Sanjay Khan,ACCT-491168,S0064,Carlos Reddy,ACCT-333566,26237,INR,WIRE_TRANSFER,Kotak Bank,False,Urgent transfer
TXN-000531,2023-08-26,20:53:36,S0023,Kiran Ali,ACCT-848056,S0058,Arjun Roy,ACCT-826926,854793,INR,CHECK,Punjab National Bank,True,Business payment
TXN-000532,2024-03-14,00:45:01,S0017,Naveen Kumar,ACCT-371645,S0072,Priya Martinez,ACCT-263619,603530,INR,CASH_WITHDRAWAL,Axis Bank,True,Business payment
TXN-000533,2024-05-20,16:51:32,S0061,Farooq Joshi,ACCT-861478,S0017,Naveen Kumar,ACCT-261660,8680410,INR,ONLINE_TRANSFER,Yes Bank,True,Commission
TXN-000534,2023-01-10,01:43:48,S0020,Ajay Yadav,ACCT-491171,S0044,Sanjay Khan,ACCT-397118,20321,INR,ONLINE_TRANSFER,Axis Bank,False,Personal
TXN-000535,2023-04-26,20:01:22,S0041,Anil Chauhan,ACCT-306985,S0035,Mohan Joshi,ACCT-105638,916556,INR,CASH_DEPOSIT,HDFC Bank,True,Consulting fee
TXN-000536,2023-08-07,21:34:25,S0044,Sanjay Khan,ACCT-474433,S0033,Anita Malik,ACCT-830908,4334,INR,WIRE_TRANSFER,Federal Bank,False,Consulting fee
TXN-000537,2024-05-08,04:33:04,S0006,Sunil Hussain,ACCT-685104,S0073,Rahul Martinez,ACCT-827977,3185,INR,ONLINE_TRANSFER,Yes Bank,True,Commission
TXN-000538,2023-02-20,08:02:06,S0077,Anil Pandey,ACCT-880413,S0076,Rahul Qureshi,ACCT-332028,9140,INR,CASH_DEPOSIT,State Bank,False,Regular transfer
TXN-000539,2024-05-20,10:02:43,S0073,Rahul Martinez,ACCT-710005,S0072,Priya Martinez,ACCT-963364,3828646,INR,WIRE_TRANSFER,Yes Bank,True,Personal
TXN-000540,2023-09-13,10:26:27,S0065,Prakash Mehta,ACCT-769708,S0066,Imran Joshi,ACCT-707003,5286,INR,WIRE_TRANSFER,State Bank,False,Business payment
TXN-000541,2024-08-18,23:12:24,S0074,Ramesh Mishra,ACCT-102182,S0057,Sanjay Ahmed,ACCT-105693,5497418,INR,CHECK,IndusInd Bank,True,Business payment
TXN-000542,2023-06-24,07:51:10,S0078,Ashok Saxena,ACCT-285643,S0076,Rahul Qureshi,ACCT-609238,5912,INR,HAWALA,Axis Bank,False,Regular transfer
TXN-000543,2024-08-03,17:50:28,S0040,Farooq Saxena,ACCT-211687,S0074,Ramesh Mishra,ACCT-411742,9177,INR,CASH_WITHDRAWAL,Axis Bank,True,Business payment
TXN-000544,2024-05-13,01:00:42,S0009,Pooja Pandey,ACCT-597181,S0055,Prakash Yadav,ACCT-428724,6155,INR,CASH_DEPOSIT,Bank of Baroda,False,Urgent transfer
TXN-000545,2023-09-10,15:32:17,S0038,Ashok Patel,ACCT-490624,S0022,Abdul Chauhan,ACCT-658310,320613,INR,CASH_WITHDRAWAL,IndusInd Bank,True,Urgent transfer
TXN-000546,2023-11-09,20:39:36,S0071,Rajesh Joshi,ACCT-997703,S0080,Abdul Joshi,ACCT-750372,919113,INR,CHECK,HDFC Bank,True,Commission
TXN-000547,2024-11-01,19:24:18,S0079,Ravi Singh,ACCT-961257,S0073,Rahul Martinez,ACCT-748464,43333,INR,ONLINE_TRANSFER,IndusInd Bank,False,Regular transfer
TXN-000548,2023-07-02,17:05:55,S0011,Hassan Qureshi,ACCT-640328,S0016,Arjun Shah,ACCT-992203,49068,INR,WIRE_TRANSFER,HDFC Bank,False,Regular transfer
TXN-000549,2023-05-10,07:31:29,S0058,Arjun Roy,ACCT-392625,S0053,Vinod Hussain,ACCT-497252,2874,INR,CHECK,Bank of Baroda,False,Regular transfer
TXN-000550,2023-02-28,12:01:13,S0012,Prakash Shah,ACCT-388666,S0063,Mohan Hussain,ACCT-356873,6318,INR,HAWALA,State Bank,False,Import payment
TXN-000551,2023-05-11,09:59:11,S0051,Vinod Qureshi,ACCT-234756,S0048,Abdul Garcia,ACCT-365706,11051,INR,CASH_DEPOSIT,State Bank,True,Consulting fee
TXN-000552,2024-09-04,17:02:37,S0035,Mohan Joshi,ACCT-530875,S0028,Ajay Agarwal,ACCT-361279,72106,INR,CRYPTO,Axis Bank,False,Business payment
TXN-000553,2023-03-29,06:18:30,S0026,Ramesh Lopez,ACCT-844133,S0023,Kiran Ali,ACCT-448628,8124,INR,CASH_WITHDRAWAL,HDFC Bank,False,Urgent transfer
TXN-000554,2024-04-23,05:31:15,S0017,Naveen Kumar,ACCT-392470,S0060,Kiran Ahmed,ACCT-703385,63048,INR,HAWALA,Kotak Bank,True,Loan repayment
TXN-000555,2023-07-11,02:03:02,S0051,Vinod Qureshi,ACCT-162436,S0047,Pooja Hussain,ACCT-622804,96431,INR,CASH_WITHDRAWAL,Yes Bank,True,Urgent transfer
TXN-000556,2023-03-24,11:34:46,S0050,Hassan Qureshi,ACCT-299494,S0049,Rahul Agarwal,ACCT-812462,9166051,INR,WIRE_TRANSFER,Yes Bank,True,Loan repayment
TXN-000557,2023-09-16,08:13:14,S0065,Prakash Mehta,ACCT-259408,S0066,Imran Joshi,ACCT-466195,4024209,INR,ONLINE_TRANSFER,Kotak Bank,True,Import payment
TXN-000558,2023-11-21,06:56:43,S0029,Kiran Ali,ACCT-965088,S0064,Carlos Reddy,ACCT-545755,2213,INR,CRYPTO,Punjab National Bank,False,Monthly installment
TXN-000559,2024-09-13,03:56:23,S0044,Sanjay Khan,ACCT-209662,S0003,Kiran Qureshi,ACCT-491533,864553,INR,CHECK,IndusInd Bank,True,Property deal
TXN-000560,2024-07-26,06:41:01,S0016,Arjun Shah,ACCT-750658,S0020,Ajay Yadav,ACCT-558981,4283,INR,ONLINE_TRANSFER,Federal Bank,False,Personal
TXN-000561,2023-10-11,06:32:23,S0020,Ajay Yadav,ACCT-661198,S0021,Saleem Hernandez,ACCT-617364,3615366,INR,CRYPTO,IndusInd Bank,True,Urgent transfer
TXN-000562,2024-07-28,23:06:58,S0064,Carlos Reddy,ACCT-618258,S0065,Prakash Mehta,ACCT-474128,740138,INR,ONLINE_TRANSFER,Bank of Baroda,True,No remarks
TXN-000563,2023-11-06,09:28:30,S0065,Prakash Mehta,ACCT-906867,S0032,Saleem Thakur,ACCT-204414,4410,INR,ONLINE_TRANSFER,Punjab National Bank,False,No remarks
TXN-000564,2024-08-29,00:50:22,S0037,Suman Agarwal,ACCT-957883,S0044,Sanjay Khan,ACCT-626907,177979,INR,ONLINE_TRANSFER,Punjab National Bank,False,Monthly installment
TXN-000565,2023-05-10,08:41:42,S0041,Anil Chauhan,ACCT-682581,S0035,Mohan Joshi,ACCT-270227,8411389,INR,HAWALA,Kotak Bank,True,Investment return
TXN-000566,2024-01-26,18:17:05,S0057,Sanjay Ahmed,ACCT-482657,S0054,Tariq Pandey,ACCT-937929,5200570,INR,CASH_DEPOSIT,HDFC Bank,True,Consulting fee
TXN-000567,2024-07-04,22:15:59,S0062,Rizwan Ali,ACCT-394621,S0037,Suman Agarwal,ACCT-542694,852310,INR,CASH_WITHDRAWAL,Axis Bank,True,No remarks
TXN-000568,2024-08-22,17:04:45,S0066,Imran Joshi,ACCT-100725,S0073,Rahul Martinez,ACCT-394863,4059,INR,CHECK,Kotak Bank,False,Monthly installment
TXN-000569,2024-12-17,14:56:48,S0047,Pooja Hussain,ACCT-216760,S0018,Sanjay Agarwal,ACCT-304966,6036369,INR,WIRE_TRANSFER,Bank of Baroda,True,Personal
TXN-000570,2024-07-30,02:19:16,S0001,Manoj Sharma,ACCT-553332,S0007,Vikram Chauhan,ACCT-689927,1232619,INR,CASH_DEPOSIT,Bank of Baroda,True,Loan repayment
TXN-000571,2023-06-15,03:10:41,S0066,Imran Joshi,ACCT-429555,S0003,Kiran Qureshi,ACCT-428201,2504,INR,HAWALA,Federal Bank,False,Import payment
TXN-000572,2024-12-06,21:18:55,S0025,Yusuf Joshi,ACCT-434951,S0030,Prakash Lopez,ACCT-527507,10249,INR,HAWALA,Axis Bank,False,Import payment
TXN-000573,2023-08-14,05:26:51,S0007,Vikram Chauhan,ACCT-243659,S0008,Pooja Lopez,ACCT-432362,945757,INR,CHECK,Kotak Bank,True,Commission
TXN-000574,2023-09-30,09:05:37,S0061,Farooq Joshi,ACCT-869703,S0060,Kiran Ahmed,ACCT-453308,9336737,INR,CASH_DEPOSIT,Bank of Baroda,True,Loan repayment
TXN-000575,2024-09-10,04:20:03,S0017,Naveen Kumar,ACCT-996056,S0022,Abdul Chauhan,ACCT-882940,78912,INR,CHECK,Axis Bank,False,Loan repayment
TXN-000576,2023-02-13,11:51:41,S0075,Imran Martinez,ACCT-388926,S0071,Rajesh Joshi,ACCT-734536,3959,INR,CRYPTO,Bank of Baroda,False,Business payment
TXN-000577,2023-01-07,20:06:41,S0033,Anita Malik,ACCT-698797,S0042,Rekha Thakur,ACCT-816275,3813270,INR,WIRE_TRANSFER,Bank of Baroda,True,No remarks
TXN-000578,2023-07-17,21:33:03,S0040,Farooq Saxena,ACCT-717430,S0044,Sanjay Khan,ACCT-492140,7415571,INR,HAWALA,IndusInd Bank,True,Commission
TXN-000579,2024-04-28,00:09:19,S0010,Kavita Thakur,ACCT-840250,S0026,Ramesh Lopez,ACCT-214088,85967,INR,HAWALA,ICICI Bank,False,Urgent transfer
TXN-000580,2024-05-22,01:39:48,S0043,Rekha Das,ACCT-539807,S0080,Abdul Joshi,ACCT-619262,5942664,INR,CASH_WITHDRAWAL,State Bank,True,Regular transfer
TXN-000581,2023-04-08,15:07:01,S0020,Ajay Yadav,ACCT-147481,S0021,Saleem Hernandez,ACCT-976029,350772,INR,CASH_WITHDRAWAL,Yes Bank,False,Personal
TXN-000582,2023-07-09,19:40:56,S0044,Sanjay Khan,ACCT-681775,S0033,Anita Malik,ACCT-933515,48994,INR,CRYPTO,Yes Bank,False,Personal
TXN-000583,2023-02-08,13:45:36,S0057,Sanjay Ahmed,ACCT-135312,S0038,Ashok Patel,ACCT-367296,1776928,INR,CASH_WITHDRAWAL,IndusInd Bank,True,Business payment
TXN-000584,2024-12-19,06:56:53,S0053,Vinod Hussain,ACCT-715710,S0062,Rizwan Ali,ACCT-369058,7086020,INR,CASH_DEPOSIT,ICICI Bank,True,Monthly installment
TXN-000585,2024-08-31,09:42:50,S0002,Suresh Sharma,ACCT-953586,S0012,Prakash Shah,ACCT-612757,4067,INR,CASH_WITHDRAWAL,Punjab National Bank,False,Consulting fee
TXN-000586,2023-06-27,07:41:53,S0034,Manoj Malik,ACCT-301862,S0024,Anita Lopez,ACCT-914136,108931,INR,CASH_WITHDRAWAL,Yes Bank,False,Urgent transfer
TXN-000587,2023-04-17,12:01:03,S0055,Prakash Yadav,ACCT-182810,S0053,Vinod Hussain,ACCT-880206,7052991,INR,HAWALA,Yes Bank,True,Urgent transfer
TXN-000588,2024-01-03,09:45:09,S0005,Arjun Verma,ACCT-553139,S0068,Kiran Reddy,ACCT-379645,24778,INR,ONLINE_TRANSFER,State Bank,False,No remarks
TXN-000589,2023-11-11,17:36:46,S0033,Anita Malik,ACCT-135148,S0042,Rekha Thakur,ACCT-895932,49068,INR,CASH_DEPOSIT,Punjab National Bank,False,Monthly installment
TXN-000590,2024-11-04,10:01:10,S0037,Suman Agarwal,ACCT-770881,S0076,Rahul Qureshi,ACCT-884486,15486,INR,CHECK,Kotak Bank,False,Loan repayment
TXN-000591,2023-12-07,11:16:19,S0064,Carlos Reddy,ACCT-335817,S0005,Arjun Verma,ACCT-886733,8247,INR,CRYPTO,State Bank,False,Consulting fee
TXN-000592,2023-05-07,08:06:55,S0062,Rizwan Ali,ACCT-656868,S0061,Farooq Joshi,ACCT-435678,3594740,INR,CASH_DEPOSIT,Yes Bank,True,Monthly installment
TXN-000593,2023-02-01,15:09:50,S0018,Sanjay Agarwal,ACCT-622371,S0040,Farooq Saxena,ACCT-184150,9740,INR,CHECK,HDFC Bank,False,Commission
TXN-000594,2023-05-03,16:09:27,S0066,Imran Joshi,ACCT-231799,S0067,Rajesh Ali,ACCT-967934,40344,INR,CRYPTO,Federal Bank,False,Regular transfer
TXN-000595,2023-12-09,22:08:02,S0003,Kiran Qureshi,ACCT-751053,S0012,Prakash Shah,ACCT-471863,647274,INR,WIRE_TRANSFER,Axis Bank,True,Investment return
TXN-000596,2024-04-14,16:20:27,S0033,Anita Malik,ACCT-396720,S0042,Rekha Thakur,ACCT-163100,3801,INR,CASH_DEPOSIT,ICICI Bank,False,Consulting fee
TXN-000597,2023-01-05,22:44:25,S0055,Prakash Yadav,ACCT-183859,S0023,Kiran Ali,ACCT-906128,5773800,INR,CRYPTO,Federal Bank,True,Regular transfer
TXN-000598,2024-07-30,18:16:12,S0020,Ajay Yadav,ACCT-998939,S0013,Tariq Hernandez,ACCT-231532,8973629,INR,WIRE_TRANSFER,HDFC Bank,True,Commission
TXN-000599,2024-07-22,12:29:52,S0027,Ramesh Patel,ACCT-751360,S0009,Pooja Pandey,ACCT-773378,1898,INR,CHECK,ICICI Bank,False,Urgent transfer
TXN-000600,2024-07-05,03:34:16,S0003,Kiran Qureshi,ACCT-231072,S0002,Suresh Sharma,ACCT-898830,9476,INR,ONLINE_TRANSFER,ICICI Bank,False,Property deal
TXN-000601,2023-03-07,09:18:23,S0076,Rahul Qureshi,ACCT-325959,S0071,Rajesh Joshi,ACCT-186495,8040309,INR,CASH_WITHDRAWAL,Kotak Bank,True,Commission
TXN-000602,2023-10-10,02:50:51,S0063,Mohan Hussain,ACCT-712136,S0001,Manoj Sharma,ACCT-454529,8032124,INR,CASH_WITHDRAWAL,Axis Bank,True,No remarks
TXN-000603,2023-04-12,03:55:53,S0018,Sanjay Agarwal,ACCT-788904,S0069,Mohan Das,ACCT-648238,972132,INR,CRYPTO,Federal Bank,True,Regular transfer
TXN-000604,2024-09-06,22:43:23,S0058,Arjun Roy,ACCT-346180,S0069,Mohan Das,ACCT-122957,8791203,INR,ONLINE_TRANSFER,Federal Bank,True,Investment return
TXN-000605,2024-06-23,05:17:46,S0080,Abdul Joshi,ACCT-467360,S0072,Priya Martinez,ACCT-257492,2480,INR,CASH_DEPOSIT,Punjab National Bank,False,Commission
TXN-000606,2024-12-28,03:58:05,S0040,Farooq Saxena,ACCT-569389,S0059,Geeta Hernandez,ACCT-194896,231245,INR,CHECK,Yes Bank,False,Commission
TXN-000607,2024-08-31,16:33:47,S0046,Miguel Gupta,ACCT-514320,S0049,Rahul Agarwal,ACCT-113280,39516,INR,CHECK,HDFC Bank,False,No remarks
TXN-000608,2024-06-26,09:37:13,S0067,Rajesh Ali,ACCT-554928,S0065,Prakash Mehta,ACCT-810008,7822657,INR,CASH_DEPOSIT,HDFC Bank,True,Monthly installment
TXN-000609,2024-12-30,22:12:12,S0037,Suman Agarwal,ACCT-286133,S0032,Saleem Thakur,ACCT-866774,90896,INR,CASH_DEPOSIT,IndusInd Bank,False,Import payment
TXN-000610,2023-12-27,01:05:59,S0069,Mohan Das,ACCT-790327,S0070,Ajay Mehta,ACCT-524129,7055100,INR,CASH_DEPOSIT,Kotak Bank,True,Commission
TXN-000611,2023-02-06,21:04:22,S0042,Rekha Thakur,ACCT-749471,S0033,Anita Malik,ACCT-149732,36897,INR,CASH_WITHDRAWAL,Bank of Baroda,True,Consulting fee
TXN-000612,2023-07-23,02:08:01,S0064,Carlos Reddy,ACCT-254997,S0065,Prakash Mehta,ACCT-236011,6983282,INR,HAWALA,Axis Bank,True,Import payment
TXN-000613,2023-11-15,05:49:13,S0004,Hassan Kumar,ACCT-197917,S0006,Sunil Hussain,ACCT-817637,77620,INR,HAWALA,Kotak Bank,True,No remarks
TXN-000614,2024-10-01,03:56:54,S0050,Hassan Qureshi,ACCT-279589,S0006,Sunil Hussain,ACCT-509679,9300975,INR,CRYPTO,ICICI Bank,True,No remarks
TXN-000615,2023-10-30,13:02:01,S0019,Hassan Rodriguez,ACCT-965781,S0013,Tariq Hernandez,ACCT-968224,99881,INR,CASH_WITHDRAWAL,Federal Bank,False,Urgent transfer
TXN-000616,2023-12-01,16:43:20,S0066,Imran Joshi,ACCT-732035,S0018,Sanjay Agarwal,ACCT-599771,91740,INR,CASH_DEPOSIT,Bank of Baroda,False,Regular transfer
TXN-000617,2023-03-30,16:54:10,S0069,Mohan Das,ACCT-195966,S0068,Kiran Reddy,ACCT-660063,830653,INR,ONLINE_TRANSFER,Bank of Baroda,True,Urgent transfer
TXN-000618,2023-07-27,10:04:43,S0042,Rekha Thakur,ACCT-277461,S0039,Yusuf Khan,ACCT-215229,317429,INR,CASH_WITHDRAWAL,Kotak Bank,False,Business payment
TXN-000619,2023-12-22,21:39:14,S0011,Hassan Qureshi,ACCT-279306,S0035,Mohan Joshi,ACCT-886421,84497,INR,CASH_DEPOSIT,Punjab National Bank,False,Personal
TXN-000620,2024-06-04,22:22:55,S0040,Farooq Saxena,ACCT-432951,S0042,Rekha Thakur,ACCT-220596,4562769,INR,ONLINE_TRANSFER,Bank of Baroda,True,Property deal
TXN-000621,2024-12-09,14:49:55,S0042,Rekha Thakur,ACCT-228406,S0046,Miguel Gupta,ACCT-751489,7777099,INR,CHECK,Axis Bank,True,No remarks
TXN-000622,2024-05-05,14:23:12,S0080,Abdul Joshi,ACCT-723179,S0007,Vikram Chauhan,ACCT-378459,9113908,INR,ONLINE_TRANSFER,HDFC Bank,True,Personal
TXN-000623,2024-06-08,23:47:18,S0001,Manoj Sharma,ACCT-285287,S0005,Arjun Verma,ACCT-183255,6734,INR,CHECK,IndusInd Bank,False,Import payment
TXN-000624,2024-03-03,16:51:05,S0004,Hassan Kumar,ACCT-315070,S0006,Sunil Hussain,ACCT-594036,72126,INR,ONLINE_TRANSFER,Yes Bank,True,Regular transfer
TXN-000625,2023-03-14,12:52:21,S0021,Saleem Hernandez,ACCT-714265,S0062,Rizwan Ali,ACCT-141948,3445772,INR,WIRE_TRANSFER,Federal Bank,True,Import payment
TXN-000626,2024-05-24,13:39:16,S0025,Yusuf Joshi,ACCT-149731,S0032,Saleem Thakur,ACCT-665960,73147,INR,CRYPTO,Kotak Bank,True,Personal
TXN-000627,2024-11-29,10:55:43,S0014,Yusuf Patel,ACCT-777831,S0020,Ajay Yadav,ACCT-578151,774922,INR,ONLINE_TRANSFER,Kotak Bank,True,Commission
TXN-000628,2023-07-21,23:02:40,S0069,Mohan Das,ACCT-815926,S0070,Ajay Mehta,ACCT-629224,759100,INR,CHECK,Punjab National Bank,True,Business payment
TXN-000629,2023-04-09,10:53:17,S0048,Abdul Garcia,ACCT-933078,S0046,Miguel Gupta,ACCT-497768,8112,INR,WIRE_TRANSFER,Yes Bank,False,Investment return
TXN-000630,2024-10-01,10:21:48,S0066,Imran Joshi,ACCT-394521,S0015,Arjun Mishra,ACCT-745739,638784,INR,ONLINE_TRANSFER,Federal Bank,True,Consulting fee
TXN-000631,2023-06-08,12:54:39,S0049,Rahul Agarwal,ACCT-817205,S0060,Kiran Ahmed,ACCT-853269,956699,INR,HAWALA,Bank of Baroda,True,Consulting fee
TXN-000632,2023-07-01,06:53:57,S0051,Vinod Qureshi,ACCT-212676,S0046,Miguel Gupta,ACCT-539941,708504,INR,HAWALA,IndusInd Bank,True,Business payment
TXN-000633,2024-03-02,19:44:57,S0030,Prakash Lopez,ACCT-650349,S0004,Hassan Kumar,ACCT-459169,23478,INR,WIRE_TRANSFER,Axis Bank,False,Business payment
TXN-000634,2023-02-07,18:11:40,S0025,Yusuf Joshi,ACCT-191593,S0079,Ravi Singh,ACCT-434662,587523,INR,CASH_DEPOSIT,Bank of Baroda,True,Monthly installment
TXN-000635,2023-04-26,17:48:26,S0071,Rajesh Joshi,ACCT-303595,S0024,Anita Lopez,ACCT-873513,1132,INR,CASH_DEPOSIT,IndusInd Bank,False,Business payment
TXN-000636,2024-07-01,06:30:16,S0013,Tariq Hernandez,ACCT-485110,S0015,Arjun Mishra,ACCT-778581,8047,INR,ONLINE_TRANSFER,ICICI Bank,False,Loan repayment
TXN-000637,2024-01-29,12:54:44,S0047,Pooja Hussain,ACCT-674166,S0067,Rajesh Ali,ACCT-473393,9491,INR,ONLINE_TRANSFER,ICICI Bank,False,Consulting fee
TXN-000638,2023-07-12,22:48:15,S0043,Rekha Das,ACCT-607561,S0002,Suresh Sharma,ACCT-854931,2047,INR,HAWALA,Axis Bank,False,No remarks
TXN-000639,2023-03-16,04:49:03,S0076,Rahul Qureshi,ACCT-539384,S0073,Rahul Martinez,ACCT-773485,4396746,INR,ONLINE_TRANSFER,Federal Bank,True,Loan repayment
TXN-000640,2023-05-29,09:29:32,S0067,Rajesh Ali,ACCT-117256,S0066,Imran Joshi,ACCT-791273,18121,INR,CHECK,HDFC Bank,False,Regular transfer
TXN-000641,2024-03-04,08:04:13,S0012,Prakash Shah,ACCT-762248,S0045,Suman Mishra,ACCT-911815,4135,INR,CHECK,Bank of Baroda,False,Import payment
TXN-000642,2024-09-27,07:26:04,S0049,Rahul Agarwal,ACCT-134559,S0037,Suman Agarwal,ACCT-797795,29154,INR,CHECK,Punjab National Bank,False,Investment return
TXN-000643,2024-12-15,01:25:36,S0020,Ajay Yadav,ACCT-691889,S0013,Tariq Hernandez,ACCT-412929,1885198,INR,CASH_WITHDRAWAL,State Bank,True,Property deal
TXN-000644,2023-03-21,07:41:33,S0026,Ramesh Lopez,ACCT-735101,S0018,Sanjay Agarwal,ACCT-281844,899594,INR,CRYPTO,Federal Bank,True,Personal
TXN-000645,2024-06-18,05:53:40,S0024,Anita Lopez,ACCT-538011,S0029,Kiran Ali,ACCT-729882,6509,INR,ONLINE_TRANSFER,HDFC Bank,False,Consulting fee
TXN-000646,2023-09-06,07:52:44,S0048,Abdul Garcia,ACCT-172576,S0012,Prakash Shah,ACCT-780065,1023,INR,CASH_DEPOSIT,State Bank,True,Regular transfer
TXN-000647,2023-04-26,03:55:12,S0043,Rekha Das,ACCT-893289,S0032,Saleem Thakur,ACCT-931386,928067,INR,CRYPTO,ICICI Bank,True,Loan repayment
TXN-000648,2023-12-12,14:05:43,S0074,Ramesh Mishra,ACCT-495093,S0009,Pooja Pandey,ACCT-306588,6173735,INR,ONLINE_TRANSFER,State Bank,True,Import payment
TXN-000649,2023-12-11,15:51:19,S0025,Yusuf Joshi,ACCT-980775,S0059,Geeta Hernandez,ACCT-197684,5638,INR,HAWALA,ICICI Bank,False,Loan repayment
TXN-000650,2023-03-15,05:14:28,S0074,Ramesh Mishra,ACCT-470307,S0079,Ravi Singh,ACCT-131124,2883369,INR,CASH_DEPOSIT,Federal Bank,True,Commission
TXN-000651,2023-09-26,12:43:31,S0059,Geeta Hernandez,ACCT-289346,S0061,Farooq Joshi,ACCT-591081,6938748,INR,CASH_WITHDRAWAL,Yes Bank,True,Import payment
TXN-000652,2023-07-21,06:07:01,S0058,Arjun Roy,ACCT-574829,S0071,Rajesh Joshi,ACCT-313635,9843639,INR,CASH_DEPOSIT,Yes Bank,True,Personal
TXN-000653,2023-07-25,16:26:39,S0049,Rahul Agarwal,ACCT-168141,S0054,Tariq Pandey,ACCT-942747,163833,INR,CHECK,Bank of Baroda,False,No remarks
TXN-000654,2023-05-30,16:00:30,S0009,Pooja Pandey,ACCT-296573,S0005,Arjun Verma,ACCT-219185,4299,INR,CASH_WITHDRAWAL,ICICI Bank,True,Personal
TXN-000655,2024-09-04,19:00:48,S0012,Prakash Shah,ACCT-259326,S0067,Rajesh Ali,ACCT-368472,38806,INR,CASH_DEPOSIT,Federal Bank,False,Loan repayment
TXN-000656,2024-09-28,02:04:31,S0033,Anita Malik,ACCT-132230,S0019,Hassan Rodriguez,ACCT-264743,25823,INR,HAWALA,Bank of Baroda,False,Regular transfer
TXN-000657,2023-06-06,08:11:16,S0001,Manoj Sharma,ACCT-370267,S0061,Farooq Joshi,ACCT-391631,994590,INR,WIRE_TRANSFER,Bank of Baroda,True,Business payment
TXN-000658,2023-10-16,23:01:57,S0026,Ramesh Lopez,ACCT-454071,S0058,Arjun Roy,ACCT-367344,569760,INR,HAWALA,Federal Bank,True,Regular transfer
TXN-000659,2023-06-07,20:54:30,S0006,Sunil Hussain,ACCT-699308,S0005,Arjun Verma,ACCT-836151,4657,INR,ONLINE_TRANSFER,Federal Bank,False,Investment return
TXN-000660,2023-03-31,12:43:25,S0026,Ramesh Lopez,ACCT-913132,S0018,Sanjay Agarwal,ACCT-921733,97270,INR,CASH_DEPOSIT,Axis Bank,False,Regular transfer
TXN-000661,2024-01-20,06:15:23,S0011,Hassan Qureshi,ACCT-156935,S0035,Mohan Joshi,ACCT-714656,6890416,INR,ONLINE_TRANSFER,State Bank,True,Import payment
TXN-000662,2023-03-07,08:08:08,S0067,Rajesh Ali,ACCT-157001,S0066,Imran Joshi,ACCT-290865,609902,INR,HAWALA,ICICI Bank,True,Import payment
TXN-000663,2023-01-10,01:55:42,S0034,Manoj Malik,ACCT-486014,S0026,Ramesh Lopez,ACCT-337419,796703,INR,CHECK,Axis Bank,True,Business payment
TXN-000664,2024-10-19,08:34:50,S0045,Suman Mishra,ACCT-572745,S0060,Kiran Ahmed,ACCT-562966,333423,INR,CASH_DEPOSIT,Kotak Bank,True,Investment return
TXN-000665,2024-03-09,07:03:29,S0028,Ajay Agarwal,ACCT-559580,S0025,Yusuf Joshi,ACCT-770136,1460719,INR,HAWALA,State Bank,True,Personal
TXN-000666,2023-12-05,01:38:08,S0029,Kiran Ali,ACCT-446505,S0059,Geeta Hernandez,ACCT-241900,22973,INR,HAWALA,HDFC Bank,False,Personal
TXN-000667,2024-01-01,04:48:19,S0017,Naveen Kumar,ACCT-427606,S0053,Vinod Hussain,ACCT-870489,2841375,INR,CASH_WITHDRAWAL,Yes Bank,True,Business payment
TXN-000668,2023-03-28,18:54:51,S0025,Yusuf Joshi,ACCT-895851,S0036,Ravi Ali,ACCT-667843,2660957,INR,CHECK,State Bank,True,Property deal
TXN-000669,2023-03-15,07:30:36,S0024,Anita Lopez,ACCT-638967,S0027,Ramesh Patel,ACCT-574721,969850,INR,ONLINE_TRANSFER,Kotak Bank,True,Import payment
TXN-000670,2024-08-18,01:37:48,S0061,Farooq Joshi,ACCT-575051,S0063,Mohan Hussain,ACCT-757703,4473,INR,CHECK,ICICI Bank,False,Import payment
TXN-000671,2023-06-04,20:09:49,S0028,Ajay Agarwal,ACCT-742990,S0025,Yusuf Joshi,ACCT-172634,2406559,INR,CASH_WITHDRAWAL,Federal Bank,True,Urgent transfer
TXN-000672,2023-04-05,00:36:48,S0020,Ajay Yadav,ACCT-590355,S0080,Abdul Joshi,ACCT-933292,8185222,INR,CASH_WITHDRAWAL,Federal Bank,True,Regular transfer
TXN-000673,2023-08-14,17:49:28,S0070,Ajay Mehta,ACCT-173875,S0068,Kiran Reddy,ACCT-837696,88033,INR,CASH_WITHDRAWAL,Federal Bank,False,Monthly installment
TXN-000674,2024-10-19,18:49:31,S0025,Yusuf Joshi,ACCT-667047,S0030,Prakash Lopez,ACCT-594012,524018,INR,CRYPTO,Axis Bank,True,Urgent transfer
TXN-000675,2023-08-24,08:05:56,S0024,Anita Lopez,ACCT-364110,S0029,Kiran Ali,ACCT-891425,71325,INR,WIRE_TRANSFER,Punjab National Bank,False,Investment return
TXN-000676,2023-03-23,20:50:17,S0074,Ramesh Mishra,ACCT-218277,S0014,Yusuf Patel,ACCT-201148,75757,INR,HAWALA,Axis Bank,False,No remarks
TXN-000677,2023-02-04,13:43:53,S0055,Prakash Yadav,ACCT-689146,S0054,Tariq Pandey,ACCT-395126,89532,INR,CASH_DEPOSIT,Federal Bank,False,Commission
TXN-000678,2024-08-17,00:42:24,S0023,Kiran Ali,ACCT-649841,S0028,Ajay Agarwal,ACCT-114570,19758,INR,WIRE_TRANSFER,ICICI Bank,True,No remarks
TXN-000679,2024-02-18,07:36:22,S0018,Sanjay Agarwal,ACCT-970640,S0038,Ashok Patel,ACCT-699839,17743,INR,HAWALA,IndusInd Bank,False,No remarks
TXN-000680,2023-02-17,07:19:09,S0020,Ajay Yadav,ACCT-258884,S0040,Farooq Saxena,ACCT-652904,89523,INR,CASH_DEPOSIT,IndusInd Bank,False,Regular transfer
TXN-000681,2023-09-25,01:25:52,S0053,Vinod Hussain,ACCT-314675,S0069,Mohan Das,ACCT-698855,6480669,INR,CASH_DEPOSIT,Bank of Baroda,True,Business payment
TXN-000682,2024-09-14,21:57:21,S0031,Rahul Thakur,ACCT-298659,S0030,Prakash Lopez,ACCT-906796,5521,INR,CASH_DEPOSIT,State Bank,False,Loan repayment
TXN-000683,2024-07-20,05:56:53,S0020,Ajay Yadav,ACCT-455735,S0021,Saleem Hernandez,ACCT-115884,7203917,INR,CRYPTO,IndusInd Bank,True,Loan repayment
TXN-000684,2024-01-05,15:20:26,S0071,Rajesh Joshi,ACCT-393371,S0080,Abdul Joshi,ACCT-433200,304321,INR,CASH_DEPOSIT,HDFC Bank,False,Import payment
TXN-000685,2024-05-06,13:29:27,S0040,Farooq Saxena,ACCT-597759,S0041,Anil Chauhan,ACCT-313268,48561,INR,CASH_DEPOSIT,ICICI Bank,False,No remarks
TXN-000686,2023-10-12,08:45:14,S0077,Anil Pandey,ACCT-933137,S0008,Pooja Lopez,ACCT-194875,3328,INR,CASH_DEPOSIT,HDFC Bank,False,Import payment
TXN-000687,2024-08-10,15:19:32,S0002,Suresh Sharma,ACCT-298279,S0012,Prakash Shah,ACCT-909342,13370,INR,CHECK,ICICI Bank,False,Business payment
TXN-000688,2024-03-27,20:01:39,S0058,Arjun Roy,ACCT-820535,S0056,Anil Chauhan,ACCT-217108,2670028,INR,CRYPTO,Kotak Bank,True,Loan repayment
TXN-000689,2023-08-20,17:03:27,S0019,Hassan Rodriguez,ACCT-614626,S0014,Yusuf Patel,ACCT-634123,8722728,INR,CASH_WITHDRAWAL,ICICI Bank,True,Consulting fee
TXN-000690,2024-03-19,12:21:38,S0016,Arjun Shah,ACCT-170467,S0021,Saleem Hernandez,ACCT-698990,8744,INR,CHECK,Yes Bank,False,Import payment
TXN-000691,2024-01-28,05:22:33,S0059,Geeta Hernandez,ACCT-880835,S0061,Farooq Joshi,ACCT-498155,1716785,INR,HAWALA,IndusInd Bank,True,No remarks
TXN-000692,2023-03-28,12:16:24,S0077,Anil Pandey,ACCT-555821,S0045,Suman Mishra,ACCT-257012,17818,INR,CASH_WITHDRAWAL,Yes Bank,False,Property deal
TXN-000693,2024-11-25,00:17:15,S0053,Vinod Hussain,ACCT-205717,S0072,Priya Martinez,ACCT-826728,6144589,INR,CASH_WITHDRAWAL,Bank of Baroda,True,Consulting fee
TXN-000694,2024-05-13,12:29:51,S0035,Mohan Joshi,ACCT-700175,S0031,Rahul Thakur,ACCT-798218,86285,INR,ONLINE_TRANSFER,ICICI Bank,True,Consulting fee
TXN-000695,2023-11-10,13:54:25,S0057,Sanjay Ahmed,ACCT-293241,S0055,Prakash Yadav,ACCT-325019,7759996,INR,WIRE_TRANSFER,Federal Bank,True,Consulting fee
TXN-000696,2024-02-26,10:54:53,S0042,Rekha Thakur,ACCT-898754,S0039,Yusuf Khan,ACCT-927156,337004,INR,HAWALA,Yes Bank,False,Monthly installment
TXN-000697,2024-07-07,19:57:04,S0072,Priya Martinez,ACCT-549854,S0079,Ravi Singh,ACCT-709118,3828,INR,CHECK,HDFC Bank,False,Import payment
TXN-000698,2024-07-28,21:29:13,S0051,Vinod Qureshi,ACCT-851989,S0019,Hassan Rodriguez,ACCT-326663,82964,INR,CASH_WITHDRAWAL,HDFC Bank,False,Commission
TXN-000699,2024-04-24,17:50:01,S0054,Tariq Pandey,ACCT-938511,S0053,Vinod Hussain,ACCT-577663,4442170,INR,CHECK,Kotak Bank,True,Business payment
TXN-000700,2023-06-20,08:15:56,S0059,Geeta Hernandez,ACCT-152209,S0061,Farooq Joshi,ACCT-122983,90958,INR,WIRE_TRANSFER,Punjab National Bank,False,Business payment
TXN-000701,2023-01-01,00:58:37,S0056,Anil Chauhan,ACCT-417973,S0054,Tariq Pandey,ACCT-580631,39882,INR,CASH_DEPOSIT,Punjab National Bank,False,Loan repayment
TXN-000702,2024-03-03,23:58:04,S0029,Kiran Ali,ACCT-949275,S0028,Ajay Agarwal,ACCT-311551,51781,INR,WIRE_TRANSFER,State Bank,False,No remarks
TXN-000703,2023-07-25,21:05:39,S0078,Ashok Saxena,ACCT-965740,S0077,Anil Pandey,ACCT-280660,458109,INR,CASH_DEPOSIT,Kotak Bank,True,Urgent transfer
TXN-000704,2024-09-07,16:49:02,S0069,Mohan Das,ACCT-629864,S0068,Kiran Reddy,ACCT-144190,560,INR,HAWALA,Punjab National Bank,False,No remarks
TXN-000705,2023-03-31,13:34:16,S0039,Yusuf Khan,ACCT-491085,S0036,Ravi Ali,ACCT-631180,46994,INR,HAWALA,HDFC Bank,False,Monthly installment
TXN-000706,2024-04-23,05:57:41,S0008,Pooja Lopez,ACCT-211148,S0024,Anita Lopez,ACCT-550679,228257,INR,ONLINE_TRANSFER,IndusInd Bank,False,Property deal
TXN-000707,2023-04-21,08:21:30,S0045,Suman Mishra,ACCT-493004,S0025,Yusuf Joshi,ACCT-245098,456299,INR,ONLINE_TRANSFER,Yes Bank,False,Personal
TXN-000708,2023-04-30,23:27:37,S0067,Rajesh Ali,ACCT-687704,S0064,Carlos Reddy,ACCT-256165,4157254,INR,ONLINE_TRANSFER,Yes Bank,True,Commission
TXN-000709,2024-05-24,23:11:05,S0008,Pooja Lopez,ACCT-239278,S0006,Sunil Hussain,ACCT-722374,264878,INR,WIRE_TRANSFER,Yes Bank,False,Urgent transfer
TXN-000710,2023-05-28,18:06:37,S0005,Arjun Verma,ACCT-230126,S0011,Hassan Qureshi,ACCT-214034,62185,INR,CASH_DEPOSIT,Punjab National Bank,False,No remarks
TXN-000711,2024-11-18,00:12:46,S0070,Ajay Mehta,ACCT-617613,S0050,Hassan Qureshi,ACCT-120390,518320,INR,CASH_WITHDRAWAL,HDFC Bank,True,Business payment
TXN-000712,2023-09-14,04:34:27,S0067,Rajesh Ali,ACCT-285378,S0064,Carlos Reddy,ACCT-820940,975527,INR,HAWALA,HDFC Bank,True,No remarks
TXN-000713,2024-11-29,02:52:31,S0056,Anil Chauhan,ACCT-819085,S0054,Tariq Pandey,ACCT-693863,800219,INR,ONLINE_TRANSFER,Kotak Bank,True,Regular transfer
TXN-000714,2024-07-09,03:06:07,S0058,Arjun Roy,ACCT-847795,S0057,Sanjay Ahmed,ACCT-903598,6374522,INR,HAWALA,IndusInd Bank,True,Personal
TXN-000715,2023-08-31,17:12:01,S0050,Hassan Qureshi,ACCT-840754,S0049,Rahul Agarwal,ACCT-168982,1875712,INR,HAWALA,Punjab National Bank,True,Regular transfer
TXN-000716,2023-03-25,21:22:43,S0028,Ajay Agarwal,ACCT-748606,S0042,Rekha Thakur,ACCT-596716,6243,INR,CASH_WITHDRAWAL,Kotak Bank,False,Consulting fee
TXN-000717,2024-07-08,06:59:37,S0017,Naveen Kumar,ACCT-520147,S0022,Abdul Chauhan,ACCT-424773,1899,INR,CASH_WITHDRAWAL,Axis Bank,False,Monthly installment
TXN-000718,2024-02-22,21:24:58,S0077,Anil Pandey,ACCT-642134,S0042,Rekha Thakur,ACCT-824523,46178,INR,CASH_WITHDRAWAL,IndusInd Bank,False,Commission
TXN-000719,2024-03-06,19:12:55,S0056,Anil Chauhan,ACCT-796834,S0034,Manoj Malik,ACCT-243718,923278,INR,HAWALA,ICICI Bank,True,Commission
TXN-000720,2024-10-13,06:54:04,S0022,Abdul Chauhan,ACCT-428558,S0015,Arjun Mishra,ACCT-725106,39375,INR,ONLINE_TRANSFER,Bank of Baroda,False,Business payment
TXN-000721,2024-12-25,01:09:55,S0013,Tariq Hernandez,ACCT-114477,S0036,Ravi Ali,ACCT-896673,6663,INR,CRYPTO,State Bank,False,No remarks
TXN-000722,2024-09-16,02:33:52,S0037,Suman Agarwal,ACCT-891128,S0032,Saleem Thakur,ACCT-213129,2971,INR,HAWALA,Kotak Bank,False,Monthly installment
TXN-000723,2024-12-08,01:42:29,S0019,Hassan Rodriguez,ACCT-221520,S0024,Anita Lopez,ACCT-722700,874825,INR,CRYPTO,IndusInd Bank,True,Urgent transfer
TXN-000724,2024-08-18,23:51:34,S0001,Manoj Sharma,ACCT-413543,S0030,Prakash Lopez,ACCT-741329,7962,INR,CASH_DEPOSIT,ICICI Bank,True,Consulting fee
TXN-000725,2024-09-02,23:08:09,S0053,Vinod Hussain,ACCT-480816,S0057,Sanjay Ahmed,ACCT-362880,85780,INR,CHECK,State Bank,False,Commission
TXN-000726,2023-10-06,16:32:51,S0027,Ramesh Patel,ACCT-831666,S0029,Kiran Ali,ACCT-226896,97270,INR,HAWALA,ICICI Bank,True,Property deal
TXN-000727,2023-01-06,21:11:28,S0047,Pooja Hussain,ACCT-746470,S0042,Rekha Thakur,ACCT-416927,9828,INR,CASH_DEPOSIT,State Bank,False,Commission
TXN-000728,2023-10-12,09:24:26,S0039,Yusuf Khan,ACCT-939097,S0044,Sanjay Khan,ACCT-201588,4862045,INR,HAWALA,ICICI Bank,True,Monthly installment
TXN-000729,2024-03-11,00:56:58,S0040,Farooq Saxena,ACCT-580361,S0026,Ramesh Lopez,ACCT-105756,34453,INR,ONLINE_TRANSFER,HDFC Bank,False,Regular transfer
TXN-000730,2023-01-10,04:46:27,S0022,Abdul Chauhan,ACCT-675602,S0033,Anita Malik,ACCT-670114,6422439,INR,CHECK,IndusInd Bank,True,Consulting fee
TXN-000731,2023-02-28,14:36:49,S0044,Sanjay Khan,ACCT-604048,S0033,Anita Malik,ACCT-143768,8110449,INR,ONLINE_TRANSFER,Axis Bank,True,Personal
TXN-000732,2023-12-29,00:14:42,S0030,Prakash Lopez,ACCT-911919,S0025,Yusuf Joshi,ACCT-937658,9472,INR,WIRE_TRANSFER,HDFC Bank,False,Regular transfer
TXN-000733,2023-01-13,09:04:10,S0040,Farooq Saxena,ACCT-127419,S0041,Anil Chauhan,ACCT-301758,1815022,INR,CASH_DEPOSIT,Kotak Bank,True,Business payment
TXN-000734,2024-04-05,11:13:26,S0024,Anita Lopez,ACCT-630602,S0027,Ramesh Patel,ACCT-273115,9493297,INR,CHECK,Axis Bank,True,Loan repayment
TXN-000735,2024-03-19,06:38:39,S0062,Rizwan Ali,ACCT-652711,S0063,Mohan Hussain,ACCT-925440,9257238,INR,CHECK,ICICI Bank,True,Regular transfer
TXN-000736,2023-02-01,13:46:28,S0044,Sanjay Khan,ACCT-507485,S0043,Rekha Das,ACCT-108296,28352,INR,ONLINE_TRANSFER,Axis Bank,False,Personal
TXN-000737,2023-03-25,21:38:19,S0025,Yusuf Joshi,ACCT-918451,S0076,Rahul Qureshi,ACCT-848108,9055583,INR,WIRE_TRANSFER,ICICI Bank,True,Commission
TXN-000738,2024-12-26,06:47:01,S0064,Carlos Reddy,ACCT-807824,S0065,Prakash Mehta,ACCT-941194,4476,INR,ONLINE_TRANSFER,Yes Bank,False,No remarks
TXN-000739,2024-10-07,12:45:00,S0013,Tariq Hernandez,ACCT-570347,S0015,Arjun Mishra,ACCT-413938,6195,INR,ONLINE_TRANSFER,Kotak Bank,False,Property deal
TXN-000740,2023-04-18,21:57:24,S0070,Ajay Mehta,ACCT-791147,S0068,Kiran Reddy,ACCT-793027,69677,INR,ONLINE_TRANSFER,Bank of Baroda,True,Property deal
TXN-000741,2023-06-22,09:41:57,S0015,Arjun Mishra,ACCT-572141,S0063,Mohan Hussain,ACCT-252656,5224095,INR,CRYPTO,Axis Bank,True,Business payment
TXN-000742,2023-04-12,10:19:29,S0029,Kiran Ali,ACCT-415836,S0028,Ajay Agarwal,ACCT-658314,6329098,INR,CRYPTO,Kotak Bank,True,Import payment
TXN-000743,2023-12-15,06:49:47,S0010,Kavita Thakur,ACCT-318892,S0012,Prakash Shah,ACCT-369211,72932,INR,WIRE_TRANSFER,Kotak Bank,True,Property deal
TXN-000744,2024-09-10,12:24:48,S0022,Abdul Chauhan,ACCT-599989,S0015,Arjun Mishra,ACCT-431444,20015,INR,CASH_WITHDRAWAL,ICICI Bank,False,Consulting fee
TXN-000745,2023-01-30,02:59:15,S0034,Manoj Malik,ACCT-729463,S0045,Suman Mishra,ACCT-337420,360581,INR,ONLINE_TRANSFER,Punjab National Bank,False,Consulting fee
TXN-000746,2024-12-07,20:41:34,S0060,Kiran Ahmed,ACCT-160326,S0062,Rizwan Ali,ACCT-374053,715277,INR,CHECK,HDFC Bank,True,Property deal
TXN-000747,2024-05-18,04:06:55,S0014,Yusuf Patel,ACCT-508135,S0022,Abdul Chauhan,ACCT-352382,213231,INR,CRYPTO,State Bank,False,Regular transfer
TXN-000748,2024-10-21,03:04:19,S0053,Vinod Hussain,ACCT-709163,S0056,Anil Chauhan,ACCT-683348,22629,INR,HAWALA,Federal Bank,False,Loan repayment
TXN-000749,2023-08-31,11:44:53,S0054,Tariq Pandey,ACCT-396545,S0067,Rajesh Ali,ACCT-953640,59779,INR,CHECK,HDFC Bank,True,Personal
TXN-000750,2024-08-18,01:24:36,S0051,Vinod Qureshi,ACCT-259189,S0050,Hassan Qureshi,ACCT-688697,95731,INR,CASH_DEPOSIT,State Bank,True,Loan repayment
TXN-000751,2024-03-02,21:13:16,S0050,Hassan Qureshi,ACCT-558112,S0049,Rahul Agarwal,ACCT-811170,6380,INR,HAWALA,Federal Bank,False,Urgent transfer
TXN-000752,2024-12-10,19:59:34,S0011,Hassan Qureshi,ACCT-279704,S0035,Mohan Joshi,ACCT-982839,9572,INR,WIRE_TRANSFER,Axis Bank,False,Regular transfer
TXN-000753,2023-08-11,15:38:34,S0071,Rajesh Joshi,ACCT-594260,S0059,Geeta Hernandez,ACCT-767280,6674677,INR,CASH_WITHDRAWAL,Kotak Bank,True,No remarks
TXN-000754,2023-02-02,21:34:05,S0050,Hassan Qureshi,ACCT-571627,S0049,Rahul Agarwal,ACCT-783923,82623,INR,CASH_WITHDRAWAL,State Bank,False,Loan repayment
TXN-000755,2024-04-05,01:13:25,S0037,Suman Agarwal,ACCT-671366,S0044,Sanjay Khan,ACCT-419116,911538,INR,ONLINE_TRANSFER,HDFC Bank,True,Property deal
TXN-000756,2023-03-06,10:13:02,S0046,Miguel Gupta,ACCT-119051,S0049,Rahul Agarwal,ACCT-463341,9831201,INR,CASH_DEPOSIT,Bank of Baroda,True,Import payment
TXN-000757,2024-09-11,20:34:32,S0029,Kiran Ali,ACCT-644086,S0036,Ravi Ali,ACCT-317009,8859,INR,ONLINE_TRANSFER,IndusInd Bank,False,Loan repayment
TXN-000758,2023-01-09,21:48:16,S0075,Imran Martinez,ACCT-271072,S0008,Pooja Lopez,ACCT-185742,51667,INR,ONLINE_TRANSFER,Punjab National Bank,False,Personal
TXN-000759,2024-04-27,10:01:12,S0027,Ramesh Patel,ACCT-380034,S0001,Manoj Sharma,ACCT-931277,70704,INR,CRYPTO,State Bank,False,Urgent transfer
TXN-000760,2024-10-06,01:43:27,S0060,Kiran Ahmed,ACCT-829385,S0073,Rahul Martinez,ACCT-791846,94307,INR,CASH_WITHDRAWAL,IndusInd Bank,False,Personal
TXN-000761,2024-02-08,14:53:57,S0070,Ajay Mehta,ACCT-240901,S0039,Yusuf Khan,ACCT-474018,48642,INR,WIRE_TRANSFER,Kotak Bank,False,No remarks
TXN-000762,2023-09-21,06:41:51,S0079,Ravi Singh,ACCT-875216,S0062,Rizwan Ali,ACCT-264463,2240684,INR,HAWALA,Axis Bank,True,No remarks
TXN-000763,2024-06-13,16:36:05,S0065,Prakash Mehta,ACCT-529141,S0043,Rekha Das,ACCT-474533,7731672,INR,CASH_WITHDRAWAL,ICICI Bank,True,Loan repayment
TXN-000764,2023-02-02,08:57:36,S0067,Rajesh Ali,ACCT-316672,S0064,Carlos Reddy,ACCT-125808,8174752,INR,CASH_WITHDRAWAL,State Bank,True,Urgent transfer
TXN-000765,2024-01-20,12:40:12,S0001,Manoj Sharma,ACCT-733543,S0011,Hassan Qureshi,ACCT-932393,71602,INR,CASH_DEPOSIT,Kotak Bank,False,Import payment
TXN-000766,2024-07-08,09:48:29,S0050,Hassan Qureshi,ACCT-341930,S0049,Rahul Agarwal,ACCT-781298,426632,INR,CASH_DEPOSIT,Kotak Bank,True,Personal
TXN-000767,2023-01-24,20:14:37,S0071,Rajesh Joshi,ACCT-657384,S0078,Ashok Saxena,ACCT-611752,6305196,INR,CASH_DEPOSIT,Bank of Baroda,True,No remarks
TXN-000768,2024-02-25,08:48:30,S0035,Mohan Joshi,ACCT-468103,S0038,Ashok Patel,ACCT-594199,32836,INR,CASH_WITHDRAWAL,Kotak Bank,False,Regular transfer
TXN-000769,2023-06-07,17:50:46,S0055,Prakash Yadav,ACCT-473466,S0044,Sanjay Khan,ACCT-262136,849350,INR,ONLINE_TRANSFER,IndusInd Bank,True,Commission
TXN-000770,2024-05-25,14:35:34,S0006,Sunil Hussain,ACCT-436345,S0011,Hassan Qureshi,ACCT-529348,6895,INR,CRYPTO,Axis Bank,False,Urgent transfer
TXN-000771,2024-08-10,05:01:41,S0057,Sanjay Ahmed,ACCT-779584,S0047,Pooja Hussain,ACCT-501598,8697275,INR,CHECK,Federal Bank,True,Regular transfer
TXN-000772,2023-06-24,16:19:32,S0005,Arjun Verma,ACCT-902421,S0003,Kiran Qureshi,ACCT-540004,22444,INR,HAWALA,Bank of Baroda,False,Personal
TXN-000773,2024-09-25,21:03:42,S0042,Rekha Thakur,ACCT-759719,S0039,Yusuf Khan,ACCT-150113,236778,INR,CASH_DEPOSIT,HDFC Bank,False,No remarks
TXN-000774,2024-10-01,15:59:34,S0008,Pooja Lopez,ACCT-791862,S0010,Kavita Thakur,ACCT-588389,5310481,INR,CASH_WITHDRAWAL,IndusInd Bank,True,Personal
TXN-000775,2023-08-08,03:44:28,S0006,Sunil Hussain,ACCT-706900,S0005,Arjun Verma,ACCT-892459,4959300,INR,CRYPTO,ICICI Bank,True,Business payment
TXN-000776,2024-05-05,16:51:23,S0078,Ashok Saxena,ACCT-983502,S0055,Prakash Yadav,ACCT-704087,7652937,INR,HAWALA,Punjab National Bank,True,Import payment
TXN-000777,2024-07-23,07:10:33,S0078,Ashok Saxena,ACCT-649778,S0073,Rahul Martinez,ACCT-709662,2722036,INR,HAWALA,Bank of Baroda,True,Urgent transfer
TXN-000778,2023-01-01,23:13:33,S0023,Kiran Ali,ACCT-461777,S0030,Prakash Lopez,ACCT-201040,764626,INR,CASH_DEPOSIT,IndusInd Bank,True,Import payment
TXN-000779,2024-02-29,16:41:50,S0079,Ravi Singh,ACCT-140354,S0014,Yusuf Patel,ACCT-207370,5134149,INR,ONLINE_TRANSFER,HDFC Bank,True,Business payment
TXN-000780,2023-12-26,12:39:42,S0003,Kiran Qureshi,ACCT-844530,S0026,Ramesh Lopez,ACCT-225893,639131,INR,CASH_DEPOSIT,Yes Bank,True,Monthly installment
TXN-000781,2024-11-17,18:13:34,S0009,Pooja Pandey,ACCT-672102,S0008,Pooja Lopez,ACCT-782222,8483535,INR,HAWALA,IndusInd Bank,True,Monthly installment
TXN-000782,2024-08-29,16:08:56,S0035,Mohan Joshi,ACCT-588212,S0028,Ajay Agarwal,ACCT-527011,630723,INR,CASH_DEPOSIT,Bank of Baroda,True,Monthly installment
TXN-000783,2023-09-12,07:10:31,S0074,Ramesh Mishra,ACCT-636441,S0076,Rahul Qureshi,ACCT-697186,2221768,INR,WIRE_TRANSFER,Yes Bank,True,Import payment
TXN-000784,2023-03-03,07:30:14,S0011,Hassan Qureshi,ACCT-230260,S0035,Mohan Joshi,ACCT-668969,8452,INR,ONLINE_TRANSFER,Punjab National Bank,False,Import payment
TXN-000785,2024-06-23,19:18:30,S0010,Kavita Thakur,ACCT-664723,S0008,Pooja Lopez,ACCT-532918,9964596,INR,HAWALA,Axis Bank,True,Commission
TXN-000786,2024-10-06,14:57:57,S0021,Saleem Hernandez,ACCT-334876,S0048,Abdul Garcia,ACCT-189188,9246,INR,CASH_DEPOSIT,Yes Bank,False,Import payment
TXN-000787,2023-03-30,13:02:23,S0028,Ajay Agarwal,ACCT-770903,S0030,Prakash Lopez,ACCT-199032,4213283,INR,CRYPTO,ICICI Bank,True,No remarks
TXN-000788,2024-11-25,14:04:51,S0014,Yusuf Patel,ACCT-189937,S0016,Arjun Shah,ACCT-812079,835815,INR,CASH_DEPOSIT,Federal Bank,True,Consulting fee
TXN-000789,2023-01-05,18:16:22,S0067,Rajesh Ali,ACCT-923089,S0065,Prakash Mehta,ACCT-225031,8966,INR,HAWALA,Bank of Baroda,False,Commission
TXN-000790,2023-08-04,10:31:35,S0058,Arjun Roy,ACCT-411159,S0057,Sanjay Ahmed,ACCT-168545,7869137,INR,CHECK,Yes Bank,True,Business payment
TXN-000791,2024-12-25,21:57:34,S0017,Naveen Kumar,ACCT-636731,S0022,Abdul Chauhan,ACCT-747039,9911650,INR,ONLINE_TRANSFER,Yes Bank,True,Personal
TXN-000792,2023-11-14,23:15:26,S0036,Ravi Ali,ACCT-232842,S0033,Anita Malik,ACCT-312571,878130,INR,CRYPTO,Bank of Baroda,True,Property deal
TXN-000793,2023-01-17,23:05:54,S0031,Rahul Thakur,ACCT-312812,S0013,Tariq Hernandez,ACCT-962646,99341,INR,CASH_WITHDRAWAL,Kotak Bank,False,Investment return
TXN-000794,2024-05-24,02:48:25,S0002,Suresh Sharma,ACCT-320215,S0012,Prakash Shah,ACCT-146916,983580,INR,CRYPTO,Yes Bank,True,Import payment
TXN-000795,2024-06-10,16:59:16,S0017,Naveen Kumar,ACCT-428427,S0016,Arjun Shah,ACCT-952942,794914,INR,HAWALA,Yes Bank,True,Commission
TXN-000796,2023-05-01,07:50:41,S0034,Manoj Malik,ACCT-814089,S0045,Suman Mishra,ACCT-372743,40509,INR,CHECK,IndusInd Bank,False,Monthly installment
TXN-000797,2023-02-20,02:35:50,S0073,Rahul Martinez,ACCT-978895,S0072,Priya Martinez,ACCT-978862,2656,INR,WIRE_TRANSFER,State Bank,False,Commission
TXN-000798,2023-08-14,03:02:34,S0031,Rahul Thakur,ACCT-777095,S0028,Ajay Agarwal,ACCT-366091,8534959,INR,HAWALA,Punjab National Bank,True,Consulting fee
TXN-000799,2024-02-27,13:54:43,S0023,Kiran Ali,ACCT-312146,S0030,Prakash Lopez,ACCT-612065,95832,INR,CHECK,Kotak Bank,False,Commission
TXN-000800,2023-08-17,01:21:00,S0070,Ajay Mehta,ACCT-763754,S0012,Prakash Shah,ACCT-313573,65193,INR,CRYPTO,Yes Bank,False,Commission
TXN-000801,2024-07-29,06:58:26,S0073,Rahul Martinez,ACCT-835641,S0072,Priya Martinez,ACCT-978214,975408,INR,ONLINE_TRANSFER,ICICI Bank,True,Import payment
TXN-000802,2023-09-22,20:00:15,S0032,Saleem Thakur,ACCT-690620,S0047,Pooja Hussain,ACCT-643902,516906,INR,CHECK,HDFC Bank,True,Regular transfer
TXN-000803,2024-09-25,15:46:20,S0066,Imran Joshi,ACCT-780309,S0021,Saleem Hernandez,ACCT-464867,255428,INR,ONLINE_TRANSFER,State Bank,False,Import payment
TXN-000804,2024-01-21,08:37:48,S0020,Ajay Yadav,ACCT-779235,S0021,Saleem Hernandez,ACCT-635129,254934,INR,CASH_DEPOSIT,HDFC Bank,False,Urgent transfer
TXN-000805,2023-04-28,09:06:30,S0037,Suman Agarwal,ACCT-725495,S0032,Saleem Thakur,ACCT-661185,862,INR,CHECK,Axis Bank,True,Investment return
TXN-000806,2024-11-17,12:12:44,S0014,Yusuf Patel,ACCT-787065,S0020,Ajay Yadav,ACCT-923643,82458,INR,CASH_WITHDRAWAL,Federal Bank,False,Property deal
TXN-000807,2024-10-04,12:42:09,S0044,Sanjay Khan,ACCT-594649,S0033,Anita Malik,ACCT-634427,10282,INR,HAWALA,Bank of Baroda,False,No remarks
TXN-000808,2023-09-26,12:17:46,S0068,Kiran Reddy,ACCT-226520,S0060,Kiran Ahmed,ACCT-363318,983359,INR,ONLINE_TRANSFER,ICICI Bank,True,Commission
TXN-000809,2024-07-26,02:56:15,S0052,Neha Reddy,ACCT-150578,S0050,Hassan Qureshi,ACCT-294030,774,INR,CRYPTO,HDFC Bank,True,No remarks
TXN-000810,2024-01-21,14:17:25,S0054,Tariq Pandey,ACCT-114253,S0032,Saleem Thakur,ACCT-730630,519,INR,HAWALA,Axis Bank,False,Commission
TXN-000811,2024-07-27,12:39:59,S0021,Saleem Hernandez,ACCT-919187,S0013,Tariq Hernandez,ACCT-715208,33703,INR,ONLINE_TRANSFER,HDFC Bank,False,Consulting fee
TXN-000812,2024-06-15,19:19:54,S0018,Sanjay Agarwal,ACCT-807899,S0016,Arjun Shah,ACCT-837574,870447,INR,HAWALA,Yes Bank,True,Commission
TXN-000813,2023-02-25,05:48:16,S0054,Tariq Pandey,ACCT-101645,S0053,Vinod Hussain,ACCT-159859,9714542,INR,WIRE_TRANSFER,State Bank,True,Regular transfer
TXN-000814,2023-07-27,13:04:38,S0036,Ravi Ali,ACCT-157465,S0067,Rajesh Ali,ACCT-579068,926071,INR,CHECK,Bank of Baroda,True,Personal
TXN-000815,2024-05-09,01:41:03,S0028,Ajay Agarwal,ACCT-149208,S0041,Anil Chauhan,ACCT-690807,207038,INR,CASH_DEPOSIT,IndusInd Bank,False,Urgent transfer
TXN-000816,2023-04-11,12:45:38,S0007,Vikram Chauhan,ACCT-830316,S0004,Hassan Kumar,ACCT-607319,68749,INR,CASH_WITHDRAWAL,State Bank,False,Personal
TXN-000817,2024-10-17,17:01:01,S0077,Anil Pandey,ACCT-415062,S0055,Prakash Yadav,ACCT-615644,240811,INR,CHECK,Yes Bank,True,Personal
TXN-000818,2024-07-07,05:29:52,S0018,Sanjay Agarwal,ACCT-463113,S0059,Geeta Hernandez,ACCT-671613,25545,INR,ONLINE_TRANSFER,State Bank,False,Property deal
TXN-000819,2023-05-13,17:23:56,S0013,Tariq Hernandez,ACCT-776868,S0076,Rahul Qureshi,ACCT-502978,66307,INR,CHECK,HDFC Bank,False,Monthly installment
TXN-000820,2024-04-18,21:47:56,S0011,Hassan Qureshi,ACCT-822275,S0003,Kiran Qureshi,ACCT-974811,963274,INR,ONLINE_TRANSFER,State Bank,True,Personal
TXN-000821,2024-06-09,07:10:04,S0022,Abdul Chauhan,ACCT-411614,S0080,Abdul Joshi,ACCT-895645,5423886,INR,CASH_WITHDRAWAL,HDFC Bank,True,Urgent transfer
TXN-000822,2023-10-14,08:58:10,S0017,Naveen Kumar,ACCT-351338,S0003,Kiran Qureshi,ACCT-969614,43945,INR,CASH_WITHDRAWAL,HDFC Bank,True,Commission
TXN-000823,2023-09-19,22:55:34,S0022,Abdul Chauhan,ACCT-330545,S0021,Saleem Hernandez,ACCT-403281,31666,INR,CASH_WITHDRAWAL,Kotak Bank,False,Monthly installment
TXN-000824,2024-09-23,09:13:55,S0028,Ajay Agarwal,ACCT-255179,S0030,Prakash Lopez,ACCT-789078,2186660,INR,CASH_DEPOSIT,IndusInd Bank,True,Property deal
TXN-000825,2024-12-31,21:30:52,S0029,Kiran Ali,ACCT-580360,S0011,Hassan Qureshi,ACCT-763478,772,INR,CHECK,ICICI Bank,False,Commission
TXN-000826,2023-06-25,07:54:41,S0048,Abdul Garcia,ACCT-929648,S0047,Pooja Hussain,ACCT-336357,556802,INR,WIRE_TRANSFER,ICICI Bank,True,Business payment
TXN-000827,2024-02-18,08:33:42,S0017,Naveen Kumar,ACCT-645934,S0056,Anil Chauhan,ACCT-752972,573870,INR,CASH_WITHDRAWAL,Federal Bank,True,Investment return
TXN-000828,2024-12-08,14:59:35,S0020,Ajay Yadav,ACCT-360260,S0021,Saleem Hernandez,ACCT-129262,7521763,INR,CASH_WITHDRAWAL,IndusInd Bank,True,Property deal
TXN-000829,2024-06-21,05:31:05,S0065,Prakash Mehta,ACCT-619846,S0022,Abdul Chauhan,ACCT-342277,9054261,INR,CHECK,Punjab National Bank,True,No remarks
TXN-000830,2024-07-17,03:09:40,S0031,Rahul Thakur,ACCT-598165,S0038,Ashok Patel,ACCT-752510,856401,INR,CASH_WITHDRAWAL,Federal Bank,True,Import payment
TXN-000831,2024-11-01,13:45:32,S0071,Rajesh Joshi,ACCT-974858,S0080,Abdul Joshi,ACCT-127058,723451,INR,CHECK,Bank of Baroda,True,Property deal
TXN-000832,2023-08-20,07:06:19,S0054,Tariq Pandey,ACCT-795245,S0053,Vinod Hussain,ACCT-175426,9252,INR,CHECK,IndusInd Bank,False,Commission
TXN-000833,2024-09-12,13:27:42,S0001,Manoj Sharma,ACCT-431518,S0036,Ravi Ali,ACCT-547221,97359,INR,CRYPTO,ICICI Bank,False,Urgent transfer
TXN-000834,2024-01-16,17:30:19,S0071,Rajesh Joshi,ACCT-302502,S0080,Abdul Joshi,ACCT-257671,5799540,INR,CRYPTO,IndusInd Bank,True,Consulting fee
TXN-000835,2024-04-12,11:16:07,S0015,Arjun Mishra,ACCT-589004,S0053,Vinod Hussain,ACCT-481484,17171,INR,CHECK,HDFC Bank,False,Regular transfer
TXN-000836,2023-05-10,11:04:05,S0033,Anita Malik,ACCT-704332,S0042,Rekha Thakur,ACCT-584425,848338,INR,CASH_WITHDRAWAL,Federal Bank,True,No remarks
TXN-000837,2024-01-30,01:35:26,S0080,Abdul Joshi,ACCT-897210,S0072,Priya Martinez,ACCT-961767,76442,INR,WIRE_TRANSFER,HDFC Bank,False,Business payment
TXN-000838,2024-03-09,03:48:44,S0039,Yusuf Khan,ACCT-365723,S0044,Sanjay Khan,ACCT-791003,67436,INR,HAWALA,Punjab National Bank,True,Monthly installment
TXN-000839,2024-07-28,06:29:10,S0005,Arjun Verma,ACCT-272335,S0068,Kiran Reddy,ACCT-743244,71607,INR,CHECK,Federal Bank,False,Regular transfer
TXN-000840,2024-04-01,20:48:13,S0075,Imran Martinez,ACCT-881851,S0011,Hassan Qureshi,ACCT-636960,3369,INR,CASH_WITHDRAWAL,Bank of Baroda,False,Personal
TXN-000841,2023-02-03,12:59:11,S0062,Rizwan Ali,ACCT-587565,S0059,Geeta Hernandez,ACCT-195582,96711,INR,ONLINE_TRANSFER,HDFC Bank,False,Urgent transfer
TXN-000842,2024-03-13,14:51:22,S0077,Anil Pandey,ACCT-380504,S0080,Abdul Joshi,ACCT-896451,87313,INR,ONLINE_TRANSFER,Yes Bank,False,Import payment
TXN-000843,2023-04-21,22:58:41,S0033,Anita Malik,ACCT-478463,S0042,Rekha Thakur,ACCT-465533,685176,INR,CASH_WITHDRAWAL,Bank of Baroda,True,Property deal
TXN-000844,2024-08-06,03:34:13,S0018,Sanjay Agarwal,ACCT-369792,S0016,Arjun Shah,ACCT-299072,2738825,INR,CRYPTO,Bank of Baroda,True,Monthly installment
TXN-000845,2023-01-16,05:15:45,S0061,Farooq Joshi,ACCT-981810,S0063,Mohan Hussain,ACCT-240174,8229,INR,ONLINE_TRANSFER,Punjab National Bank,False,Consulting fee
TXN-000846,2024-03-17,03:11:54,S0037,Suman Agarwal,ACCT-747761,S0044,Sanjay Khan,ACCT-367681,28681,INR,WIRE_TRANSFER,Yes Bank,False,Import payment
TXN-000847,2024-11-29,05:04:55,S0021,Saleem Hernandez,ACCT-465193,S0048,Abdul Garcia,ACCT-907249,5614236,INR,CASH_WITHDRAWAL,HDFC Bank,True,Import payment
TXN-000848,2023-05-18,08:28:19,S0028,Ajay Agarwal,ACCT-528564,S0030,Prakash Lopez,ACCT-457851,312073,INR,ONLINE_TRANSFER,Punjab National Bank,False,Monthly installment
TXN-000849,2023-06-07,19:12:04,S0026,Ramesh Lopez,ACCT-741798,S0023,Kiran Ali,ACCT-393591,777330,INR,CASH_DEPOSIT,Yes Bank,True,Investment return
TXN-000850,2023-03-07,12:44:11,S0048,Abdul Garcia,ACCT-614826,S0046,Miguel Gupta,ACCT-546692,626105,INR,CRYPTO,Kotak Bank,True,Urgent transfer
TXN-000851,2023-09-26,20:03:00,S0021,Saleem Hernandez,ACCT-290334,S0048,Abdul Garcia,ACCT-217476,63273,INR,HAWALA,Kotak Bank,False,No remarks
TXN-000852,2024-02-20,02:59:42,S0030,Prakash Lopez,ACCT-328487,S0028,Ajay Agarwal,ACCT-591954,280044,INR,HAWALA,Kotak Bank,False,Urgent transfer
TXN-000853,2023-09-30,22:49:49,S0020,Ajay Yadav,ACCT-575584,S0013,Tariq Hernandez,ACCT-121519,270871,INR,CASH_DEPOSIT,Punjab National Bank,False,No remarks
TXN-000854,2024-08-24,06:44:37,S0078,Ashok Saxena,ACCT-193218,S0012,Prakash Shah,ACCT-576789,50454,INR,CASH_WITHDRAWAL,Punjab National Bank,False,Consulting fee
TXN-000855,2024-05-09,07:51:05,S0079,Ravi Singh,ACCT-246648,S0051,Vinod Qureshi,ACCT-214999,9884,INR,ONLINE_TRANSFER,Kotak Bank,True,Import payment
TXN-000856,2023-03-03,02:37:58,S0024,Anita Lopez,ACCT-214954,S0004,Hassan Kumar,ACCT-664493,4101157,INR,CASH_DEPOSIT,ICICI Bank,True,Monthly installment
TXN-000857,2023-11-08,09:36:20,S0080,Abdul Joshi,ACCT-484141,S0075,Imran Martinez,ACCT-130026,1362400,INR,HAWALA,Punjab National Bank,True,Property deal
TXN-000858,2023-09-16,17:55:59,S0010,Kavita Thakur,ACCT-619005,S0017,Naveen Kumar,ACCT-314751,2309320,INR,HAWALA,IndusInd Bank,True,Urgent transfer
TXN-000859,2023-02-14,14:24:23,S0055,Prakash Yadav,ACCT-901959,S0044,Sanjay Khan,ACCT-827278,6153205,INR,WIRE_TRANSFER,HDFC Bank,True,Import payment
TXN-000860,2023-08-04,22:40:37,S0060,Kiran Ahmed,ACCT-865654,S0062,Rizwan Ali,ACCT-300676,4292497,INR,ONLINE_TRANSFER,Bank of Baroda,True,Personal
TXN-000861,2023-11-04,03:29:26,S0059,Geeta Hernandez,ACCT-100955,S0044,Sanjay Khan,ACCT-374296,848713,INR,CHECK,Punjab National Bank,True,Monthly installment
TXN-000862,2024-06-21,08:17:35,S0036,Ravi Ali,ACCT-613388,S0033,Anita Malik,ACCT-228608,7744,INR,CRYPTO,Axis Bank,False,Consulting fee
TXN-000863,2023-04-18,19:07:57,S0075,Imran Martinez,ACCT-734874,S0078,Ashok Saxena,ACCT-557377,920857,INR,HAWALA,IndusInd Bank,True,Monthly installment
TXN-000864,2024-04-28,23:37:13,S0034,Manoj Malik,ACCT-436538,S0042,Rekha Thakur,ACCT-224801,899509,INR,WIRE_TRANSFER,Yes Bank,True,Personal
TXN-000865,2024-04-10,00:16:38,S0043,Rekha Das,ACCT-218447,S0048,Abdul Garcia,ACCT-422839,74657,INR,CHECK,Kotak Bank,False,Commission
TXN-000866,2024-08-24,06:49:21,S0080,Abdul Joshi,ACCT-204085,S0073,Rahul Martinez,ACCT-777005,32807,INR,HAWALA,State Bank,False,Monthly installment
TXN-000867,2024-03-30,12:41:11,S0066,Imran Joshi,ACCT-638634,S0015,Arjun Mishra,ACCT-762282,33315,INR,CRYPTO,Yes Bank,False,Commission
TXN-000868,2023-11-24,20:23:41,S0069,Mohan Das,ACCT-643175,S0067,Rajesh Ali,ACCT-683500,9408,INR,ONLINE_TRANSFER,Kotak Bank,False,Personal
TXN-000869,2024-11-12,18:19:24,S0057,Sanjay Ahmed,ACCT-890619,S0055,Prakash Yadav,ACCT-892151,544188,INR,ONLINE_TRANSFER,State Bank,True,Commission
TXN-000870,2023-03-20,15:51:19,S0002,Suresh Sharma,ACCT-742023,S0005,Arjun Verma,ACCT-650237,41231,INR,WIRE_TRANSFER,HDFC Bank,False,Personal
TXN-000871,2023-01-23,03:28:06,S0035,Mohan Joshi,ACCT-451527,S0069,Mohan Das,ACCT-147831,4270214,INR,CASH_DEPOSIT,State Bank,True,Property deal
TXN-000872,2024-05-23,12:21:55,S0049,Rahul Agarwal,ACCT-651265,S0054,Tariq Pandey,ACCT-904034,82642,INR,CRYPTO,HDFC Bank,False,Regular transfer
TXN-000873,2024-12-29,05:01:26,S0002,Suresh Sharma,ACCT-104985,S0005,Arjun Verma,ACCT-897943,2838852,INR,CASH_DEPOSIT,ICICI Bank,True,Investment return
TXN-000874,2024-10-03,21:11:09,S0062,Rizwan Ali,ACCT-827007,S0075,Imran Martinez,ACCT-972059,160848,INR,ONLINE_TRANSFER,Bank of Baroda,False,Personal
TXN-000875,2024-09-24,23:40:22,S0017,Naveen Kumar,ACCT-818420,S0022,Abdul Chauhan,ACCT-629773,248336,INR,CASH_WITHDRAWAL,IndusInd Bank,False,Import payment
TXN-000876,2023-05-03,08:27:02,S0061,Farooq Joshi,ACCT-341391,S0045,Suman Mishra,ACCT-259353,5046065,INR,HAWALA,IndusInd Bank,True,Import payment
TXN-000877,2023-03-05,06:37:33,S0022,Abdul Chauhan,ACCT-665757,S0021,Saleem Hernandez,ACCT-226828,2948,INR,CASH_WITHDRAWAL,Kotak Bank,False,Investment return
TXN-000878,2024-10-27,15:37:21,S0042,Rekha Thakur,ACCT-148801,S0033,Anita Malik,ACCT-951257,984784,INR,HAWALA,Yes Bank,True,No remarks
TXN-000879,2023-01-28,12:11:18,S0015,Arjun Mishra,ACCT-961663,S0021,Saleem Hernandez,ACCT-273934,92301,INR,HAWALA,Yes Bank,False,Urgent transfer
TXN-000880,2024-03-10,14:59:08,S0022,Abdul Chauhan,ACCT-294458,S0041,Anil Chauhan,ACCT-873867,92713,INR,WIRE_TRANSFER,Kotak Bank,False,Loan repayment
TXN-000881,2023-11-30,11:49:51,S0045,Suman Mishra,ACCT-308598,S0051,Vinod Qureshi,ACCT-279607,16848,INR,WIRE_TRANSFER,Bank of Baroda,False,Monthly installment
TXN-000882,2024-12-16,21:00:02,S0027,Ramesh Patel,ACCT-217097,S0014,Yusuf Patel,ACCT-287129,1536969,INR,CHECK,Yes Bank,True,Import payment
TXN-000883,2023-04-11,15:35:26,S0015,Arjun Mishra,ACCT-967259,S0008,Pooja Lopez,ACCT-879106,95305,INR,CRYPTO,Federal Bank,False,Business payment
TXN-000884,2023-12-28,16:46:38,S0079,Ravi Singh,ACCT-613081,S0073,Rahul Martinez,ACCT-551931,57636,INR,CHECK,Axis Bank,False,Urgent transfer
TXN-000885,2023-07-14,00:00:41,S0006,Sunil Hussain,ACCT-816289,S0005,Arjun Verma,ACCT-193535,9529,INR,WIRE_TRANSFER,Kotak Bank,True,Commission
TXN-000886,2024-03-20,10:34:32,S0067,Rajesh Ali,ACCT-981634,S0065,Prakash Mehta,ACCT-648199,3378722,INR,WIRE_TRANSFER,Federal Bank,True,Monthly installment
TXN-000887,2023-11-08,19:31:22,S0029,Kiran Ali,ACCT-547563,S0028,Ajay Agarwal,ACCT-679810,36671,INR,CASH_DEPOSIT,HDFC Bank,False,Monthly installment
TXN-000888,2024-08-16,04:50:57,S0043,Rekha Das,ACCT-993888,S0032,Saleem Thakur,ACCT-420720,290442,INR,WIRE_TRANSFER,Yes Bank,True,Urgent transfer
TXN-000889,2024-01-22,02:24:10,S0046,Miguel Gupta,ACCT-170452,S0051,Vinod Qureshi,ACCT-428871,87618,INR,CASH_DEPOSIT,Axis Bank,False,No remarks
TXN-000890,2023-05-23,15:00:31,S0026,Ramesh Lopez,ACCT-295735,S0063,Mohan Hussain,ACCT-115105,22954,INR,CASH_WITHDRAWAL,Federal Bank,False,Import payment
TXN-000891,2024-01-08,18:45:38,S0034,Manoj Malik,ACCT-516418,S0068,Kiran Reddy,ACCT-770499,4002929,INR,CASH_WITHDRAWAL,ICICI Bank,True,Investment return
TXN-000892,2023-01-05,21:52:50,S0025,Yusuf Joshi,ACCT-125269,S0030,Prakash Lopez,ACCT-111193,49186,INR,ONLINE_TRANSFER,State Bank,False,Personal
TXN-000893,2023-06-23,04:20:16,S0047,Pooja Hussain,ACCT-321253,S0048,Abdul Garcia,ACCT-638479,53218,INR,WIRE_TRANSFER,Kotak Bank,False,Personal
TXN-000894,2023-12-18,13:33:33,S0046,Miguel Gupta,ACCT-480130,S0049,Rahul Agarwal,ACCT-517837,48607,INR,CASH_WITHDRAWAL,State Bank,False,Property deal
TXN-000895,2023-11-18,12:12:47,S0062,Rizwan Ali,ACCT-706121,S0063,Mohan Hussain,ACCT-748253,107274,INR,CASH_DEPOSIT,Yes Bank,True,Regular transfer
TXN-000896,2024-08-02,02:16:08,S0066,Imran Joshi,ACCT-169462,S0062,Rizwan Ali,ACCT-794658,703071,INR,HAWALA,Federal Bank,True,Property deal
TXN-000897,2024-01-08,15:39:57,S0047,Pooja Hussain,ACCT-223738,S0048,Abdul Garcia,ACCT-799716,5422,INR,CASH_DEPOSIT,Bank of Baroda,False,No remarks
TXN-000898,2023-04-23,12:57:18,S0005,Arjun Verma,ACCT-933362,S0011,Hassan Qureshi,ACCT-407073,6775,INR,WIRE_TRANSFER,ICICI Bank,False,Consulting fee
TXN-000899,2023-03-28,21:34:14,S0011,Hassan Qureshi,ACCT-626420,S0062,Rizwan Ali,ACCT-347532,84653,INR,CRYPTO,HDFC Bank,False,Investment return
TXN-000900,2024-11-16,01:10:39,S0065,Prakash Mehta,ACCT-560936,S0066,Imran Joshi,ACCT-797535,32772,INR,CASH_WITHDRAWAL,Axis Bank,False,No remarks
TXN-000901,2023-12-31,15:07:38,S0042,Rekha Thakur,ACCT-522451,S0062,Rizwan Ali,ACCT-318139,50484,INR,CASH_DEPOSIT,ICICI Bank,False,Monthly installment
TXN-000902,2024-02-11,16:28:31,S0003,Kiran Qureshi,ACCT-759600,S0002,Suresh Sharma,ACCT-788352,3084111,INR,CRYPTO,Axis Bank,True,Monthly installment
TXN-000903,2024-05-03,02:57:08,S0017,Naveen Kumar,ACCT-318247,S0022,Abdul Chauhan,ACCT-962771,9650126,INR,CASH_WITHDRAWAL,Yes Bank,True,Import payment
TXN-000904,2023-11-19,21:07:20,S0060,Kiran Ahmed,ACCT-497390,S0059,Geeta Hernandez,ACCT-912360,88866,INR,CASH_DEPOSIT,State Bank,True,Business payment
TXN-000905,2023-09-11,02:05:13,S0015,Arjun Mishra,ACCT-252483,S0020,Ajay Yadav,ACCT-985820,4841816,INR,HAWALA,Kotak Bank,True,Regular transfer
TXN-000906,2023-07-21,04:30:38,S0030,Prakash Lopez,ACCT-359836,S0052,Neha Reddy,ACCT-523658,77494,INR,HAWALA,Yes Bank,False,No remarks
TXN-000907,2024-08-16,21:05:53,S0055,Prakash Yadav,ACCT-878262,S0056,Anil Chauhan,ACCT-137954,8400744,INR,WIRE_TRANSFER,HDFC Bank,True,Import payment
TXN-000908,2023-06-05,03:22:42,S0035,Mohan Joshi,ACCT-355870,S0031,Rahul Thakur,ACCT-180461,50495,INR,CHECK,Punjab National Bank,False,Investment return
TXN-000909,2023-03-02,02:50:17,S0046,Miguel Gupta,ACCT-266824,S0074,Ramesh Mishra,ACCT-230423,9516,INR,CRYPTO,State Bank,False,Personal
TXN-000910,2023-03-13,06:00:40,S0042,Rekha Thakur,ACCT-950117,S0072,Priya Martinez,ACCT-731710,7992456,INR,CASH_WITHDRAWAL,Bank of Baroda,True,No remarks
TXN-000911,2023-12-11,09:28:01,S0032,Saleem Thakur,ACCT-978086,S0051,Vinod Qureshi,ACCT-655622,6290,INR,CRYPTO,State Bank,False,Consulting fee
TXN-000912,2024-03-20,08:35:31,S0075,Imran Martinez,ACCT-289763,S0071,Rajesh Joshi,ACCT-722186,81065,INR,CASH_WITHDRAWAL,State Bank,False,Regular transfer
TXN-000913,2024-09-21,21:16:35,S0069,Mohan Das,ACCT-829615,S0007,Vikram Chauhan,ACCT-600515,50791,INR,CHECK,HDFC Bank,False,Monthly installment
TXN-000914,2023-01-10,06:19:21,S0070,Ajay Mehta,ACCT-387446,S0069,Mohan Das,ACCT-182215,30312,INR,CRYPTO,Federal Bank,False,Personal
TXN-000915,2023-09-22,18:38:24,S0035,Mohan Joshi,ACCT-728705,S0028,Ajay Agarwal,ACCT-816857,48230,INR,CHECK,Federal Bank,False,Commission
TXN-000916,2024-10-13,08:45:30,S0047,Pooja Hussain,ACCT-434967,S0048,Abdul Garcia,ACCT-917911,71005,INR,CHECK,Yes Bank,False,Property deal
TXN-000917,2023-03-11,21:23:41,S0030,Prakash Lopez,ACCT-762790,S0028,Ajay Agarwal,ACCT-421446,80756,INR,CASH_DEPOSIT,Bank of Baroda,False,No remarks
TXN-000918,2023-12-18,23:23:02,S0061,Farooq Joshi,ACCT-625967,S0062,Rizwan Ali,ACCT-270376,3217301,INR,CASH_WITHDRAWAL,Federal Bank,True,No remarks
TXN-000919,2024-01-07,08:16:15,S0012,Prakash Shah,ACCT-158217,S0007,Vikram Chauhan,ACCT-738830,7773,INR,CASH_DEPOSIT,IndusInd Bank,False,Property deal
TXN-000920,2023-02-08,17:34:02,S0078,Ashok Saxena,ACCT-457242,S0073,Rahul Martinez,ACCT-655558,8006,INR,CASH_WITHDRAWAL,Federal Bank,False,Monthly installment
TXN-000921,2024-12-16,07:30:02,S0022,Abdul Chauhan,ACCT-719093,S0015,Arjun Mishra,ACCT-197881,250090,INR,CHECK,Bank of Baroda,False,Investment return
TXN-000922,2024-04-18,02:05:53,S0034,Manoj Malik,ACCT-800939,S0053,Vinod Hussain,ACCT-196248,8540,INR,HAWALA,ICICI Bank,False,Business payment
TXN-000923,2023-03-30,08:30:28,S0014,Yusuf Patel,ACCT-773447,S0017,Naveen Kumar,ACCT-249167,779863,INR,WIRE_TRANSFER,Kotak Bank,True,Investment return
TXN-000924,2023-10-28,09:47:21,S0044,Sanjay Khan,ACCT-193476,S0033,Anita Malik,ACCT-572035,43157,INR,HAWALA,Yes Bank,False,Import payment
TXN-000925,2023-05-14,23:52:50,S0037,Suman Agarwal,ACCT-700490,S0062,Rizwan Ali,ACCT-168880,72123,INR,WIRE_TRANSFER,Yes Bank,False,Commission
TXN-000926,2023-11-30,04:21:23,S0030,Prakash Lopez,ACCT-108266,S0058,Arjun Roy,ACCT-909831,3259633,INR,CASH_WITHDRAWAL,Federal Bank,True,Consulting fee
TXN-000927,2024-07-31,18:07:55,S0077,Anil Pandey,ACCT-737945,S0076,Rahul Qureshi,ACCT-991067,9536,INR,HAWALA,Kotak Bank,False,Import payment
TXN-000928,2024-04-01,18:04:06,S0010,Kavita Thakur,ACCT-640794,S0068,Kiran Reddy,ACCT-408788,6134,INR,CRYPTO,Yes Bank,False,No remarks
TXN-000929,2023-09-15,22:45:00,S0057,Sanjay Ahmed,ACCT-606462,S0074,Ramesh Mishra,ACCT-938166,7840,INR,WIRE_TRANSFER,State Bank,False,Import payment
TXN-000930,2023-01-16,21:29:04,S0056,Anil Chauhan,ACCT-336649,S0032,Saleem Thakur,ACCT-865923,7019244,INR,WIRE_TRANSFER,Punjab National Bank,True,Consulting fee
TXN-000931,2023-04-13,07:18:59,S0019,Hassan Rodriguez,ACCT-956995,S0017,Naveen Kumar,ACCT-999694,320182,INR,CHECK,Punjab National Bank,False,Import payment
TXN-000932,2023-03-04,21:59:11,S0049,Rahul Agarwal,ACCT-460835,S0054,Tariq Pandey,ACCT-961403,496126,INR,WIRE_TRANSFER,Yes Bank,True,Investment return
TXN-000933,2023-11-10,09:45:42,S0015,Arjun Mishra,ACCT-717295,S0009,Pooja Pandey,ACCT-870171,3168,INR,WIRE_TRANSFER,HDFC Bank,False,Loan repayment
TXN-000934,2024-09-25,08:12:00,S0040,Farooq Saxena,ACCT-410159,S0042,Rekha Thakur,ACCT-113527,36029,INR,CHECK,Federal Bank,False,Commission
TXN-000935,2023-04-02,07:21:55,S0075,Imran Martinez,ACCT-292863,S0067,Rajesh Ali,ACCT-823747,5253181,INR,CASH_WITHDRAWAL,Yes Bank,True,Regular transfer
TXN-000936,2023-03-01,04:40:39,S0024,Anita Lopez,ACCT-961443,S0029,Kiran Ali,ACCT-859334,5014430,INR,ONLINE_TRANSFER,Yes Bank,True,Import payment
TXN-000937,2024-09-09,06:34:36,S0076,Rahul Qureshi,ACCT-632394,S0071,Rajesh Joshi,ACCT-932857,688693,INR,CRYPTO,ICICI Bank,True,Urgent transfer
TXN-000938,2023-04-18,09:40:46,S0047,Pooja Hussain,ACCT-300527,S0048,Abdul Garcia,ACCT-873279,698378,INR,CASH_WITHDRAWAL,Kotak Bank,True,Regular transfer
TXN-000939,2023-04-07,21:30:58,S0043,Rekha Das,ACCT-349309,S0032,Saleem Thakur,ACCT-615057,5649,INR,HAWALA,Yes Bank,False,Loan repayment
TXN-000940,2024-01-01,09:05:23,S0024,Anita Lopez,ACCT-948245,S0027,Ramesh Patel,ACCT-307855,460958,INR,CASH_DEPOSIT,HDFC Bank,False,Consulting fee
TXN-000941,2024-12-11,05:10:20,S0078,Ashok Saxena,ACCT-653075,S0074,Ramesh Mishra,ACCT-935324,1452,INR,CASH_DEPOSIT,IndusInd Bank,False,Urgent transfer
TXN-000942,2023-04-10,13:39:43,S0036,Ravi Ali,ACCT-767538,S0034,Manoj Malik,ACCT-958221,974,INR,CASH_WITHDRAWAL,Bank of Baroda,False,Commission
TXN-000943,2024-03-22,02:14:51,S0025,Yusuf Joshi,ACCT-249040,S0030,Prakash Lopez,ACCT-661720,7434,INR,WIRE_TRANSFER,ICICI Bank,True,Commission
TXN-000944,2024-05-21,09:05:20,S0035,Mohan Joshi,ACCT-673868,S0028,Ajay Agarwal,ACCT-285438,1229356,INR,CASH_WITHDRAWAL,Axis Bank,True,Investment return
TXN-000945,2024-02-17,00:04:01,S0052,Neha Reddy,ACCT-678955,S0016,Arjun Shah,ACCT-953015,165381,INR,CASH_DEPOSIT,Kotak Bank,False,Monthly installment
TXN-000946,2024-11-19,10:21:26,S0049,Rahul Agarwal,ACCT-967604,S0020,Ajay Yadav,ACCT-399602,60586,INR,CRYPTO,Kotak Bank,False,Business payment
TXN-000947,2023-08-21,19:07:33,S0014,Yusuf Patel,ACCT-761177,S0017,Naveen Kumar,ACCT-530338,9774640,INR,CASH_WITHDRAWAL,Punjab National Bank,True,Investment return
TXN-000948,2023-10-10,17:47:49,S0030,Prakash Lopez,ACCT-575407,S0027,Ramesh Patel,ACCT-747480,6643,INR,CASH_DEPOSIT,Yes Bank,False,Personal
TXN-000949,2024-07-05,03:49:43,S0037,Suman Agarwal,ACCT-920318,S0032,Saleem Thakur,ACCT-661496,1285221,INR,HAWALA,Bank of Baroda,True,Investment return
TXN-000950,2023-11-30,00:10:28,S0057,Sanjay Ahmed,ACCT-974224,S0054,Tariq Pandey,ACCT-310944,11663,INR,CRYPTO,Federal Bank,False,Import payment
TXN-000951,2024-02-02,17:47:21,S0068,Kiran Reddy,ACCT-678341,S0070,Ajay Mehta,ACCT-516765,71523,INR,CASH_WITHDRAWAL,Federal Bank,False,Import payment
TXN-000952,2024-11-27,23:27:35,S0067,Rajesh Ali,ACCT-694407,S0065,Prakash Mehta,ACCT-379605,35692,INR,CHECK,Bank of Baroda,False,Import payment
TXN-000953,2024-10-22,04:56:20,S0054,Tariq Pandey,ACCT-528350,S0005,Arjun Verma,ACCT-693402,199681,INR,WIRE_TRANSFER,ICICI Bank,False,Urgent transfer
TXN-000954,2024-03-20,15:29:53,S0049,Rahul Agarwal,ACCT-674309,S0012,Prakash Shah,ACCT-715137,184649,INR,WIRE_TRANSFER,IndusInd Bank,False,Business payment
TXN-000955,2024-05-10,18:31:57,S0029,Kiran Ali,ACCT-962450,S0028,Ajay Agarwal,ACCT-977517,2029597,INR,CRYPTO,Yes Bank,True,Monthly installment
TXN-000956,2023-07-16,03:23:57,S0012,Prakash Shah,ACCT-882815,S0007,Vikram Chauhan,ACCT-248680,76982,INR,WIRE_TRANSFER,Punjab National Bank,False,Monthly installment
TXN-000957,2023-07-05,18:38:56,S0044,Sanjay Khan,ACCT-986224,S0045,Suman Mishra,ACCT-979306,39669,INR,CASH_DEPOSIT,ICICI Bank,False,Business payment
TXN-000958,2023-02-19,16:05:48,S0062,Rizwan Ali,ACCT-606351,S0045,Suman Mishra,ACCT-962888,866155,INR,ONLINE_TRANSFER,IndusInd Bank,True,Loan repayment
TXN-000959,2023-05-11,20:16:32,S0009,Pooja Pandey,ACCT-485197,S0005,Arjun Verma,ACCT-874733,9056,INR,CASH_DEPOSIT,ICICI Bank,False,Commission
TXN-000960,2024-02-29,18:47:39,S0050,Hassan Qureshi,ACCT-590775,S0049,Rahul Agarwal,ACCT-498012,670125,INR,HAWALA,ICICI Bank,True,Personal
TXN-000961,2023-04-16,20:57:18,S0022,Abdul Chauhan,ACCT-296676,S0015,Arjun Mishra,ACCT-310749,528904,INR,WIRE_TRANSFER,Kotak Bank,True,Import payment
TXN-000962,2023-11-27,10:21:10,S0058,Arjun Roy,ACCT-543759,S0080,Abdul Joshi,ACCT-641524,880776,INR,CRYPTO,ICICI Bank,True,Consulting fee
TXN-000963,2024-07-29,12:09:49,S0034,Manoj Malik,ACCT-610371,S0045,Suman Mishra,ACCT-142452,9943229,INR,WIRE_TRANSFER,HDFC Bank,True,Commission
TXN-000964,2023-10-28,22:46:36,S0035,Mohan Joshi,ACCT-559066,S0028,Ajay Agarwal,ACCT-873949,7197524,INR,CHECK,HDFC Bank,True,Business payment
TXN-000965,2024-07-04,17:55:15,S0045,Suman Mishra,ACCT-476785,S0036,Ravi Ali,ACCT-298402,50731,INR,ONLINE_TRANSFER,Kotak Bank,False,Business payment
TXN-000966,2023-05-05,09:09:37,S0068,Kiran Reddy,ACCT-152610,S0070,Ajay Mehta,ACCT-520097,16762,INR,ONLINE_TRANSFER,HDFC Bank,False,Property deal
TXN-000967,2024-09-30,16:45:35,S0078,Ashok Saxena,ACCT-688718,S0077,Anil Pandey,ACCT-669811,97761,INR,CRYPTO,Yes Bank,False,Loan repayment
TXN-000968,2023-05-22,10:51:50,S0006,Sunil Hussain,ACCT-138205,S0005,Arjun Verma,ACCT-822398,369534,INR,HAWALA,Punjab National Bank,False,Business payment
TXN-000969,2024-07-09,02:36:44,S0032,Saleem Thakur,ACCT-814956,S0007,Vikram Chauhan,ACCT-773377,8930993,INR,HAWALA,ICICI Bank,True,Loan repayment
TXN-000970,2023-07-07,04:43:05,S0009,Pooja Pandey,ACCT-218554,S0033,Anita Malik,ACCT-992055,365068,INR,WIRE_TRANSFER,HDFC Bank,True,Personal
TXN-000971,2023-08-14,07:23:30,S0009,Pooja Pandey,ACCT-377239,S0015,Arjun Mishra,ACCT-287996,4906,INR,CHECK,Kotak Bank,False,Import payment
TXN-000972,2024-04-30,11:39:49,S0041,Anil Chauhan,ACCT-748157,S0035,Mohan Joshi,ACCT-619731,351090,INR,ONLINE_TRANSFER,Yes Bank,False,Monthly installment
TXN-000973,2023-08-29,18:59:35,S0075,Imran Martinez,ACCT-794757,S0078,Ashok Saxena,ACCT-373572,3884213,INR,CRYPTO,ICICI Bank,True,Personal
TXN-000974,2023-12-25,07:32:23,S0036,Ravi Ali,ACCT-532799,S0041,Anil Chauhan,ACCT-245203,73258,INR,HAWALA,HDFC Bank,False,Personal
TXN-000975,2023-03-06,02:11:54,S0063,Mohan Hussain,ACCT-607991,S0059,Geeta Hernandez,ACCT-487078,163282,INR,CHECK,Yes Bank,False,Urgent transfer
TXN-000976,2024-11-10,17:36:37,S0001,Manoj Sharma,ACCT-605254,S0061,Farooq Joshi,ACCT-953155,915390,INR,CASH_WITHDRAWAL,Bank of Baroda,True,Consulting fee
TXN-000977,2024-07-20,23:06:14,S0005,Arjun Verma,ACCT-901538,S0035,Mohan Joshi,ACCT-736151,5615505,INR,ONLINE_TRANSFER,Axis Bank,True,Business payment
TXN-000978,2023-11-29,10:17:09,S0069,Mohan Das,ACCT-619342,S0068,Kiran Reddy,ACCT-929667,1939805,INR,ONLINE_TRANSFER,Axis Bank,True,Property deal
TXN-000979,2023-01-18,14:15:49,S0063,Mohan Hussain,ACCT-917979,S0055,Prakash Yadav,ACCT-641849,66220,INR,CHECK,Axis Bank,False,Commission
TXN-000980,2023-02-06,00:40:42,S0022,Abdul Chauhan,ACCT-959566,S0021,Saleem Hernandez,ACCT-962123,2063735,INR,CRYPTO,Yes Bank,True,Monthly installment
TXN-000981,2023-05-27,06:03:06,S0001,Manoj Sharma,ACCT-848430,S0011,Hassan Qureshi,ACCT-540612,8312983,INR,WIRE_TRANSFER,Kotak Bank,True,Loan repayment
TXN-000982,2024-01-28,05:50:17,S0006,Sunil Hussain,ACCT-311063,S0034,Manoj Malik,ACCT-641018,8133628,INR,WIRE_TRANSFER,State Bank,True,Investment return
TXN-000983,2024-06-27,16:38:28,S0026,Ramesh Lopez,ACCT-566159,S0023,Kiran Ali,ACCT-561822,8592511,INR,CRYPTO,Bank of Baroda,True,Commission
TXN-000984,2024-11-20,23:08:40,S0031,Rahul Thakur,ACCT-452141,S0027,Ramesh Patel,ACCT-259749,716922,INR,ONLINE_TRANSFER,Kotak Bank,True,Loan repayment
TXN-000985,2024-08-26,20:00:31,S0068,Kiran Reddy,ACCT-314632,S0028,Ajay Agarwal,ACCT-717630,8774,INR,CASH_WITHDRAWAL,Bank of Baroda,False,Loan repayment
TXN-000986,2024-11-06,06:43:23,S0008,Pooja Lopez,ACCT-894496,S0010,Kavita Thakur,ACCT-619526,5814,INR,HAWALA,Federal Bank,False,Import payment
TXN-000987,2024-07-14,19:25:20,S0062,Rizwan Ali,ACCT-210506,S0020,Ajay Yadav,ACCT-909033,552969,INR,WIRE_TRANSFER,State Bank,True,Urgent transfer
TXN-000988,2024-07-29,08:34:13,S0026,Ramesh Lopez,ACCT-154874,S0027,Ramesh Patel,ACCT-127424,5865,INR,HAWALA,IndusInd Bank,False,Business payment
TXN-000989,2024-06-28,23:07:00,S0068,Kiran Reddy,ACCT-508897,S0069,Mohan Das,ACCT-936383,2297905,INR,CASH_WITHDRAWAL,IndusInd Bank,True,Investment return
TXN-000990,2023-04-04,01:11:24,S0058,Arjun Roy,ACCT-199786,S0057,Sanjay Ahmed,ACCT-824459,1187408,INR,ONLINE_TRANSFER,Bank of Baroda,True,Commission
TXN-000991,2023-07-04,10:54:07,S0061,Farooq Joshi,ACCT-392775,S0063,Mohan Hussain,ACCT-658670,26081,INR,CASH_DEPOSIT,ICICI Bank,False,Loan repayment
TXN-000992,2023-11-23,03:24:09,S0060,Kiran Ahmed,ACCT-397852,S0061,Farooq Joshi,ACCT-685362,266631,INR,HAWALA,IndusInd Bank,False,No remarks
TXN-000993,2024-09-29,14:54:35,S0067,Rajesh Ali,ACCT-669087,S0065,Prakash Mehta,ACCT-515551,4670461,INR,HAWALA,HDFC Bank,True,Urgent transfer
TXN-000994,2023-08-28,20:34:05,S0014,Yusuf Patel,ACCT-876476,S0070,Ajay Mehta,ACCT-614121,91780,INR,CRYPTO,HDFC Bank,False,Urgent transfer
TXN-000995,2024-06-19,06:22:22,S0002,Suresh Sharma,ACCT-544614,S0005,Arjun Verma,ACCT-961887,8656,INR,CASH_WITHDRAWAL,Punjab National Bank,False,Urgent transfer
TXN-000996,2024-08-27,01:10:07,S0061,Farooq Joshi,ACCT-738311,S0063,Mohan Hussain,ACCT-149242,32806,INR,CASH_WITHDRAWAL,HDFC Bank,True,Loan repayment
TXN-000997,2023-10-15,16:58:49,S0007,Vikram Chauhan,ACCT-855851,S0008,Pooja Lopez,ACCT-742416,6962,INR,WIRE_TRANSFER,Kotak Bank,False,Property deal
TXN-000998,2023-11-17,20:26:45,S0010,Kavita Thakur,ACCT-954377,S0010,Kavita Thakur,ACCT-588255,9711453,INR,CASH_WITHDRAWAL,Kotak Bank,True,Investment return
TXN-000999,2023-10-26,12:30:07,S0010,Kavita Thakur,ACCT-234500,S0074,Ramesh Mishra,ACCT-209908,4343862,INR,ONLINE_TRANSFER,State Bank,True,Investment return
TXN-001000,2023-10-03,08:10:10,S0053,Vinod Hussain,ACCT-556621,S0054,Tariq Pandey,ACCT-336159,48801,INR,CASH_DEPOSIT,Kotak Bank,False,Import payment
TXN-001001,2023-12-01,20:30:52,S0054,Tariq Pandey,ACCT-488537,S0035,Mohan Joshi,ACCT-992940,31415,INR,CRYPTO,Axis Bank,False,Personal
TXN-001002,2024-06-23,01:21:38,S0022,Abdul Chauhan,ACCT-906674,S0015,Arjun Mishra,ACCT-693773,8440,INR,HAWALA,Kotak Bank,False,Loan repayment
TXN-001003,2023-06-19,23:10:57,S0046,Miguel Gupta,ACCT-575000,S0074,Ramesh Mishra,ACCT-551970,5714,INR,CASH_WITHDRAWAL,ICICI Bank,False,No remarks
TXN-001004,2023-09-21,19:20:39,S0031,Rahul Thakur,ACCT-159315,S0038,Ashok Patel,ACCT-789649,9429,INR,CASH_WITHDRAWAL,IndusInd Bank,False,Commission
TXN-001005,2023-02-12,15:13:24,S0019,Hassan Rodriguez,ACCT-194063,S0061,Farooq Joshi,ACCT-878433,82523,INR,ONLINE_TRANSFER,Yes Bank,False,Commission
TXN-001006,2023-01-01,18:55:03,S0045,Suman Mishra,ACCT-505850,S0036,Ravi Ali,ACCT-124259,908445,INR,HAWALA,ICICI Bank,True,Commission
TXN-001007,2024-02-23,18:50:31,S0067,Rajesh Ali,ACCT-859975,S0026,Ramesh Lopez,ACCT-193757,6409,INR,CASH_WITHDRAWAL,Federal Bank,True,Investment return
TXN-001008,2024-03-16,21:03:35,S0080,Abdul Joshi,ACCT-414293,S0072,Priya Martinez,ACCT-541938,450157,INR,CASH_WITHDRAWAL,Axis Bank,False,Import payment
TXN-001009,2024-11-09,18:39:26,S0064,Carlos Reddy,ACCT-873691,S0065,Prakash Mehta,ACCT-335591,3635644,INR,ONLINE_TRANSFER,Federal Bank,True,Regular transfer
TXN-001010,2024-06-07,21:02:33,S0075,Imran Martinez,ACCT-568318,S0069,Mohan Das,ACCT-847326,602700,INR,CHECK,IndusInd Bank,True,Investment return
TXN-001011,2023-02-07,13:11:49,S0004,Hassan Kumar,ACCT-142710,S0006,Sunil Hussain,ACCT-163768,6208143,INR,CASH_WITHDRAWAL,Punjab National Bank,True,Personal
TXN-001012,2024-09-18,01:50:33,S0047,Pooja Hussain,ACCT-634667,S0048,Abdul Garcia,ACCT-665920,9248977,INR,CASH_WITHDRAWAL,Axis Bank,True,No remarks
TXN-001013,2024-11-01,00:47:34,S0074,Ramesh Mishra,ACCT-445534,S0048,Abdul Garcia,ACCT-146623,79823,INR,HAWALA,ICICI Bank,False,Consulting fee
TXN-001014,2024-08-08,01:17:03,S0020,Ajay Yadav,ACCT-879274,S0062,Rizwan Ali,ACCT-801582,5756,INR,CRYPTO,Yes Bank,False,Import payment
TXN-001015,2023-02-11,13:31:25,S0072,Priya Martinez,ACCT-109757,S0074,Ramesh Mishra,ACCT-311421,7688,INR,WIRE_TRANSFER,Kotak Bank,False,No remarks
TXN-001016,2023-07-29,20:52:39,S0050,Hassan Qureshi,ACCT-479210,S0010,Kavita Thakur,ACCT-188674,3011810,INR,CASH_WITHDRAWAL,ICICI Bank,True,Urgent transfer
TXN-001017,2024-10-14,22:33:55,S0033,Anita Malik,ACCT-546314,S0042,Rekha Thakur,ACCT-407266,3002,INR,CASH_WITHDRAWAL,Axis Bank,False,Loan repayment
TXN-001018,2024-09-13,22:15:58,S0047,Pooja Hussain,ACCT-449634,S0048,Abdul Garcia,ACCT-567481,24009,INR,WIRE_TRANSFER,Federal Bank,False,Personal
TXN-001019,2023-07-26,03:43:54,S0067,Rajesh Ali,ACCT-382617,S0065,Prakash Mehta,ACCT-947417,265527,INR,HAWALA,Federal Bank,False,Commission
TXN-001020,2024-01-30,17:46:00,S0078,Ashok Saxena,ACCT-214025,S0077,Anil Pandey,ACCT-381488,1157475,INR,CASH_DEPOSIT,Bank of Baroda,True,Property deal
TXN-001021,2024-07-04,05:34:37,S0032,Saleem Thakur,ACCT-227614,S0004,Hassan Kumar,ACCT-450202,4362,INR,WIRE_TRANSFER,Federal Bank,False,Loan repayment
TXN-001022,2023-11-01,02:51:21,S0066,Imran Joshi,ACCT-607702,S0067,Rajesh Ali,ACCT-628245,476452,INR,ONLINE_TRANSFER,Punjab National Bank,False,Loan repayment
TXN-001023,2023-10-21,17:26:37,S0045,Suman Mishra,ACCT-622873,S0059,Geeta Hernandez,ACCT-504581,461215,INR,CHECK,HDFC Bank,False,Investment return
TXN-001024,2024-05-26,16:43:19,S0039,Yusuf Khan,ACCT-186477,S0035,Mohan Joshi,ACCT-906494,82579,INR,HAWALA,HDFC Bank,False,Consulting fee
TXN-001025,2023-09-13,02:16:10,S0058,Arjun Roy,ACCT-977281,S0048,Abdul Garcia,ACCT-622293,5305,INR,CASH_WITHDRAWAL,Yes Bank,False,Investment return
TXN-001026,2024-02-26,20:40:40,S0010,Kavita Thakur,ACCT-812783,S0006,Sunil Hussain,ACCT-792710,63779,INR,CHECK,IndusInd Bank,False,Investment return
TXN-001027,2023-09-25,16:04:03,S0005,Arjun Verma,ACCT-419735,S0007,Vikram Chauhan,ACCT-817163,2002305,INR,HAWALA,HDFC Bank,True,Loan repayment
TXN-001028,2023-04-10,23:32:08,S0016,Arjun Shah,ACCT-175369,S0017,Naveen Kumar,ACCT-676149,53658,INR,CASH_WITHDRAWAL,Yes Bank,False,Monthly installment
TXN-001029,2023-03-30,14:37:03,S0010,Kavita Thakur,ACCT-673703,S0002,Suresh Sharma,ACCT-700132,927535,INR,CASH_WITHDRAWAL,Punjab National Bank,True,Investment return
TXN-001030,2023-03-27,00:47:12,S0079,Ravi Singh,ACCT-680080,S0073,Rahul Martinez,ACCT-905537,984527,INR,CASH_WITHDRAWAL,Punjab National Bank,True,Personal
TXN-001031,2024-11-30,04:20:16,S0006,Sunil Hussain,ACCT-735369,S0005,Arjun Verma,ACCT-113293,4335,INR,CASH_WITHDRAWAL,Yes Bank,False,Commission
TXN-001032,2023-01-05,18:59:42,S0056,Anil Chauhan,ACCT-287783,S0030,Prakash Lopez,ACCT-336466,3944603,INR,ONLINE_TRANSFER,ICICI Bank,True,Loan repayment
TXN-001033,2023-09-05,10:18:57,S0012,Prakash Shah,ACCT-207018,S0012,Prakash Shah,ACCT-314318,5599170,INR,CRYPTO,Kotak Bank,True,Loan repayment
TXN-001034,2023-05-01,18:55:13,S0010,Kavita Thakur,ACCT-383439,S0008,Pooja Lopez,ACCT-679379,2898930,INR,CHECK,Yes Bank,True,Investment return
TXN-001035,2023-11-18,03:42:46,S0077,Anil Pandey,ACCT-480339,S0071,Rajesh Joshi,ACCT-250986,85385,INR,CRYPTO,Yes Bank,False,Urgent transfer
TXN-001036,2023-12-03,16:26:19,S0058,Arjun Roy,ACCT-579986,S0057,Sanjay Ahmed,ACCT-765380,4773310,INR,CRYPTO,HDFC Bank,True,Consulting fee
TXN-001037,2023-07-02,20:44:51,S0059,Geeta Hernandez,ACCT-743596,S0057,Sanjay Ahmed,ACCT-285860,4300,INR,WIRE_TRANSFER,IndusInd Bank,False,Commission
TXN-001038,2023-11-17,08:26:11,S0022,Abdul Chauhan,ACCT-115582,S0021,Saleem Hernandez,ACCT-879435,9127870,INR,CASH_DEPOSIT,ICICI Bank,True,Business payment
TXN-001039,2023-09-19,15:00:50,S0019,Hassan Rodriguez,ACCT-789976,S0034,Manoj Malik,ACCT-498828,5601,INR,CHECK,IndusInd Bank,False,Loan repayment
TXN-001040,2024-05-03,09:59:54,S0044,Sanjay Khan,ACCT-820533,S0033,Anita Malik,ACCT-470962,712136,INR,CASH_WITHDRAWAL,ICICI Bank,True,Personal
TXN-001041,2023-09-21,17:37:25,S0066,Imran Joshi,ACCT-175293,S0015,Arjun Mishra,ACCT-896488,7064,INR,CRYPTO,Yes Bank,False,Monthly installment
TXN-001042,2024-07-21,07:04:10,S0031,Rahul Thakur,ACCT-548828,S0006,Sunil Hussain,ACCT-864779,2147323,INR,CASH_DEPOSIT,ICICI Bank,True,Monthly installment
TXN-001043,2024-02-20,17:17:09,S0036,Ravi Ali,ACCT-442411,S0033,Anita Malik,ACCT-557262,3744,INR,WIRE_TRANSFER,State Bank,False,Personal
TXN-001044,2023-07-10,15:32:24,S0016,Arjun Shah,ACCT-168623,S0017,Naveen Kumar,ACCT-255242,37065,INR,CASH_WITHDRAWAL,Kotak Bank,False,Property deal
TXN-001045,2024-03-24,20:57:28,S0064,Carlos Reddy,ACCT-797569,S0025,Yusuf Joshi,ACCT-627881,9302,INR,CASH_WITHDRAWAL,Axis Bank,False,Loan repayment
TXN-001046,2024-01-22,21:38:14,S0072,Priya Martinez,ACCT-800483,S0079,Ravi Singh,ACCT-167413,23498,INR,CASH_DEPOSIT,Punjab National Bank,False,Loan repayment
TXN-001047,2024-08-20,20:39:56,S0025,Yusuf Joshi,ACCT-541285,S0022,Abdul Chauhan,ACCT-213097,34582,INR,CASH_WITHDRAWAL,Punjab National Bank,False,Commission
TXN-001048,2024-08-29,12:01:58,S0002,Suresh Sharma,ACCT-897297,S0005,Arjun Verma,ACCT-406345,68767,INR,WIRE_TRANSFER,Punjab National Bank,False,Property deal
TXN-001049,2024-11-02,08:57:09,S0054,Tariq Pandey,ACCT-340729,S0056,Anil Chauhan,ACCT-276739,32826,INR,CHECK,Kotak Bank,False,Commission
TXN-001050,2023-06-12,23:19:21,S0049,Rahul Agarwal,ACCT-532433,S0052,Neha Reddy,ACCT-576158,8441258,INR,CASH_WITHDRAWAL,Kotak Bank,True,Property deal
TXN-001051,2023-07-16,12:14:51,S0022,Abdul Chauhan,ACCT-501244,S0005,Arjun Verma,ACCT-741948,164659,INR,CHECK,Federal Bank,False,Consulting fee
TXN-001052,2024-02-27,05:30:46,S0007,Vikram Chauhan,ACCT-526717,S0003,Kiran Qureshi,ACCT-226855,8527584,INR,CRYPTO,Kotak Bank,True,Urgent transfer
TXN-001053,2024-09-19,20:17:53,S0072,Priya Martinez,ACCT-630750,S0079,Ravi Singh,ACCT-571473,1757,INR,HAWALA,HDFC Bank,False,Property deal
TXN-001054,2024-02-10,11:41:44,S0070,Ajay Mehta,ACCT-279769,S0069,Mohan Das,ACCT-544992,81770,INR,CASH_DEPOSIT,Punjab National Bank,False,Business payment
TXN-001055,2024-11-05,08:30:46,S0036,Ravi Ali,ACCT-553623,S0011,Hassan Qureshi,ACCT-289350,9263710,INR,HAWALA,Kotak Bank,True,Regular transfer
TXN-001056,2024-01-04,17:19:36,S0013,Tariq Hernandez,ACCT-861229,S0030,Prakash Lopez,ACCT-664843,9688,INR,CHECK,State Bank,True,Consulting fee
TXN-001057,2024-07-25,00:11:21,S0002,Suresh Sharma,ACCT-444805,S0047,Pooja Hussain,ACCT-485357,6356340,INR,CASH_WITHDRAWAL,ICICI Bank,True,Property deal
TXN-001058,2023-12-02,13:04:59,S0056,Anil Chauhan,ACCT-975485,S0054,Tariq Pandey,ACCT-580717,7997,INR,HAWALA,IndusInd Bank,False,Loan repayment
TXN-001059,2023-09-30,07:37:10,S0045,Suman Mishra,ACCT-364950,S0060,Kiran Ahmed,ACCT-841674,9060,INR,WIRE_TRANSFER,State Bank,False,Property deal
TXN-001060,2023-11-01,09:31:44,S0027,Ramesh Patel,ACCT-617416,S0073,Rahul Martinez,ACCT-977923,5933,INR,CRYPTO,Federal Bank,False,Business payment
TXN-001061,2023-04-07,17:46:45,S0044,Sanjay Khan,ACCT-792227,S0033,Anita Malik,ACCT-315782,6450,INR,CHECK,Punjab National Bank,False,Urgent transfer
TXN-001062,2023-04-19,23:14:45,S0075,Imran Martinez,ACCT-734231,S0024,Anita Lopez,ACCT-990401,59751,INR,HAWALA,Axis Bank,False,Monthly installment
TXN-001063,2023-10-18,05:20:18,S0017,Naveen Kumar,ACCT-646650,S0022,Abdul Chauhan,ACCT-167100,5812255,INR,CHECK,Federal Bank,True,No remarks
TXN-001064,2023-05-31,01:25:51,S0052,Neha Reddy,ACCT-498738,S0045,Suman Mishra,ACCT-554591,1620321,INR,ONLINE_TRANSFER,Punjab National Bank,True,Personal
TXN-001065,2023-04-07,19:48:36,S0010,Kavita Thakur,ACCT-572180,S0006,Sunil Hussain,ACCT-688267,387288,INR,CHECK,ICICI Bank,True,Urgent transfer
TXN-001066,2024-02-07,01:21:48,S0004,Hassan Kumar,ACCT-675603,S0006,Sunil Hussain,ACCT-543031,10878,INR,ONLINE_TRANSFER,Kotak Bank,True,Loan repayment
TXN-001067,2024-08-24,18:05:04,S0036,Ravi Ali,ACCT-222479,S0041,Anil Chauhan,ACCT-687296,2045902,INR,CASH_WITHDRAWAL,HDFC Bank,True,Property deal
TXN-001068,2023-02-18,11:12:48,S0066,Imran Joshi,ACCT-937897,S0015,Arjun Mishra,ACCT-791898,3981,INR,HAWALA,Bank of Baroda,False,Loan repayment
TXN-001069,2024-12-12,19:57:53,S0009,Pooja Pandey,ACCT-870992,S0069,Mohan Das,ACCT-479559,60923,INR,CHECK,Bank of Baroda,False,Monthly installment
TXN-001070,2024-11-20,06:12:59,S0055,Prakash Yadav,ACCT-853309,S0054,Tariq Pandey,ACCT-991042,883236,INR,HAWALA,Federal Bank,True,Urgent transfer
TXN-001071,2024-06-27,17:26:32,S0007,Vikram Chauhan,ACCT-170485,S0033,Anita Malik,ACCT-587836,6284888,INR,ONLINE_TRANSFER,Federal Bank,True,Consulting fee
TXN-001072,2023-09-24,14:38:56,S0059,Geeta Hernandez,ACCT-288129,S0061,Farooq Joshi,ACCT-110823,305215,INR,HAWALA,Federal Bank,False,Consulting fee
TXN-001073,2024-07-21,05:07:04,S0066,Imran Joshi,ACCT-661113,S0067,Rajesh Ali,ACCT-186802,21488,INR,HAWALA,Kotak Bank,False,Urgent transfer
TXN-001074,2024-09-26,13:41:21,S0024,Anita Lopez,ACCT-175660,S0057,Sanjay Ahmed,ACCT-240527,7035,INR,ONLINE_TRANSFER,Axis Bank,False,Loan repayment
TXN-001075,2024-11-07,17:42:41,S0080,Abdul Joshi,ACCT-828053,S0008,Pooja Lopez,ACCT-608557,18734,INR,HAWALA,State Bank,False,Commission
TXN-001076,2023-08-01,18:02:37,S0079,Ravi Singh,ACCT-168090,S0044,Sanjay Khan,ACCT-739907,704295,INR,HAWALA,Kotak Bank,True,Consulting fee
TXN-001077,2023-10-23,02:13:06,S0020,Ajay Yadav,ACCT-557154,S0021,Saleem Hernandez,ACCT-667388,9197540,INR,ONLINE_TRANSFER,Yes Bank,True,No remarks
TXN-001078,2023-06-01,08:00:08,S0074,Ramesh Mishra,ACCT-115435,S0028,Ajay Agarwal,ACCT-119906,686269,INR,WIRE_TRANSFER,HDFC Bank,True,Consulting fee
TXN-001079,2024-09-02,07:32:30,S0073,Rahul Martinez,ACCT-283533,S0050,Hassan Qureshi,ACCT-143972,45094,INR,ONLINE_TRANSFER,Federal Bank,False,No remarks
TXN-001080,2023-12-02,11:29:52,S0032,Saleem Thakur,ACCT-526694,S0033,Anita Malik,ACCT-847463,40685,INR,CASH_WITHDRAWAL,Axis Bank,False,Monthly installment
TXN-001081,2023-11-21,16:35:57,S0058,Arjun Roy,ACCT-830172,S0010,Kavita Thakur,ACCT-148149,4867627,INR,CASH_DEPOSIT,Federal Bank,True,Import payment
TXN-001082,2023-05-07,16:58:07,S0018,Sanjay Agarwal,ACCT-940683,S0018,Sanjay Agarwal,ACCT-382455,8761,INR,CASH_WITHDRAWAL,Federal Bank,False,Monthly installment
TXN-001083,2024-11-05,08:43:49,S0078,Ashok Saxena,ACCT-497000,S0077,Anil Pandey,ACCT-151444,53256,INR,CASH_WITHDRAWAL,Punjab National Bank,False,Regular transfer
TXN-001084,2024-06-24,01:28:57,S0080,Abdul Joshi,ACCT-262967,S0072,Priya Martinez,ACCT-458695,4255,INR,CRYPTO,Axis Bank,False,Personal
TXN-001085,2023-10-19,16:06:45,S0032,Saleem Thakur,ACCT-606486,S0071,Rajesh Joshi,ACCT-665662,6063158,INR,CHECK,ICICI Bank,True,Property deal
TXN-001086,2023-01-15,13:04:12,S0066,Imran Joshi,ACCT-414215,S0015,Arjun Mishra,ACCT-409405,2688,INR,CASH_DEPOSIT,Punjab National Bank,False,Property deal
TXN-001087,2023-06-11,01:26:16,S0034,Manoj Malik,ACCT-360939,S0021,Saleem Hernandez,ACCT-921501,402281,INR,CRYPTO,Axis Bank,False,Commission
TXN-001088,2024-07-02,06:44:32,S0048,Abdul Garcia,ACCT-923241,S0046,Miguel Gupta,ACCT-459198,279522,INR,ONLINE_TRANSFER,Axis Bank,False,Urgent transfer
TXN-001089,2023-10-30,21:59:03,S0043,Rekha Das,ACCT-996594,S0012,Prakash Shah,ACCT-512184,6602206,INR,CHECK,Kotak Bank,True,Regular transfer
TXN-001090,2023-10-16,01:50:07,S0023,Kiran Ali,ACCT-287848,S0037,Suman Agarwal,ACCT-895889,24049,INR,WIRE_TRANSFER,Bank of Baroda,False,Loan repayment
TXN-001091,2023-06-18,03:49:42,S0068,Kiran Reddy,ACCT-411569,S0069,Mohan Das,ACCT-180773,646512,INR,CRYPTO,Bank of Baroda,True,Monthly installment
TXN-001092,2024-07-24,14:14:15,S0007,Vikram Chauhan,ACCT-946869,S0004,Hassan Kumar,ACCT-296444,363588,INR,ONLINE_TRANSFER,Federal Bank,False,Consulting fee
TXN-001093,2023-09-04,20:38:07,S0043,Rekha Das,ACCT-822918,S0044,Sanjay Khan,ACCT-658304,3294,INR,WIRE_TRANSFER,Yes Bank,False,Consulting fee
TXN-001094,2024-06-02,20:29:58,S0045,Suman Mishra,ACCT-698500,S0048,Abdul Garcia,ACCT-504841,425501,INR,CASH_DEPOSIT,Axis Bank,False,Loan repayment
TXN-001095,2024-11-21,03:48:36,S0014,Yusuf Patel,ACCT-214206,S0011,Hassan Qureshi,ACCT-519933,3461,INR,CHECK,Axis Bank,False,Urgent transfer
TXN-001096,2023-02-15,06:22:34,S0078,Ashok Saxena,ACCT-354001,S0073,Rahul Martinez,ACCT-657114,53523,INR,ONLINE_TRANSFER,IndusInd Bank,False,Urgent transfer
TXN-001097,2023-12-06,19:38:23,S0035,Mohan Joshi,ACCT-231534,S0057,Sanjay Ahmed,ACCT-772367,4941,INR,CHECK,Federal Bank,False,Regular transfer
TXN-001098,2024-09-06,05:08:18,S0049,Rahul Agarwal,ACCT-683528,S0003,Kiran Qureshi,ACCT-753512,453094,INR,CASH_WITHDRAWAL,Bank of Baroda,False,Investment return
TXN-001099,2024-12-13,09:09:41,S0007,Vikram Chauhan,ACCT-602927,S0004,Hassan Kumar,ACCT-200773,49284,INR,WIRE_TRANSFER,IndusInd Bank,False,No remarks
TXN-001100,2023-09-20,21:21:28,S0052,Neha Reddy,ACCT-228953,S0050,Hassan Qureshi,ACCT-211890,6482,INR,HAWALA,ICICI Bank,False,No remarks
TXN-001101,2023-05-29,15:35:28,S0058,Arjun Roy,ACCT-820833,S0035,Mohan Joshi,ACCT-242914,2487443,INR,CASH_DEPOSIT,Punjab National Bank,True,Urgent transfer
TXN-001102,2023-01-07,20:40:56,S0055,Prakash Yadav,ACCT-210944,S0053,Vinod Hussain,ACCT-647612,2682185,INR,CHECK,HDFC Bank,True,Commission
TXN-001103,2023-08-19,09:38:19,S0008,Pooja Lopez,ACCT-331666,S0010,Kavita Thakur,ACCT-839660,7859,INR,CASH_DEPOSIT,Federal Bank,False,Urgent transfer
TXN-001104,2023-11-17,14:10:02,S0015,Arjun Mishra,ACCT-387828,S0018,Sanjay Agarwal,ACCT-658213,1045,INR,HAWALA,IndusInd Bank,False,Business payment
TXN-001105,2023-07-08,01:09:30,S0047,Pooja Hussain,ACCT-912849,S0030,Prakash Lopez,ACCT-968765,13864,INR,CRYPTO,Bank of Baroda,False,Commission
TXN-001106,2023-01-25,15:53:22,S0026,Ramesh Lopez,ACCT-532796,S0010,Kavita Thakur,ACCT-892216,2960,INR,ONLINE_TRANSFER,Punjab National Bank,True,No remarks
TXN-001107,2023-01-24,19:40:26,S0049,Rahul Agarwal,ACCT-202811,S0054,Tariq Pandey,ACCT-221075,30636,INR,ONLINE_TRANSFER,Kotak Bank,True,No remarks
TXN-001108,2024-02-04,14:03:13,S0008,Pooja Lopez,ACCT-524088,S0010,Kavita Thakur,ACCT-249312,860400,INR,CASH_WITHDRAWAL,Bank of Baroda,True,Consulting fee
TXN-001109,2024-09-22,01:19:10,S0044,Sanjay Khan,ACCT-516515,S0033,Anita Malik,ACCT-430868,696122,INR,ONLINE_TRANSFER,Bank of Baroda,True,Business payment
TXN-001110,2024-05-11,05:50:57,S0032,Saleem Thakur,ACCT-649979,S0079,Ravi Singh,ACCT-972181,978008,INR,WIRE_TRANSFER,Punjab National Bank,True,Investment return
TXN-001111,2023-07-17,10:26:23,S0001,Manoj Sharma,ACCT-385786,S0019,Hassan Rodriguez,ACCT-907157,3611345,INR,HAWALA,Kotak Bank,True,Urgent transfer
TXN-001112,2024-12-13,17:19:12,S0055,Prakash Yadav,ACCT-983794,S0057,Sanjay Ahmed,ACCT-537898,6529492,INR,WIRE_TRANSFER,Bank of Baroda,True,Commission
TXN-001113,2024-02-02,07:46:03,S0061,Farooq Joshi,ACCT-135278,S0063,Mohan Hussain,ACCT-640384,733445,INR,CASH_DEPOSIT,HDFC Bank,True,Commission
TXN-001114,2024-10-30,19:27:45,S0036,Ravi Ali,ACCT-343031,S0048,Abdul Garcia,ACCT-197421,6607853,INR,ONLINE_TRANSFER,Federal Bank,True,Import payment
TXN-001115,2024-09-02,19:15:51,S0015,Arjun Mishra,ACCT-218407,S0061,Farooq Joshi,ACCT-717113,286787,INR,CHECK,State Bank,False,Consulting fee
TXN-001116,2024-11-21,00:36:21,S0065,Prakash Mehta,ACCT-794524,S0066,Imran Joshi,ACCT-578920,628898,INR,ONLINE_TRANSFER,HDFC Bank,True,Personal
TXN-001117,2023-12-15,07:54:59,S0024,Anita Lopez,ACCT-665833,S0029,Kiran Ali,ACCT-824659,713272,INR,ONLINE_TRANSFER,Punjab National Bank,True,No remarks
TXN-001118,2024-08-27,03:28:51,S0008,Pooja Lopez,ACCT-728159,S0068,Kiran Reddy,ACCT-587525,1496,INR,ONLINE_TRANSFER,ICICI Bank,False,Urgent transfer
TXN-001119,2024-07-27,10:53:54,S0051,Vinod Qureshi,ACCT-994495,S0041,Anil Chauhan,ACCT-561189,48300,INR,CASH_DEPOSIT,ICICI Bank,False,Commission
TXN-001120,2023-07-26,19:30:58,S0002,Suresh Sharma,ACCT-539830,S0005,Arjun Verma,ACCT-485903,6536063,INR,CASH_WITHDRAWAL,Federal Bank,True,Property deal
TXN-001121,2023-08-11,13:49:51,S0018,Sanjay Agarwal,ACCT-773058,S0019,Hassan Rodriguez,ACCT-364989,6007,INR,ONLINE_TRANSFER,IndusInd Bank,False,Property deal
TXN-001122,2024-11-17,11:15:29,S0072,Priya Martinez,ACCT-554567,S0071,Rajesh Joshi,ACCT-794148,1524,INR,CASH_DEPOSIT,IndusInd Bank,False,Investment return
TXN-001123,2023-02-19,23:58:30,S0014,Yusuf Patel,ACCT-617084,S0022,Abdul Chauhan,ACCT-563527,5051876,INR,CRYPTO,State Bank,True,Loan repayment
TXN-001124,2024-08-25,12:27:35,S0024,Anita Lopez,ACCT-537479,S0027,Ramesh Patel,ACCT-736614,3357,INR,CASH_WITHDRAWAL,Kotak Bank,False,Monthly installment
TXN-001125,2024-10-18,04:07:28,S0048,Abdul Garcia,ACCT-328978,S0040,Farooq Saxena,ACCT-514430,9880604,INR,CASH_WITHDRAWAL,HDFC Bank,True,Consulting fee
TXN-001126,2023-10-26,12:15:28,S0066,Imran Joshi,ACCT-407246,S0015,Arjun Mishra,ACCT-684038,11750,INR,CASH_DEPOSIT,State Bank,False,Property deal
TXN-001127,2024-06-09,02:07:05,S0028,Ajay Agarwal,ACCT-439182,S0030,Prakash Lopez,ACCT-343347,82401,INR,CRYPTO,IndusInd Bank,False,Business payment
TXN-001128,2024-04-17,19:48:44,S0057,Sanjay Ahmed,ACCT-677144,S0055,Prakash Yadav,ACCT-502007,646436,INR,CRYPTO,ICICI Bank,True,Commission
TXN-001129,2023-08-04,03:28:09,S0042,Rekha Thakur,ACCT-170863,S0039,Yusuf Khan,ACCT-159501,8523841,INR,CASH_WITHDRAWAL,Axis Bank,True,Monthly installment
TXN-001130,2023-10-18,06:55:10,S0055,Prakash Yadav,ACCT-747823,S0063,Mohan Hussain,ACCT-105663,4392,INR,CHECK,Bank of Baroda,True,Investment return
TXN-001131,2023-09-30,14:47:13,S0029,Kiran Ali,ACCT-323365,S0028,Ajay Agarwal,ACCT-903855,79998,INR,HAWALA,Kotak Bank,False,Monthly installment
TXN-001132,2023-01-08,15:02:25,S0029,Kiran Ali,ACCT-795444,S0028,Ajay Agarwal,ACCT-855554,5082,INR,CASH_DEPOSIT,Bank of Baroda,False,Import payment
TXN-001133,2023-04-27,20:40:43,S0055,Prakash Yadav,ACCT-977201,S0010,Kavita Thakur,ACCT-190208,87213,INR,CRYPTO,Kotak Bank,True,Commission
TXN-001134,2023-03-27,19:02:17,S0060,Kiran Ahmed,ACCT-661463,S0059,Geeta Hernandez,ACCT-399732,546703,INR,HAWALA,Yes Bank,True,Import payment
TXN-001135,2024-04-08,21:08:44,S0018,Sanjay Agarwal,ACCT-637779,S0052,Neha Reddy,ACCT-687732,327656,INR,ONLINE_TRANSFER,State Bank,False,Investment return
TXN-001136,2023-12-22,22:10:46,S0025,Yusuf Joshi,ACCT-730089,S0030,Prakash Lopez,ACCT-565272,9145126,INR,WIRE_TRANSFER,Punjab National Bank,True,Personal
TXN-001137,2023-11-07,10:12:54,S0023,Kiran Ali,ACCT-850858,S0021,Saleem Hernandez,ACCT-331334,96904,INR,CRYPTO,Yes Bank,False,Monthly installment
TXN-001138,2023-02-01,05:16:49,S0017,Naveen Kumar,ACCT-701119,S0035,Mohan Joshi,ACCT-664665,9523683,INR,CHECK,Federal Bank,True,Consulting fee
TXN-001139,2024-06-20,14:12:17,S0076,Rahul Qureshi,ACCT-702391,S0020,Ajay Yadav,ACCT-182022,617408,INR,CHECK,IndusInd Bank,True,Property deal
TXN-001140,2023-04-01,13:15:42,S0072,Priya Martinez,ACCT-103248,S0002,Suresh Sharma,ACCT-173882,9911,INR,CRYPTO,HDFC Bank,False,Loan repayment
TXN-001141,2023-10-12,00:42:31,S0020,Ajay Yadav,ACCT-172744,S0013,Tariq Hernandez,ACCT-739932,19560,INR,WIRE_TRANSFER,Yes Bank,False,Consulting fee
TXN-001142,2024-02-06,05:30:01,S0019,Hassan Rodriguez,ACCT-927207,S0037,Suman Agarwal,ACCT-565974,1342,INR,HAWALA,Yes Bank,False,Property deal
TXN-001143,2023-02-23,16:10:39,S0040,Farooq Saxena,ACCT-459038,S0005,Arjun Verma,ACCT-922827,14041,INR,HAWALA,Federal Bank,False,Consulting fee
TXN-001144,2024-12-31,19:22:01,S0058,Arjun Roy,ACCT-247801,S0020,Ajay Yadav,ACCT-220737,3068,INR,CASH_WITHDRAWAL,Yes Bank,False,Consulting fee
TXN-001145,2024-02-08,19:59:05,S0007,Vikram Chauhan,ACCT-125232,S0068,Kiran Reddy,ACCT-737678,897698,INR,HAWALA,Punjab National Bank,True,Personal
TXN-001146,2023-03-15,16:36:04,S0014,Yusuf Patel,ACCT-187509,S0017,Naveen Kumar,ACCT-607135,8384987,INR,CASH_WITHDRAWAL,IndusInd Bank,True,Investment return
TXN-001147,2024-01-27,04:22:24,S0005,Arjun Verma,ACCT-367613,S0004,Hassan Kumar,ACCT-486692,662509,INR,HAWALA,HDFC Bank,True,Urgent transfer
TXN-001148,2023-08-13,02:13:35,S0062,Rizwan Ali,ACCT-333736,S0005,Arjun Verma,ACCT-953242,9560051,INR,CASH_DEPOSIT,IndusInd Bank,True,Business payment
TXN-001149,2024-12-27,01:35:12,S0014,Yusuf Patel,ACCT-679755,S0015,Arjun Mishra,ACCT-600526,165923,INR,CASH_WITHDRAWAL,ICICI Bank,False,Import payment
TXN-001150,2023-08-09,11:54:42,S0035,Mohan Joshi,ACCT-338758,S0078,Ashok Saxena,ACCT-717906,837560,INR,ONLINE_TRANSFER,Punjab National Bank,True,Regular transfer
TXN-001151,2024-06-17,00:22:07,S0015,Arjun Mishra,ACCT-217264,S0021,Saleem Hernandez,ACCT-741173,7908,INR,CASH_DEPOSIT,Yes Bank,False,Import payment
TXN-001152,2023-01-30,23:07:47,S0065,Prakash Mehta,ACCT-472591,S0066,Imran Joshi,ACCT-290660,384443,INR,HAWALA,IndusInd Bank,False,No remarks
TXN-001153,2023-03-27,09:16:27,S0076,Rahul Qureshi,ACCT-785897,S0075,Imran Martinez,ACCT-132404,916920,INR,CHECK,Axis Bank,True,Commission
TXN-001154,2023-11-25,20:56:45,S0070,Ajay Mehta,ACCT-940313,S0068,Kiran Reddy,ACCT-496719,636993,INR,WIRE_TRANSFER,Punjab National Bank,True,Regular transfer
TXN-001155,2024-10-27,09:34:55,S0025,Yusuf Joshi,ACCT-322859,S0035,Mohan Joshi,ACCT-292607,128723,INR,CASH_WITHDRAWAL,Federal Bank,False,No remarks
TXN-001156,2024-02-14,22:42:12,S0061,Farooq Joshi,ACCT-538106,S0069,Mohan Das,ACCT-753748,8594,INR,CRYPTO,Federal Bank,False,Consulting fee
TXN-001157,2023-08-04,22:52:58,S0060,Kiran Ahmed,ACCT-645472,S0062,Rizwan Ali,ACCT-760261,4749,INR,CASH_DEPOSIT,Punjab National Bank,False,Investment return
TXN-001158,2023-06-10,11:55:57,S0001,Manoj Sharma,ACCT-571608,S0005,Arjun Verma,ACCT-803328,727504,INR,CASH_DEPOSIT,Federal Bank,True,Import payment
TXN-001159,2023-11-01,02:38:05,S0030,Prakash Lopez,ACCT-141856,S0026,Ramesh Lopez,ACCT-367096,263130,INR,CRYPTO,Kotak Bank,False,Commission
TXN-001160,2024-03-27,03:45:00,S0035,Mohan Joshi,ACCT-213467,S0028,Ajay Agarwal,ACCT-340483,3852,INR,HAWALA,ICICI Bank,False,Investment return
TXN-001161,2024-04-05,19:27:06,S0058,Arjun Roy,ACCT-289372,S0056,Anil Chauhan,ACCT-353066,360128,INR,CASH_DEPOSIT,Bank of Baroda,False,Urgent transfer
TXN-001162,2023-02-12,18:41:06,S0034,Manoj Malik,ACCT-223016,S0024,Anita Lopez,ACCT-736271,6726,INR,CASH_DEPOSIT,Axis Bank,False,Loan repayment
TXN-001163,2024-12-07,20:28:52,S0039,Yusuf Khan,ACCT-541849,S0044,Sanjay Khan,ACCT-930685,3627221,INR,CASH_DEPOSIT,IndusInd Bank,True,Consulting fee
TXN-001164,2023-03-21,09:55:13,S0056,Anil Chauhan,ACCT-879496,S0045,Suman Mishra,ACCT-627425,606095,INR,CASH_WITHDRAWAL,Bank of Baroda,True,Business payment
TXN-001165,2023-09-20,08:03:14,S0025,Yusuf Joshi,ACCT-477316,S0030,Prakash Lopez,ACCT-824895,59888,INR,ONLINE_TRANSFER,Federal Bank,False,Consulting fee
TXN-001166,2023-01-26,06:01:12,S0064,Carlos Reddy,ACCT-180725,S0041,Anil Chauhan,ACCT-219226,7932,INR,WIRE_TRANSFER,Federal Bank,False,Consulting fee
TXN-001167,2024-08-24,08:19:55,S0004,Hassan Kumar,ACCT-558966,S0006,Sunil Hussain,ACCT-703953,1215,INR,WIRE_TRANSFER,State Bank,False,Import payment
TXN-001168,2024-05-26,10:49:15,S0064,Carlos Reddy,ACCT-762395,S0065,Prakash Mehta,ACCT-768503,5611394,INR,HAWALA,Axis Bank,True,Import payment
TXN-001169,2023-09-03,02:12:49,S0022,Abdul Chauhan,ACCT-325340,S0071,Rajesh Joshi,ACCT-341226,1631471,INR,ONLINE_TRANSFER,Kotak Bank,True,Urgent transfer
TXN-001170,2023-05-31,16:24:31,S0014,Yusuf Patel,ACCT-680414,S0022,Abdul Chauhan,ACCT-798058,2476259,INR,CASH_DEPOSIT,Yes Bank,True,Import payment
TXN-001171,2024-12-12,00:56:56,S0010,Kavita Thakur,ACCT-471338,S0046,Miguel Gupta,ACCT-840978,97080,INR,CASH_WITHDRAWAL,HDFC Bank,False,Investment return
TXN-001172,2023-09-12,08:11:16,S0070,Ajay Mehta,ACCT-281199,S0069,Mohan Das,ACCT-528756,38139,INR,HAWALA,Punjab National Bank,False,Regular transfer
TXN-001173,2024-05-10,10:09:37,S0005,Arjun Verma,ACCT-824597,S0014,Yusuf Patel,ACCT-374673,747077,INR,CHECK,Axis Bank,True,Commission
TXN-001174,2024-02-14,17:19:09,S0026,Ramesh Lopez,ACCT-815182,S0028,Ajay Agarwal,ACCT-898263,1157,INR,ONLINE_TRANSFER,IndusInd Bank,False,Property deal
TXN-001175,2023-01-11,20:26:31,S0003,Kiran Qureshi,ACCT-118595,S0004,Hassan Kumar,ACCT-138771,5334,INR,CASH_DEPOSIT,Yes Bank,False,Import payment
TXN-001176,2024-07-07,17:32:00,S0072,Priya Martinez,ACCT-394752,S0053,Vinod Hussain,ACCT-749320,3022756,INR,WIRE_TRANSFER,ICICI Bank,True,Loan repayment
TXN-001177,2023-12-07,07:00:06,S0070,Ajay Mehta,ACCT-152067,S0068,Kiran Reddy,ACCT-568096,95705,INR,CASH_DEPOSIT,Federal Bank,False,Import payment
TXN-001178,2023-04-20,20:16:18,S0046,Miguel Gupta,ACCT-177833,S0028,Ajay Agarwal,ACCT-927617,98482,INR,CASH_DEPOSIT,Axis Bank,False,Regular transfer
TXN-001179,2024-02-18,05:01:06,S0058,Arjun Roy,ACCT-415929,S0057,Sanjay Ahmed,ACCT-493569,241913,INR,HAWALA,Axis Bank,False,Urgent transfer
TXN-001180,2024-12-13,04:56:56,S0026,Ramesh Lopez,ACCT-505792,S0079,Ravi Singh,ACCT-696427,2721868,INR,CHECK,Axis Bank,True,Investment return
TXN-001181,2023-11-18,22:35:56,S0001,Manoj Sharma,ACCT-580588,S0011,Hassan Qureshi,ACCT-823207,5532554,INR,ONLINE_TRANSFER,Punjab National Bank,True,Commission
TXN-001182,2024-05-24,13:32:40,S0040,Farooq Saxena,ACCT-769207,S0042,Rekha Thakur,ACCT-546729,796753,INR,CASH_WITHDRAWAL,Federal Bank,True,Investment return
TXN-001183,2024-09-06,01:58:21,S0003,Kiran Qureshi,ACCT-796788,S0002,Suresh Sharma,ACCT-497830,9515,INR,CRYPTO,Punjab National Bank,True,Investment return
TXN-001184,2024-10-28,13:57:54,S0028,Ajay Agarwal,ACCT-658495,S0046,Miguel Gupta,ACCT-469816,3180,INR,CRYPTO,IndusInd Bank,False,Consulting fee
TXN-001185,2023-05-22,23:17:05,S0012,Prakash Shah,ACCT-871445,S0007,Vikram Chauhan,ACCT-440286,3103,INR,ONLINE_TRANSFER,Kotak Bank,True,Personal
TXN-001186,2024-04-16,16:40:55,S0050,Hassan Qureshi,ACCT-577556,S0049,Rahul Agarwal,ACCT-863491,9338470,INR,CRYPTO,Axis Bank,True,Business payment
TXN-001187,2024-05-15,21:30:50,S0039,Yusuf Khan,ACCT-824826,S0036,Ravi Ali,ACCT-262090,6611,INR,HAWALA,State Bank,False,Consulting fee
TXN-001188,2023-07-04,09:09:30,S0009,Pooja Pandey,ACCT-325107,S0003,Kiran Qureshi,ACCT-496014,908934,INR,CASH_DEPOSIT,Kotak Bank,True,Investment return
TXN-001189,2024-07-25,11:51:12,S0076,Rahul Qureshi,ACCT-495990,S0032,Saleem Thakur,ACCT-261449,88786,INR,CASH_WITHDRAWAL,Kotak Bank,False,Consulting fee
TXN-001190,2023-02-25,03:58:11,S0037,Suman Agarwal,ACCT-805963,S0032,Saleem Thakur,ACCT-209971,72763,INR,WIRE_TRANSFER,Yes Bank,False,Investment return
TXN-001191,2024-04-24,13:00:03,S0076,Rahul Qureshi,ACCT-603988,S0071,Rajesh Joshi,ACCT-927531,2782,INR,CRYPTO,HDFC Bank,False,Import payment
TXN-001192,2023-09-06,04:58:15,S0022,Abdul Chauhan,ACCT-257956,S0015,Arjun Mishra,ACCT-783481,596908,INR,ONLINE_TRANSFER,IndusInd Bank,True,Regular transfer
TXN-001193,2023-03-12,18:54:21,S0003,Kiran Qureshi,ACCT-141079,S0004,Hassan Kumar,ACCT-443198,94816,INR,WIRE_TRANSFER,Punjab National Bank,False,Investment return
TXN-001194,2023-01-23,20:22:37,S0073,Rahul Martinez,ACCT-705344,S0072,Priya Martinez,ACCT-615854,9109867,INR,HAWALA,State Bank,True,Loan repayment
TXN-001195,2023-09-17,04:49:44,S0013,Tariq Hernandez,ACCT-474952,S0061,Farooq Joshi,ACCT-850852,9936,INR,HAWALA,IndusInd Bank,False,Urgent transfer
TXN-001196,2023-08-05,01:51:49,S0069,Mohan Das,ACCT-133085,S0070,Ajay Mehta,ACCT-607596,5019528,INR,CASH_DEPOSIT,Punjab National Bank,True,Commission
TXN-001197,2024-05-09,12:04:52,S0042,Rekha Thakur,ACCT-844681,S0054,Tariq Pandey,ACCT-803306,9275,INR,ONLINE_TRANSFER,Yes Bank,False,No remarks
TXN-001198,2023-06-09,17:54:32,S0029,Kiran Ali,ACCT-872706,S0028,Ajay Agarwal,ACCT-179432,76292,INR,CHECK,Kotak Bank,False,Consulting fee
TXN-001199,2023-10-04,19:38:19,S0008,Pooja Lopez,ACCT-566617,S0010,Kavita Thakur,ACCT-945437,5263,INR,CHECK,HDFC Bank,False,Investment return
TXN-001200,2023-06-08,20:51:07,S0008,Pooja Lopez,ACCT-234646,S0006,Sunil Hussain,ACCT-851048,8727,INR,CHECK,ICICI Bank,False,Monthly installment
TXN-001201,2024-02-23,06:26:44,S0046,Miguel Gupta,ACCT-224041,S0051,Vinod Qureshi,ACCT-431953,51510,INR,HAWALA,ICICI Bank,False,No remarks
TXN-001202,2024-05-15,21:50:03,S0028,Ajay Agarwal,ACCT-996518,S0030,Prakash Lopez,ACCT-413760,6775,INR,CASH_WITHDRAWAL,State Bank,False,Commission
TXN-001203,2023-10-24,19:56:25,S0046,Miguel Gupta,ACCT-214498,S0051,Vinod Qureshi,ACCT-456054,7555,INR,CHECK,Axis Bank,False,Investment return
TXN-001204,2023-08-10,18:40:06,S0060,Kiran Ahmed,ACCT-523129,S0063,Mohan Hussain,ACCT-312793,853688,INR,CASH_WITHDRAWAL,Federal Bank,True,Consulting fee
TXN-001205,2023-05-06,17:59:43,S0017,Naveen Kumar,ACCT-468266,S0022,Abdul Chauhan,ACCT-984062,3253,INR,CHECK,Yes Bank,False,Personal
TXN-001206,2023-08-09,23:20:08,S0080,Abdul Joshi,ACCT-979792,S0072,Priya Martinez,ACCT-259789,65038,INR,ONLINE_TRANSFER,Punjab National Bank,False,Business payment
TXN-001207,2024-07-01,09:28:45,S0020,Ajay Yadav,ACCT-337384,S0066,Imran Joshi,ACCT-624834,34200,INR,ONLINE_TRANSFER,Punjab National Bank,False,Personal
TXN-001208,2024-04-30,06:36:54,S0055,Prakash Yadav,ACCT-315108,S0054,Tariq Pandey,ACCT-787618,91676,INR,CRYPTO,Axis Bank,False,Business payment
TXN-001209,2023-03-03,16:18:33,S0049,Rahul Agarwal,ACCT-996277,S0046,Miguel Gupta,ACCT-872443,9619436,INR,CASH_WITHDRAWAL,Bank of Baroda,True,Commission
TXN-001210,2024-10-06,07:28:01,S0078,Ashok Saxena,ACCT-254727,S0015,Arjun Mishra,ACCT-245732,517474,INR,ONLINE_TRANSFER,IndusInd Bank,True,Import payment
TXN-001211,2024-09-18,14:42:57,S0044,Sanjay Khan,ACCT-149182,S0032,Saleem Thakur,ACCT-271558,9694,INR,CASH_WITHDRAWAL,Kotak Bank,False,No remarks
TXN-001212,2024-12-09,15:25:13,S0068,Kiran Reddy,ACCT-397013,S0028,Ajay Agarwal,ACCT-554900,9862,INR,ONLINE_TRANSFER,IndusInd Bank,False,Property deal
TXN-001213,2024-04-18,12:16:31,S0026,Ramesh Lopez,ACCT-141869,S0060,Kiran Ahmed,ACCT-941947,444202,INR,ONLINE_TRANSFER,Axis Bank,False,Commission
TXN-001214,2024-07-20,21:46:15,S0036,Ravi Ali,ACCT-606001,S0033,Anita Malik,ACCT-693152,396055,INR,HAWALA,ICICI Bank,False,No remarks
TXN-001215,2024-06-18,20:38:33,S0062,Rizwan Ali,ACCT-848419,S0063,Mohan Hussain,ACCT-665936,9166,INR,CASH_WITHDRAWAL,Federal Bank,False,Consulting fee
TXN-001216,2024-10-11,05:56:29,S0029,Kiran Ali,ACCT-967054,S0078,Ashok Saxena,ACCT-118720,820859,INR,HAWALA,IndusInd Bank,True,Consulting fee
TXN-001217,2023-03-03,19:15:25,S0017,Naveen Kumar,ACCT-824104,S0022,Abdul Chauhan,ACCT-673444,16469,INR,WIRE_TRANSFER,State Bank,False,Import payment
TXN-001218,2024-03-19,23:45:02,S0035,Mohan Joshi,ACCT-334303,S0023,Kiran Ali,ACCT-177274,1285,INR,CASH_DEPOSIT,Federal Bank,True,Urgent transfer
TXN-001219,2024-04-07,09:16:43,S0019,Hassan Rodriguez,ACCT-398329,S0013,Tariq Hernandez,ACCT-136920,7805620,INR,CHECK,Kotak Bank,True,Investment return
TXN-001220,2024-02-14,08:17:00,S0070,Ajay Mehta,ACCT-906438,S0069,Mohan Das,ACCT-417785,853505,INR,HAWALA,Yes Bank,True,Regular transfer
TXN-001221,2024-05-27,01:57:46,S0054,Tariq Pandey,ACCT-276767,S0064,Carlos Reddy,ACCT-720198,6498,INR,ONLINE_TRANSFER,IndusInd Bank,False,Import payment
TXN-001222,2024-12-30,15:31:27,S0073,Rahul Martinez,ACCT-344614,S0072,Priya Martinez,ACCT-187250,9418563,INR,CASH_WITHDRAWAL,Bank of Baroda,True,Urgent transfer
TXN-001223,2023-09-12,03:58:41,S0006,Sunil Hussain,ACCT-813533,S0030,Prakash Lopez,ACCT-847260,27657,INR,CASH_WITHDRAWAL,Axis Bank,False,Personal
TXN-001224,2024-11-30,18:06:39,S0005,Arjun Verma,ACCT-931896,S0001,Manoj Sharma,ACCT-729831,5610,INR,WIRE_TRANSFER,State Bank,False,Business payment
TXN-001225,2023-04-11,18:02:33,S0012,Prakash Shah,ACCT-859302,S0007,Vikram Chauhan,ACCT-622930,5370143,INR,CHECK,IndusInd Bank,True,Urgent transfer
TXN-001226,2024-08-25,01:34:04,S0047,Pooja Hussain,ACCT-948730,S0048,Abdul Garcia,ACCT-941877,9216,INR,CASH_WITHDRAWAL,Punjab National Bank,False,Commission
TXN-001227,2024-06-04,19:57:16,S0024,Anita Lopez,ACCT-607231,S0029,Kiran Ali,ACCT-964434,1189,INR,WIRE_TRANSFER,State Bank,False,Consulting fee
TXN-001228,2023-01-09,16:24:07,S0078,Ashok Saxena,ACCT-758294,S0077,Anil Pandey,ACCT-870255,5352420,INR,ONLINE_TRANSFER,ICICI Bank,True,Business payment
TXN-001229,2024-07-23,20:36:12,S0060,Kiran Ahmed,ACCT-470202,S0028,Ajay Agarwal,ACCT-530845,2388,INR,CRYPTO,Punjab National Bank,False,Urgent transfer
TXN-001230,2024-03-07,11:05:29,S0021,Saleem Hernandez,ACCT-251230,S0013,Tariq Hernandez,ACCT-839325,883088,INR,CASH_WITHDRAWAL,ICICI Bank,True,Urgent transfer
TXN-001231,2024-12-12,01:53:06,S0074,Ramesh Mishra,ACCT-657926,S0076,Rahul Qureshi,ACCT-845793,403709,INR,HAWALA,Punjab National Bank,False,Urgent transfer
TXN-001232,2024-07-22,01:22:04,S0077,Anil Pandey,ACCT-362657,S0076,Rahul Qureshi,ACCT-214570,241185,INR,CASH_WITHDRAWAL,Kotak Bank,False,Investment return
TXN-001233,2024-07-21,10:18:38,S0024,Anita Lopez,ACCT-108657,S0067,Rajesh Ali,ACCT-558029,329753,INR,ONLINE_TRANSFER,IndusInd Bank,False,Consulting fee
TXN-001234,2023-12-23,17:46:47,S0068,Kiran Reddy,ACCT-692544,S0020,Ajay Yadav,ACCT-628539,922363,INR,CHECK,Kotak Bank,True,Loan repayment
TXN-001235,2024-12-19,14:22:20,S0003,Kiran Qureshi,ACCT-219233,S0006,Sunil Hussain,ACCT-967502,9888,INR,HAWALA,Kotak Bank,False,Urgent transfer
TXN-001236,2023-01-10,02:53:21,S0018,Sanjay Agarwal,ACCT-870173,S0058,Arjun Roy,ACCT-146145,5262,INR,HAWALA,Bank of Baroda,False,Business payment
TXN-001237,2024-06-11,13:44:31,S0057,Sanjay Ahmed,ACCT-971431,S0055,Prakash Yadav,ACCT-775702,260099,INR,CRYPTO,Federal Bank,False,Import payment
TXN-001238,2023-02-21,21:17:11,S0049,Rahul Agarwal,ACCT-903523,S0054,Tariq Pandey,ACCT-272273,20998,INR,CASH_DEPOSIT,Kotak Bank,False,Personal
TXN-001239,2023-08-06,01:20:29,S0048,Abdul Garcia,ACCT-807102,S0050,Hassan Qureshi,ACCT-890881,7910,INR,HAWALA,Kotak Bank,False,Commission
TXN-001240,2023-09-12,04:52:53,S0078,Ashok Saxena,ACCT-659939,S0073,Rahul Martinez,ACCT-521042,544649,INR,CASH_WITHDRAWAL,IndusInd Bank,True,Business payment
TXN-001241,2023-02-26,17:35:00,S0064,Carlos Reddy,ACCT-138119,S0065,Prakash Mehta,ACCT-749523,2043,INR,ONLINE_TRANSFER,Bank of Baroda,False,Personal
TXN-001242,2023-09-06,20:50:57,S0035,Mohan Joshi,ACCT-946723,S0031,Rahul Thakur,ACCT-165375,8405,INR,CASH_WITHDRAWAL,HDFC Bank,False,Property deal
TXN-001243,2024-08-20,04:08:56,S0069,Mohan Das,ACCT-348609,S0068,Kiran Reddy,ACCT-948792,849067,INR,CRYPTO,ICICI Bank,True,Property deal
TXN-001244,2023-08-14,19:35:56,S0027,Ramesh Patel,ACCT-296482,S0024,Anita Lopez,ACCT-701910,255827,INR,CASH_WITHDRAWAL,HDFC Bank,False,Consulting fee
TXN-001245,2023-06-30,11:21:02,S0031,Rahul Thakur,ACCT-857053,S0038,Ashok Patel,ACCT-514186,88788,INR,WIRE_TRANSFER,Kotak Bank,False,Consulting fee
TXN-001246,2023-05-07,03:37:09,S0035,Mohan Joshi,ACCT-350540,S0028,Ajay Agarwal,ACCT-562692,1033977,INR,CHECK,Punjab National Bank,True,Regular transfer
TXN-001247,2023-06-26,05:51:00,S0011,Hassan Qureshi,ACCT-426498,S0034,Manoj Malik,ACCT-923346,8822,INR,CASH_DEPOSIT,Axis Bank,False,Urgent transfer
TXN-001248,2023-03-03,11:34:26,S0001,Manoj Sharma,ACCT-613193,S0005,Arjun Verma,ACCT-305574,3339832,INR,CASH_WITHDRAWAL,Bank of Baroda,True,Import payment
TXN-001249,2024-03-10,11:31:10,S0026,Ramesh Lopez,ACCT-980407,S0037,Suman Agarwal,ACCT-454780,66719,INR,CRYPTO,HDFC Bank,False,Business payment
TXN-001250,2024-03-17,14:45:54,S0058,Arjun Roy,ACCT-918501,S0056,Anil Chauhan,ACCT-580720,66167,INR,CHECK,ICICI Bank,False,Import payment
TXN-001251,2023-08-04,22:21:01,S0037,Suman Agarwal,ACCT-146307,S0032,Saleem Thakur,ACCT-922629,9840402,INR,CASH_WITHDRAWAL,Federal Bank,True,No remarks
TXN-001252,2024-07-26,13:20:52,S0074,Ramesh Mishra,ACCT-303981,S0079,Ravi Singh,ACCT-512627,8141261,INR,ONLINE_TRANSFER,IndusInd Bank,True,Loan repayment
TXN-001253,2023-10-20,22:32:33,S0041,Anil Chauhan,ACCT-486619,S0035,Mohan Joshi,ACCT-439486,7412395,INR,CRYPTO,State Bank,True,Urgent transfer
TXN-001254,2023-01-01,22:17:01,S0027,Ramesh Patel,ACCT-748248,S0014,Yusuf Patel,ACCT-481359,79388,INR,CHECK,Axis Bank,False,Import payment
TXN-001255,2024-05-11,19:17:54,S0030,Prakash Lopez,ACCT-714214,S0052,Neha Reddy,ACCT-530396,9812,INR,CASH_DEPOSIT,ICICI Bank,False,Loan repayment
TXN-001256,2023-04-12,06:27:57,S0017,Naveen Kumar,ACCT-373708,S0014,Yusuf Patel,ACCT-383971,383768,INR,CRYPTO,Punjab National Bank,True,Import payment
TXN-001257,2023-05-07,06:23:23,S0017,Naveen Kumar,ACCT-701897,S0010,Kavita Thakur,ACCT-915318,7666332,INR,CRYPTO,Bank of Baroda,True,Property deal
TXN-001258,2023-12-26,08:44:09,S0013,Tariq Hernandez,ACCT-327316,S0014,Yusuf Patel,ACCT-324527,4635287,INR,ONLINE_TRANSFER,Bank of Baroda,True,No remarks
TXN-001259,2024-05-02,17:15:57,S0063,Mohan Hussain,ACCT-853389,S0047,Pooja Hussain,ACCT-505060,9113587,INR,WIRE_TRANSFER,ICICI Bank,True,Import payment
TXN-001260,2023-06-13,11:19:36,S0054,Tariq Pandey,ACCT-120471,S0056,Anil Chauhan,ACCT-970182,2270,INR,CASH_WITHDRAWAL,HDFC Bank,False,Business payment
TXN-001261,2024-02-24,14:02:42,S0031,Rahul Thakur,ACCT-184619,S0038,Ashok Patel,ACCT-196387,7485,INR,CRYPTO,Yes Bank,False,Business payment
TXN-001262,2023-09-09,09:36:20,S0065,Prakash Mehta,ACCT-210986,S0075,Imran Martinez,ACCT-182885,7818,INR,CRYPTO,State Bank,False,Regular transfer
TXN-001263,2024-08-21,17:14:22,S0030,Prakash Lopez,ACCT-284128,S0025,Yusuf Joshi,ACCT-979520,4167,INR,CASH_WITHDRAWAL,Bank of Baroda,False,Business payment
TXN-001264,2023-05-11,05:54:16,S0075,Imran Martinez,ACCT-731292,S0078,Ashok Saxena,ACCT-667198,2682,INR,WIRE_TRANSFER,HDFC Bank,False,Monthly installment
TXN-001265,2024-03-03,20:43:00,S0007,Vikram Chauhan,ACCT-441687,S0046,Miguel Gupta,ACCT-563803,859608,INR,HAWALA,Federal Bank,True,Commission
TXN-001266,2023-12-29,02:39:59,S0036,Ravi Ali,ACCT-846043,S0033,Anita Malik,ACCT-960351,148974,INR,WIRE_TRANSFER,Bank of Baroda,False,Monthly installment
TXN-001267,2024-03-20,18:26:59,S0071,Rajesh Joshi,ACCT-960621,S0080,Abdul Joshi,ACCT-759153,7519287,INR,CASH_WITHDRAWAL,Punjab National Bank,True,Investment return
TXN-001268,2024-04-15,11:13:00,S0004,Hassan Kumar,ACCT-167028,S0006,Sunil Hussain,ACCT-272552,213278,INR,WIRE_TRANSFER,Bank of Baroda,False,Loan repayment
TXN-001269,2024-10-17,16:51:18,S0066,Imran Joshi,ACCT-170668,S0015,Arjun Mishra,ACCT-334462,238245,INR,HAWALA,ICICI Bank,True,Urgent transfer
TXN-001270,2024-07-29,02:46:07,S0055,Prakash Yadav,ACCT-969645,S0054,Tariq Pandey,ACCT-778709,313131,INR,CHECK,Federal Bank,False,Loan repayment
TXN-001271,2023-12-15,10:50:12,S0057,Sanjay Ahmed,ACCT-783777,S0055,Prakash Yadav,ACCT-452996,619833,INR,CASH_DEPOSIT,HDFC Bank,True,Investment return
TXN-001272,2024-06-16,04:35:28,S0065,Prakash Mehta,ACCT-862816,S0062,Rizwan Ali,ACCT-254862,286660,INR,CRYPTO,Axis Bank,False,Urgent transfer
TXN-001273,2024-12-23,02:36:44,S0038,Ashok Patel,ACCT-253438,S0041,Anil Chauhan,ACCT-681045,57465,INR,CASH_DEPOSIT,Kotak Bank,False,Commission
TXN-001274,2023-05-15,19:53:25,S0015,Arjun Mishra,ACCT-312116,S0018,Sanjay Agarwal,ACCT-528253,8410,INR,CASH_DEPOSIT,Yes Bank,False,Property deal
TXN-001275,2023-10-29,04:36:20,S0020,Ajay Yadav,ACCT-838427,S0013,Tariq Hernandez,ACCT-446561,550217,INR,HAWALA,ICICI Bank,True,Monthly installment
TXN-001276,2024-05-10,12:40:12,S0007,Vikram Chauhan,ACCT-903773,S0003,Kiran Qureshi,ACCT-203355,8924,INR,CHECK,State Bank,False,Monthly installment
TXN-001277,2024-03-13,01:58:53,S0017,Naveen Kumar,ACCT-642558,S0022,Abdul Chauhan,ACCT-216517,3365283,INR,CASH_WITHDRAWAL,Yes Bank,True,Monthly installment
TXN-001278,2024-08-20,20:26:47,S0046,Miguel Gupta,ACCT-647465,S0036,Ravi Ali,ACCT-982305,56798,INR,WIRE_TRANSFER,State Bank,False,Monthly installment
TXN-001279,2024-08-13,14:37:40,S0075,Imran Martinez,ACCT-198079,S0078,Ashok Saxena,ACCT-338831,57645,INR,CASH_DEPOSIT,Bank of Baroda,False,Property deal
TXN-001280,2023-08-28,19:35:17,S0023,Kiran Ali,ACCT-382341,S0028,Ajay Agarwal,ACCT-946101,902891,INR,HAWALA,Federal Bank,True,Property deal
TXN-001281,2024-11-08,07:28:52,S0007,Vikram Chauhan,ACCT-426634,S0008,Pooja Lopez,ACCT-812750,2921,INR,HAWALA,ICICI Bank,False,No remarks
TXN-001282,2023-08-12,21:37:35,S0069,Mohan Das,ACCT-218387,S0073,Rahul Martinez,ACCT-291867,15204,INR,CASH_WITHDRAWAL,Kotak Bank,False,Property deal
TXN-001283,2023-02-14,13:59:25,S0010,Kavita Thakur,ACCT-381571,S0020,Ajay Yadav,ACCT-704462,24750,INR,ONLINE_TRANSFER,Federal Bank,False,No remarks
TXN-001284,2024-12-04,04:34:58,S0032,Saleem Thakur,ACCT-436095,S0038,Ashok Patel,ACCT-232572,2232,INR,CASH_DEPOSIT,Axis Bank,False,Commission
TXN-001285,2024-04-15,17:27:16,S0038,Ashok Patel,ACCT-476940,S0034,Manoj Malik,ACCT-360559,56766,INR,HAWALA,ICICI Bank,False,Loan repayment
TXN-001286,2024-01-01,20:47:14,S0022,Abdul Chauhan,ACCT-962769,S0015,Arjun Mishra,ACCT-707077,507769,INR,CASH_DEPOSIT,IndusInd Bank,True,Commission
TXN-001287,2024-04-13,11:56:20,S0080,Abdul Joshi,ACCT-566838,S0072,Priya Martinez,ACCT-141811,3233,INR,CASH_DEPOSIT,Kotak Bank,False,Consulting fee
TXN-001288,2024-11-16,08:14:38,S0070,Ajay Mehta,ACCT-675679,S0069,Mohan Das,ACCT-340998,1820,INR,CRYPTO,Federal Bank,False,Commission
TXN-001289,2023-04-01,00:44:22,S0039,Yusuf Khan,ACCT-938725,S0055,Prakash Yadav,ACCT-786350,4077478,INR,HAWALA,Bank of Baroda,True,No remarks
TXN-001290,2024-03-23,22:44:58,S0011,Hassan Qureshi,ACCT-450867,S0003,Kiran Qureshi,ACCT-498465,442406,INR,CRYPTO,ICICI Bank,False,Consulting fee
TXN-001291,2023-09-18,04:12:31,S0048,Abdul Garcia,ACCT-872622,S0046,Miguel Gupta,ACCT-819796,273896,INR,CRYPTO,HDFC Bank,False,Urgent transfer
TXN-001292,2024-08-09,23:51:26,S0025,Yusuf Joshi,ACCT-586771,S0030,Prakash Lopez,ACCT-329357,966983,INR,CHECK,Bank of Baroda,True,No remarks
TXN-001293,2023-03-07,04:27:51,S0022,Abdul Chauhan,ACCT-896717,S0015,Arjun Mishra,ACCT-227210,9029259,INR,HAWALA,Bank of Baroda,True,Monthly installment
TXN-001294,2024-12-14,00:05:15,S0065,Prakash Mehta,ACCT-270160,S0047,Pooja Hussain,ACCT-648594,1960209,INR,CRYPTO,Punjab National Bank,True,Regular transfer
TXN-001295,2024-12-21,14:16:19,S0016,Arjun Shah,ACCT-134901,S0017,Naveen Kumar,ACCT-475437,799698,INR,CHECK,State Bank,True,Personal
TXN-001296,2024-06-20,16:06:15,S0008,Pooja Lopez,ACCT-442855,S0009,Pooja Pandey,ACCT-684478,6589626,INR,CRYPTO,State Bank,True,Urgent transfer
TXN-001297,2023-01-16,12:40:11,S0078,Ashok Saxena,ACCT-905823,S0073,Rahul Martinez,ACCT-312017,4139,INR,CASH_DEPOSIT,Punjab National Bank,False,Investment return
TXN-001298,2023-02-14,20:10:16,S0004,Hassan Kumar,ACCT-344388,S0006,Sunil Hussain,ACCT-766571,99721,INR,CASH_WITHDRAWAL,Federal Bank,False,Investment return
TXN-001299,2023-08-31,18:15:34,S0061,Farooq Joshi,ACCT-758547,S0053,Vinod Hussain,ACCT-850526,1839524,INR,CASH_DEPOSIT,Kotak Bank,True,Consulting fee
TXN-001300,2023-09-14,15:03:20,S0038,Ashok Patel,ACCT-686656,S0057,Sanjay Ahmed,ACCT-380083,1474,INR,CASH_DEPOSIT,IndusInd Bank,False,No remarks
TXN-001301,2024-10-03,23:14:51,S0007,Vikram Chauhan,ACCT-209311,S0055,Prakash Yadav,ACCT-368511,643358,INR,CHECK,State Bank,True,Regular transfer
TXN-001302,2024-09-28,13:09:18,S0018,Sanjay Agarwal,ACCT-778388,S0016,Arjun Shah,ACCT-854608,94236,INR,CASH_WITHDRAWAL,Punjab National Bank,False,No remarks
TXN-001303,2024-12-30,09:22:34,S0009,Pooja Pandey,ACCT-743172,S0047,Pooja Hussain,ACCT-475879,573148,INR,WIRE_TRANSFER,Axis Bank,True,Consulting fee
TXN-001304,2023-08-17,01:55:40,S0035,Mohan Joshi,ACCT-440770,S0031,Rahul Thakur,ACCT-486244,78142,INR,WIRE_TRANSFER,ICICI Bank,False,Property deal
TXN-001305,2023-07-26,20:14:17,S0036,Ravi Ali,ACCT-511704,S0041,Anil Chauhan,ACCT-813656,7803,INR,CHECK,Kotak Bank,False,Investment return
TXN-001306,2024-05-12,11:25:24,S0004,Hassan Kumar,ACCT-508236,S0006,Sunil Hussain,ACCT-271475,29488,INR,HAWALA,HDFC Bank,False,Commission
TXN-001307,2023-11-22,19:12:32,S0010,Kavita Thakur,ACCT-539737,S0002,Suresh Sharma,ACCT-497293,5265,INR,WIRE_TRANSFER,Yes Bank,False,Loan repayment
TXN-001308,2024-08-16,21:55:19,S0064,Carlos Reddy,ACCT-101117,S0065,Prakash Mehta,ACCT-806799,306248,INR,ONLINE_TRANSFER,Yes Bank,True,Import payment
TXN-001309,2023-06-07,23:15:03,S0014,Yusuf Patel,ACCT-736730,S0006,Sunil Hussain,ACCT-287141,774975,INR,CASH_WITHDRAWAL,State Bank,True,No remarks
TXN-001310,2023-08-25,18:33:49,S0052,Neha Reddy,ACCT-267144,S0050,Hassan Qureshi,ACCT-670806,32778,INR,CASH_WITHDRAWAL,State Bank,False,Import payment
TXN-001311,2024-11-11,23:12:48,S0066,Imran Joshi,ACCT-934290,S0054,Tariq Pandey,ACCT-986840,19784,INR,CASH_WITHDRAWAL,HDFC Bank,False,Business payment
TXN-001312,2023-05-12,12:33:51,S0008,Pooja Lopez,ACCT-452519,S0023,Kiran Ali,ACCT-321247,335473,INR,CRYPTO,Punjab National Bank,False,Business payment
TXN-001313,2023-04-22,02:34:42,S0003,Kiran Qureshi,ACCT-156471,S0002,Suresh Sharma,ACCT-884120,40648,INR,CRYPTO,Bank of Baroda,False,Import payment
TXN-001314,2024-07-01,23:13:36,S0003,Kiran Qureshi,ACCT-320490,S0004,Hassan Kumar,ACCT-635061,905873,INR,CRYPTO,State Bank,True,Import payment
TXN-001315,2023-12-07,22:56:14,S0046,Miguel Gupta,ACCT-974070,S0049,Rahul Agarwal,ACCT-419170,6339244,INR,CASH_WITHDRAWAL,Bank of Baroda,True,Personal
TXN-001316,2024-05-01,05:59:32,S0052,Neha Reddy,ACCT-213090,S0046,Miguel Gupta,ACCT-742135,951547,INR,WIRE_TRANSFER,Kotak Bank,True,Personal
TXN-001317,2023-08-14,13:31:02,S0072,Priya Martinez,ACCT-680277,S0079,Ravi Singh,ACCT-904919,330712,INR,HAWALA,State Bank,False,Regular transfer
TXN-001318,2023-08-28,23:18:52,S0021,Saleem Hernandez,ACCT-722113,S0017,Naveen Kumar,ACCT-876740,4271,INR,CASH_DEPOSIT,State Bank,True,Regular transfer
TXN-001319,2023-10-28,16:13:32,S0058,Arjun Roy,ACCT-124515,S0050,Hassan Qureshi,ACCT-873307,3894,INR,ONLINE_TRANSFER,HDFC Bank,False,Import payment
TXN-001320,2023-02-12,16:59:28,S0034,Manoj Malik,ACCT-525303,S0042,Rekha Thakur,ACCT-558111,5949494,INR,CASH_DEPOSIT,IndusInd Bank,True,Commission
TXN-001321,2024-06-07,18:53:33,S0010,Kavita Thakur,ACCT-388884,S0008,Pooja Lopez,ACCT-764578,55333,INR,WIRE_TRANSFER,Yes Bank,False,Consulting fee
TXN-001322,2024-09-06,02:55:16,S0008,Pooja Lopez,ACCT-588242,S0010,Kavita Thakur,ACCT-167761,12792,INR,ONLINE_TRANSFER,Federal Bank,True,No remarks
TXN-001323,2023-09-28,14:49:30,S0066,Imran Joshi,ACCT-547179,S0034,Manoj Malik,ACCT-471462,27707,INR,CASH_DEPOSIT,Axis Bank,False,Regular transfer
TXN-001324,2023-12-23,05:16:19,S0040,Farooq Saxena,ACCT-305387,S0044,Sanjay Khan,ACCT-486676,9736,INR,CASH_DEPOSIT,Punjab National Bank,False,Urgent transfer
TXN-001325,2024-09-27,20:55:22,S0014,Yusuf Patel,ACCT-220372,S0015,Arjun Mishra,ACCT-271567,5967,INR,WIRE_TRANSFER,Federal Bank,False,No remarks
TXN-001326,2023-07-19,09:44:22,S0022,Abdul Chauhan,ACCT-363397,S0021,Saleem Hernandez,ACCT-226199,223915,INR,ONLINE_TRANSFER,Axis Bank,False,Urgent transfer
TXN-001327,2023-08-07,03:26:45,S0066,Imran Joshi,ACCT-328024,S0067,Rajesh Ali,ACCT-111127,2476075,INR,WIRE_TRANSFER,Punjab National Bank,True,Urgent transfer
TXN-001328,2023-10-29,21:39:12,S0009,Pooja Pandey,ACCT-531830,S0003,Kiran Qureshi,ACCT-595856,746743,INR,ONLINE_TRANSFER,Federal Bank,True,Consulting fee
TXN-001329,2024-12-04,22:02:45,S0065,Prakash Mehta,ACCT-663299,S0034,Manoj Malik,ACCT-423792,1471,INR,HAWALA,State Bank,False,Urgent transfer
TXN-001330,2023-08-03,07:55:45,S0013,Tariq Hernandez,ACCT-517974,S0054,Tariq Pandey,ACCT-360154,3056289,INR,CASH_DEPOSIT,HDFC Bank,True,Investment return
TXN-001331,2024-02-16,02:45:56,S0077,Anil Pandey,ACCT-770820,S0080,Abdul Joshi,ACCT-658737,672822,INR,ONLINE_TRANSFER,IndusInd Bank,True,Commission
TXN-001332,2024-10-27,09:46:54,S0026,Ramesh Lopez,ACCT-381068,S0023,Kiran Ali,ACCT-901463,54568,INR,WIRE_TRANSFER,Yes Bank,False,Consulting fee
TXN-001333,2024-11-29,15:12:54,S0080,Abdul Joshi,ACCT-397285,S0014,Yusuf Patel,ACCT-553396,5283,INR,CRYPTO,Punjab National Bank,False,Regular transfer
TXN-001334,2024-08-26,02:51:37,S0015,Arjun Mishra,ACCT-588528,S0036,Ravi Ali,ACCT-989383,611534,INR,CASH_DEPOSIT,Kotak Bank,True,Personal
TXN-001335,2023-03-11,12:18:40,S0015,Arjun Mishra,ACCT-469277,S0031,Rahul Thakur,ACCT-584534,8176,INR,CASH_WITHDRAWAL,Axis Bank,False,Urgent transfer
TXN-001336,2023-09-21,21:48:06,S0014,Yusuf Patel,ACCT-939961,S0049,Rahul Agarwal,ACCT-751916,2697084,INR,CRYPTO,Punjab National Bank,True,Monthly installment
TXN-001337,2024-10-04,15:39:10,S0048,Abdul Garcia,ACCT-403742,S0073,Rahul Martinez,ACCT-787307,94888,INR,CHECK,State Bank,True,No remarks
TXN-001338,2023-06-16,13:42:04,S0022,Abdul Chauhan,ACCT-509311,S0021,Saleem Hernandez,ACCT-516577,8681,INR,ONLINE_TRANSFER,State Bank,False,Investment return
TXN-001339,2023-10-07,22:25:12,S0056,Anil Chauhan,ACCT-777546,S0053,Vinod Hussain,ACCT-959234,9358671,INR,WIRE_TRANSFER,Bank of Baroda,True,Import payment
TXN-001340,2023-01-19,03:17:55,S0050,Hassan Qureshi,ACCT-250363,S0049,Rahul Agarwal,ACCT-414195,3352,INR,CASH_DEPOSIT,HDFC Bank,False,Commission
TXN-001341,2024-09-19,18:25:52,S0011,Hassan Qureshi,ACCT-427645,S0002,Suresh Sharma,ACCT-330438,94134,INR,CHECK,Bank of Baroda,False,No remarks
TXN-001342,2023-05-07,23:24:20,S0037,Suman Agarwal,ACCT-447722,S0032,Saleem Thakur,ACCT-975290,4926510,INR,ONLINE_TRANSFER,Bank of Baroda,True,Property deal
TXN-001343,2024-05-04,02:18:12,S0060,Kiran Ahmed,ACCT-571056,S0074,Ramesh Mishra,ACCT-381468,920629,INR,HAWALA,IndusInd Bank,True,Loan repayment
TXN-001344,2023-02-18,19:51:00,S0044,Sanjay Khan,ACCT-643208,S0033,Anita Malik,ACCT-143839,7665020,INR,CRYPTO,IndusInd Bank,True,Personal
TXN-001345,2024-01-07,12:32:36,S0022,Abdul Chauhan,ACCT-253465,S0025,Yusuf Joshi,ACCT-749611,8898072,INR,ONLINE_TRANSFER,IndusInd Bank,True,Commission
TXN-001346,2023-07-13,17:30:17,S0057,Sanjay Ahmed,ACCT-708040,S0055,Prakash Yadav,ACCT-990322,64220,INR,HAWALA,Federal Bank,False,Regular transfer
TXN-001347,2024-05-30,13:33:24,S0047,Pooja Hussain,ACCT-324901,S0048,Abdul Garcia,ACCT-419912,9124,INR,HAWALA,State Bank,False,Property deal
TXN-001348,2024-04-17,02:52:53,S0006,Sunil Hussain,ACCT-779924,S0005,Arjun Verma,ACCT-654113,16266,INR,WIRE_TRANSFER,Kotak Bank,False,Loan repayment
TXN-001349,2024-06-20,22:53:49,S0077,Anil Pandey,ACCT-842461,S0076,Rahul Qureshi,ACCT-154799,74613,INR,CASH_WITHDRAWAL,State Bank,False,No remarks
TXN-001350,2024-03-08,04:02:17,S0039,Yusuf Khan,ACCT-665848,S0012,Prakash Shah,ACCT-754713,39750,INR,CASH_DEPOSIT,IndusInd Bank,False,Urgent transfer
TXN-001351,2023-10-28,13:28:12,S0042,Rekha Thakur,ACCT-279827,S0039,Yusuf Khan,ACCT-334113,469294,INR,CHECK,Yes Bank,False,Loan repayment
TXN-001352,2023-08-02,00:34:53,S0031,Rahul Thakur,ACCT-706051,S0038,Ashok Patel,ACCT-391752,4187,INR,CHECK,Federal Bank,False,Import payment
TXN-001353,2023-12-25,01:02:23,S0015,Arjun Mishra,ACCT-380886,S0079,Ravi Singh,ACCT-321899,810892,INR,CASH_DEPOSIT,Kotak Bank,True,Property deal
TXN-001354,2024-10-16,02:37:15,S0046,Miguel Gupta,ACCT-553527,S0067,Rajesh Ali,ACCT-575997,1019628,INR,CRYPTO,ICICI Bank,True,Business payment
TXN-001355,2023-12-15,16:16:22,S0055,Prakash Yadav,ACCT-579739,S0054,Tariq Pandey,ACCT-444592,370055,INR,ONLINE_TRANSFER,Bank of Baroda,True,Regular transfer
TXN-001356,2023-02-09,11:22:52,S0066,Imran Joshi,ACCT-628377,S0009,Pooja Pandey,ACCT-814891,29853,INR,HAWALA,Punjab National Bank,False,Business payment
TXN-001357,2023-08-22,20:55:19,S0042,Rekha Thakur,ACCT-549656,S0039,Yusuf Khan,ACCT-482971,2466,INR,CHECK,Federal Bank,False,Urgent transfer
TXN-001358,2023-06-21,14:04:05,S0057,Sanjay Ahmed,ACCT-963624,S0054,Tariq Pandey,ACCT-210840,56697,INR,HAWALA,ICICI Bank,False,No remarks
TXN-001359,2023-07-02,08:54:30,S0032,Saleem Thakur,ACCT-545248,S0039,Yusuf Khan,ACCT-927679,646,INR,CHECK,Bank of Baroda,False,Investment return
TXN-001360,2024-08-06,10:01:30,S0038,Ashok Patel,ACCT-751665,S0009,Pooja Pandey,ACCT-744920,878779,INR,HAWALA,Federal Bank,True,Business payment
TXN-001361,2023-11-08,14:23:05,S0054,Tariq Pandey,ACCT-408394,S0066,Imran Joshi,ACCT-309273,3554,INR,CASH_WITHDRAWAL,Kotak Bank,True,Loan repayment
TXN-001362,2023-07-06,12:50:06,S0010,Kavita Thakur,ACCT-255973,S0002,Suresh Sharma,ACCT-926073,9892,INR,ONLINE_TRANSFER,State Bank,False,No remarks
TXN-001363,2023-01-09,12:22:21,S0036,Ravi Ali,ACCT-721989,S0026,Ramesh Lopez,ACCT-420182,5735,INR,CHECK,Yes Bank,False,Regular transfer
TXN-001364,2024-04-12,13:24:18,S0036,Ravi Ali,ACCT-474662,S0033,Anita Malik,ACCT-772048,3981,INR,CHECK,Punjab National Bank,False,Regular transfer
TXN-001365,2024-05-29,00:56:24,S0054,Tariq Pandey,ACCT-555428,S0060,Kiran Ahmed,ACCT-970620,197780,INR,CRYPTO,Bank of Baroda,False,Regular transfer
TXN-001366,2023-06-28,21:21:12,S0063,Mohan Hussain,ACCT-429510,S0020,Ajay Yadav,ACCT-567671,9850,INR,CASH_DEPOSIT,Axis Bank,True,Commission
TXN-001367,2024-01-09,13:19:52,S0071,Rajesh Joshi,ACCT-298030,S0080,Abdul Joshi,ACCT-680968,9828,INR,ONLINE_TRANSFER,ICICI Bank,False,Commission
TXN-001368,2024-08-29,22:17:23,S0071,Rajesh Joshi,ACCT-731671,S0080,Abdul Joshi,ACCT-974784,6259298,INR,CASH_DEPOSIT,State Bank,True,Personal
TXN-001369,2023-12-18,04:51:51,S0069,Mohan Das,ACCT-499607,S0025,Yusuf Joshi,ACCT-553540,495336,INR,CHECK,Axis Bank,False,Consulting fee
TXN-001370,2024-04-22,03:37:45,S0070,Ajay Mehta,ACCT-184778,S0016,Arjun Shah,ACCT-726885,744021,INR,CRYPTO,IndusInd Bank,True,Regular transfer
TXN-001371,2024-01-19,05:09:52,S0060,Kiran Ahmed,ACCT-892593,S0061,Farooq Joshi,ACCT-513381,37831,INR,ONLINE_TRANSFER,Kotak Bank,True,Import payment
TXN-001372,2023-09-25,03:07:08,S0068,Kiran Reddy,ACCT-788466,S0028,Ajay Agarwal,ACCT-606724,41206,INR,CRYPTO,State Bank,True,Property deal
TXN-001373,2024-09-06,05:40:26,S0077,Anil Pandey,ACCT-561003,S0076,Rahul Qureshi,ACCT-500248,1457,INR,CASH_DEPOSIT,Punjab National Bank,False,Loan repayment
TXN-001374,2024-08-23,12:26:11,S0034,Manoj Malik,ACCT-382690,S0042,Rekha Thakur,ACCT-357796,8671692,INR,CASH_WITHDRAWAL,State Bank,True,Personal
TXN-001375,2023-06-23,00:39:02,S0011,Hassan Qureshi,ACCT-277171,S0008,Pooja Lopez,ACCT-333718,38879,INR,CASH_WITHDRAWAL,Federal Bank,False,Loan repayment
TXN-001376,2023-08-03,20:18:40,S0012,Prakash Shah,ACCT-773568,S0011,Hassan Qureshi,ACCT-561397,7400,INR,HAWALA,HDFC Bank,False,Commission
TXN-001377,2024-04-21,02:25:06,S0046,Miguel Gupta,ACCT-646461,S0002,Suresh Sharma,ACCT-394903,6594504,INR,CASH_WITHDRAWAL,Federal Bank,True,Property deal
TXN-001378,2024-05-30,09:59:02,S0012,Prakash Shah,ACCT-827599,S0011,Hassan Qureshi,ACCT-143383,82235,INR,CRYPTO,Punjab National Bank,False,Monthly installment
TXN-001379,2023-04-26,05:09:50,S0070,Ajay Mehta,ACCT-330123,S0068,Kiran Reddy,ACCT-722279,7573068,INR,CHECK,IndusInd Bank,True,Property deal
TXN-001380,2024-11-02,17:43:03,S0004,Hassan Kumar,ACCT-318494,S0006,Sunil Hussain,ACCT-270737,14328,INR,CRYPTO,Kotak Bank,False,Personal
TXN-001381,2024-11-14,17:02:54,S0043,Rekha Das,ACCT-802736,S0014,Yusuf Patel,ACCT-526491,65696,INR,HAWALA,Yes Bank,False,Investment return
TXN-001382,2024-01-05,02:02:24,S0074,Ramesh Mishra,ACCT-144864,S0079,Ravi Singh,ACCT-225758,370253,INR,HAWALA,ICICI Bank,False,Personal
TXN-001383,2023-06-02,03:11:04,S0062,Rizwan Ali,ACCT-153538,S0060,Kiran Ahmed,ACCT-525181,9918748,INR,CASH_WITHDRAWAL,Yes Bank,True,Regular transfer
TXN-001384,2023-10-01,13:20:20,S0024,Anita Lopez,ACCT-409493,S0034,Manoj Malik,ACCT-641164,2956,INR,WIRE_TRANSFER,Federal Bank,False,Consulting fee
TXN-001385,2023-02-18,22:30:57,S0038,Ashok Patel,ACCT-116016,S0034,Manoj Malik,ACCT-433626,197027,INR,CASH_DEPOSIT,IndusInd Bank,False,Loan repayment
TXN-001386,2023-06-03,01:56:23,S0016,Arjun Shah,ACCT-568855,S0014,Yusuf Patel,ACCT-378394,233432,INR,CHECK,Bank of Baroda,False,Loan repayment
TXN-001387,2024-11-01,09:34:55,S0033,Anita Malik,ACCT-349843,S0042,Rekha Thakur,ACCT-404994,61751,INR,WIRE_TRANSFER,Yes Bank,True,Property deal
TXN-001388,2024-11-03,15:37:50,S0057,Sanjay Ahmed,ACCT-970279,S0018,Sanjay Agarwal,ACCT-346388,1178,INR,ONLINE_TRANSFER,HDFC Bank,False,No remarks
TXN-001389,2023-01-14,16:45:16,S0002,Suresh Sharma,ACCT-698021,S0064,Carlos Reddy,ACCT-407047,406259,INR,CASH_WITHDRAWAL,HDFC Bank,True,Property deal
TXN-001390,2024-10-02,21:33:24,S0034,Manoj Malik,ACCT-728720,S0045,Suman Mishra,ACCT-536269,5097,INR,CRYPTO,Punjab National Bank,False,Consulting fee
TXN-001391,2023-01-22,23:41:32,S0034,Manoj Malik,ACCT-147285,S0042,Rekha Thakur,ACCT-196632,612960,INR,CASH_WITHDRAWAL,Axis Bank,True,Loan repayment
TXN-001392,2023-03-09,11:06:55,S0068,Kiran Reddy,ACCT-965025,S0028,Ajay Agarwal,ACCT-716192,86325,INR,WIRE_TRANSFER,IndusInd Bank,True,Regular transfer
TXN-001393,2024-09-07,00:54:33,S0060,Kiran Ahmed,ACCT-956539,S0063,Mohan Hussain,ACCT-355057,77498,INR,HAWALA,ICICI Bank,False,Regular transfer
TXN-001394,2024-06-07,20:10:12,S0078,Ashok Saxena,ACCT-987499,S0073,Rahul Martinez,ACCT-995398,612028,INR,CHECK,Yes Bank,True,Business payment
TXN-001395,2024-10-27,12:21:28,S0080,Abdul Joshi,ACCT-863078,S0078,Ashok Saxena,ACCT-881941,6028,INR,WIRE_TRANSFER,Kotak Bank,False,Commission
TXN-001396,2024-07-11,18:00:47,S0070,Ajay Mehta,ACCT-495507,S0069,Mohan Das,ACCT-259752,7088039,INR,CASH_DEPOSIT,Bank of Baroda,True,Loan repayment
TXN-001397,2024-07-07,07:25:06,S0050,Hassan Qureshi,ACCT-596623,S0049,Rahul Agarwal,ACCT-401537,722680,INR,WIRE_TRANSFER,Bank of Baroda,True,Import payment
TXN-001398,2023-01-06,05:22:11,S0075,Imran Martinez,ACCT-717870,S0071,Rajesh Joshi,ACCT-899387,81074,INR,CRYPTO,Federal Bank,True,Personal
TXN-001399,2023-10-24,02:45:06,S0033,Anita Malik,ACCT-367196,S0009,Pooja Pandey,ACCT-996430,2898,INR,CRYPTO,Federal Bank,False,No remarks
TXN-001400,2023-01-04,13:10:45,S0047,Pooja Hussain,ACCT-835057,S0015,Arjun Mishra,ACCT-644227,86398,INR,CHECK,Federal Bank,False,Commission
TXN-001401,2023-06-28,03:54:05,S0047,Pooja Hussain,ACCT-470942,S0048,Abdul Garcia,ACCT-775611,3286393,INR,HAWALA,Yes Bank,True,Personal
TXN-001402,2023-09-21,06:54:20,S0033,Anita Malik,ACCT-373630,S0033,Anita Malik,ACCT-289622,563369,INR,WIRE_TRANSFER,Punjab National Bank,True,No remarks
TXN-001403,2023-11-11,16:24:43,S0043,Rekha Das,ACCT-423041,S0006,Sunil Hussain,ACCT-781298,802751,INR,WIRE_TRANSFER,Bank of Baroda,True,Regular transfer
TXN-001404,2024-06-16,11:47:53,S0063,Mohan Hussain,ACCT-466358,S0043,Rekha Das,ACCT-917805,28941,INR,CASH_DEPOSIT,Federal Bank,False,Business payment
TXN-001405,2023-09-22,09:19:41,S0055,Prakash Yadav,ACCT-702099,S0038,Ashok Patel,ACCT-536753,5321832,INR,CASH_DEPOSIT,Bank of Baroda,True,Import payment
TXN-001406,2023-07-23,19:17:42,S0067,Rajesh Ali,ACCT-884717,S0065,Prakash Mehta,ACCT-239624,4759,INR,ONLINE_TRANSFER,IndusInd Bank,False,Regular transfer
TXN-001407,2023-01-27,22:10:57,S0031,Rahul Thakur,ACCT-997804,S0038,Ashok Patel,ACCT-468612,6476,INR,CHECK,Bank of Baroda,False,Business payment
TXN-001408,2023-03-06,01:43:20,S0034,Manoj Malik,ACCT-509298,S0045,Suman Mishra,ACCT-590186,937017,INR,CHECK,Axis Bank,True,Import payment
TXN-001409,2023-01-17,15:46:35,S0051,Vinod Qureshi,ACCT-874786,S0047,Pooja Hussain,ACCT-938172,27515,INR,CASH_DEPOSIT,Bank of Baroda,False,Commission
TXN-001410,2024-07-23,10:01:01,S0048,Abdul Garcia,ACCT-703399,S0030,Prakash Lopez,ACCT-678474,5805968,INR,CRYPTO,Punjab National Bank,True,Import payment
TXN-001411,2024-02-23,18:57:20,S0033,Anita Malik,ACCT-344767,S0042,Rekha Thakur,ACCT-442451,2373,INR,CHECK,HDFC Bank,False,Monthly installment
TXN-001412,2023-06-21,06:54:59,S0033,Anita Malik,ACCT-609140,S0078,Ashok Saxena,ACCT-923010,8138673,INR,CASH_WITHDRAWAL,Yes Bank,True,Import payment
TXN-001413,2023-10-02,03:24:49,S0027,Ramesh Patel,ACCT-954301,S0029,Kiran Ali,ACCT-589832,73119,INR,CASH_DEPOSIT,IndusInd Bank,False,Investment return
TXN-001414,2024-04-29,08:49:50,S0043,Rekha Das,ACCT-167738,S0074,Ramesh Mishra,ACCT-595483,7664720,INR,CRYPTO,Yes Bank,True,Consulting fee
TXN-001415,2023-07-18,21:50:35,S0008,Pooja Lopez,ACCT-809889,S0006,Sunil Hussain,ACCT-454002,2388,INR,CASH_WITHDRAWAL,IndusInd Bank,False,Monthly installment
TXN-001416,2023-08-04,16:30:00,S0024,Anita Lopez,ACCT-465068,S0068,Kiran Reddy,ACCT-496112,56526,INR,CASH_WITHDRAWAL,Bank of Baroda,True,Consulting fee
TXN-001417,2024-12-11,10:13:43,S0016,Arjun Shah,ACCT-639012,S0017,Naveen Kumar,ACCT-471614,542069,INR,ONLINE_TRANSFER,Federal Bank,True,Investment return
TXN-001418,2023-02-22,10:38:50,S0036,Ravi Ali,ACCT-217409,S0033,Anita Malik,ACCT-902453,2349,INR,CHECK,Federal Bank,False,Regular transfer
TXN-001419,2023-06-30,11:57:25,S0024,Anita Lopez,ACCT-385630,S0015,Arjun Mishra,ACCT-757792,6292,INR,CASH_DEPOSIT,Punjab National Bank,False,Property deal
TXN-001420,2023-10-23,19:35:19,S0017,Naveen Kumar,ACCT-989150,S0022,Abdul Chauhan,ACCT-711621,632617,INR,CASH_WITHDRAWAL,Yes Bank,True,No remarks
TXN-001421,2023-02-25,13:43:15,S0047,Pooja Hussain,ACCT-455467,S0048,Abdul Garcia,ACCT-914360,524222,INR,HAWALA,ICICI Bank,True,Investment return
TXN-001422,2023-05-18,07:57:08,S0054,Tariq Pandey,ACCT-489721,S0074,Ramesh Mishra,ACCT-112275,9221,INR,CASH_DEPOSIT,Bank of Baroda,False,Commission
TXN-001423,2024-07-16,07:05:22,S0008,Pooja Lopez,ACCT-975821,S0006,Sunil Hussain,ACCT-118661,342348,INR,ONLINE_TRANSFER,Federal Bank,False,Property deal
TXN-001424,2024-12-11,19:01:22,S0055,Prakash Yadav,ACCT-427783,S0054,Tariq Pandey,ACCT-696082,8246899,INR,HAWALA,Axis Bank,True,Consulting fee
TXN-001425,2024-01-09,17:33:42,S0021,Saleem Hernandez,ACCT-799272,S0067,Rajesh Ali,ACCT-608838,31359,INR,WIRE_TRANSFER,HDFC Bank,False,No remarks
TXN-001426,2023-12-14,16:12:10,S0018,Sanjay Agarwal,ACCT-295834,S0029,Kiran Ali,ACCT-489091,73610,INR,HAWALA,State Bank,True,No remarks
TXN-001427,2024-03-15,17:10:21,S0023,Kiran Ali,ACCT-925563,S0027,Ramesh Patel,ACCT-311576,225755,INR,CRYPTO,Yes Bank,False,Commission
TXN-001428,2023-05-31,00:45:15,S0005,Arjun Verma,ACCT-808986,S0068,Kiran Reddy,ACCT-617230,4249467,INR,CASH_WITHDRAWAL,Axis Bank,True,Business payment
TXN-001429,2023-09-16,08:56:30,S0020,Ajay Yadav,ACCT-524221,S0021,Saleem Hernandez,ACCT-555183,4122,INR,CASH_WITHDRAWAL,Punjab National Bank,False,Consulting fee
TXN-001430,2023-07-11,02:44:49,S0002,Suresh Sharma,ACCT-128731,S0033,Anita Malik,ACCT-151979,77735,INR,CASH_WITHDRAWAL,Yes Bank,False,Consulting fee
TXN-001431,2023-10-18,22:02:17,S0064,Carlos Reddy,ACCT-887562,S0065,Prakash Mehta,ACCT-917201,7660991,INR,ONLINE_TRANSFER,HDFC Bank,True,Regular transfer
TXN-001432,2023-01-18,17:30:24,S0056,Anil Chauhan,ACCT-823066,S0002,Suresh Sharma,ACCT-460820,3862132,INR,CASH_DEPOSIT,Bank of Baroda,True,Investment return
TXN-001433,2024-07-10,20:28:32,S0070,Ajay Mehta,ACCT-282859,S0069,Mohan Das,ACCT-182933,47553,INR,HAWALA,Punjab National Bank,False,No remarks
TXN-001434,2023-09-18,20:53:12,S0030,Prakash Lopez,ACCT-641302,S0042,Rekha Thakur,ACCT-592019,104495,INR,CRYPTO,Yes Bank,False,Monthly installment
TXN-001435,2024-05-07,20:52:19,S0056,Anil Chauhan,ACCT-740108,S0068,Kiran Reddy,ACCT-718154,6987,INR,ONLINE_TRANSFER,Axis Bank,False,Monthly installment
TXN-001436,2024-09-08,07:41:06,S0021,Saleem Hernandez,ACCT-613811,S0048,Abdul Garcia,ACCT-568709,1865,INR,CASH_DEPOSIT,Axis Bank,False,Urgent transfer
TXN-001437,2024-03-16,21:08:32,S0080,Abdul Joshi,ACCT-361416,S0055,Prakash Yadav,ACCT-217724,5313,INR,CASH_WITHDRAWAL,IndusInd Bank,False,Import payment
TXN-001438,2023-12-31,22:05:18,S0026,Ramesh Lopez,ACCT-127880,S0027,Ramesh Patel,ACCT-478916,504948,INR,CRYPTO,State Bank,True,Investment return
TXN-001439,2024-06-06,14:35:12,S0043,Rekha Das,ACCT-686909,S0032,Saleem Thakur,ACCT-213640,1181,INR,ONLINE_TRANSFER,Federal Bank,False,Urgent transfer
TXN-001440,2024-07-22,23:03:39,S0019,Hassan Rodriguez,ACCT-503822,S0020,Ajay Yadav,ACCT-415254,524134,INR,CASH_DEPOSIT,Punjab National Bank,True,Consulting fee
TXN-001441,2023-08-30,20:32:15,S0068,Kiran Reddy,ACCT-274818,S0070,Ajay Mehta,ACCT-795660,897792,INR,HAWALA,ICICI Bank,True,Urgent transfer
TXN-001442,2023-08-31,08:53:06,S0023,Kiran Ali,ACCT-646665,S0030,Prakash Lopez,ACCT-904769,63868,INR,HAWALA,IndusInd Bank,False,Consulting fee
TXN-001443,2024-09-20,23:48:01,S0022,Abdul Chauhan,ACCT-330283,S0038,Ashok Patel,ACCT-268884,776,INR,CASH_DEPOSIT,Yes Bank,True,Investment return
TXN-001444,2024-09-01,12:20:43,S0048,Abdul Garcia,ACCT-784842,S0060,Kiran Ahmed,ACCT-482815,830098,INR,ONLINE_TRANSFER,ICICI Bank,True,Commission
TXN-001445,2023-11-23,11:19:12,S0014,Yusuf Patel,ACCT-192628,S0014,Yusuf Patel,ACCT-699939,41502,INR,CASH_DEPOSIT,Axis Bank,False,Consulting fee
TXN-001446,2023-11-23,09:55:54,S0019,Hassan Rodriguez,ACCT-476792,S0031,Rahul Thakur,ACCT-759676,7151,INR,CASH_WITHDRAWAL,Axis Bank,False,Business payment
TXN-001447,2023-06-10,13:26:47,S0027,Ramesh Patel,ACCT-206752,S0018,Sanjay Agarwal,ACCT-161881,5983,INR,WIRE_TRANSFER,Punjab National Bank,False,Loan repayment
TXN-001448,2023-10-09,08:05:55,S0062,Rizwan Ali,ACCT-240202,S0063,Mohan Hussain,ACCT-326953,3365139,INR,CASH_DEPOSIT,IndusInd Bank,True,Urgent transfer
TXN-001449,2024-05-30,22:23:03,S0072,Priya Martinez,ACCT-468641,S0074,Ramesh Mishra,ACCT-904086,76154,INR,ONLINE_TRANSFER,HDFC Bank,False,Loan repayment
TXN-001450,2023-04-10,23:19:07,S0057,Sanjay Ahmed,ACCT-768871,S0054,Tariq Pandey,ACCT-176645,43688,INR,CASH_WITHDRAWAL,State Bank,False,Business payment
TXN-001451,2023-04-05,09:36:51,S0037,Suman Agarwal,ACCT-731240,S0020,Ajay Yadav,ACCT-195673,2010,INR,HAWALA,Bank of Baroda,False,Personal
TXN-001452,2023-03-04,15:06:12,S0020,Ajay Yadav,ACCT-304254,S0070,Ajay Mehta,ACCT-318541,6209196,INR,CRYPTO,ICICI Bank,True,Regular transfer
TXN-001453,2024-06-09,07:55:49,S0008,Pooja Lopez,ACCT-381873,S0056,Anil Chauhan,ACCT-692922,17303,INR,CASH_WITHDRAWAL,Axis Bank,False,Business payment
TXN-001454,2023-03-31,03:06:10,S0002,Suresh Sharma,ACCT-565667,S0012,Prakash Shah,ACCT-963352,883011,INR,CASH_WITHDRAWAL,Kotak Bank,True,Monthly installment
TXN-001455,2023-03-23,01:57:10,S0051,Vinod Qureshi,ACCT-337313,S0047,Pooja Hussain,ACCT-405181,5411183,INR,WIRE_TRANSFER,Axis Bank,True,Property deal
TXN-001456,2023-09-24,01:16:50,S0013,Tariq Hernandez,ACCT-384789,S0068,Kiran Reddy,ACCT-555793,389459,INR,HAWALA,State Bank,False,Commission
TXN-001457,2024-06-01,10:31:44,S0013,Tariq Hernandez,ACCT-930220,S0009,Pooja Pandey,ACCT-124657,51540,INR,HAWALA,Yes Bank,False,Personal
TXN-001458,2023-12-03,15:42:51,S0052,Neha Reddy,ACCT-216281,S0012,Prakash Shah,ACCT-779744,45133,INR,CASH_WITHDRAWAL,Yes Bank,False,Monthly installment
TXN-001459,2024-07-10,19:46:53,S0036,Ravi Ali,ACCT-817513,S0030,Prakash Lopez,ACCT-129461,48162,INR,WIRE_TRANSFER,Federal Bank,False,Loan repayment
TXN-001460,2024-12-11,05:52:02,S0040,Farooq Saxena,ACCT-217906,S0042,Rekha Thakur,ACCT-259325,30212,INR,HAWALA,IndusInd Bank,False,Investment return
TXN-001461,2023-09-03,13:35:43,S0016,Arjun Shah,ACCT-768968,S0021,Saleem Hernandez,ACCT-971826,87702,INR,CASH_DEPOSIT,IndusInd Bank,True,Property deal
TXN-001462,2023-11-29,06:09:30,S0058,Arjun Roy,ACCT-798812,S0053,Vinod Hussain,ACCT-902660,43665,INR,WIRE_TRANSFER,HDFC Bank,False,Import payment
TXN-001463,2024-03-25,15:49:27,S0062,Rizwan Ali,ACCT-895688,S0063,Mohan Hussain,ACCT-732179,9973,INR,ONLINE_TRANSFER,Federal Bank,False,Consulting fee
TXN-001464,2023-01-31,11:56:49,S0022,Abdul Chauhan,ACCT-802627,S0018,Sanjay Agarwal,ACCT-872905,905269,INR,HAWALA,Bank of Baroda,True,Consulting fee
TXN-001465,2023-01-04,12:38:07,S0039,Yusuf Khan,ACCT-630548,S0044,Sanjay Khan,ACCT-179143,8976,INR,CRYPTO,Federal Bank,False,Personal
TXN-001466,2024-04-14,06:28:24,S0067,Rajesh Ali,ACCT-915588,S0066,Imran Joshi,ACCT-955764,8193908,INR,ONLINE_TRANSFER,Federal Bank,True,Import payment
TXN-001467,2024-09-10,03:18:27,S0052,Neha Reddy,ACCT-624831,S0044,Sanjay Khan,ACCT-676532,94531,INR,CASH_DEPOSIT,Punjab National Bank,False,Property deal
TXN-001468,2023-08-12,05:16:17,S0026,Ramesh Lopez,ACCT-506158,S0025,Yusuf Joshi,ACCT-438195,752135,INR,HAWALA,Yes Bank,True,Property deal
TXN-001469,2023-05-24,21:46:13,S0070,Ajay Mehta,ACCT-186056,S0068,Kiran Reddy,ACCT-471428,631269,INR,CASH_WITHDRAWAL,HDFC Bank,True,No remarks
TXN-001470,2023-03-20,14:54:23,S0051,Vinod Qureshi,ACCT-362145,S0047,Pooja Hussain,ACCT-834336,2325,INR,WIRE_TRANSFER,Punjab National Bank,False,Investment return
TXN-001471,2024-04-26,01:35:06,S0045,Suman Mishra,ACCT-159376,S0036,Ravi Ali,ACCT-971420,66172,INR,WIRE_TRANSFER,Bank of Baroda,False,Regular transfer
TXN-001472,2023-10-26,10:22:50,S0079,Ravi Singh,ACCT-720551,S0073,Rahul Martinez,ACCT-794946,5785389,INR,HAWALA,Bank of Baroda,True,Urgent transfer
TXN-001473,2024-12-28,10:56:04,S0006,Sunil Hussain,ACCT-962770,S0009,Pooja Pandey,ACCT-851539,1655,INR,CASH_WITHDRAWAL,Kotak Bank,False,Personal
TXN-001474,2024-05-30,19:27:27,S0010,Kavita Thakur,ACCT-749393,S0002,Suresh Sharma,ACCT-906269,6563727,INR,HAWALA,State Bank,True,Investment return
TXN-001475,2024-03-05,21:46:35,S0048,Abdul Garcia,ACCT-776552,S0046,Miguel Gupta,ACCT-646465,9272219,INR,HAWALA,Punjab National Bank,True,Regular transfer
TXN-001476,2024-09-10,12:10:08,S0030,Prakash Lopez,ACCT-647259,S0027,Ramesh Patel,ACCT-128513,479689,INR,CASH_WITHDRAWAL,ICICI Bank,False,Import payment
TXN-001477,2024-07-28,04:55:54,S0019,Hassan Rodriguez,ACCT-382210,S0014,Yusuf Patel,ACCT-495080,5622262,INR,ONLINE_TRANSFER,ICICI Bank,True,Consulting fee
TXN-001478,2024-02-27,23:39:25,S0079,Ravi Singh,ACCT-886488,S0073,Rahul Martinez,ACCT-447859,79340,INR,CASH_DEPOSIT,Kotak Bank,False,Personal
TXN-001479,2023-11-10,09:42:32,S0008,Pooja Lopez,ACCT-986022,S0006,Sunil Hussain,ACCT-342167,4440,INR,WIRE_TRANSFER,Bank of Baroda,False,Business payment
TXN-001480,2024-07-15,01:34:47,S0020,Ajay Yadav,ACCT-331745,S0021,Saleem Hernandez,ACCT-174230,8529767,INR,CASH_WITHDRAWAL,Federal Bank,True,Property deal
TXN-001481,2024-01-06,02:59:20,S0077,Anil Pandey,ACCT-191199,S0040,Farooq Saxena,ACCT-356441,4415,INR,HAWALA,Yes Bank,False,Urgent transfer
TXN-001482,2023-02-06,18:36:18,S0032,Saleem Thakur,ACCT-260862,S0039,Yusuf Khan,ACCT-551130,6729,INR,CHECK,Yes Bank,True,No remarks
TXN-001483,2023-07-03,09:25:33,S0035,Mohan Joshi,ACCT-387537,S0031,Rahul Thakur,ACCT-814596,353009,INR,CHECK,Federal Bank,False,Urgent transfer
TXN-001484,2024-07-12,00:26:19,S0008,Pooja Lopez,ACCT-809885,S0010,Kavita Thakur,ACCT-962160,8549,INR,WIRE_TRANSFER,Kotak Bank,False,Consulting fee
TXN-001485,2024-08-05,12:42:38,S0029,Kiran Ali,ACCT-738906,S0061,Farooq Joshi,ACCT-558521,60561,INR,WIRE_TRANSFER,HDFC Bank,False,Investment return
TXN-001486,2023-08-19,06:12:16,S0017,Naveen Kumar,ACCT-931770,S0022,Abdul Chauhan,ACCT-253873,5124,INR,CRYPTO,ICICI Bank,False,Loan repayment
TXN-001487,2024-08-27,11:17:47,S0052,Neha Reddy,ACCT-752327,S0030,Prakash Lopez,ACCT-993491,5928792,INR,CASH_DEPOSIT,Bank of Baroda,True,Regular transfer
TXN-001488,2023-04-15,09:31:29,S0019,Hassan Rodriguez,ACCT-327485,S0013,Tariq Hernandez,ACCT-468425,8659479,INR,CASH_DEPOSIT,Kotak Bank,True,Monthly installment
TXN-001489,2024-09-07,15:07:15,S0066,Imran Joshi,ACCT-596548,S0015,Arjun Mishra,ACCT-995286,68141,INR,CHECK,Bank of Baroda,False,Business payment
TXN-001490,2024-06-22,07:47:46,S0012,Prakash Shah,ACCT-889708,S0011,Hassan Qureshi,ACCT-105434,7975674,INR,WIRE_TRANSFER,State Bank,True,Investment return
TXN-001491,2024-06-27,15:41:12,S0064,Carlos Reddy,ACCT-602947,S0065,Prakash Mehta,ACCT-829133,5595865,INR,HAWALA,Axis Bank,True,Commission
TXN-001492,2024-08-16,16:29:40,S0044,Sanjay Khan,ACCT-959412,S0033,Anita Malik,ACCT-684620,948929,INR,HAWALA,State Bank,True,Import payment
TXN-001493,2024-02-23,10:12:08,S0012,Prakash Shah,ACCT-262875,S0008,Pooja Lopez,ACCT-391473,5977,INR,CHECK,ICICI Bank,False,Consulting fee
TXN-001494,2023-03-16,02:29:50,S0049,Rahul Agarwal,ACCT-791193,S0052,Neha Reddy,ACCT-929881,578191,INR,ONLINE_TRANSFER,Punjab National Bank,True,Commission
TXN-001495,2023-05-02,06:04:52,S0057,Sanjay Ahmed,ACCT-176059,S0050,Hassan Qureshi,ACCT-396635,97966,INR,CRYPTO,State Bank,False,Regular transfer
TXN-001496,2024-05-03,07:45:32,S0005,Arjun Verma,ACCT-171388,S0003,Kiran Qureshi,ACCT-345507,2426286,INR,HAWALA,Kotak Bank,True,Loan repayment
TXN-001497,2023-09-07,15:27:52,S0036,Ravi Ali,ACCT-184774,S0041,Anil Chauhan,ACCT-231536,732340,INR,CASH_WITHDRAWAL,Kotak Bank,True,Business payment
TXN-001498,2023-12-21,21:55:49,S0022,Abdul Chauhan,ACCT-170720,S0044,Sanjay Khan,ACCT-646282,64458,INR,HAWALA,Axis Bank,False,Monthly installment
TXN-001499,2024-01-28,01:21:12,S0035,Mohan Joshi,ACCT-926269,S0048,Abdul Garcia,ACCT-313699,4636259,INR,CASH_DEPOSIT,IndusInd Bank,True,Business payment
TXN-001500,2024-02-29,00:47:26,S0065,Prakash Mehta,ACCT-388775,S0068,Kiran Reddy,ACCT-649299,7569,INR,CASH_WITHDRAWAL,Punjab National Bank,False,Loan repayment
TXN-001501,2023-03-02,18:23:45,S0027,Ramesh Patel,ACCT-522599,S0024,Anita Lopez,ACCT-494847,160208,INR,CASH_WITHDRAWAL,ICICI Bank,False,Loan repayment
TXN-001502,2023-10-30,07:54:16,S0010,Kavita Thakur,ACCT-760430,S0002,Suresh Sharma,ACCT-186406,850109,INR,CHECK,Punjab National Bank,True,Import payment
TXN-001503,2023-10-09,21:21:32,S0014,Yusuf Patel,ACCT-555227,S0060,Kiran Ahmed,ACCT-510964,44715,INR,WIRE_TRANSFER,HDFC Bank,False,Business payment
TXN-001504,2024-09-16,09:27:12,S0035,Mohan Joshi,ACCT-175011,S0031,Rahul Thakur,ACCT-203069,9800147,INR,WIRE_TRANSFER,Yes Bank,True,Personal
TXN-001505,2024-09-22,04:24:45,S0035,Mohan Joshi,ACCT-872899,S0071,Rajesh Joshi,ACCT-387540,97133,INR,CHECK,HDFC Bank,False,Urgent transfer
TXN-001506,2023-04-04,05:05:08,S0023,Kiran Ali,ACCT-475506,S0027,Ramesh Patel,ACCT-849105,706718,INR,CASH_WITHDRAWAL,Federal Bank,True,Business payment
TXN-001507,2023-03-14,05:13:13,S0059,Geeta Hernandez,ACCT-577184,S0044,Sanjay Khan,ACCT-273039,397667,INR,WIRE_TRANSFER,HDFC Bank,False,Consulting fee
TXN-001508,2024-02-29,17:11:42,S0055,Prakash Yadav,ACCT-125646,S0019,Hassan Rodriguez,ACCT-857202,50679,INR,HAWALA,IndusInd Bank,False,Investment return
TXN-001509,2024-01-25,09:13:46,S0009,Pooja Pandey,ACCT-361950,S0071,Rajesh Joshi,ACCT-728856,572158,INR,CHECK,Kotak Bank,True,Urgent transfer
TXN-001510,2024-08-13,18:42:40,S0005,Arjun Verma,ACCT-130772,S0001,Manoj Sharma,ACCT-169470,6893,INR,HAWALA,Axis Bank,False,Investment return
TXN-001511,2023-07-02,13:01:00,S0038,Ashok Patel,ACCT-713483,S0002,Suresh Sharma,ACCT-950984,8375,INR,CRYPTO,Axis Bank,False,No remarks
TXN-001512,2023-11-10,00:50:30,S0007,Vikram Chauhan,ACCT-719452,S0045,Suman Mishra,ACCT-491854,277976,INR,WIRE_TRANSFER,IndusInd Bank,False,Investment return
TXN-001513,2023-12-24,10:41:47,S0078,Ashok Saxena,ACCT-197112,S0073,Rahul Martinez,ACCT-453402,729755,INR,ONLINE_TRANSFER,Kotak Bank,True,Investment return
TXN-001514,2023-09-09,12:25:43,S0014,Yusuf Patel,ACCT-795043,S0017,Naveen Kumar,ACCT-265674,86345,INR,CASH_WITHDRAWAL,Federal Bank,False,Investment return
TXN-001515,2024-08-23,09:27:38,S0074,Ramesh Mishra,ACCT-537913,S0018,Sanjay Agarwal,ACCT-437093,3141593,INR,WIRE_TRANSFER,HDFC Bank,True,Monthly installment
TXN-001516,2024-05-25,23:53:01,S0039,Yusuf Khan,ACCT-801061,S0036,Ravi Ali,ACCT-482213,1401288,INR,CASH_DEPOSIT,Kotak Bank,True,Import payment
TXN-001517,2024-08-11,04:12:23,S0063,Mohan Hussain,ACCT-365157,S0059,Geeta Hernandez,ACCT-846420,19485,INR,HAWALA,HDFC Bank,True,Property deal
TXN-001518,2024-10-05,22:00:07,S0017,Naveen Kumar,ACCT-184988,S0022,Abdul Chauhan,ACCT-880664,9028464,INR,CRYPTO,HDFC Bank,True,Loan repayment
TXN-001519,2024-06-10,04:41:39,S0057,Sanjay Ahmed,ACCT-937867,S0067,Rajesh Ali,ACCT-554827,667328,INR,CASH_WITHDRAWAL,ICICI Bank,True,Property deal
TXN-001520,2024-11-16,15:31:56,S0038,Ashok Patel,ACCT-218964,S0079,Ravi Singh,ACCT-801427,728545,INR,WIRE_TRANSFER,Kotak Bank,True,Business payment
TXN-001521,2024-09-26,16:00:54,S0032,Saleem Thakur,ACCT-377332,S0033,Anita Malik,ACCT-499971,1703,INR,CASH_DEPOSIT,Axis Bank,False,Monthly installment
TXN-001522,2024-05-19,04:07:49,S0015,Arjun Mishra,ACCT-993324,S0028,Ajay Agarwal,ACCT-589867,87978,INR,CHECK,Kotak Bank,False,Personal
TXN-001523,2024-03-31,10:45:47,S0053,Vinod Hussain,ACCT-520669,S0057,Sanjay Ahmed,ACCT-543483,16030,INR,CRYPTO,Punjab National Bank,False,Monthly installment
TXN-001524,2024-10-07,15:36:31,S0055,Prakash Yadav,ACCT-148762,S0053,Vinod Hussain,ACCT-232084,888481,INR,ONLINE_TRANSFER,IndusInd Bank,True,Import payment
TXN-001525,2023-08-21,09:05:20,S0010,Kavita Thakur,ACCT-352418,S0074,Ramesh Mishra,ACCT-955258,88788,INR,CASH_WITHDRAWAL,ICICI Bank,False,Loan repayment
TXN-001526,2024-10-21,03:28:48,S0068,Kiran Reddy,ACCT-695527,S0069,Mohan Das,ACCT-166231,39805,INR,ONLINE_TRANSFER,Bank of Baroda,True,Commission
TXN-001527,2023-08-23,20:42:58,S0050,Hassan Qureshi,ACCT-735822,S0049,Rahul Agarwal,ACCT-803478,647381,INR,CHECK,Axis Bank,True,Personal
TXN-001528,2024-12-02,04:04:32,S0035,Mohan Joshi,ACCT-700379,S0025,Yusuf Joshi,ACCT-511496,52090,INR,ONLINE_TRANSFER,IndusInd Bank,False,Import payment
TXN-001529,2024-02-19,00:36:22,S0017,Naveen Kumar,ACCT-946991,S0022,Abdul Chauhan,ACCT-725100,8509,INR,HAWALA,Yes Bank,False,Personal
TXN-001530,2024-12-10,07:09:39,S0071,Rajesh Joshi,ACCT-350089,S0009,Pooja Pandey,ACCT-562739,2610,INR,CRYPTO,Axis Bank,False,Loan repayment
TXN-001531,2023-07-14,09:22:00,S0078,Ashok Saxena,ACCT-796043,S0067,Rajesh Ali,ACCT-833568,5976987,INR,CASH_DEPOSIT,Yes Bank,True,Import payment
TXN-001532,2023-02-21,21:02:34,S0074,Ramesh Mishra,ACCT-180060,S0076,Rahul Qureshi,ACCT-513855,3413170,INR,CHECK,Kotak Bank,True,Loan repayment
TXN-001533,2023-11-09,14:29:43,S0044,Sanjay Khan,ACCT-958852,S0033,Anita Malik,ACCT-833938,7527913,INR,ONLINE_TRANSFER,Kotak Bank,True,Monthly installment
TXN-001534,2023-05-28,22:17:26,S0032,Saleem Thakur,ACCT-875053,S0033,Anita Malik,ACCT-990189,1077,INR,CASH_WITHDRAWAL,Kotak Bank,False,Investment return
TXN-001535,2024-08-20,10:21:58,S0024,Anita Lopez,ACCT-350920,S0027,Ramesh Patel,ACCT-767203,421952,INR,CASH_WITHDRAWAL,State Bank,False,No remarks
TXN-001536,2024-10-30,09:25:58,S0074,Ramesh Mishra,ACCT-845888,S0076,Rahul Qureshi,ACCT-300939,1209880,INR,CHECK,State Bank,True,Monthly installment
TXN-001537,2023-07-24,09:56:56,S0057,Sanjay Ahmed,ACCT-885975,S0035,Mohan Joshi,ACCT-287534,8722,INR,ONLINE_TRANSFER,Federal Bank,True,No remarks
TXN-001538,2023-02-04,10:25:15,S0053,Vinod Hussain,ACCT-187127,S0054,Tariq Pandey,ACCT-931327,815368,INR,CHECK,Axis Bank,True,Consulting fee
TXN-001539,2024-08-17,16:51:06,S0063,Mohan Hussain,ACCT-183871,S0062,Rizwan Ali,ACCT-553551,5072561,INR,CASH_WITHDRAWAL,Bank of Baroda,True,Urgent transfer
TXN-001540,2024-07-13,04:48:32,S0051,Vinod Qureshi,ACCT-644892,S0050,Hassan Qureshi,ACCT-848821,189004,INR,ONLINE_TRANSFER,ICICI Bank,False,Monthly installment
TXN-001541,2023-03-10,01:14:33,S0057,Sanjay Ahmed,ACCT-601463,S0069,Mohan Das,ACCT-973757,9293,INR,CASH_WITHDRAWAL,Axis Bank,False,Import payment
TXN-001542,2023-06-21,05:55:54,S0012,Prakash Shah,ACCT-558140,S0037,Suman Agarwal,ACCT-275407,62528,INR,CHECK,Punjab National Bank,False,Investment return
TXN-001543,2024-07-10,19:00:04,S0017,Naveen Kumar,ACCT-964342,S0059,Geeta Hernandez,ACCT-500054,56802,INR,HAWALA,ICICI Bank,False,Import payment
TXN-001544,2023-07-26,15:35:25,S0058,Arjun Roy,ACCT-139077,S0053,Vinod Hussain,ACCT-638743,207625,INR,HAWALA,Yes Bank,False,Consulting fee
TXN-001545,2024-12-27,04:50:13,S0010,Kavita Thakur,ACCT-787009,S0008,Pooja Lopez,ACCT-589826,2203133,INR,WIRE_TRANSFER,Federal Bank,True,Commission
TXN-001546,2023-09-15,21:38:45,S0071,Rajesh Joshi,ACCT-226414,S0059,Geeta Hernandez,ACCT-641041,44017,INR,WIRE_TRANSFER,HDFC Bank,False,Urgent transfer
TXN-001547,2024-09-29,03:38:20,S0062,Rizwan Ali,ACCT-284003,S0013,Tariq Hernandez,ACCT-521468,55895,INR,HAWALA,Yes Bank,True,Consulting fee
TXN-001548,2023-08-06,10:45:54,S0056,Anil Chauhan,ACCT-938318,S0054,Tariq Pandey,ACCT-847193,5211980,INR,HAWALA,ICICI Bank,True,Personal
TXN-001549,2023-01-30,18:58:30,S0027,Ramesh Patel,ACCT-476771,S0025,Yusuf Joshi,ACCT-546904,5917,INR,CHECK,Kotak Bank,False,Personal
TXN-001550,2023-09-07,08:53:26,S0003,Kiran Qureshi,ACCT-637276,S0004,Hassan Kumar,ACCT-185723,1950,INR,WIRE_TRANSFER,Federal Bank,False,Import payment
TXN-001551,2024-06-17,23:01:35,S0008,Pooja Lopez,ACCT-972026,S0006,Sunil Hussain,ACCT-404180,70845,INR,CASH_WITHDRAWAL,Axis Bank,False,Investment return
TXN-001552,2024-11-12,18:15:43,S0041,Anil Chauhan,ACCT-146023,S0035,Mohan Joshi,ACCT-434979,978995,INR,CASH_DEPOSIT,Kotak Bank,True,Commission
TXN-001553,2024-01-12,14:55:28,S0053,Vinod Hussain,ACCT-694466,S0054,Tariq Pandey,ACCT-320662,4913,INR,WIRE_TRANSFER,Axis Bank,False,Regular transfer
TXN-001554,2024-10-18,08:08:25,S0004,Hassan Kumar,ACCT-158027,S0056,Anil Chauhan,ACCT-345107,728824,INR,WIRE_TRANSFER,Axis Bank,True,Urgent transfer
TXN-001555,2023-10-06,06:04:28,S0032,Saleem Thakur,ACCT-191321,S0033,Anita Malik,ACCT-560309,279414,INR,CRYPTO,Yes Bank,False,Property deal
TXN-001556,2024-06-13,09:11:41,S0043,Rekha Das,ACCT-507265,S0033,Anita Malik,ACCT-445190,7219,INR,CASH_WITHDRAWAL,Kotak Bank,False,Commission
TXN-001557,2024-04-06,22:09:27,S0008,Pooja Lopez,ACCT-773141,S0006,Sunil Hussain,ACCT-401821,1764864,INR,ONLINE_TRANSFER,Bank of Baroda,True,Personal
TXN-001558,2023-12-25,08:57:30,S0064,Carlos Reddy,ACCT-366103,S0065,Prakash Mehta,ACCT-283300,7778852,INR,CHECK,Bank of Baroda,True,Business payment
TXN-001559,2024-03-17,05:03:01,S0075,Imran Martinez,ACCT-428865,S0060,Kiran Ahmed,ACCT-101608,27096,INR,CASH_WITHDRAWAL,Yes Bank,True,No remarks
TXN-001560,2024-05-30,23:03:57,S0014,Yusuf Patel,ACCT-289481,S0061,Farooq Joshi,ACCT-674196,527263,INR,HAWALA,Axis Bank,True,Investment return
TXN-001561,2023-09-03,12:59:21,S0018,Sanjay Agarwal,ACCT-198309,S0019,Hassan Rodriguez,ACCT-191431,4543477,INR,ONLINE_TRANSFER,HDFC Bank,True,Commission
TXN-001562,2024-02-15,00:06:00,S0020,Ajay Yadav,ACCT-915847,S0001,Manoj Sharma,ACCT-759192,1498342,INR,HAWALA,Federal Bank,True,Personal
TXN-001563,2023-03-08,02:52:26,S0027,Ramesh Patel,ACCT-486246,S0008,Pooja Lopez,ACCT-868616,3874185,INR,CASH_WITHDRAWAL,HDFC Bank,True,Personal
TXN-001564,2024-07-20,07:00:52,S0069,Mohan Das,ACCT-600321,S0057,Sanjay Ahmed,ACCT-204982,881190,INR,CASH_WITHDRAWAL,Kotak Bank,True,Investment return
TXN-001565,2023-12-06,12:41:11,S0078,Ashok Saxena,ACCT-724822,S0073,Rahul Martinez,ACCT-522397,3236,INR,CASH_WITHDRAWAL,State Bank,True,Import payment
TXN-001566,2024-12-25,07:26:37,S0020,Ajay Yadav,ACCT-999373,S0013,Tariq Hernandez,ACCT-752262,8977888,INR,HAWALA,HDFC Bank,True,Business payment
TXN-001567,2023-08-22,13:53:30,S0032,Saleem Thakur,ACCT-571668,S0039,Yusuf Khan,ACCT-633982,82597,INR,CASH_DEPOSIT,Federal Bank,False,Property deal
TXN-001568,2024-03-21,03:59:06,S0039,Yusuf Khan,ACCT-350253,S0044,Sanjay Khan,ACCT-613235,4693,INR,CASH_WITHDRAWAL,ICICI Bank,False,Commission
TXN-001569,2023-04-08,11:06:55,S0064,Carlos Reddy,ACCT-413964,S0065,Prakash Mehta,ACCT-200960,859078,INR,WIRE_TRANSFER,IndusInd Bank,True,Consulting fee
TXN-001570,2023-12-09,10:49:30,S0079,Ravi Singh,ACCT-213620,S0073,Rahul Martinez,ACCT-290425,7308841,INR,CASH_WITHDRAWAL,IndusInd Bank,True,Loan repayment
TXN-001571,2023-05-31,00:59:47,S0035,Mohan Joshi,ACCT-951641,S0028,Ajay Agarwal,ACCT-699401,9761,INR,CHECK,Federal Bank,False,Urgent transfer
TXN-001572,2023-07-09,11:03:29,S0066,Imran Joshi,ACCT-191291,S0067,Rajesh Ali,ACCT-242218,3068,INR,CRYPTO,Axis Bank,False,Personal
TXN-001573,2024-07-12,05:31:48,S0075,Imran Martinez,ACCT-666502,S0028,Ajay Agarwal,ACCT-864952,8499014,INR,HAWALA,Yes Bank,True,Investment return
TXN-001574,2023-01-14,08:23:35,S0016,Arjun Shah,ACCT-706279,S0041,Anil Chauhan,ACCT-833509,72527,INR,CASH_WITHDRAWAL,State Bank,False,Urgent transfer
TXN-001575,2024-06-25,18:35:37,S0025,Yusuf Joshi,ACCT-584958,S0057,Sanjay Ahmed,ACCT-404410,7144,INR,WIRE_TRANSFER,IndusInd Bank,False,Commission
TXN-001576,2024-02-19,08:41:29,S0068,Kiran Reddy,ACCT-406393,S0051,Vinod Qureshi,ACCT-530080,7567940,INR,CRYPTO,Axis Bank,True,Investment return
TXN-001577,2024-02-01,16:51:08,S0007,Vikram Chauhan,ACCT-683131,S0004,Hassan Kumar,ACCT-110134,9192415,INR,CRYPTO,Kotak Bank,True,Import payment
TXN-001578,2024-07-01,07:33:26,S0005,Arjun Verma,ACCT-749154,S0001,Manoj Sharma,ACCT-131792,1227975,INR,HAWALA,Axis Bank,True,Consulting fee
TXN-001579,2024-04-05,06:44:43,S0046,Miguel Gupta,ACCT-254970,S0051,Vinod Qureshi,ACCT-278158,1340,INR,WIRE_TRANSFER,Federal Bank,False,Regular transfer
TXN-001580,2023-08-11,02:19:05,S0028,Ajay Agarwal,ACCT-687690,S0056,Anil Chauhan,ACCT-815763,738,INR,CHECK,ICICI Bank,False,Monthly installment
TXN-001581,2024-09-13,05:24:52,S0049,Rahul Agarwal,ACCT-287006,S0022,Abdul Chauhan,ACCT-521117,25366,INR,CHECK,Yes Bank,False,Consulting fee
TXN-001582,2024-04-28,23:50:01,S0029,Kiran Ali,ACCT-804686,S0025,Yusuf Joshi,ACCT-857378,9518048,INR,CASH_DEPOSIT,Punjab National Bank,True,Property deal
TXN-001583,2024-09-21,03:33:27,S0069,Mohan Das,ACCT-913630,S0031,Rahul Thakur,ACCT-827503,9543,INR,CASH_WITHDRAWAL,Yes Bank,False,Consulting fee
TXN-001584,2023-08-06,20:11:03,S0078,Ashok Saxena,ACCT-874827,S0077,Anil Pandey,ACCT-956487,137514,INR,CASH_WITHDRAWAL,Yes Bank,False,Commission
TXN-001585,2024-11-12,09:10:08,S0074,Ramesh Mishra,ACCT-887191,S0079,Ravi Singh,ACCT-639022,230257,INR,CASH_WITHDRAWAL,Kotak Bank,False,Import payment
TXN-001586,2023-04-12,18:17:44,S0066,Imran Joshi,ACCT-651468,S0015,Arjun Mishra,ACCT-888955,668,INR,WIRE_TRANSFER,Federal Bank,True,Loan repayment
TXN-001587,2023-10-02,20:08:14,S0005,Arjun Verma,ACCT-104420,S0011,Hassan Qureshi,ACCT-137757,9248,INR,HAWALA,Yes Bank,False,Consulting fee
TXN-001588,2023-07-26,20:50:21,S0063,Mohan Hussain,ACCT-721958,S0059,Geeta Hernandez,ACCT-775705,8731,INR,CHECK,HDFC Bank,False,Loan repayment
TXN-001589,2023-06-29,01:02:52,S0032,Saleem Thakur,ACCT-140191,S0024,Anita Lopez,ACCT-668948,482392,INR,HAWALA,HDFC Bank,False,Personal
TXN-001590,2023-09-10,03:36:50,S0063,Mohan Hussain,ACCT-527146,S0056,Anil Chauhan,ACCT-945093,99568,INR,CHECK,Bank of Baroda,False,Monthly installment
TXN-001591,2023-03-24,07:35:57,S0031,Rahul Thakur,ACCT-862165,S0038,Ashok Patel,ACCT-514578,369521,INR,CASH_DEPOSIT,HDFC Bank,False,Loan repayment
TXN-001592,2023-02-03,14:12:18,S0057,Sanjay Ahmed,ACCT-630145,S0058,Arjun Roy,ACCT-715156,4414539,INR,CASH_WITHDRAWAL,Punjab National Bank,True,Regular transfer
TXN-001593,2024-08-23,09:01:46,S0035,Mohan Joshi,ACCT-209347,S0028,Ajay Agarwal,ACCT-645188,629640,INR,CRYPTO,Federal Bank,True,No remarks
TXN-001594,2023-11-28,19:55:38,S0036,Ravi Ali,ACCT-785800,S0075,Imran Martinez,ACCT-642322,4443433,INR,CHECK,Punjab National Bank,True,Urgent transfer
TXN-001595,2024-06-12,02:26:51,S0025,Yusuf Joshi,ACCT-433486,S0030,Prakash Lopez,ACCT-272013,1832,INR,CRYPTO,HDFC Bank,False,Personal
TXN-001596,2023-03-14,04:34:23,S0064,Carlos Reddy,ACCT-367013,S0027,Ramesh Patel,ACCT-602022,3764918,INR,CHECK,IndusInd Bank,True,Property deal
TXN-001597,2023-01-13,02:21:02,S0042,Rekha Thakur,ACCT-297656,S0032,Saleem Thakur,ACCT-131873,8557589,INR,ONLINE_TRANSFER,Bank of Baroda,True,Consulting fee
TXN-001598,2024-10-04,04:10:18,S0079,Ravi Singh,ACCT-566287,S0058,Arjun Roy,ACCT-170308,4834,INR,CASH_WITHDRAWAL,IndusInd Bank,False,Personal
TXN-001599,2023-10-29,10:43:01,S0008,Pooja Lopez,ACCT-322534,S0006,Sunil Hussain,ACCT-807808,7136,INR,ONLINE_TRANSFER,Yes Bank,False,Property deal
TXN-001600,2023-11-08,15:47:00,S0052,Neha Reddy,ACCT-429516,S0030,Prakash Lopez,ACCT-270813,6969982,INR,WIRE_TRANSFER,Yes Bank,True,Personal
TXN-001601,2023-04-20,02:28:22,S0040,Farooq Saxena,ACCT-297763,S0041,Anil Chauhan,ACCT-260139,4410,INR,WIRE_TRANSFER,HDFC Bank,False,Import payment
TXN-001602,2024-03-12,11:22:31,S0049,Rahul Agarwal,ACCT-865031,S0054,Tariq Pandey,ACCT-524415,962,INR,HAWALA,IndusInd Bank,False,Personal
TXN-001603,2023-09-09,23:19:32,S0046,Miguel Gupta,ACCT-292648,S0024,Anita Lopez,ACCT-890720,1620383,INR,CHECK,Punjab National Bank,True,Personal
TXN-001604,2023-02-09,21:39:41,S0063,Mohan Hussain,ACCT-523411,S0062,Rizwan Ali,ACCT-443372,7390,INR,CASH_DEPOSIT,Bank of Baroda,False,Loan repayment
TXN-001605,2023-01-16,11:52:06,S0056,Anil Chauhan,ACCT-647786,S0054,Tariq Pandey,ACCT-185259,2456674,INR,HAWALA,Yes Bank,True,Import payment
TXN-001606,2023-07-17,06:47:06,S0005,Arjun Verma,ACCT-938061,S0051,Vinod Qureshi,ACCT-315353,37378,INR,CASH_WITHDRAWAL,HDFC Bank,False,Personal
TXN-001607,2023-11-03,10:44:01,S0030,Prakash Lopez,ACCT-355528,S0042,Rekha Thakur,ACCT-243770,1185316,INR,ONLINE_TRANSFER,Axis Bank,True,Business payment
TXN-001608,2024-07-15,19:18:41,S0056,Anil Chauhan,ACCT-797909,S0053,Vinod Hussain,ACCT-956777,1033411,INR,CRYPTO,Bank of Baroda,True,Regular transfer
TXN-001609,2023-02-19,18:15:56,S0021,Saleem Hernandez,ACCT-868242,S0014,Yusuf Patel,ACCT-839247,1174,INR,CHECK,Punjab National Bank,False,Personal
TXN-001610,2024-08-31,20:01:54,S0063,Mohan Hussain,ACCT-625311,S0078,Ashok Saxena,ACCT-995713,499803,INR,CRYPTO,Punjab National Bank,False,Property deal
TXN-001611,2023-10-27,02:47:56,S0024,Anita Lopez,ACCT-465022,S0003,Kiran Qureshi,ACCT-600893,7080625,INR,CHECK,HDFC Bank,True,Regular transfer
TXN-001612,2024-06-13,08:34:09,S0071,Rajesh Joshi,ACCT-494745,S0067,Rajesh Ali,ACCT-734215,4745,INR,CASH_WITHDRAWAL,Bank of Baroda,False,Urgent transfer
TXN-001613,2023-07-18,11:39:07,S0050,Hassan Qureshi,ACCT-432500,S0026,Ramesh Lopez,ACCT-705245,3005,INR,ONLINE_TRANSFER,ICICI Bank,False,Business payment
TXN-001614,2023-05-18,12:24:31,S0007,Vikram Chauhan,ACCT-761590,S0055,Prakash Yadav,ACCT-505289,66159,INR,WIRE_TRANSFER,ICICI Bank,False,Business payment
TXN-001615,2023-07-16,04:48:34,S0049,Rahul Agarwal,ACCT-102655,S0052,Neha Reddy,ACCT-824936,3948,INR,CASH_WITHDRAWAL,Yes Bank,False,Property deal
TXN-001616,2024-09-08,05:42:22,S0079,Ravi Singh,ACCT-143122,S0041,Anil Chauhan,ACCT-854464,76007,INR,ONLINE_TRANSFER,State Bank,False,Consulting fee
TXN-001617,2023-07-13,04:12:25,S0022,Abdul Chauhan,ACCT-480046,S0021,Saleem Hernandez,ACCT-289246,4675,INR,CASH_DEPOSIT,Bank of Baroda,False,Consulting fee
TXN-001618,2024-05-24,11:27:02,S0014,Yusuf Patel,ACCT-379792,S0051,Vinod Qureshi,ACCT-858911,2365724,INR,HAWALA,Federal Bank,True,Regular transfer
TXN-001619,2023-01-11,00:40:36,S0036,Ravi Ali,ACCT-320755,S0041,Anil Chauhan,ACCT-912608,66111,INR,CASH_WITHDRAWAL,Federal Bank,False,Property deal
TXN-001620,2024-03-31,20:06:57,S0031,Rahul Thakur,ACCT-416891,S0070,Ajay Mehta,ACCT-392863,9900,INR,ONLINE_TRANSFER,Bank of Baroda,False,Property deal
TXN-001621,2024-01-11,17:00:55,S0049,Rahul Agarwal,ACCT-790434,S0036,Ravi Ali,ACCT-989637,3540967,INR,ONLINE_TRANSFER,HDFC Bank,True,Loan repayment
TXN-001622,2023-02-14,13:32:28,S0066,Imran Joshi,ACCT-317633,S0033,Anita Malik,ACCT-400842,23399,INR,CASH_WITHDRAWAL,State Bank,False,Monthly installment
TXN-001623,2024-01-05,07:54:27,S0047,Pooja Hussain,ACCT-280765,S0025,Yusuf Joshi,ACCT-323393,9003166,INR,CHECK,ICICI Bank,True,Personal
TXN-001624,2024-01-21,23:46:59,S0067,Rajesh Ali,ACCT-966929,S0066,Imran Joshi,ACCT-594679,228550,INR,ONLINE_TRANSFER,Kotak Bank,False,Monthly installment
TXN-001625,2024-09-11,13:01:13,S0079,Ravi Singh,ACCT-436920,S0073,Rahul Martinez,ACCT-723282,5999436,INR,CASH_WITHDRAWAL,Axis Bank,True,Loan repayment
TXN-001626,2024-07-29,17:12:22,S0079,Ravi Singh,ACCT-841822,S0073,Rahul Martinez,ACCT-624084,69835,INR,CASH_DEPOSIT,Axis Bank,False,Urgent transfer
TXN-001627,2023-05-22,17:23:57,S0007,Vikram Chauhan,ACCT-166573,S0055,Prakash Yadav,ACCT-761225,7710,INR,CASH_DEPOSIT,Bank of Baroda,False,No remarks
TXN-001628,2024-12-17,02:26:58,S0036,Ravi Ali,ACCT-450257,S0063,Mohan Hussain,ACCT-157662,4754930,INR,CHECK,Axis Bank,True,Investment return
TXN-001629,2024-05-01,09:21:18,S0016,Arjun Shah,ACCT-803333,S0004,Hassan Kumar,ACCT-270428,10834,INR,CHECK,ICICI Bank,True,Personal
TXN-001630,2023-08-15,00:49:07,S0014,Yusuf Patel,ACCT-117398,S0022,Abdul Chauhan,ACCT-628286,79330,INR,ONLINE_TRANSFER,Bank of Baroda,False,Regular transfer
TXN-001631,2024-02-08,08:37:25,S0050,Hassan Qureshi,ACCT-836974,S0043,Rekha Das,ACCT-308684,310709,INR,WIRE_TRANSFER,ICICI Bank,False,Business payment
TXN-001632,2023-05-23,07:58:01,S0069,Mohan Das,ACCT-124841,S0068,Kiran Reddy,ACCT-859731,48425,INR,CHECK,Yes Bank,False,No remarks
TXN-001633,2024-12-16,16:27:55,S0077,Anil Pandey,ACCT-407031,S0073,Rahul Martinez,ACCT-612656,5938,INR,CHECK,Kotak Bank,False,Regular transfer
TXN-001634,2023-05-24,21:08:10,S0046,Miguel Gupta,ACCT-723385,S0045,Suman Mishra,ACCT-154138,512198,INR,CASH_WITHDRAWAL,Axis Bank,True,Loan repayment
TXN-001635,2023-12-24,16:12:39,S0017,Naveen Kumar,ACCT-101779,S0060,Kiran Ahmed,ACCT-336088,61612,INR,WIRE_TRANSFER,Kotak Bank,False,Business payment
TXN-001636,2023-07-18,03:20:57,S0076,Rahul Qureshi,ACCT-379192,S0073,Rahul Martinez,ACCT-617714,82180,INR,ONLINE_TRANSFER,IndusInd Bank,False,Property deal
TXN-001637,2024-09-22,00:50:49,S0073,Rahul Martinez,ACCT-264371,S0019,Hassan Rodriguez,ACCT-688201,6119,INR,CRYPTO,Bank of Baroda,False,Personal
TXN-001638,2023-01-15,06:41:07,S0076,Rahul Qureshi,ACCT-879061,S0079,Ravi Singh,ACCT-964920,3845598,INR,WIRE_TRANSFER,Axis Bank,True,Consulting fee
TXN-001639,2024-01-03,22:44:42,S0040,Farooq Saxena,ACCT-297769,S0042,Rekha Thakur,ACCT-231761,5637,INR,CHECK,Punjab National Bank,False,Investment return
TXN-001640,2024-05-07,01:07:48,S0075,Imran Martinez,ACCT-760397,S0033,Anita Malik,ACCT-836018,9874358,INR,CASH_WITHDRAWAL,Axis Bank,True,Business payment
TXN-001641,2024-10-25,13:25:53,S0023,Kiran Ali,ACCT-513691,S0071,Rajesh Joshi,ACCT-289658,4338865,INR,CASH_WITHDRAWAL,Punjab National Bank,True,Commission
TXN-001642,2023-08-21,03:04:18,S0001,Manoj Sharma,ACCT-130455,S0007,Vikram Chauhan,ACCT-398175,9435209,INR,WIRE_TRANSFER,Federal Bank,True,Urgent transfer
TXN-001643,2024-07-12,13:52:44,S0060,Kiran Ahmed,ACCT-649270,S0057,Sanjay Ahmed,ACCT-128275,4530,INR,CHECK,Bank of Baroda,False,No remarks
TXN-001644,2024-11-07,08:41:54,S0059,Geeta Hernandez,ACCT-830567,S0061,Farooq Joshi,ACCT-847662,96232,INR,CASH_DEPOSIT,Bank of Baroda,False,Business payment
TXN-001645,2023-09-18,03:12:58,S0011,Hassan Qureshi,ACCT-668456,S0007,Vikram Chauhan,ACCT-758842,566996,INR,CRYPTO,Bank of Baroda,True,Investment return
TXN-001646,2023-06-16,15:52:39,S0004,Hassan Kumar,ACCT-885551,S0019,Hassan Rodriguez,ACCT-763388,57814,INR,CRYPTO,Axis Bank,False,Commission
TXN-001647,2023-10-19,21:41:30,S0015,Arjun Mishra,ACCT-572290,S0035,Mohan Joshi,ACCT-731555,679717,INR,WIRE_TRANSFER,Federal Bank,True,Urgent transfer
TXN-001648,2024-07-28,11:27:27,S0008,Pooja Lopez,ACCT-766023,S0010,Kavita Thakur,ACCT-749029,260206,INR,CASH_DEPOSIT,Bank of Baroda,False,Loan repayment
TXN-001649,2023-04-27,10:38:25,S0053,Vinod Hussain,ACCT-631065,S0054,Tariq Pandey,ACCT-707778,5478234,INR,CHECK,Bank of Baroda,True,Import payment
TXN-001650,2024-05-30,10:00:58,S0009,Pooja Pandey,ACCT-101121,S0054,Tariq Pandey,ACCT-671009,33794,INR,WIRE_TRANSFER,ICICI Bank,False,Urgent transfer
TXN-001651,2024-10-07,22:05:17,S0011,Hassan Qureshi,ACCT-321759,S0007,Vikram Chauhan,ACCT-603673,3435159,INR,CRYPTO,Yes Bank,True,Personal
TXN-001652,2023-02-01,18:57:25,S0062,Rizwan Ali,ACCT-638554,S0061,Farooq Joshi,ACCT-459446,6464,INR,HAWALA,HDFC Bank,False,Import payment
TXN-001653,2023-03-21,01:07:24,S0044,Sanjay Khan,ACCT-353587,S0052,Neha Reddy,ACCT-330471,768999,INR,CRYPTO,IndusInd Bank,True,Property deal
TXN-001654,2023-03-29,01:35:10,S0012,Prakash Shah,ACCT-532757,S0066,Imran Joshi,ACCT-576207,82024,INR,ONLINE_TRANSFER,Kotak Bank,False,Business payment
TXN-001655,2024-08-10,13:09:44,S0018,Sanjay Agarwal,ACCT-209883,S0063,Mohan Hussain,ACCT-383627,74400,INR,WIRE_TRANSFER,Federal Bank,False,Urgent transfer
TXN-001656,2023-02-22,03:25:01,S0070,Ajay Mehta,ACCT-754196,S0068,Kiran Reddy,ACCT-564666,47204,INR,CASH_DEPOSIT,ICICI Bank,False,Personal
TXN-001657,2023-11-05,07:54:02,S0012,Prakash Shah,ACCT-929920,S0041,Anil Chauhan,ACCT-801246,14359,INR,HAWALA,IndusInd Bank,False,Property deal
TXN-001658,2024-09-08,19:09:27,S0045,Suman Mishra,ACCT-861720,S0057,Sanjay Ahmed,ACCT-368330,6664590,INR,ONLINE_TRANSFER,ICICI Bank,True,Personal
TXN-001659,2023-06-28,03:58:05,S0055,Prakash Yadav,ACCT-199092,S0033,Anita Malik,ACCT-367035,8399,INR,ONLINE_TRANSFER,Kotak Bank,True,Personal
TXN-001660,2023-01-26,12:04:47,S0057,Sanjay Ahmed,ACCT-559317,S0058,Arjun Roy,ACCT-622361,3681,INR,HAWALA,HDFC Bank,False,Consulting fee
TXN-001661,2024-09-12,02:02:52,S0027,Ramesh Patel,ACCT-775199,S0075,Imran Martinez,ACCT-995756,910520,INR,CHECK,IndusInd Bank,True,Property deal
TXN-001662,2023-11-28,20:20:30,S0020,Ajay Yadav,ACCT-511833,S0021,Saleem Hernandez,ACCT-183582,352655,INR,WIRE_TRANSFER,Federal Bank,False,Import payment
TXN-001663,2024-09-18,21:22:07,S0034,Manoj Malik,ACCT-307639,S0045,Suman Mishra,ACCT-752486,990467,INR,WIRE_TRANSFER,HDFC Bank,True,Consulting fee
TXN-001664,2023-07-16,14:33:48,S0074,Ramesh Mishra,ACCT-777629,S0057,Sanjay Ahmed,ACCT-592177,5260,INR,WIRE_TRANSFER,HDFC Bank,False,No remarks
TXN-001665,2024-01-19,00:06:08,S0021,Saleem Hernandez,ACCT-928105,S0075,Imran Martinez,ACCT-509001,9707343,INR,WIRE_TRANSFER,State Bank,True,No remarks
TXN-001666,2024-01-05,01:22:55,S0014,Yusuf Patel,ACCT-924428,S0056,Anil Chauhan,ACCT-464234,5155,INR,WIRE_TRANSFER,Punjab National Bank,False,Personal
TXN-001667,2023-04-30,04:34:37,S0012,Prakash Shah,ACCT-546141,S0041,Anil Chauhan,ACCT-451412,42658,INR,HAWALA,Axis Bank,False,Consulting fee
TXN-001668,2023-09-14,23:25:01,S0055,Prakash Yadav,ACCT-251491,S0054,Tariq Pandey,ACCT-992074,568837,INR,CASH_WITHDRAWAL,Bank of Baroda,True,Personal
TXN-001669,2023-09-07,04:49:56,S0032,Saleem Thakur,ACCT-894601,S0039,Yusuf Khan,ACCT-791979,5093,INR,CRYPTO,Yes Bank,False,Consulting fee
TXN-001670,2024-07-12,19:21:23,S0056,Anil Chauhan,ACCT-803871,S0054,Tariq Pandey,ACCT-936101,5800,INR,CASH_WITHDRAWAL,HDFC Bank,False,Consulting fee
TXN-001671,2024-08-07,07:25:24,S0015,Arjun Mishra,ACCT-218381,S0011,Hassan Qureshi,ACCT-197195,431987,INR,CRYPTO,Bank of Baroda,False,Personal
TXN-001672,2024-01-03,16:58:27,S0018,Sanjay Agarwal,ACCT-841775,S0014,Yusuf Patel,ACCT-966033,1654780,INR,WIRE_TRANSFER,IndusInd Bank,True,Urgent transfer
TXN-001673,2024-06-06,13:08:22,S0048,Abdul Garcia,ACCT-831769,S0047,Pooja Hussain,ACCT-887501,6660,INR,CASH_DEPOSIT,Kotak Bank,False,Property deal
TXN-001674,2023-02-03,01:52:51,S0011,Hassan Qureshi,ACCT-440612,S0072,Priya Martinez,ACCT-252416,388392,INR,WIRE_TRANSFER,ICICI Bank,False,Personal
TXN-001675,2024-02-19,06:59:10,S0014,Yusuf Patel,ACCT-381393,S0048,Abdul Garcia,ACCT-439376,2247,INR,CRYPTO,Kotak Bank,False,Loan repayment
TXN-001676,2023-11-30,15:54:46,S0063,Mohan Hussain,ACCT-283364,S0059,Geeta Hernandez,ACCT-859761,751267,INR,CASH_DEPOSIT,IndusInd Bank,True,Personal
TXN-001677,2024-05-08,14:46:48,S0059,Geeta Hernandez,ACCT-952801,S0044,Sanjay Khan,ACCT-200988,51458,INR,WIRE_TRANSFER,State Bank,False,Business payment
TXN-001678,2023-08-08,14:11:24,S0022,Abdul Chauhan,ACCT-671796,S0021,Saleem Hernandez,ACCT-553391,5273,INR,CASH_WITHDRAWAL,IndusInd Bank,False,Business payment
TXN-001679,2023-01-06,20:08:46,S0060,Kiran Ahmed,ACCT-530668,S0056,Anil Chauhan,ACCT-846750,5756084,INR,WIRE_TRANSFER,Axis Bank,True,Regular transfer
TXN-001680,2024-01-28,05:18:25,S0026,Ramesh Lopez,ACCT-519106,S0027,Ramesh Patel,ACCT-376260,3394,INR,CHECK,ICICI Bank,False,Urgent transfer
TXN-001681,2023-01-13,02:30:51,S0076,Rahul Qureshi,ACCT-884831,S0073,Rahul Martinez,ACCT-455392,3125,INR,CHECK,HDFC Bank,False,Consulting fee
TXN-001682,2023-08-16,07:17:49,S0014,Yusuf Patel,ACCT-976449,S0015,Arjun Mishra,ACCT-337148,28409,INR,ONLINE_TRANSFER,Kotak Bank,False,Investment return
TXN-001683,2023-10-23,15:48:34,S0074,Ramesh Mishra,ACCT-596979,S0045,Suman Mishra,ACCT-307257,833189,INR,WIRE_TRANSFER,ICICI Bank,True,Consulting fee
TXN-001684,2023-11-18,06:59:51,S0058,Arjun Roy,ACCT-541401,S0057,Sanjay Ahmed,ACCT-455912,83853,INR,ONLINE_TRANSFER,ICICI Bank,False,Property deal
TXN-001685,2024-05-09,07:18:33,S0043,Rekha Das,ACCT-679136,S0032,Saleem Thakur,ACCT-670320,17421,INR,WIRE_TRANSFER,Yes Bank,False,Urgent transfer
TXN-001686,2024-10-07,06:51:47,S0020,Ajay Yadav,ACCT-169552,S0013,Tariq Hernandez,ACCT-105790,3339,INR,HAWALA,Axis Bank,False,Import payment
TXN-001687,2024-12-19,10:30:50,S0038,Ashok Patel,ACCT-834673,S0034,Manoj Malik,ACCT-177003,5971108,INR,CASH_DEPOSIT,State Bank,True,Import payment
TXN-001688,2023-04-19,00:14:45,S0019,Hassan Rodriguez,ACCT-700193,S0054,Tariq Pandey,ACCT-549883,933236,INR,CRYPTO,State Bank,True,Property deal
TXN-001689,2023-08-07,04:11:28,S0014,Yusuf Patel,ACCT-281465,S0015,Arjun Mishra,ACCT-434637,3549,INR,CRYPTO,Federal Bank,False,Commission
TXN-001690,2024-11-20,02:13:19,S0015,Arjun Mishra,ACCT-547452,S0011,Hassan Qureshi,ACCT-966042,2641,INR,CRYPTO,HDFC Bank,False,Property deal
TXN-001691,2023-10-22,06:18:29,S0005,Arjun Verma,ACCT-185980,S0013,Tariq Hernandez,ACCT-410796,677183,INR,CASH_WITHDRAWAL,Federal Bank,True,Personal
TXN-001692,2024-07-27,16:58:22,S0029,Kiran Ali,ACCT-567208,S0028,Ajay Agarwal,ACCT-313191,1360873,INR,CHECK,Bank of Baroda,True,Investment return
TXN-001693,2024-01-24,10:49:18,S0040,Farooq Saxena,ACCT-966020,S0041,Anil Chauhan,ACCT-471978,302408,INR,CRYPTO,Punjab National Bank,False,Personal
TXN-001694,2023-08-06,12:07:46,S0015,Arjun Mishra,ACCT-113499,S0018,Sanjay Agarwal,ACCT-939419,1997909,INR,CRYPTO,HDFC Bank,True,Loan repayment
TXN-001695,2024-03-13,21:33:54,S0007,Vikram Chauhan,ACCT-701192,S0003,Kiran Qureshi,ACCT-210365,6883607,INR,HAWALA,State Bank,True,Regular transfer
TXN-001696,2024-12-29,13:30:52,S0025,Yusuf Joshi,ACCT-108321,S0030,Prakash Lopez,ACCT-698762,1567301,INR,CRYPTO,Federal Bank,True,Property deal
TXN-001697,2023-12-07,03:07:31,S0058,Arjun Roy,ACCT-491584,S0074,Ramesh Mishra,ACCT-831862,2051657,INR,ONLINE_TRANSFER,Bank of Baroda,True,Consulting fee
TXN-001698,2023-12-26,11:05:30,S0064,Carlos Reddy,ACCT-802708,S0057,Sanjay Ahmed,ACCT-558976,5009,INR,WIRE_TRANSFER,Yes Bank,False,Business payment
TXN-001699,2024-03-14,06:31:27,S0046,Miguel Gupta,ACCT-161097,S0051,Vinod Qureshi,ACCT-407230,87969,INR,WIRE_TRANSFER,Kotak Bank,False,Loan repayment
TXN-001700,2023-03-20,00:24:08,S0072,Priya Martinez,ACCT-742377,S0058,Arjun Roy,ACCT-317140,875953,INR,CRYPTO,IndusInd Bank,True,Property deal
TXN-001701,2024-10-28,09:24:03,S0035,Mohan Joshi,ACCT-956033,S0028,Ajay Agarwal,ACCT-352028,5254,INR,CHECK,HDFC Bank,False,Regular transfer
TXN-001702,2023-01-30,02:03:40,S0059,Geeta Hernandez,ACCT-780716,S0061,Farooq Joshi,ACCT-561151,18610,INR,WIRE_TRANSFER,ICICI Bank,False,Property deal
TXN-001703,2024-02-19,04:41:04,S0023,Kiran Ali,ACCT-155441,S0026,Ramesh Lopez,ACCT-159648,329469,INR,CASH_WITHDRAWAL,Punjab National Bank,True,Business payment
TXN-001704,2023-06-04,01:41:54,S0050,Hassan Qureshi,ACCT-795308,S0049,Rahul Agarwal,ACCT-314082,17024,INR,CASH_DEPOSIT,Yes Bank,True,Investment return
TXN-001705,2024-01-28,14:01:22,S0020,Ajay Yadav,ACCT-178251,S0013,Tariq Hernandez,ACCT-991326,28197,INR,WIRE_TRANSFER,Bank of Baroda,False,Import payment
TXN-001706,2024-12-14,02:34:38,S0013,Tariq Hernandez,ACCT-958894,S0061,Farooq Joshi,ACCT-182251,27012,INR,CASH_WITHDRAWAL,Bank of Baroda,False,Import payment
TXN-001707,2023-02-06,06:08:40,S0037,Suman Agarwal,ACCT-213289,S0042,Rekha Thakur,ACCT-679542,7010726,INR,CRYPTO,Kotak Bank,True,Business payment
TXN-001708,2024-05-24,14:37:33,S0031,Rahul Thakur,ACCT-932673,S0038,Ashok Patel,ACCT-587279,8594826,INR,HAWALA,Punjab National Bank,True,Loan repayment
TXN-001709,2024-05-05,07:55:22,S0075,Imran Martinez,ACCT-469100,S0077,Anil Pandey,ACCT-824004,3818231,INR,ONLINE_TRANSFER,HDFC Bank,True,Business payment
TXN-001710,2023-07-19,20:41:11,S0062,Rizwan Ali,ACCT-842139,S0050,Hassan Qureshi,ACCT-667095,19048,INR,ONLINE_TRANSFER,Federal Bank,False,Regular transfer
TXN-001711,2024-05-31,14:03:26,S0024,Anita Lopez,ACCT-641185,S0048,Abdul Garcia,ACCT-947201,3184,INR,CHECK,IndusInd Bank,False,Investment return
TXN-001712,2024-04-30,16:24:50,S0017,Naveen Kumar,ACCT-919945,S0022,Abdul Chauhan,ACCT-356494,773203,INR,HAWALA,Bank of Baroda,True,Property deal
TXN-001713,2024-08-08,09:16:16,S0039,Yusuf Khan,ACCT-147091,S0044,Sanjay Khan,ACCT-969784,61635,INR,CASH_WITHDRAWAL,Yes Bank,False,Property deal
TXN-001714,2023-07-16,07:33:46,S0040,Farooq Saxena,ACCT-843014,S0042,Rekha Thakur,ACCT-521701,268639,INR,CASH_WITHDRAWAL,Punjab National Bank,False,Import payment
TXN-001715,2024-10-05,06:51:03,S0022,Abdul Chauhan,ACCT-168011,S0021,Saleem Hernandez,ACCT-270757,101961,INR,CRYPTO,IndusInd Bank,False,Commission
TXN-001716,2023-12-04,00:44:05,S0054,Tariq Pandey,ACCT-780432,S0025,Yusuf Joshi,ACCT-399564,4289114,INR,WIRE_TRANSFER,Axis Bank,True,Consulting fee
TXN-001717,2023-01-07,07:16:33,S0021,Saleem Hernandez,ACCT-499576,S0014,Yusuf Patel,ACCT-975669,92641,INR,CASH_DEPOSIT,Kotak Bank,False,Commission
TXN-001718,2023-10-09,06:46:25,S0031,Rahul Thakur,ACCT-101955,S0065,Prakash Mehta,ACCT-689807,5325,INR,ONLINE_TRANSFER,Bank of Baroda,False,Business payment
TXN-001719,2023-05-09,05:53:18,S0029,Kiran Ali,ACCT-118367,S0028,Ajay Agarwal,ACCT-674962,8839,INR,CASH_WITHDRAWAL,State Bank,False,Regular transfer
TXN-001720,2023-04-11,21:51:24,S0005,Arjun Verma,ACCT-223154,S0077,Anil Pandey,ACCT-154031,451828,INR,HAWALA,Bank of Baroda,True,Business payment
TXN-001721,2023-04-30,16:36:42,S0076,Rahul Qureshi,ACCT-990245,S0071,Rajesh Joshi,ACCT-345475,80212,INR,ONLINE_TRANSFER,Bank of Baroda,False,Import payment
TXN-001722,2024-04-20,13:49:36,S0053,Vinod Hussain,ACCT-393589,S0034,Manoj Malik,ACCT-365076,51046,INR,CHECK,State Bank,False,Loan repayment
TXN-001723,2024-05-05,14:47:17,S0039,Yusuf Khan,ACCT-151289,S0044,Sanjay Khan,ACCT-495763,7408,INR,WIRE_TRANSFER,IndusInd Bank,False,Commission
TXN-001724,2023-05-26,05:23:08,S0040,Farooq Saxena,ACCT-573413,S0018,Sanjay Agarwal,ACCT-317635,9285013,INR,CRYPTO,Federal Bank,True,Monthly installment
TXN-001725,2023-11-11,13:50:58,S0039,Yusuf Khan,ACCT-627939,S0036,Ravi Ali,ACCT-241916,2060,INR,CASH_WITHDRAWAL,Bank of Baroda,False,Business payment
TXN-001726,2024-01-13,08:32:19,S0037,Suman Agarwal,ACCT-504683,S0053,Vinod Hussain,ACCT-620272,4035489,INR,HAWALA,Axis Bank,True,Business payment
TXN-001727,2023-11-11,06:51:56,S0055,Prakash Yadav,ACCT-881518,S0058,Arjun Roy,ACCT-727163,8607,INR,CHECK,Bank of Baroda,False,Investment return
TXN-001728,2023-01-09,03:50:04,S0075,Imran Martinez,ACCT-636357,S0078,Ashok Saxena,ACCT-367145,74760,INR,CASH_WITHDRAWAL,Axis Bank,False,Business payment
TXN-001729,2023-02-13,16:34:45,S0046,Miguel Gupta,ACCT-828040,S0059,Geeta Hernandez,ACCT-806037,1792,INR,HAWALA,Axis Bank,False,No remarks
TXN-001730,2024-06-10,02:43:02,S0067,Rajesh Ali,ACCT-381656,S0075,Imran Martinez,ACCT-760578,513623,INR,WIRE_TRANSFER,Bank of Baroda,True,No remarks
TXN-001731,2023-02-24,21:31:56,S0029,Kiran Ali,ACCT-713203,S0043,Rekha Das,ACCT-495483,648606,INR,CRYPTO,IndusInd Bank,True,Property deal
TXN-001732,2023-09-04,16:35:08,S0035,Mohan Joshi,ACCT-934116,S0028,Ajay Agarwal,ACCT-340948,716535,INR,CASH_DEPOSIT,Axis Bank,True,Loan repayment
TXN-001733,2023-05-08,22:48:23,S0027,Ramesh Patel,ACCT-926024,S0010,Kavita Thakur,ACCT-393357,8776,INR,ONLINE_TRANSFER,Kotak Bank,False,Loan repayment
TXN-001734,2024-08-23,09:32:41,S0004,Hassan Kumar,ACCT-109137,S0022,Abdul Chauhan,ACCT-872362,41361,INR,CASH_WITHDRAWAL,Federal Bank,False,Commission
TXN-001735,2023-10-16,06:54:53,S0058,Arjun Roy,ACCT-350231,S0056,Anil Chauhan,ACCT-760698,6237,INR,WIRE_TRANSFER,Federal Bank,False,Business payment
TXN-001736,2023-04-30,23:08:03,S0072,Priya Martinez,ACCT-975187,S0062,Rizwan Ali,ACCT-492669,9975298,INR,ONLINE_TRANSFER,Federal Bank,True,Consulting fee
TXN-001737,2023-07-02,07:03:26,S0039,Yusuf Khan,ACCT-307171,S0044,Sanjay Khan,ACCT-629142,5333,INR,HAWALA,Kotak Bank,False,Consulting fee
TXN-001738,2023-07-29,23:31:25,S0041,Anil Chauhan,ACCT-776189,S0035,Mohan Joshi,ACCT-760897,4729,INR,CRYPTO,Kotak Bank,False,Business payment
TXN-001739,2023-08-14,09:35:25,S0074,Ramesh Mishra,ACCT-649202,S0038,Ashok Patel,ACCT-896449,272326,INR,CASH_WITHDRAWAL,Yes Bank,False,Urgent transfer
TXN-001740,2024-12-03,04:42:06,S0001,Manoj Sharma,ACCT-321363,S0011,Hassan Qureshi,ACCT-156687,611618,INR,WIRE_TRANSFER,Bank of Baroda,True,Monthly installment
TXN-001741,2023-07-16,11:56:24,S0003,Kiran Qureshi,ACCT-741468,S0012,Prakash Shah,ACCT-257701,368268,INR,ONLINE_TRANSFER,Bank of Baroda,False,No remarks
TXN-001742,2024-07-26,14:45:51,S0059,Geeta Hernandez,ACCT-878345,S0061,Farooq Joshi,ACCT-275506,17281,INR,HAWALA,ICICI Bank,False,Personal
TXN-001743,2024-12-31,18:01:24,S0036,Ravi Ali,ACCT-852525,S0052,Neha Reddy,ACCT-992572,7638744,INR,CHECK,Axis Bank,True,Regular transfer
TXN-001744,2024-11-07,05:26:49,S0032,Saleem Thakur,ACCT-868293,S0064,Carlos Reddy,ACCT-886195,546079,INR,HAWALA,Punjab National Bank,True,Personal
TXN-001745,2024-01-27,02:26:27,S0009,Pooja Pandey,ACCT-760069,S0008,Pooja Lopez,ACCT-413577,7756,INR,WIRE_TRANSFER,Federal Bank,False,Investment return
TXN-001746,2024-01-30,14:24:48,S0073,Rahul Martinez,ACCT-827282,S0077,Anil Pandey,ACCT-445880,133001,INR,ONLINE_TRANSFER,Federal Bank,False,Investment return
TXN-001747,2023-08-01,12:01:59,S0061,Farooq Joshi,ACCT-623879,S0006,Sunil Hussain,ACCT-620380,83443,INR,CRYPTO,IndusInd Bank,False,Investment return
TXN-001748,2023-09-16,18:04:45,S0037,Suman Agarwal,ACCT-246321,S0044,Sanjay Khan,ACCT-829241,1865,INR,WIRE_TRANSFER,Axis Bank,False,Monthly installment
TXN-001749,2024-07-01,17:56:35,S0045,Suman Mishra,ACCT-668130,S0065,Prakash Mehta,ACCT-119604,948,INR,CRYPTO,Punjab National Bank,False,Property deal
TXN-001750,2024-09-22,02:15:55,S0067,Rajesh Ali,ACCT-441486,S0073,Rahul Martinez,ACCT-552307,9954919,INR,CHECK,Axis Bank,True,Investment return
TXN-001751,2024-08-23,18:14:49,S0035,Mohan Joshi,ACCT-912881,S0048,Abdul Garcia,ACCT-835509,4611,INR,CHECK,Bank of Baroda,False,Loan repayment
TXN-001752,2024-09-03,08:29:38,S0058,Arjun Roy,ACCT-107568,S0055,Prakash Yadav,ACCT-108301,89722,INR,HAWALA,Bank of Baroda,False,Consulting fee
TXN-001753,2023-06-10,14:15:12,S0051,Vinod Qureshi,ACCT-222688,S0036,Ravi Ali,ACCT-296991,6683751,INR,CASH_WITHDRAWAL,Yes Bank,True,Property deal
TXN-001754,2023-01-07,00:02:32,S0010,Kavita Thakur,ACCT-196669,S0038,Ashok Patel,ACCT-404744,2266,INR,CASH_DEPOSIT,Punjab National Bank,False,Urgent transfer
TXN-001755,2024-06-14,00:01:51,S0023,Kiran Ali,ACCT-265682,S0026,Ramesh Lopez,ACCT-413242,70654,INR,CASH_DEPOSIT,Axis Bank,False,Property deal
TXN-001756,2023-06-19,08:09:51,S0073,Rahul Martinez,ACCT-885506,S0077,Anil Pandey,ACCT-429149,12578,INR,WIRE_TRANSFER,ICICI Bank,False,Investment return
TXN-001757,2024-09-21,02:09:28,S0061,Farooq Joshi,ACCT-391554,S0057,Sanjay Ahmed,ACCT-761660,37473,INR,CASH_DEPOSIT,Yes Bank,False,Investment return
TXN-001758,2023-10-12,03:05:41,S0013,Tariq Hernandez,ACCT-606267,S0015,Arjun Mishra,ACCT-914266,639023,INR,HAWALA,Federal Bank,True,Monthly installment
TXN-001759,2023-12-31,05:01:01,S0040,Farooq Saxena,ACCT-850344,S0009,Pooja Pandey,ACCT-831946,4346,INR,HAWALA,Axis Bank,True,Monthly installment
TXN-001760,2024-06-25,17:09:56,S0033,Anita Malik,ACCT-215011,S0027,Ramesh Patel,ACCT-399033,20438,INR,WIRE_TRANSFER,ICICI Bank,False,Loan repayment
TXN-001761,2024-09-13,05:20:18,S0078,Ashok Saxena,ACCT-415024,S0011,Hassan Qureshi,ACCT-472699,3829917,INR,CRYPTO,IndusInd Bank,True,Investment return
TXN-001762,2024-08-28,10:49:52,S0045,Suman Mishra,ACCT-317264,S0036,Ravi Ali,ACCT-345226,9231398,INR,WIRE_TRANSFER,HDFC Bank,True,Business payment
TXN-001763,2023-05-07,10:08:59,S0022,Abdul Chauhan,ACCT-237948,S0041,Anil Chauhan,ACCT-587467,770386,INR,CHECK,Federal Bank,True,Commission
TXN-001764,2023-05-11,16:25:06,S0048,Abdul Garcia,ACCT-375608,S0046,Miguel Gupta,ACCT-445312,9956944,INR,HAWALA,HDFC Bank,True,Property deal
TXN-001765,2024-01-12,00:41:14,S0063,Mohan Hussain,ACCT-943542,S0067,Rajesh Ali,ACCT-743187,6555,INR,CHECK,State Bank,True,Urgent transfer
TXN-001766,2023-02-05,15:29:04,S0011,Hassan Qureshi,ACCT-176477,S0003,Kiran Qureshi,ACCT-268201,278651,INR,CHECK,Federal Bank,False,Personal
TXN-001767,2023-06-19,05:11:59,S0022,Abdul Chauhan,ACCT-833634,S0021,Saleem Hernandez,ACCT-195627,3864,INR,CRYPTO,ICICI Bank,False,Personal
TXN-001768,2023-07-17,16:27:34,S0014,Yusuf Patel,ACCT-966783,S0015,Arjun Mishra,ACCT-892807,39330,INR,CASH_DEPOSIT,Axis Bank,False,Commission
TXN-001769,2024-03-11,05:13:33,S0024,Anita Lopez,ACCT-378355,S0027,Ramesh Patel,ACCT-242396,34647,INR,CASH_DEPOSIT,Yes Bank,False,Loan repayment
TXN-001770,2023-12-18,05:34:35,S0055,Prakash Yadav,ACCT-227375,S0057,Sanjay Ahmed,ACCT-396662,6741367,INR,CASH_DEPOSIT,Kotak Bank,True,Consulting fee
TXN-001771,2023-09-26,16:51:30,S0032,Saleem Thakur,ACCT-868038,S0026,Ramesh Lopez,ACCT-151110,310620,INR,CASH_WITHDRAWAL,Punjab National Bank,False,Consulting fee
TXN-001772,2024-10-12,08:48:10,S0056,Anil Chauhan,ACCT-671008,S0054,Tariq Pandey,ACCT-753285,6885,INR,CRYPTO,Punjab National Bank,False,Property deal
TXN-001773,2023-01-23,17:16:28,S0014,Yusuf Patel,ACCT-544669,S0016,Arjun Shah,ACCT-546573,72811,INR,CRYPTO,HDFC Bank,False,Business payment
TXN-001774,2023-12-22,08:09:25,S0029,Kiran Ali,ACCT-819746,S0031,Rahul Thakur,ACCT-264347,370440,INR,CASH_DEPOSIT,IndusInd Bank,False,Personal
TXN-001775,2023-12-30,21:48:49,S0072,Priya Martinez,ACCT-896696,S0079,Ravi Singh,ACCT-914439,4943,INR,HAWALA,Kotak Bank,False,Personal
TXN-001776,2023-04-08,13:53:27,S0009,Pooja Pandey,ACCT-706128,S0008,Pooja Lopez,ACCT-681834,926490,INR,CASH_DEPOSIT,Punjab National Bank,True,Business payment
TXN-001777,2024-07-29,03:42:16,S0025,Yusuf Joshi,ACCT-319236,S0030,Prakash Lopez,ACCT-330734,431426,INR,CHECK,Punjab National Bank,False,No remarks
TXN-001778,2023-11-23,13:12:26,S0075,Imran Martinez,ACCT-761823,S0036,Ravi Ali,ACCT-597834,13483,INR,CHECK,HDFC Bank,False,Commission
TXN-001779,2024-02-23,08:39:54,S0001,Manoj Sharma,ACCT-684574,S0048,Abdul Garcia,ACCT-860786,69310,INR,ONLINE_TRANSFER,ICICI Bank,False,No remarks
TXN-001780,2023-12-21,11:32:58,S0061,Farooq Joshi,ACCT-674414,S0059,Geeta Hernandez,ACCT-898678,978542,INR,CHECK,IndusInd Bank,True,Regular transfer
TXN-001781,2023-02-10,14:33:58,S0036,Ravi Ali,ACCT-842995,S0034,Manoj Malik,ACCT-373716,724619,INR,ONLINE_TRANSFER,Axis Bank,True,No remarks
TXN-001782,2023-12-04,21:52:57,S0017,Naveen Kumar,ACCT-921470,S0022,Abdul Chauhan,ACCT-630660,1348,INR,CRYPTO,IndusInd Bank,False,Regular transfer
TXN-001783,2024-05-20,09:43:48,S0080,Abdul Joshi,ACCT-640707,S0072,Priya Martinez,ACCT-257847,9137609,INR,CHECK,Federal Bank,True,Property deal
TXN-001784,2024-12-01,10:46:56,S0020,Ajay Yadav,ACCT-383104,S0013,Tariq Hernandez,ACCT-606449,1074,INR,CASH_DEPOSIT,Yes Bank,True,Investment return
TXN-001785,2024-10-04,21:27:09,S0080,Abdul Joshi,ACCT-340709,S0007,Vikram Chauhan,ACCT-528214,95434,INR,CASH_DEPOSIT,ICICI Bank,False,Import payment
TXN-001786,2024-05-05,23:51:35,S0060,Kiran Ahmed,ACCT-375891,S0062,Rizwan Ali,ACCT-702842,843565,INR,WIRE_TRANSFER,Punjab National Bank,True,Business payment
TXN-001787,2023-07-24,20:38:50,S0070,Ajay Mehta,ACCT-564532,S0068,Kiran Reddy,ACCT-422158,7524533,INR,CASH_DEPOSIT,Punjab National Bank,True,Urgent transfer
TXN-001788,2024-01-21,16:02:54,S0014,Yusuf Patel,ACCT-558127,S0035,Mohan Joshi,ACCT-412853,1670,INR,CASH_WITHDRAWAL,ICICI Bank,False,Monthly installment
TXN-001789,2023-01-16,02:26:47,S0062,Rizwan Ali,ACCT-715000,S0063,Mohan Hussain,ACCT-412397,4807926,INR,CHECK,Punjab National Bank,True,Consulting fee
TXN-001790,2023-01-05,10:57:57,S0073,Rahul Martinez,ACCT-580986,S0077,Anil Pandey,ACCT-952131,8584868,INR,CASH_WITHDRAWAL,ICICI Bank,True,Regular transfer
TXN-001791,2023-09-29,02:23:41,S0001,Manoj Sharma,ACCT-406723,S0007,Vikram Chauhan,ACCT-421553,3688268,INR,WIRE_TRANSFER,Federal Bank,True,Urgent transfer
TXN-001792,2023-06-08,10:26:41,S0033,Anita Malik,ACCT-824773,S0042,Rekha Thakur,ACCT-793107,329227,INR,CRYPTO,Punjab National Bank,False,Commission
TXN-001793,2023-10-29,23:25:06,S0064,Carlos Reddy,ACCT-692181,S0057,Sanjay Ahmed,ACCT-352872,7737,INR,HAWALA,ICICI Bank,False,Property deal
TXN-001794,2023-04-25,22:45:33,S0025,Yusuf Joshi,ACCT-633873,S0030,Prakash Lopez,ACCT-105845,88985,INR,HAWALA,Punjab National Bank,False,No remarks
TXN-001795,2024-03-28,00:09:52,S0080,Abdul Joshi,ACCT-511962,S0007,Vikram Chauhan,ACCT-876215,343159,INR,CHECK,Bank of Baroda,False,No remarks
TXN-001796,2023-09-11,13:57:54,S0029,Kiran Ali,ACCT-942840,S0028,Ajay Agarwal,ACCT-226905,935099,INR,CRYPTO,Yes Bank,True,Personal
TXN-001797,2023-09-05,00:42:37,S0019,Hassan Rodriguez,ACCT-649169,S0071,Rajesh Joshi,ACCT-626610,77409,INR,CASH_WITHDRAWAL,Axis Bank,False,Commission
TXN-001798,2024-08-18,14:34:56,S0032,Saleem Thakur,ACCT-786285,S0035,Mohan Joshi,ACCT-883963,3381,INR,HAWALA,ICICI Bank,True,Loan repayment
TXN-001799,2023-04-14,22:15:59,S0054,Tariq Pandey,ACCT-232214,S0058,Arjun Roy,ACCT-416490,3514191,INR,ONLINE_TRANSFER,ICICI Bank,True,No remarks
TXN-001800,2023-05-16,05:54:30,S0024,Anita Lopez,ACCT-317580,S0029,Kiran Ali,ACCT-861785,24271,INR,CASH_WITHDRAWAL,Yes Bank,False,Loan repayment
TXN-001801,2023-02-07,13:23:51,S0071,Rajesh Joshi,ACCT-619090,S0080,Abdul Joshi,ACCT-806462,11625,INR,ONLINE_TRANSFER,IndusInd Bank,True,Regular transfer
TXN-001802,2024-12-04,15:04:27,S0034,Manoj Malik,ACCT-410807,S0071,Rajesh Joshi,ACCT-132476,1446,INR,WIRE_TRANSFER,Punjab National Bank,False,Personal
TXN-001803,2023-11-17,10:07:45,S0048,Abdul Garcia,ACCT-528035,S0053,Vinod Hussain,ACCT-627500,17336,INR,ONLINE_TRANSFER,Federal Bank,False,Investment return
TXN-001804,2023-01-10,20:51:35,S0038,Ashok Patel,ACCT-702093,S0068,Kiran Reddy,ACCT-431206,7593,INR,CRYPTO,Kotak Bank,False,Consulting fee
TXN-001805,2024-02-15,11:01:34,S0042,Rekha Thakur,ACCT-344003,S0033,Anita Malik,ACCT-742738,77319,INR,WIRE_TRANSFER,State Bank,False,Property deal
TXN-001806,2024-08-07,03:49:38,S0021,Saleem Hernandez,ACCT-775589,S0052,Neha Reddy,ACCT-869014,1072905,INR,ONLINE_TRANSFER,Axis Bank,True,Consulting fee
TXN-001807,2024-01-29,14:24:36,S0065,Prakash Mehta,ACCT-363748,S0064,Carlos Reddy,ACCT-778240,2239432,INR,WIRE_TRANSFER,Bank of Baroda,True,Investment return
TXN-001808,2023-03-26,11:39:11,S0063,Mohan Hussain,ACCT-910984,S0062,Rizwan Ali,ACCT-956823,11312,INR,CRYPTO,Bank of Baroda,False,Regular transfer
TXN-001809,2024-04-04,21:42:03,S0052,Neha Reddy,ACCT-167032,S0041,Anil Chauhan,ACCT-833943,45485,INR,HAWALA,Punjab National Bank,False,Monthly installment
TXN-001810,2024-05-15,20:43:18,S0070,Ajay Mehta,ACCT-902998,S0068,Kiran Reddy,ACCT-134277,6786619,INR,CHECK,Axis Bank,True,Import payment
TXN-001811,2023-05-03,18:27:10,S0057,Sanjay Ahmed,ACCT-129407,S0011,Hassan Qureshi,ACCT-989195,33657,INR,CASH_WITHDRAWAL,HDFC Bank,False,Monthly installment
TXN-001812,2024-10-16,04:07:21,S0031,Rahul Thakur,ACCT-343225,S0038,Ashok Patel,ACCT-599216,2782194,INR,HAWALA,HDFC Bank,True,Loan repayment
TXN-001813,2023-10-23,00:49:11,S0033,Anita Malik,ACCT-833061,S0015,Arjun Mishra,ACCT-161376,3062,INR,CRYPTO,ICICI Bank,False,Monthly installment
TXN-001814,2024-03-06,06:50:41,S0065,Prakash Mehta,ACCT-372571,S0066,Imran Joshi,ACCT-297447,563084,INR,CRYPTO,Yes Bank,True,Personal
TXN-001815,2023-03-07,06:01:24,S0077,Anil Pandey,ACCT-937941,S0038,Ashok Patel,ACCT-876355,5796,INR,CRYPTO,Kotak Bank,False,Import payment
TXN-001816,2024-02-15,13:28:58,S0025,Yusuf Joshi,ACCT-144946,S0051,Vinod Qureshi,ACCT-391980,4960,INR,CASH_DEPOSIT,Federal Bank,False,Consulting fee
TXN-001817,2024-07-18,15:38:45,S0024,Anita Lopez,ACCT-752860,S0029,Kiran Ali,ACCT-101890,949,INR,HAWALA,Bank of Baroda,False,Loan repayment
TXN-001818,2024-02-27,23:27:31,S0068,Kiran Reddy,ACCT-460184,S0032,Saleem Thakur,ACCT-529498,6318517,INR,CHECK,Kotak Bank,True,Investment return
TXN-001819,2023-12-06,09:17:44,S0026,Ramesh Lopez,ACCT-570438,S0028,Ajay Agarwal,ACCT-540022,2710480,INR,ONLINE_TRANSFER,Federal Bank,True,Import payment
TXN-001820,2024-02-12,09:33:13,S0041,Anil Chauhan,ACCT-430607,S0040,Farooq Saxena,ACCT-847959,13011,INR,CRYPTO,HDFC Bank,True,Commission
TXN-001821,2023-03-17,16:36:35,S0023,Kiran Ali,ACCT-522784,S0007,Vikram Chauhan,ACCT-286938,8259724,INR,CHECK,Punjab National Bank,True,Commission
TXN-001822,2023-07-24,23:29:29,S0074,Ramesh Mishra,ACCT-967303,S0062,Rizwan Ali,ACCT-843710,589,INR,ONLINE_TRANSFER,IndusInd Bank,False,Property deal
TXN-001823,2023-12-17,13:02:47,S0050,Hassan Qureshi,ACCT-393987,S0049,Rahul Agarwal,ACCT-700524,1344644,INR,CHECK,ICICI Bank,True,Business payment
TXN-001824,2024-06-22,14:32:16,S0073,Rahul Martinez,ACCT-226913,S0077,Anil Pandey,ACCT-771551,218592,INR,CRYPTO,HDFC Bank,False,Investment return
TXN-001825,2023-06-27,18:02:01,S0080,Abdul Joshi,ACCT-498449,S0007,Vikram Chauhan,ACCT-681419,1325,INR,CASH_WITHDRAWAL,State Bank,False,Urgent transfer
TXN-001826,2024-11-29,06:57:13,S0010,Kavita Thakur,ACCT-952807,S0062,Rizwan Ali,ACCT-732062,7448,INR,HAWALA,State Bank,False,Urgent transfer
TXN-001827,2023-02-04,14:20:52,S0070,Ajay Mehta,ACCT-856300,S0068,Kiran Reddy,ACCT-331554,5704,INR,WIRE_TRANSFER,Punjab National Bank,False,Investment return
TXN-001828,2023-05-06,23:26:08,S0060,Kiran Ahmed,ACCT-143383,S0059,Geeta Hernandez,ACCT-560682,375574,INR,ONLINE_TRANSFER,Federal Bank,False,Regular transfer
TXN-001829,2023-12-03,02:09:52,S0055,Prakash Yadav,ACCT-384962,S0053,Vinod Hussain,ACCT-277485,3857661,INR,WIRE_TRANSFER,Yes Bank,True,Business payment
TXN-001830,2024-04-17,04:18:58,S0023,Kiran Ali,ACCT-710475,S0026,Ramesh Lopez,ACCT-580333,69043,INR,CRYPTO,HDFC Bank,False,Consulting fee
TXN-001831,2024-05-28,16:26:32,S0026,Ramesh Lopez,ACCT-695067,S0039,Yusuf Khan,ACCT-589651,36378,INR,CASH_WITHDRAWAL,Yes Bank,False,Investment return
TXN-001832,2023-12-21,05:09:07,S0037,Suman Agarwal,ACCT-833174,S0048,Abdul Garcia,ACCT-979970,9349401,INR,CRYPTO,Bank of Baroda,True,Regular transfer
TXN-001833,2023-10-12,10:06:59,S0006,Sunil Hussain,ACCT-757955,S0060,Kiran Ahmed,ACCT-393031,47405,INR,CHECK,HDFC Bank,False,No remarks
TXN-001834,2024-04-01,22:33:57,S0008,Pooja Lopez,ACCT-400294,S0006,Sunil Hussain,ACCT-415499,286091,INR,WIRE_TRANSFER,IndusInd Bank,False,Loan repayment
TXN-001835,2024-09-13,22:10:43,S0015,Arjun Mishra,ACCT-527478,S0020,Ajay Yadav,ACCT-701534,88212,INR,HAWALA,Federal Bank,False,Loan repayment
TXN-001836,2024-02-26,21:24:11,S0071,Rajesh Joshi,ACCT-412573,S0080,Abdul Joshi,ACCT-513985,6072,INR,CASH_WITHDRAWAL,Federal Bank,False,Personal
TXN-001837,2024-02-07,08:39:20,S0051,Vinod Qureshi,ACCT-647232,S0080,Abdul Joshi,ACCT-190802,1733,INR,CASH_DEPOSIT,State Bank,False,Business payment
TXN-001838,2023-09-02,09:11:21,S0021,Saleem Hernandez,ACCT-546281,S0048,Abdul Garcia,ACCT-812353,2846511,INR,WIRE_TRANSFER,State Bank,True,Consulting fee
TXN-001839,2024-10-06,21:57:04,S0066,Imran Joshi,ACCT-130081,S0015,Arjun Mishra,ACCT-262087,5535,INR,HAWALA,IndusInd Bank,True,Property deal
TXN-001840,2024-05-07,11:17:20,S0051,Vinod Qureshi,ACCT-573781,S0046,Miguel Gupta,ACCT-918706,5011577,INR,CASH_DEPOSIT,HDFC Bank,True,Commission
TXN-001841,2023-03-12,02:44:18,S0062,Rizwan Ali,ACCT-758342,S0059,Geeta Hernandez,ACCT-678121,294217,INR,CRYPTO,ICICI Bank,True,Property deal
TXN-001842,2023-05-31,10:16:51,S0021,Saleem Hernandez,ACCT-962755,S0014,Yusuf Patel,ACCT-130734,3838122,INR,CASH_DEPOSIT,Kotak Bank,True,Urgent transfer
TXN-001843,2023-11-10,21:26:52,S0021,Saleem Hernandez,ACCT-323057,S0048,Abdul Garcia,ACCT-111693,158233,INR,CASH_DEPOSIT,State Bank,False,Investment return
TXN-001844,2023-05-01,08:26:18,S0009,Pooja Pandey,ACCT-324586,S0039,Yusuf Khan,ACCT-581397,9778,INR,ONLINE_TRANSFER,Yes Bank,False,Investment return
TXN-001845,2024-05-23,11:43:56,S0042,Rekha Thakur,ACCT-366413,S0033,Anita Malik,ACCT-418438,848535,INR,HAWALA,Bank of Baroda,True,Urgent transfer
TXN-001846,2024-02-25,17:14:53,S0027,Ramesh Patel,ACCT-522328,S0024,Anita Lopez,ACCT-483118,1098541,INR,CASH_WITHDRAWAL,Kotak Bank,True,Personal
TXN-001847,2024-04-22,03:02:31,S0012,Prakash Shah,ACCT-950328,S0011,Hassan Qureshi,ACCT-923142,49643,INR,CASH_WITHDRAWAL,Federal Bank,False,Monthly installment
TXN-001848,2023-02-07,16:55:08,S0026,Ramesh Lopez,ACCT-392278,S0028,Ajay Agarwal,ACCT-204953,2407152,INR,ONLINE_TRANSFER,Yes Bank,True,Commission
TXN-001849,2024-10-19,10:11:46,S0055,Prakash Yadav,ACCT-397387,S0012,Prakash Shah,ACCT-790309,9541,INR,HAWALA,Kotak Bank,False,Business payment
TXN-001850,2024-01-09,07:04:00,S0007,Vikram Chauhan,ACCT-792427,S0003,Kiran Qureshi,ACCT-959416,1727,INR,WIRE_TRANSFER,Yes Bank,False,Business payment
TXN-001851,2023-12-26,05:04:04,S0006,Sunil Hussain,ACCT-640586,S0005,Arjun Verma,ACCT-695146,69993,INR,CHECK,Bank of Baroda,False,Consulting fee
TXN-001852,2023-09-30,10:17:22,S0043,Rekha Das,ACCT-161113,S0044,Sanjay Khan,ACCT-859503,9486286,INR,CRYPTO,IndusInd Bank,True,Investment return
TXN-001853,2024-10-17,09:48:26,S0036,Ravi Ali,ACCT-724487,S0033,Anita Malik,ACCT-308321,8805,INR,CRYPTO,Kotak Bank,False,Property deal
TXN-001854,2024-12-09,00:37:23,S0052,Neha Reddy,ACCT-898474,S0046,Miguel Gupta,ACCT-223247,8581909,INR,CRYPTO,HDFC Bank,True,Personal
TXN-001855,2024-01-25,04:15:26,S0060,Kiran Ahmed,ACCT-960679,S0009,Pooja Pandey,ACCT-325257,3747,INR,ONLINE_TRANSFER,IndusInd Bank,True,Business payment
TXN-001856,2024-01-28,12:03:10,S0057,Sanjay Ahmed,ACCT-840618,S0055,Prakash Yadav,ACCT-191392,1349569,INR,CRYPTO,ICICI Bank,True,Regular transfer
TXN-001857,2023-09-10,06:21:04,S0065,Prakash Mehta,ACCT-399002,S0030,Prakash Lopez,ACCT-693486,956459,INR,CHECK,State Bank,True,Business payment
TXN-001858,2024-01-10,06:54:35,S0027,Ramesh Patel,ACCT-950459,S0026,Ramesh Lopez,ACCT-579914,1964848,INR,HAWALA,Kotak Bank,True,Import payment
TXN-001859,2024-08-03,09:28:11,S0037,Suman Agarwal,ACCT-826949,S0044,Sanjay Khan,ACCT-700491,8638,INR,CASH_DEPOSIT,Yes Bank,True,Regular transfer
TXN-001860,2023-11-20,07:11:47,S0078,Ashok Saxena,ACCT-281559,S0073,Rahul Martinez,ACCT-685343,5757017,INR,CASH_WITHDRAWAL,State Bank,True,Property deal
TXN-001861,2024-12-26,18:18:43,S0014,Yusuf Patel,ACCT-485551,S0022,Abdul Chauhan,ACCT-819093,9230178,INR,HAWALA,Yes Bank,True,Personal
TXN-001862,2023-01-17,16:54:52,S0078,Ashok Saxena,ACCT-555406,S0077,Anil Pandey,ACCT-266256,2311,INR,WIRE_TRANSFER,Bank of Baroda,False,No remarks
TXN-001863,2024-11-15,03:39:42,S0031,Rahul Thakur,ACCT-776996,S0038,Ashok Patel,ACCT-508108,867067,INR,ONLINE_TRANSFER,Yes Bank,True,Business payment
TXN-001864,2023-04-03,05:13:16,S0045,Suman Mishra,ACCT-177930,S0054,Tariq Pandey,ACCT-436603,8202186,INR,CASH_WITHDRAWAL,Bank of Baroda,True,Property deal
TXN-001865,2024-01-28,13:16:24,S0044,Sanjay Khan,ACCT-460095,S0033,Anita Malik,ACCT-835977,6064,INR,CHECK,ICICI Bank,False,Urgent transfer
TXN-001866,2024-07-22,08:49:18,S0037,Suman Agarwal,ACCT-961588,S0040,Farooq Saxena,ACCT-542547,1180782,INR,CHECK,HDFC Bank,True,Monthly installment
TXN-001867,2023-06-11,07:16:09,S0039,Yusuf Khan,ACCT-787636,S0056,Anil Chauhan,ACCT-831100,23947,INR,CASH_DEPOSIT,ICICI Bank,False,Commission
TXN-001868,2023-05-02,21:38:55,S0071,Rajesh Joshi,ACCT-217707,S0080,Abdul Joshi,ACCT-986420,8442656,INR,WIRE_TRANSFER,Axis Bank,True,Business payment
TXN-001869,2024-05-08,18:13:48,S0045,Suman Mishra,ACCT-181411,S0036,Ravi Ali,ACCT-330604,349581,INR,CASH_WITHDRAWAL,Axis Bank,False,Consulting fee
TXN-001870,2024-11-12,22:28:24,S0076,Rahul Qureshi,ACCT-740361,S0073,Rahul Martinez,ACCT-906895,5161,INR,CRYPTO,Yes Bank,False,Import payment
TXN-001871,2023-09-10,18:14:54,S0066,Imran Joshi,ACCT-654704,S0015,Arjun Mishra,ACCT-498599,50984,INR,HAWALA,Kotak Bank,False,Import payment
TXN-001872,2024-02-28,08:45:26,S0003,Kiran Qureshi,ACCT-297607,S0066,Imran Joshi,ACCT-691483,70473,INR,CASH_WITHDRAWAL,IndusInd Bank,False,Property deal
TXN-001873,2023-11-05,10:38:30,S0036,Ravi Ali,ACCT-243948,S0034,Manoj Malik,ACCT-950282,79863,INR,CASH_WITHDRAWAL,Federal Bank,True,Investment return
TXN-001874,2024-05-05,18:16:08,S0075,Imran Martinez,ACCT-815286,S0017,Naveen Kumar,ACCT-528362,89961,INR,HAWALA,Punjab National Bank,False,Property deal
TXN-001875,2024-04-22,11:31:46,S0077,Anil Pandey,ACCT-314629,S0012,Prakash Shah,ACCT-868177,8430,INR,CHECK,Kotak Bank,False,Regular transfer
TXN-001876,2023-07-24,14:38:30,S0055,Prakash Yadav,ACCT-597085,S0028,Ajay Agarwal,ACCT-457208,62754,INR,ONLINE_TRANSFER,Punjab National Bank,False,Monthly installment
TXN-001877,2023-08-26,08:58:18,S0045,Suman Mishra,ACCT-929403,S0036,Ravi Ali,ACCT-358375,998074,INR,WIRE_TRANSFER,Federal Bank,True,Urgent transfer
TXN-001878,2024-10-08,19:56:01,S0012,Prakash Shah,ACCT-401970,S0007,Vikram Chauhan,ACCT-426374,1390139,INR,CASH_WITHDRAWAL,IndusInd Bank,True,Commission
TXN-001879,2024-11-27,04:56:55,S0026,Ramesh Lopez,ACCT-161579,S0025,Yusuf Joshi,ACCT-574155,4178432,INR,CRYPTO,Federal Bank,True,Business payment
TXN-001880,2023-03-21,19:08:18,S0045,Suman Mishra,ACCT-450054,S0024,Anita Lopez,ACCT-240996,8871212,INR,HAWALA,Bank of Baroda,True,Urgent transfer
TXN-001881,2024-01-03,17:00:15,S0058,Arjun Roy,ACCT-501508,S0057,Sanjay Ahmed,ACCT-303203,9402865,INR,WIRE_TRANSFER,Kotak Bank,True,Monthly installment
TXN-001882,2023-08-21,12:23:56,S0037,Suman Agarwal,ACCT-657894,S0044,Sanjay Khan,ACCT-563637,63444,INR,CASH_WITHDRAWAL,Federal Bank,False,Property deal
TXN-001883,2023-01-30,05:07:37,S0033,Anita Malik,ACCT-356383,S0042,Rekha Thakur,ACCT-222785,15291,INR,CHECK,Punjab National Bank,True,Regular transfer
TXN-001884,2024-01-15,18:42:39,S0060,Kiran Ahmed,ACCT-481863,S0050,Hassan Qureshi,ACCT-819496,8514626,INR,WIRE_TRANSFER,IndusInd Bank,True,Regular transfer
TXN-001885,2024-10-15,07:59:35,S0013,Tariq Hernandez,ACCT-596207,S0014,Yusuf Patel,ACCT-816510,585314,INR,WIRE_TRANSFER,Federal Bank,True,Loan repayment
TXN-001886,2024-04-01,16:22:58,S0062,Rizwan Ali,ACCT-804507,S0059,Geeta Hernandez,ACCT-262753,410811,INR,CHECK,Kotak Bank,False,No remarks
TXN-001887,2023-02-25,17:00:40,S0042,Rekha Thakur,ACCT-952853,S0039,Yusuf Khan,ACCT-770344,50008,INR,CASH_DEPOSIT,State Bank,False,Monthly installment
TXN-001888,2023-10-14,04:00:14,S0034,Manoj Malik,ACCT-250177,S0042,Rekha Thakur,ACCT-309010,62652,INR,CASH_WITHDRAWAL,IndusInd Bank,False,Regular transfer
TXN-001889,2024-03-05,05:49:31,S0045,Suman Mishra,ACCT-400366,S0073,Rahul Martinez,ACCT-938747,753854,INR,ONLINE_TRANSFER,ICICI Bank,True,No remarks
TXN-001890,2023-06-06,15:08:12,S0038,Ashok Patel,ACCT-255372,S0034,Manoj Malik,ACCT-380450,8015338,INR,CASH_DEPOSIT,Yes Bank,True,Business payment
TXN-001891,2024-12-25,14:49:09,S0038,Ashok Patel,ACCT-711412,S0041,Anil Chauhan,ACCT-104643,41824,INR,WIRE_TRANSFER,Bank of Baroda,False,Loan repayment
TXN-001892,2023-04-16,12:03:27,S0004,Hassan Kumar,ACCT-144684,S0006,Sunil Hussain,ACCT-978406,52965,INR,CRYPTO,State Bank,False,Urgent transfer
TXN-001893,2024-12-15,03:37:40,S0034,Manoj Malik,ACCT-459241,S0033,Anita Malik,ACCT-666494,42541,INR,WIRE_TRANSFER,IndusInd Bank,False,Loan repayment
TXN-001894,2024-04-28,23:09:03,S0044,Sanjay Khan,ACCT-823987,S0050,Hassan Qureshi,ACCT-203569,3187,INR,WIRE_TRANSFER,Punjab National Bank,True,Consulting fee
TXN-001895,2023-03-02,15:00:48,S0010,Kavita Thakur,ACCT-870028,S0002,Suresh Sharma,ACCT-976922,555852,INR,CRYPTO,HDFC Bank,True,Business payment
TXN-001896,2023-04-08,21:49:55,S0037,Suman Agarwal,ACCT-324667,S0002,Suresh Sharma,ACCT-751595,972580,INR,CASH_DEPOSIT,HDFC Bank,True,Investment return
TXN-001897,2023-03-23,16:59:49,S0072,Priya Martinez,ACCT-331763,S0079,Ravi Singh,ACCT-243619,531618,INR,CASH_DEPOSIT,ICICI Bank,True,Import payment
TXN-001898,2024-06-27,00:24:03,S0030,Prakash Lopez,ACCT-866971,S0025,Yusuf Joshi,ACCT-798895,54920,INR,CASH_DEPOSIT,Kotak Bank,False,Personal
TXN-001899,2024-02-17,10:23:49,S0070,Ajay Mehta,ACCT-974480,S0022,Abdul Chauhan,ACCT-254971,23463,INR,CASH_WITHDRAWAL,Axis Bank,True,Urgent transfer
TXN-001900,2023-11-17,15:44:26,S0034,Manoj Malik,ACCT-237193,S0045,Suman Mishra,ACCT-956154,92478,INR,CASH_DEPOSIT,State Bank,False,Import payment
TXN-001901,2023-12-27,13:49:58,S0010,Kavita Thakur,ACCT-916066,S0002,Suresh Sharma,ACCT-627244,711247,INR,HAWALA,Federal Bank,True,Monthly installment
TXN-001902,2024-09-12,02:13:49,S0015,Arjun Mishra,ACCT-891401,S0046,Miguel Gupta,ACCT-281115,18244,INR,WIRE_TRANSFER,Punjab National Bank,False,Loan repayment
TXN-001903,2023-09-25,02:25:40,S0067,Rajesh Ali,ACCT-971729,S0064,Carlos Reddy,ACCT-162739,8128,INR,ONLINE_TRANSFER,Federal Bank,False,Import payment
TXN-001904,2023-04-11,20:09:13,S0069,Mohan Das,ACCT-354847,S0068,Kiran Reddy,ACCT-403073,467620,INR,CRYPTO,Bank of Baroda,False,Loan repayment
TXN-001905,2024-06-06,00:10:44,S0030,Prakash Lopez,ACCT-707644,S0052,Neha Reddy,ACCT-592601,4456336,INR,HAWALA,State Bank,True,Regular transfer
TXN-001906,2023-12-08,07:06:15,S0035,Mohan Joshi,ACCT-585052,S0070,Ajay Mehta,ACCT-474907,875757,INR,WIRE_TRANSFER,Punjab National Bank,True,Urgent transfer
TXN-001907,2024-01-26,00:29:46,S0052,Neha Reddy,ACCT-305773,S0036,Ravi Ali,ACCT-210279,62896,INR,CRYPTO,Punjab National Bank,False,Import payment
TXN-001908,2023-06-05,06:47:03,S0056,Anil Chauhan,ACCT-392704,S0053,Vinod Hussain,ACCT-667730,5979167,INR,CASH_WITHDRAWAL,HDFC Bank,True,Investment return
TXN-001909,2024-05-10,23:57:29,S0022,Abdul Chauhan,ACCT-386639,S0015,Arjun Mishra,ACCT-288613,7183757,INR,CHECK,HDFC Bank,True,Urgent transfer
TXN-001910,2023-02-07,04:01:31,S0042,Rekha Thakur,ACCT-961141,S0058,Arjun Roy,ACCT-511794,95493,INR,CHECK,Bank of Baroda,False,Personal
TXN-001911,2023-03-12,21:58:50,S0017,Naveen Kumar,ACCT-245084,S0022,Abdul Chauhan,ACCT-208424,1394072,INR,CASH_WITHDRAWAL,ICICI Bank,True,Urgent transfer
TXN-001912,2024-07-08,03:08:26,S0064,Carlos Reddy,ACCT-896175,S0032,Saleem Thakur,ACCT-424676,452732,INR,CASH_WITHDRAWAL,Yes Bank,False,Import payment
TXN-001913,2023-06-10,06:37:52,S0047,Pooja Hussain,ACCT-614318,S0048,Abdul Garcia,ACCT-962920,67639,INR,CASH_DEPOSIT,State Bank,False,Personal
TXN-001914,2023-01-20,12:59:37,S0019,Hassan Rodriguez,ACCT-923075,S0059,Geeta Hernandez,ACCT-828064,3777,INR,CASH_DEPOSIT,Kotak Bank,False,Loan repayment
TXN-001915,2024-05-15,00:49:11,S0079,Ravi Singh,ACCT-769863,S0006,Sunil Hussain,ACCT-184242,445069,INR,CASH_DEPOSIT,HDFC Bank,False,Investment return
TXN-001916,2023-07-14,04:01:07,S0016,Arjun Shah,ACCT-643985,S0014,Yusuf Patel,ACCT-311841,6683,INR,WIRE_TRANSFER,ICICI Bank,False,Investment return
TXN-001917,2024-09-10,14:54:51,S0057,Sanjay Ahmed,ACCT-282737,S0062,Rizwan Ali,ACCT-106255,5494,INR,CRYPTO,IndusInd Bank,False,Personal
TXN-001918,2024-05-12,01:42:47,S0030,Prakash Lopez,ACCT-605982,S0015,Arjun Mishra,ACCT-174666,4086,INR,ONLINE_TRANSFER,IndusInd Bank,False,Business payment
TXN-001919,2024-05-05,13:56:59,S0080,Abdul Joshi,ACCT-420985,S0007,Vikram Chauhan,ACCT-894811,974,INR,CRYPTO,Axis Bank,False,Monthly installment
TXN-001920,2023-04-24,07:34:38,S0024,Anita Lopez,ACCT-357182,S0027,Ramesh Patel,ACCT-897872,607854,INR,HAWALA,IndusInd Bank,True,Business payment
TXN-001921,2023-07-12,04:43:25,S0057,Sanjay Ahmed,ACCT-634197,S0058,Arjun Roy,ACCT-977887,23555,INR,CHECK,Federal Bank,False,Business payment
TXN-001922,2024-02-03,11:27:07,S0024,Anita Lopez,ACCT-707997,S0047,Pooja Hussain,ACCT-323000,36592,INR,CRYPTO,HDFC Bank,False,Urgent transfer
TXN-001923,2024-08-28,06:39:26,S0025,Yusuf Joshi,ACCT-398179,S0065,Prakash Mehta,ACCT-610759,8226622,INR,CRYPTO,HDFC Bank,True,Urgent transfer
TXN-001924,2024-09-11,15:55:47,S0037,Suman Agarwal,ACCT-965340,S0033,Anita Malik,ACCT-580175,61200,INR,HAWALA,Kotak Bank,False,Regular transfer
TXN-001925,2023-09-27,08:11:49,S0012,Prakash Shah,ACCT-661002,S0007,Vikram Chauhan,ACCT-710612,663308,INR,WIRE_TRANSFER,Yes Bank,True,Urgent transfer
TXN-001926,2023-05-31,05:34:01,S0019,Hassan Rodriguez,ACCT-194486,S0020,Ajay Yadav,ACCT-933585,684851,INR,CASH_DEPOSIT,State Bank,True,Urgent transfer
TXN-001927,2024-01-14,15:21:14,S0033,Anita Malik,ACCT-292905,S0021,Saleem Hernandez,ACCT-225519,4489,INR,CRYPTO,Kotak Bank,False,No remarks
TXN-001928,2023-07-21,21:09:17,S0004,Hassan Kumar,ACCT-826514,S0006,Sunil Hussain,ACCT-764485,1495380,INR,ONLINE_TRANSFER,ICICI Bank,True,Commission
TXN-001929,2024-12-11,17:30:52,S0059,Geeta Hernandez,ACCT-213399,S0003,Kiran Qureshi,ACCT-393402,32700,INR,ONLINE_TRANSFER,ICICI Bank,False,Business payment
TXN-001930,2023-10-23,23:40:31,S0037,Suman Agarwal,ACCT-501080,S0032,Saleem Thakur,ACCT-856954,821838,INR,CRYPTO,Federal Bank,True,Investment return
TXN-001931,2023-03-29,21:41:10,S0051,Vinod Qureshi,ACCT-498480,S0050,Hassan Qureshi,ACCT-503870,351542,INR,WIRE_TRANSFER,IndusInd Bank,False,Investment return
TXN-001932,2024-07-19,05:55:54,S0063,Mohan Hussain,ACCT-823775,S0018,Sanjay Agarwal,ACCT-151361,219893,INR,CHECK,Yes Bank,False,Personal
TXN-001933,2024-03-02,01:24:58,S0003,Kiran Qureshi,ACCT-422667,S0068,Kiran Reddy,ACCT-872418,250736,INR,CHECK,Bank of Baroda,False,No remarks
TXN-001934,2024-08-30,01:13:09,S0077,Anil Pandey,ACCT-268953,S0051,Vinod Qureshi,ACCT-159730,3813552,INR,CASH_WITHDRAWAL,Axis Bank,True,Commission
TXN-001935,2023-06-04,02:24:45,S0010,Kavita Thakur,ACCT-404576,S0012,Prakash Shah,ACCT-390001,8057230,INR,HAWALA,Bank of Baroda,True,Import payment
TXN-001936,2023-01-23,13:36:04,S0059,Geeta Hernandez,ACCT-473023,S0061,Farooq Joshi,ACCT-661911,640454,INR,ONLINE_TRANSFER,Bank of Baroda,True,Loan repayment
TXN-001937,2023-04-05,11:50:44,S0020,Ajay Yadav,ACCT-806223,S0013,Tariq Hernandez,ACCT-239208,87445,INR,CASH_DEPOSIT,Punjab National Bank,False,Commission
TXN-001938,2024-02-04,15:15:15,S0034,Manoj Malik,ACCT-998527,S0042,Rekha Thakur,ACCT-133256,7009,INR,CHECK,IndusInd Bank,False,Monthly installment
TXN-001939,2024-10-24,19:50:37,S0045,Suman Mishra,ACCT-594580,S0079,Ravi Singh,ACCT-744913,753652,INR,CRYPTO,Bank of Baroda,True,Property deal
TXN-001940,2024-04-26,06:43:39,S0009,Pooja Pandey,ACCT-105601,S0042,Rekha Thakur,ACCT-912039,987455,INR,CASH_DEPOSIT,Kotak Bank,True,Monthly installment
TXN-001941,2024-12-01,14:43:18,S0052,Neha Reddy,ACCT-298983,S0063,Mohan Hussain,ACCT-995295,336686,INR,ONLINE_TRANSFER,State Bank,False,Investment return
TXN-001942,2024-10-25,18:22:55,S0034,Manoj Malik,ACCT-957292,S0045,Suman Mishra,ACCT-468109,9581,INR,WIRE_TRANSFER,Federal Bank,False,Consulting fee
TXN-001943,2024-09-06,22:35:05,S0007,Vikram Chauhan,ACCT-666870,S0022,Abdul Chauhan,ACCT-245868,568487,INR,ONLINE_TRANSFER,State Bank,True,Urgent transfer
TXN-001944,2023-09-05,13:33:07,S0059,Geeta Hernandez,ACCT-641771,S0064,Carlos Reddy,ACCT-136984,66571,INR,CRYPTO,Bank of Baroda,False,Commission
TXN-001945,2023-07-17,00:08:14,S0056,Anil Chauhan,ACCT-186688,S0054,Tariq Pandey,ACCT-869735,4954377,INR,HAWALA,ICICI Bank,True,Commission
TXN-001946,2023-01-21,05:28:18,S0031,Rahul Thakur,ACCT-922947,S0038,Ashok Patel,ACCT-583300,34711,INR,CRYPTO,IndusInd Bank,False,Consulting fee
TXN-001947,2023-10-19,09:06:28,S0070,Ajay Mehta,ACCT-452697,S0075,Imran Martinez,ACCT-725462,44027,INR,ONLINE_TRANSFER,Punjab National Bank,False,Monthly installment
TXN-001948,2023-05-18,18:33:30,S0014,Yusuf Patel,ACCT-283397,S0018,Sanjay Agarwal,ACCT-603352,9777,INR,CASH_WITHDRAWAL,IndusInd Bank,False,Regular transfer
TXN-001949,2024-02-06,16:19:55,S0053,Vinod Hussain,ACCT-748495,S0005,Arjun Verma,ACCT-307697,41037,INR,HAWALA,IndusInd Bank,False,Commission
TXN-001950,2023-04-11,06:20:53,S0064,Carlos Reddy,ACCT-265815,S0059,Geeta Hernandez,ACCT-138092,35388,INR,CASH_DEPOSIT,State Bank,False,Consulting fee
TXN-001951,2024-05-02,02:03:39,S0003,Kiran Qureshi,ACCT-594941,S0047,Pooja Hussain,ACCT-991059,2699,INR,ONLINE_TRANSFER,State Bank,False,No remarks
TXN-001952,2023-06-14,02:54:27,S0067,Rajesh Ali,ACCT-230331,S0066,Imran Joshi,ACCT-931225,7041,INR,ONLINE_TRANSFER,IndusInd Bank,False,Property deal
TXN-001953,2024-07-30,02:23:53,S0044,Sanjay Khan,ACCT-315743,S0033,Anita Malik,ACCT-392372,673055,INR,CHECK,HDFC Bank,True,Urgent transfer
TXN-001954,2023-07-18,21:28:32,S0016,Arjun Shah,ACCT-501793,S0021,Saleem Hernandez,ACCT-674589,254353,INR,WIRE_TRANSFER,Kotak Bank,False,Personal
TXN-001955,2023-04-06,12:45:09,S0056,Anil Chauhan,ACCT-524175,S0053,Vinod Hussain,ACCT-734456,8391,INR,CASH_DEPOSIT,Punjab National Bank,False,Business payment
TXN-001956,2024-04-20,08:19:51,S0015,Arjun Mishra,ACCT-425603,S0020,Ajay Yadav,ACCT-895309,85165,INR,HAWALA,Punjab National Bank,False,Investment return
TXN-001957,2023-07-27,02:50:29,S0059,Geeta Hernandez,ACCT-148998,S0061,Farooq Joshi,ACCT-426488,6875121,INR,ONLINE_TRANSFER,IndusInd Bank,True,Business payment
TXN-001958,2023-11-06,02:30:02,S0064,Carlos Reddy,ACCT-342945,S0065,Prakash Mehta,ACCT-206343,71745,INR,CHECK,Bank of Baroda,False,Property deal
TXN-001959,2024-03-14,01:00:20,S0035,Mohan Joshi,ACCT-598647,S0031,Rahul Thakur,ACCT-937200,674048,INR,CASH_WITHDRAWAL,Axis Bank,True,Property deal
TXN-001960,2024-12-12,13:54:11,S0075,Imran Martinez,ACCT-340589,S0037,Suman Agarwal,ACCT-453277,5821225,INR,CRYPTO,Punjab National Bank,True,Business payment
TXN-001961,2024-11-03,19:12:43,S0042,Rekha Thakur,ACCT-492789,S0039,Yusuf Khan,ACCT-327431,41729,INR,CRYPTO,IndusInd Bank,False,Personal
TXN-001962,2024-09-16,15:29:28,S0073,Rahul Martinez,ACCT-911234,S0077,Anil Pandey,ACCT-609595,3360407,INR,CASH_DEPOSIT,IndusInd Bank,True,Regular transfer
TXN-001963,2024-08-25,23:44:23,S0068,Kiran Reddy,ACCT-610967,S0056,Anil Chauhan,ACCT-363904,97323,INR,WIRE_TRANSFER,ICICI Bank,False,Consulting fee
TXN-001964,2023-10-05,01:09:17,S0023,Kiran Ali,ACCT-248528,S0069,Mohan Das,ACCT-379212,39018,INR,HAWALA,Punjab National Bank,False,Property deal
TXN-001965,2023-11-25,03:24:06,S0065,Prakash Mehta,ACCT-297052,S0066,Imran Joshi,ACCT-646872,9374001,INR,CHECK,Kotak Bank,True,Import payment
TXN-001966,2024-06-30,14:55:30,S0025,Yusuf Joshi,ACCT-210373,S0066,Imran Joshi,ACCT-857312,2773017,INR,CASH_DEPOSIT,ICICI Bank,True,Regular transfer
TXN-001967,2023-07-09,14:59:30,S0078,Ashok Saxena,ACCT-811354,S0030,Prakash Lopez,ACCT-521457,3711940,INR,HAWALA,Yes Bank,True,Personal
TXN-001968,2024-10-12,00:14:22,S0029,Kiran Ali,ACCT-682587,S0028,Ajay Agarwal,ACCT-952673,8054,INR,ONLINE_TRANSFER,HDFC Bank,False,Consulting fee
TXN-001969,2024-01-30,21:59:26,S0061,Farooq Joshi,ACCT-536663,S0059,Geeta Hernandez,ACCT-737745,7269,INR,CASH_DEPOSIT,HDFC Bank,True,Urgent transfer
TXN-001970,2023-05-27,10:32:45,S0069,Mohan Das,ACCT-657911,S0070,Ajay Mehta,ACCT-609054,6163387,INR,HAWALA,State Bank,True,Commission
TXN-001971,2024-02-08,04:33:44,S0074,Ramesh Mishra,ACCT-875922,S0079,Ravi Singh,ACCT-286261,3166,INR,CHECK,HDFC Bank,False,No remarks
TXN-001972,2023-07-04,22:39:24,S0045,Suman Mishra,ACCT-511300,S0036,Ravi Ali,ACCT-124886,851963,INR,WIRE_TRANSFER,HDFC Bank,True,Consulting fee
TXN-001973,2024-04-30,06:30:46,S0046,Miguel Gupta,ACCT-638575,S0049,Rahul Agarwal,ACCT-960412,791971,INR,CASH_DEPOSIT,State Bank,True,No remarks
TXN-001974,2024-03-06,23:49:22,S0066,Imran Joshi,ACCT-117059,S0056,Anil Chauhan,ACCT-946011,985734,INR,CHECK,Kotak Bank,True,Consulting fee
TXN-001975,2023-12-26,16:40:46,S0051,Vinod Qureshi,ACCT-475449,S0050,Hassan Qureshi,ACCT-278975,568257,INR,CASH_DEPOSIT,Punjab National Bank,True,Business payment
TXN-001976,2023-04-29,23:28:40,S0035,Mohan Joshi,ACCT-322772,S0076,Rahul Qureshi,ACCT-701142,923571,INR,HAWALA,State Bank,True,Loan repayment
TXN-001977,2023-09-24,03:50:21,S0006,Sunil Hussain,ACCT-691807,S0005,Arjun Verma,ACCT-341392,8748721,INR,CASH_WITHDRAWAL,State Bank,True,Commission
TXN-001978,2023-02-19,14:13:39,S0028,Ajay Agarwal,ACCT-321096,S0005,Arjun Verma,ACCT-869589,77210,INR,HAWALA,Axis Bank,False,Import payment
TXN-001979,2024-07-04,00:56:48,S0078,Ashok Saxena,ACCT-263188,S0077,Anil Pandey,ACCT-726682,7865467,INR,WIRE_TRANSFER,State Bank,True,Property deal
TXN-001980,2024-06-15,05:26:50,S0035,Mohan Joshi,ACCT-714591,S0028,Ajay Agarwal,ACCT-230632,87749,INR,CHECK,Axis Bank,False,Commission
TXN-001981,2024-10-16,18:43:10,S0066,Imran Joshi,ACCT-517535,S0065,Prakash Mehta,ACCT-627138,3220933,INR,CASH_DEPOSIT,Yes Bank,True,Urgent transfer
TXN-001982,2024-06-13,23:35:45,S0032,Saleem Thakur,ACCT-920429,S0034,Manoj Malik,ACCT-239753,992629,INR,CASH_WITHDRAWAL,Bank of Baroda,True,Loan repayment
TXN-001983,2024-11-24,21:48:14,S0019,Hassan Rodriguez,ACCT-309442,S0013,Tariq Hernandez,ACCT-992760,78228,INR,CRYPTO,Federal Bank,False,Property deal
TXN-001984,2024-01-18,20:13:57,S0042,Rekha Thakur,ACCT-201830,S0062,Rizwan Ali,ACCT-472626,129797,INR,ONLINE_TRANSFER,Bank of Baroda,False,No remarks
TXN-001985,2024-01-13,23:03:30,S0025,Yusuf Joshi,ACCT-948846,S0030,Prakash Lopez,ACCT-701590,67802,INR,WIRE_TRANSFER,Bank of Baroda,False,Regular transfer
TXN-001986,2023-05-09,16:35:30,S0060,Kiran Ahmed,ACCT-255000,S0055,Prakash Yadav,ACCT-699286,403458,INR,WIRE_TRANSFER,Bank of Baroda,False,Commission
TXN-001987,2024-09-24,12:00:15,S0075,Imran Martinez,ACCT-269284,S0071,Rajesh Joshi,ACCT-494153,7929696,INR,ONLINE_TRANSFER,Kotak Bank,True,Business payment
TXN-001988,2023-07-18,19:50:27,S0077,Anil Pandey,ACCT-333768,S0023,Kiran Ali,ACCT-429663,53646,INR,WIRE_TRANSFER,Punjab National Bank,False,Commission
TXN-001989,2024-10-06,20:07:52,S0046,Miguel Gupta,ACCT-171601,S0027,Ramesh Patel,ACCT-748626,6992,INR,WIRE_TRANSFER,Axis Bank,False,Consulting fee
TXN-001990,2023-08-31,18:40:44,S0073,Rahul Martinez,ACCT-812241,S0077,Anil Pandey,ACCT-192013,55541,INR,HAWALA,IndusInd Bank,False,Investment return
TXN-001991,2024-11-01,10:59:19,S0045,Suman Mishra,ACCT-659892,S0055,Prakash Yadav,ACCT-287635,8931911,INR,CASH_DEPOSIT,Kotak Bank,True,Commission
TXN-001992,2023-03-22,09:53:04,S0009,Pooja Pandey,ACCT-278286,S0031,Rahul Thakur,ACCT-936803,237570,INR,CASH_WITHDRAWAL,IndusInd Bank,False,Investment return
TXN-001993,2023-09-24,18:47:23,S0078,Ashok Saxena,ACCT-494069,S0077,Anil Pandey,ACCT-805479,4613,INR,WIRE_TRANSFER,Axis Bank,False,Personal
TXN-001994,2024-08-17,20:20:43,S0079,Ravi Singh,ACCT-499106,S0049,Rahul Agarwal,ACCT-831087,826165,INR,CHECK,ICICI Bank,True,Consulting fee
TXN-001995,2024-10-10,13:04:13,S0024,Anita Lopez,ACCT-860429,S0023,Kiran Ali,ACCT-994944,6078614,INR,HAWALA,Bank of Baroda,True,Investment return
TXN-001996,2023-11-02,09:20:49,S0001,Manoj Sharma,ACCT-193622,S0005,Arjun Verma,ACCT-477706,567139,INR,CASH_DEPOSIT,Bank of Baroda,True,Property deal
TXN-001997,2024-01-03,07:59:38,S0050,Hassan Qureshi,ACCT-304193,S0049,Rahul Agarwal,ACCT-658419,7841342,INR,HAWALA,State Bank,True,Loan repayment
TXN-001998,2024-07-08,23:38:08,S0058,Arjun Roy,ACCT-835005,S0053,Vinod Hussain,ACCT-932128,89750,INR,ONLINE_TRANSFER,Punjab National Bank,False,Regular transfer
TXN-001999,2023-02-26,03:30:06,S0030,Prakash Lopez,ACCT-296406,S0080,Abdul Joshi,ACCT-288175,1333,INR,HAWALA,Bank of Baroda,False,Regular transfer
TXN-002000,2023-05-10,07:48:05,S0052,Neha Reddy,ACCT-331603,S0046,Miguel Gupta,ACCT-530856,95707,INR,CHECK,IndusInd Bank,False,Personal
