incident_id,case_id,date,time,crime_type,location,location_description,beat,district,community_area,suspect1_id,suspect1_name,suspect2_id,suspect2_name,narrative,arrest,domestic,latitude,longitude
INC-00001,FIR-2023-27987,2024-05-13,19:11:06,THEFT,"Marine Drive, Mumbai",PARK,1146,10,42,S0045,Suman Mishra,S0036,Ravi Ali,"Intelligence report: Suman Mishra and Ravi Ali are part of a network operating from Marine Drive, Mumbai. Phone intercept of +91-7911765255 revealed plans for THEFT targeting Salt Lake, Kolkata. Organization Phantom Industries is suspected to be a front for illegal activities.",True,True,28.698806,76.905417
INC-00002,FIR-2024-12733,2024-07-26,12:53:41,BURGLARY,"Salt Lake, Kolkata",PARKING LOT,803,20,59,S0049,Rahul Agarwal,S0052,Neha Reddy,"Surveillance report #FIR-2024-25096: Subject Rahul Agarwal traveled to Salt Lake, Kolkata on 2024-07-26 12:53. Met with Neha Reddy and an unidentified individual. Discussion about BURGLARY operations was overheard. Subject departed in Truck bearing plate RJ-03-RC-6129.",False,True,28.737794,76.94599
INC-00003,FIR-2023-29194,2023-11-14,12:21:40,MOTOR VEHICLE THEFT,"Banjara Hills, Hyderabad",ALLEY,908,6,20,S0076,Rahul Qureshi,S0071,Rajesh Joshi,"Intelligence report: Rahul Qureshi and Rajesh Joshi are part of a network operating from Banjara Hills, Hyderabad. Phone intercept of +91-8453831805 revealed plans for MOTOR VEHICLE THEFT targeting Abandoned Factory Block C. Organization Golden Circle Imports is suspected to be a front for illegal activities.",True,False,28.709139,77.09647
INC-00004,FIR-2023-50685,2024-11-28,20:33:09,CRIMINAL TRESPASS,Bus Terminal Underground,COMMERCIAL BUILDING,1951,2,8,S0073,Rahul Martinez,S0058,Arjun Roy,"Arrest report: Rahul Martinez apprehended on 2024-11-28 20:33 at Bus Terminal Underground in connection with CRIMINAL TRESPASS. During interrogation, Rahul Martinez revealed association with Arjun Roy and Crescent Moon Foundation. Recovered items include forged documents. Phone +91-8723469890 seized for analysis.",False,False,28.430692,77.31855
INC-00005,FIR-2023-67377,2024-08-17,20:10:55,BATTERY,"Andheri West, Mumbai",COMMERCIAL BUILDING,2246,17,21,S0012,Prakash Shah,S0007,Vikram Chauhan,"On 2024-08-17 20:10, suspect Prakash Shah was observed meeting Vikram Chauhan at Andheri West, Mumbai. The meeting lasted approximately 23 minutes. Suspect was seen carrying a mobile phones (3). Vehicle with plate TN-42-WS-9214 was parked nearby. Contact phone +91-9757993748 was intercepted.",False,False,28.513157,77.045262
INC-00006,FIR-2023-55851,2023-03-09,12:00:13,CRIMINAL DAMAGE,"Satellite, Ahmedabad",ALLEY,1705,5,77,S0044,Sanjay Khan,S0033,Anita Malik,"Arrest report: Sanjay Khan apprehended on 2023-03-09 12:00 at Satellite, Ahmedabad in connection with CRIMINAL DAMAGE. During interrogation, Sanjay Khan revealed association with Anita Malik and Silver Line Transport. Recovered items include encrypted hard drive. Phone +91-9971861645 seized for analysis.",True,False,28.550672,77.274997
INC-00007,FIR-2023-20114,2024-06-04,13:10:25,ASSAULT,"Indiranagar, Bangalore",ALLEY,514,17,70,S0017,Naveen Kumar,S0022,Abdul Chauhan,"FIR filed against Naveen Kumar for ASSAULT at Indiranagar, Bangalore on 2024-06-04 13:10. Witnesses identified accomplice Abdul Chauhan at the scene. A Truck (HR-14-HG-4116) was used to flee. Naveen Kumar is associated with Emerald Bay Enterprises.",True,False,28.750557,77.170819
INC-00008,FIR-2024-68841,2024-12-10,22:44:45,NARCOTICS,Railway Station Complex,SIDEWALK,2287,8,40,S0077,Anil Pandey,S0076,Rahul Qureshi,"On 2024-12-10 22:44, suspect Anil Pandey was observed meeting Rahul Qureshi at Railway Station Complex. The meeting lasted approximately 56 minutes. Suspect was seen carrying a encrypted hard drive. Vehicle with plate MH-79-NW-4945 was parked nearby. Contact phone +91-7477042007 was intercepted.",False,False,28.477606,77.206984
INC-00009,FIR-2023-31012,2023-10-16,13:54:12,CYBER CRIME,"Gomti Nagar, Lucknow",ALLEY,1940,17,19,S0074,Ramesh Mishra,S0060,Kiran Ahmed,"Crime scene report: CYBER CRIME occurred at Gomti Nagar, Lucknow on 2023-10-16 13:54. Evidence points to involvement of Ramesh Mishra. CCTV footage shows Kiran Ahmed in the vicinity. Vortex Communications financial records show payment of ₹870585 on same date. Phone +91-9129320527 location data places suspect at scene.",False,True,28.764202,77.290022
INC-00010,FIR-2023-95191,2023-02-24,14:26:04,CYBER CRIME,"Indiranagar, Bangalore",PARKING LOT,698,5,5,S0045,Suman Mishra,S0054,Tariq Pandey,"Intelligence report: Suman Mishra and Tariq Pandey are part of a network operating from Indiranagar, Bangalore. Phone intercept of +91-7911765255 revealed plans for CYBER CRIME targeting Salt Lake, Kolkata. Organization Phantom Industries is suspected to be a front for illegal activities.",False,False,28.588982,77.298666
INC-00011,FIR-2024-88215,2023-01-20,09:19:04,WEAPONS VIOLATION,Airport Cargo Terminal,HOTEL,167,21,66,S0061,Farooq Joshi,S0063,Mohan Hussain,"On 2023-01-20 09:19, suspect Farooq Joshi was observed meeting Mohan Hussain at Airport Cargo Terminal. The meeting lasted approximately 63 minutes. Suspect was seen carrying a encrypted hard drive. Vehicle with plate RJ-15-KH-5934 was parked nearby. Contact phone +91-7944047056 was intercepted.",True,False,28.516509,76.800939
INC-00012,FIR-2023-56805,2024-11-11,03:07:01,CYBER CRIME,"Indiranagar, Bangalore",PARK,376,12,31,S0046,Miguel Gupta,S0049,Rahul Agarwal,"On 2024-11-11 03:07, suspect Miguel Gupta was observed meeting Rahul Agarwal at Indiranagar, Bangalore. The meeting lasted approximately 70 minutes. Suspect was seen carrying a suspicious package. Vehicle with plate MH-21-KD-1420 was parked nearby. Contact phone +91-8551797747 was intercepted.",True,False,28.694075,76.999511
INC-00013,FIR-2024-81176,2024-12-02,16:54:59,MONEY LAUNDERING,45th Street Warehouse,COMMERCIAL BUILDING,1137,2,25,S0006,Sunil Hussain,S0005,Arjun Verma,"Intelligence report: Sunil Hussain and Arjun Verma are part of a network operating from 45th Street Warehouse. Phone intercept of +91-8996093227 revealed plans for MONEY LAUNDERING targeting Marine Drive, Mumbai. Organization Silver Line Transport is suspected to be a front for illegal activities.",False,False,28.712337,77.319479
INC-00014,FIR-2024-52101,2024-02-14,16:00:37,OTHER OFFENSE,"Banjara Hills, Hyderabad",RESIDENCE,427,11,38,S0043,Rekha Das,S0033,Anita Malik,"Investigation report: Rekha Das allegedly transferred funds to Anita Malik via Silver Line Transport on 2024-02-14 16:00. Transaction of ₹3622194 was flagged. Both suspects are known to frequent Banjara Hills, Hyderabad. Surveillance indicates regular communication through phone +91-8599838760.",False,False,28.687065,76.899987
INC-00015,FIR-2023-89635,2024-09-21,15:50:08,DECEPTIVE PRACTICE,45th Street Warehouse,BANK,1894,2,17,S0057,Sanjay Ahmed,S0058,Arjun Roy,Investigation report: Sanjay Ahmed allegedly transferred funds to Arjun Roy via Red Lotus Gang on 2024-09-21 15:50. Transaction of ₹3057674 was flagged. Both suspects are known to frequent 45th Street Warehouse. Surveillance indicates regular communication through phone +91-9859711607.,True,False,28.658065,77.01729
INC-00016,FIR-2024-83619,2024-01-15,13:32:40,EXTORTION,Highway NH-48 Rest Stop,RESIDENCE,1172,25,34,S0073,Rahul Martinez,S0072,Priya Martinez,"Arrest report: Rahul Martinez apprehended on 2024-01-15 13:32 at Highway NH-48 Rest Stop in connection with EXTORTION. During interrogation, Rahul Martinez revealed association with Priya Martinez and Northern Alliance Network. Recovered items include suspicious package. Phone +91-8723469890 seized for analysis.",False,False,28.644751,77.216388
INC-00017,FIR-2023-25907,2024-04-07,06:17:10,EXTORTION,"MG Road, Bangalore",SIDEWALK,668,8,64,S0063,Mohan Hussain,S0062,Rizwan Ali,"Arrest report: Mohan Hussain apprehended on 2024-04-07 06:17 at MG Road, Bangalore in connection with EXTORTION. During interrogation, Mohan Hussain revealed association with Rizwan Ali and Red Lotus Gang. Recovered items include cash bundle. Phone +91-8639980776 seized for analysis.",True,False,28.628911,77.080444
INC-00018,FIR-2023-26912,2023-11-13,14:29:47,MONEY LAUNDERING,"Gomti Nagar, Lucknow",RESTAURANT,2159,2,16,S0071,Rajesh Joshi,S0080,Abdul Joshi,"Investigation report: Rajesh Joshi allegedly transferred funds to Abdul Joshi via Vortex Communications on 2023-11-13 14:29. Transaction of ₹4349930 was flagged. Both suspects are known to frequent Gomti Nagar, Lucknow. Surveillance indicates regular communication through phone +91-9835229476.",True,False,28.464787,77.360843
INC-00019,FIR-2023-13718,2023-09-14,07:08:49,HUMAN TRAFFICKING,"Civil Lines, Lucknow",RESIDENCE,286,21,74,S0029,Kiran Ali,S0028,Ajay Agarwal,"FIR filed against Kiran Ali for HUMAN TRAFFICKING at Civil Lines, Lucknow on 2023-09-14 07:08. Witnesses identified accomplice Ajay Agarwal at the scene. A Car (KA-81-KW-9740) was used to flee. Kiran Ali is associated with Apex Trading LLC.",False,False,28.706784,77.049952
INC-00020,FIR-2024-62260,2024-05-09,08:54:56,OTHER OFFENSE,"Koregaon Park, Pune",APARTMENT,1617,17,72,S0004,Hassan Kumar,S0006,Sunil Hussain,"Crime scene report: OTHER OFFENSE occurred at Koregaon Park, Pune on 2024-05-09 08:54. Evidence points to involvement of Hassan Kumar. CCTV footage shows Sunil Hussain in the vicinity. Nighthawk Operations financial records show payment of ₹1215180 on same date. Phone +91-8808948427 location data places suspect at scene.",True,False,28.586589,76.960483
INC-00021,FIR-2023-61543,2024-01-29,22:24:18,KIDNAPPING,"Navrangpura, Ahmedabad",HOTEL,1972,8,28,S0032,Saleem Thakur,S0035,Mohan Joshi,"Crime scene report: KIDNAPPING occurred at Navrangpura, Ahmedabad on 2024-01-29 22:24. Evidence points to involvement of Saleem Thakur. CCTV footage shows Mohan Joshi in the vicinity. Falcon Express Logistics financial records show payment of ₹2598225 on same date. Phone +91-7090425118 location data places suspect at scene.",False,True,28.512543,77.158511
INC-00022,FIR-2024-82070,2024-03-17,04:52:35,DECEPTIVE PRACTICE,Railway Station Complex,ALLEY,586,5,13,S0061,Farooq Joshi,S0063,Mohan Hussain,"Intelligence report: Farooq Joshi and Mohan Hussain are part of a network operating from Railway Station Complex. Phone intercept of +91-7944047056 revealed plans for DECEPTIVE PRACTICE targeting Indiranagar, Bangalore. Organization Diamond Rock Mining is suspected to be a front for illegal activities.",False,False,28.794715,77.134699
INC-00023,FIR-2024-31299,2024-09-08,18:32:11,OTHER OFFENSE,"Gomti Nagar, Lucknow",RESTAURANT,1325,19,44,S0047,Pooja Hussain,S0026,Ramesh Lopez,"Crime scene report: OTHER OFFENSE occurred at Gomti Nagar, Lucknow on 2024-09-08 18:32. Evidence points to involvement of Pooja Hussain. CCTV footage shows Ramesh Lopez in the vicinity. Red Lotus Gang financial records show payment of ₹1182567 on same date. Phone +91-8940192213 location data places suspect at scene.",False,False,28.519916,77.289449
INC-00024,FIR-2023-14138,2024-08-20,11:12:07,ASSAULT,"Malviya Nagar, Jaipur",GAS STATION,550,7,3,S0048,Abdul Garcia,S0046,Miguel Gupta,"On 2024-08-20 11:12, suspect Abdul Garcia was observed meeting Miguel Gupta at Malviya Nagar, Jaipur. The meeting lasted approximately 71 minutes. Suspect was seen carrying a laptop bag. Vehicle with plate GJ-34-XV-4728 was parked nearby. Contact phone +91-8745666148 was intercepted.",False,False,28.460573,77.2143
INC-00025,FIR-2024-89963,2023-03-05,05:01:38,CYBER CRIME,"Aundh, Pune",COMMERCIAL BUILDING,887,8,36,S0053,Vinod Hussain,S0058,Arjun Roy,"FIR filed against Vinod Hussain for CYBER CRIME at Aundh, Pune on 2023-03-05 05:01. Witnesses identified accomplice Arjun Roy at the scene. A SUV (HR-85-ST-7173) was used to flee. Vinod Hussain is associated with Phantom Industries.",False,False,28.789164,76.978569
INC-00026,FIR-2023-55398,2023-11-21,17:28:08,OFFENSE INVOLVING CHILDREN,"Satellite, Ahmedabad",VEHICLE,1911,21,33,S0037,Suman Agarwal,S0063,Mohan Hussain,"Surveillance report #FIR-2023-47700: Subject Suman Agarwal traveled to Satellite, Ahmedabad on 2023-11-21 17:28. Met with Mohan Hussain and an unidentified individual. Discussion about OFFENSE INVOLVING CHILDREN operations was overheard. Subject departed in Van bearing plate UP-37-DV-9899.",False,False,28.731181,76.96268
INC-00027,FIR-2024-53292,2024-09-22,21:21:57,MOTOR VEHICLE THEFT,"Navrangpura, Ahmedabad",SCHOOL,2034,4,18,S0072,Priya Martinez,S0074,Ramesh Mishra,"On 2024-09-22 21:21, suspect Priya Martinez was observed meeting Ramesh Mishra at Navrangpura, Ahmedabad. The meeting lasted approximately 77 minutes. Suspect was seen carrying a duffel bag. Vehicle with plate KA-64-BE-9229 was parked nearby. Contact phone +91-8873660196 was intercepted.",True,False,28.791164,76.894765
INC-00028,FIR-2023-49110,2023-11-25,10:23:29,BATTERY,River Bridge Underpass,GAS STATION,539,11,37,S0061,Farooq Joshi,S0060,Kiran Ahmed,"On 2023-11-25 10:23, suspect Farooq Joshi was observed meeting Kiran Ahmed at River Bridge Underpass. The meeting lasted approximately 60 minutes. Suspect was seen carrying a unregistered firearm. Vehicle with plate TN-69-BF-7846 was parked nearby. Contact phone +91-7944047056 was intercepted.",False,False,28.61732,77.096347
INC-00029,FIR-2024-66059,2023-10-07,07:01:12,CRIMINAL DAMAGE,"Banjara Hills, Hyderabad",HOTEL,1443,3,52,S0018,Sanjay Agarwal,S0060,Kiran Ahmed,"FIR filed against Sanjay Agarwal for CRIMINAL DAMAGE at Banjara Hills, Hyderabad on 2023-10-07 07:01. Witnesses identified accomplice Kiran Ahmed at the scene. A Auto-rickshaw (KA-94-RX-5215) was used to flee. Sanjay Agarwal is associated with Phantom Industries.",True,False,28.456245,76.994161
INC-00030,FIR-2024-58174,2024-04-02,09:43:15,CRIMINAL TRESPASS,"Koregaon Park, Pune",GAS STATION,1004,8,18,S0032,Saleem Thakur,S0033,Anita Malik,"Investigation report: Saleem Thakur allegedly transferred funds to Anita Malik via Falcon Express Logistics on 2024-04-02 09:43. Transaction of ₹3410881 was flagged. Both suspects are known to frequent Koregaon Park, Pune. Surveillance indicates regular communication through phone +91-7090425118.",False,False,28.699094,77.163443
INC-00031,FIR-2023-31566,2024-07-04,07:57:07,MOTOR VEHICLE THEFT,Industrial Zone B-12,PARKING LOT,2231,15,15,S0054,Tariq Pandey,S0061,Farooq Joshi,Investigation report: Tariq Pandey allegedly transferred funds to Farooq Joshi via Bluestone Holdings on 2024-07-04 07:57. Transaction of ₹4250332 was flagged. Both suspects are known to frequent Industrial Zone B-12. Surveillance indicates regular communication through phone +91-8152869473.,True,False,28.595531,77.339334
INC-00032,FIR-2023-38560,2023-05-16,18:41:12,KIDNAPPING,"Andheri West, Mumbai",GAS STATION,399,2,55,S0058,Arjun Roy,S0059,Geeta Hernandez,"Crime scene report: KIDNAPPING occurred at Andheri West, Mumbai on 2023-05-16 18:41. Evidence points to involvement of Arjun Roy. CCTV footage shows Geeta Hernandez in the vicinity. Red Lotus Gang financial records show payment of ₹192623 on same date. Phone +91-7497129555 location data places suspect at scene.",False,False,28.616465,76.836153
INC-00033,FIR-2024-25549,2023-02-02,10:27:09,KIDNAPPING,"Anna Nagar, Chennai",APARTMENT,2300,13,68,S0009,Pooja Pandey,S0061,Farooq Joshi,"Surveillance report #FIR-2023-95660: Subject Pooja Pandey traveled to Anna Nagar, Chennai on 2023-02-02 10:27. Met with Farooq Joshi and an unidentified individual. Discussion about KIDNAPPING operations was overheard. Subject departed in SUV bearing plate KA-99-XX-7887.",True,False,28.489076,76.802084
INC-00034,FIR-2023-41544,2024-11-20,19:49:21,KIDNAPPING,"Satellite, Ahmedabad",SIDEWALK,375,4,77,S0003,Kiran Qureshi,S0060,Kiran Ahmed,"Intelligence report: Kiran Qureshi and Kiran Ahmed are part of a network operating from Satellite, Ahmedabad. Phone intercept of +91-7303959797 revealed plans for KIDNAPPING targeting River Bridge Underpass. Organization Silver Line Transport is suspected to be a front for illegal activities.",True,False,28.668809,77.323327
INC-00035,FIR-2023-96535,2024-03-25,08:31:55,HUMAN TRAFFICKING,"Aundh, Pune",HOTEL,1005,14,39,S0032,Saleem Thakur,S0052,Neha Reddy,"Confidential informant reports that Saleem Thakur has been coordinating with Neha Reddy through encrypted communications. Activities centered around Aundh, Pune and Kothrud, Pune. Financial trail leads to Falcon Express Logistics. Estimated proceeds: ₹2699933.",False,True,28.779408,77.327828
INC-00036,FIR-2023-80507,2024-05-22,01:42:25,OFFENSE INVOLVING CHILDREN,45th Street Warehouse,COMMERCIAL BUILDING,1087,8,39,S0023,Kiran Ali,S0030,Prakash Lopez,Confidential informant reports that Kiran Ali has been coordinating with Prakash Lopez through encrypted communications. Activities centered around 45th Street Warehouse and Old Market Area. Financial trail leads to Silver Line Transport. Estimated proceeds: ₹1261728.,True,False,28.765896,77.137432
INC-00037,FIR-2023-72835,2023-09-06,09:17:02,WEAPONS VIOLATION,"Banjara Hills, Hyderabad",SIDEWALK,1463,10,2,S0054,Tariq Pandey,S0058,Arjun Roy,"Intelligence report: Tariq Pandey and Arjun Roy are part of a network operating from Banjara Hills, Hyderabad. Phone intercept of +91-8152869473 revealed plans for WEAPONS VIOLATION targeting Marine Drive, Mumbai. Organization Bluestone Holdings is suspected to be a front for illegal activities.",True,False,28.784831,76.87039
INC-00038,FIR-2024-57139,2024-12-21,07:26:45,OTHER OFFENSE,River Bridge Underpass,HOTEL,2136,15,13,S0062,Rizwan Ali,S0078,Ashok Saxena,Confidential informant reports that Rizwan Ali has been coordinating with Ashok Saxena through encrypted communications. Activities centered around River Bridge Underpass and Highway NH-48 Rest Stop. Financial trail leads to Iron Gate Security. Estimated proceeds: ₹3921192.,False,False,28.528093,76.921876
INC-00039,FIR-2023-75444,2023-01-17,09:29:40,HUMAN TRAFFICKING,River Bridge Underpass,HOTEL,1482,9,63,S0041,Anil Chauhan,S0035,Mohan Joshi,Surveillance report #FIR-2023-59786: Subject Anil Chauhan traveled to River Bridge Underpass on 2023-01-17 09:29. Met with Mohan Joshi and an unidentified individual. Discussion about HUMAN TRAFFICKING operations was overheard. Subject departed in Car bearing plate RJ-43-UR-7812.,False,False,28.693109,77.011306
INC-00040,FIR-2023-76287,2023-07-08,19:44:18,BATTERY,"Gomti Nagar, Lucknow",COMMERCIAL BUILDING,1628,2,62,S0018,Sanjay Agarwal,S0063,Mohan Hussain,"FIR filed against Sanjay Agarwal for BATTERY at Gomti Nagar, Lucknow on 2023-07-08 19:44. Witnesses identified accomplice Mohan Hussain at the scene. A Van (DL-10-YB-1104) was used to flee. Sanjay Agarwal is associated with Phantom Industries.",False,True,28.612885,77.046803
INC-00041,FIR-2023-58896,2023-10-21,00:37:26,CYBER CRIME,Airport Cargo Terminal,RESTAURANT,1980,19,32,S0003,Kiran Qureshi,S0004,Hassan Kumar,"Intelligence report: Kiran Qureshi and Hassan Kumar are part of a network operating from Airport Cargo Terminal. Phone intercept of +91-7303959797 revealed plans for CYBER CRIME targeting Malviya Nagar, Jaipur. Organization Vortex Communications is suspected to be a front for illegal activities.",True,False,28.731225,76.84837
INC-00042,FIR-2023-40115,2024-07-19,17:19:50,BATTERY,45th Street Warehouse,SIDEWALK,2421,16,35,S0005,Arjun Verma,S0003,Kiran Qureshi,FIR filed against Arjun Verma for BATTERY at 45th Street Warehouse on 2024-07-19 17:19. Witnesses identified accomplice Kiran Qureshi at the scene. A SUV (GJ-82-MF-7065) was used to flee. Arjun Verma is associated with Shadow Syndicate.,True,False,28.673771,76.968224
INC-00043,FIR-2023-83919,2023-11-19,00:34:12,WEAPONS VIOLATION,"Kothrud, Pune",SIDEWALK,2421,13,70,S0070,Ajay Mehta,S0069,Mohan Das,"FIR filed against Ajay Mehta for WEAPONS VIOLATION at Kothrud, Pune on 2023-11-19 00:34. Witnesses identified accomplice Mohan Das at the scene. A Truck (KA-09-JP-6568) was used to flee. Ajay Mehta is associated with Phantom Industries.",False,False,28.695898,77.274299
INC-00044,FIR-2024-66603,2023-04-11,15:54:50,MOTOR VEHICLE THEFT,Airport Cargo Terminal,APARTMENT,2499,22,49,S0011,Hassan Qureshi,S0007,Vikram Chauhan,"On 2023-04-11 15:54, suspect Hassan Qureshi was observed meeting Vikram Chauhan at Airport Cargo Terminal. The meeting lasted approximately 44 minutes. Suspect was seen carrying a unregistered firearm. Vehicle with plate HR-78-WW-7499 was parked nearby. Contact phone +91-7365548469 was intercepted.",True,False,28.518152,76.94787
INC-00045,FIR-2023-66489,2024-12-29,23:04:46,ROBBERY,Railway Station Complex,COMMERCIAL BUILDING,2381,18,66,S0010,Kavita Thakur,S0006,Sunil Hussain,Crime scene report: ROBBERY occurred at Railway Station Complex on 2024-12-29 23:04. Evidence points to involvement of Kavita Thakur. CCTV footage shows Sunil Hussain in the vicinity. Silver Line Transport financial records show payment of ₹867579 on same date. Phone +91-8733842953 location data places suspect at scene.,False,True,28.435848,77.132532
INC-00046,FIR-2024-49469,2023-01-13,10:37:33,KIDNAPPING,"Salt Lake, Kolkata",ALLEY,2119,5,9,S0077,Anil Pandey,S0080,Abdul Joshi,"Intelligence report: Anil Pandey and Abdul Joshi are part of a network operating from Salt Lake, Kolkata. Phone intercept of +91-7477042007 revealed plans for KIDNAPPING targeting Kothrud, Pune. Organization Northern Alliance Network is suspected to be a front for illegal activities.",True,False,28.568441,77.090539
INC-00047,FIR-2023-49378,2024-08-31,22:27:08,WEAPONS VIOLATION,"Andheri West, Mumbai",PARKING LOT,922,16,41,S0010,Kavita Thakur,S0006,Sunil Hussain,"Surveillance report #FIR-2024-66441: Subject Kavita Thakur traveled to Andheri West, Mumbai on 2024-08-31 22:27. Met with Sunil Hussain and an unidentified individual. Discussion about WEAPONS VIOLATION operations was overheard. Subject departed in Truck bearing plate KA-39-AN-6443.",True,False,28.78749,76.974869
INC-00048,FIR-2024-48185,2023-11-30,13:41:30,DECEPTIVE PRACTICE,Airport Cargo Terminal,WAREHOUSE,383,14,64,S0063,Mohan Hussain,S0032,Saleem Thakur,FIR filed against Mohan Hussain for DECEPTIVE PRACTICE at Airport Cargo Terminal on 2023-11-30 13:41. Witnesses identified accomplice Saleem Thakur at the scene. A Truck (RJ-47-DV-4273) was used to flee. Mohan Hussain is associated with Red Lotus Gang.,True,False,28.496808,77.195198
INC-00049,FIR-2023-83822,2024-04-04,21:46:12,MONEY LAUNDERING,"Kothrud, Pune",BANK,1736,25,43,S0055,Prakash Yadav,S0010,Kavita Thakur,"Investigation report: Prakash Yadav allegedly transferred funds to Kavita Thakur via Silver Line Transport on 2024-04-04 21:46. Transaction of ₹2988029 was flagged. Both suspects are known to frequent Kothrud, Pune. Surveillance indicates regular communication through phone +91-7906087278.",False,True,28.439443,76.933201
INC-00050,FIR-2024-69681,2023-08-15,16:13:49,OFFENSE INVOLVING CHILDREN,"Salt Lake, Kolkata",PARK,947,17,62,S0067,Rajesh Ali,S0066,Imran Joshi,"Surveillance report #FIR-2024-50880: Subject Rajesh Ali traveled to Salt Lake, Kolkata on 2023-08-15 16:13. Met with Imran Joshi and an unidentified individual. Discussion about OFFENSE INVOLVING CHILDREN operations was overheard. Subject departed in SUV bearing plate KA-45-AS-2712.",False,False,28.575266,77.218058
INC-00051,FIR-2023-53383,2023-01-24,12:29:27,CRIMINAL DAMAGE,Industrial Zone B-12,HOTEL,1846,15,30,S0041,Anil Chauhan,S0035,Mohan Joshi,FIR filed against Anil Chauhan for CRIMINAL DAMAGE at Industrial Zone B-12 on 2023-01-24 12:29. Witnesses identified accomplice Mohan Joshi at the scene. A Car (RJ-43-UR-7812) was used to flee. Anil Chauhan is associated with Apex Trading LLC.,False,False,28.474555,77.194385
INC-00052,FIR-2024-79168,2024-08-29,15:38:22,OTHER OFFENSE,"Sector 15, New Delhi",BANK,1383,20,50,S0051,Vinod Qureshi,S0050,Hassan Qureshi,"FIR filed against Vinod Qureshi for OTHER OFFENSE at Sector 15, New Delhi on 2024-08-29 15:38. Witnesses identified accomplice Hassan Qureshi at the scene. A Truck (TN-27-JC-2667) was used to flee. Vinod Qureshi is associated with Zenith Capital Group.",False,False,28.53917,77.307311
INC-00053,FIR-2023-73788,2024-08-27,03:05:08,ROBBERY,"Banjara Hills, Hyderabad",BANK,2301,23,23,S0080,Abdul Joshi,S0007,Vikram Chauhan,"FIR filed against Abdul Joshi for ROBBERY at Banjara Hills, Hyderabad on 2024-08-27 03:05. Witnesses identified accomplice Vikram Chauhan at the scene. A SUV (MH-31-KD-3999) was used to flee. Abdul Joshi is associated with Red Lotus Gang.",True,False,28.456119,76.988748
INC-00054,FIR-2023-20835,2024-05-11,04:58:15,WEAPONS VIOLATION,Airport Cargo Terminal,GAS STATION,226,25,29,S0058,Arjun Roy,S0057,Sanjay Ahmed,Crime scene report: WEAPONS VIOLATION occurred at Airport Cargo Terminal on 2024-05-11 04:58. Evidence points to involvement of Arjun Roy. CCTV footage shows Sanjay Ahmed in the vicinity. Silver Line Transport financial records show payment of ₹3496560 on same date. Phone +91-7497129555 location data places suspect at scene.,False,True,28.489937,76.973202
INC-00055,FIR-2024-44447,2024-06-07,04:07:18,CRIMINAL DAMAGE,"Civil Lines, Lucknow",PARKING LOT,456,15,16,S0059,Geeta Hernandez,S0044,Sanjay Khan,"Surveillance report #FIR-2024-14224: Subject Geeta Hernandez traveled to Civil Lines, Lucknow on 2024-06-07 04:07. Met with Sanjay Khan and an unidentified individual. Discussion about CRIMINAL DAMAGE operations was overheard. Subject departed in Motorcycle bearing plate HR-70-BR-9951.",True,False,28.695045,77.21348
INC-00056,FIR-2024-47923,2023-05-23,07:31:22,WEAPONS VIOLATION,Port District Dock 7,GAS STATION,1195,17,13,S0079,Ravi Singh,S0073,Rahul Martinez,"On 2023-05-23 07:31, suspect Ravi Singh was observed meeting Rahul Martinez at Port District Dock 7. The meeting lasted approximately 54 minutes. Suspect was seen carrying a chemical substances. Vehicle with plate RJ-62-DH-7248 was parked nearby. Contact phone +91-8925349210 was intercepted.",True,False,28.714276,77.351261
INC-00057,FIR-2024-92288,2024-12-19,04:49:52,MOTOR VEHICLE THEFT,"Jubilee Hills, Hyderabad",RESTAURANT,1636,15,10,S0036,Ravi Ali,S0017,Naveen Kumar,"Confidential informant reports that Ravi Ali has been coordinating with Naveen Kumar through encrypted communications. Activities centered around Jubilee Hills, Hyderabad and Airport Cargo Terminal. Financial trail leads to Iron Gate Security. Estimated proceeds: ₹3304212.",True,False,28.699921,77.216822
INC-00058,FIR-2024-54270,2024-08-18,00:05:24,BURGLARY,Railway Station Complex,HOTEL,2467,5,73,S0048,Abdul Garcia,S0047,Pooja Hussain,Surveillance report #FIR-2024-52318: Subject Abdul Garcia traveled to Railway Station Complex on 2024-08-18 00:05. Met with Pooja Hussain and an unidentified individual. Discussion about BURGLARY operations was overheard. Subject departed in Truck bearing plate GJ-82-YM-2037.,False,False,28.757662,77.257352
INC-00059,FIR-2023-16787,2023-05-08,05:45:07,EXTORTION,"Andheri West, Mumbai",RESTAURANT,1351,24,30,S0006,Sunil Hussain,S0005,Arjun Verma,"Arrest report: Sunil Hussain apprehended on 2023-05-08 05:45 at Andheri West, Mumbai in connection with EXTORTION. During interrogation, Sunil Hussain revealed association with Arjun Verma and Silver Line Transport. Recovered items include mobile phones (3). Phone +91-8996093227 seized for analysis.",False,False,28.681479,76.800652
INC-00060,FIR-2023-60209,2024-11-27,16:12:15,ASSAULT,"Sector 15, New Delhi",RESIDENCE,519,4,41,S0062,Rizwan Ali,S0063,Mohan Hussain,"Investigation report: Rizwan Ali allegedly transferred funds to Mohan Hussain via Crescent Moon Foundation on 2024-11-27 16:12. Transaction of ₹1118765 was flagged. Both suspects are known to frequent Sector 15, New Delhi. Surveillance indicates regular communication through phone +91-7376081376.",False,False,28.454852,77.264076
INC-00061,FIR-2024-56076,2023-03-12,19:18:54,ASSAULT,"Malviya Nagar, Jaipur",RESTAURANT,1388,5,32,S0018,Sanjay Agarwal,S0019,Hassan Rodriguez,"Crime scene report: ASSAULT occurred at Malviya Nagar, Jaipur on 2023-03-12 19:18. Evidence points to involvement of Sanjay Agarwal. CCTV footage shows Hassan Rodriguez in the vicinity. Phantom Industries financial records show payment of ₹852762 on same date. Phone +91-8515942742 location data places suspect at scene.",False,False,28.499267,77.160599
INC-00062,FIR-2023-57329,2023-07-30,18:51:02,CYBER CRIME,"Aundh, Pune",VEHICLE,1396,5,50,S0078,Ashok Saxena,S0073,Rahul Martinez,"Investigation report: Ashok Saxena allegedly transferred funds to Rahul Martinez via Silver Line Transport on 2023-07-30 18:51. Transaction of ₹4992244 was flagged. Both suspects are known to frequent Aundh, Pune. Surveillance indicates regular communication through phone +91-8505943466.",False,False,28.673177,77.257636
INC-00063,FIR-2023-50620,2023-09-26,07:51:17,BATTERY,River Bridge Underpass,RESIDENCE,2194,7,20,S0010,Kavita Thakur,S0006,Sunil Hussain,Surveillance report #FIR-2023-46368: Subject Kavita Thakur traveled to River Bridge Underpass on 2023-09-26 07:51. Met with Sunil Hussain and an unidentified individual. Discussion about BATTERY operations was overheard. Subject departed in Van bearing plate RJ-65-KX-9209.,False,False,28.653718,77.300716
INC-00064,FIR-2024-55443,2023-03-01,08:54:04,BURGLARY,River Bridge Underpass,HOTEL,2218,24,34,S0009,Pooja Pandey,S0005,Arjun Verma,FIR filed against Pooja Pandey for BURGLARY at River Bridge Underpass on 2023-03-01 08:54. Witnesses identified accomplice Arjun Verma at the scene. A SUV (RJ-15-RW-1901) was used to flee. Pooja Pandey is associated with Golden Circle Imports.,True,False,28.699911,77.324076
INC-00065,FIR-2023-43438,2023-12-10,15:37:52,DECEPTIVE PRACTICE,"Gomti Nagar, Lucknow",PARK,521,19,15,S0016,Arjun Shah,S0004,Hassan Kumar,"Crime scene report: DECEPTIVE PRACTICE occurred at Gomti Nagar, Lucknow on 2023-12-10 15:37. Evidence points to involvement of Arjun Shah. CCTV footage shows Hassan Kumar in the vicinity. Northern Alliance Network financial records show payment of ₹4201032 on same date. Phone +91-9192173624 location data places suspect at scene.",True,False,28.401027,77.315213
INC-00066,FIR-2023-84912,2024-01-28,05:27:51,NARCOTICS,River Bridge Underpass,PARKING LOT,589,17,7,S0002,Suresh Sharma,S0005,Arjun Verma,Surveillance report #FIR-2024-45554: Subject Suresh Sharma traveled to River Bridge Underpass on 2024-01-28 05:27. Met with Arjun Verma and an unidentified individual. Discussion about NARCOTICS operations was overheard. Subject departed in SUV bearing plate UP-01-FP-6574.,True,False,28.60631,76.827557
INC-00067,FIR-2024-35614,2023-11-15,11:54:59,BURGLARY,"Satellite, Ahmedabad",SCHOOL,2338,25,32,S0052,Neha Reddy,S0046,Miguel Gupta,"Arrest report: Neha Reddy apprehended on 2023-11-15 11:54 at Satellite, Ahmedabad in connection with BURGLARY. During interrogation, Neha Reddy revealed association with Miguel Gupta and Iron Gate Security. Recovered items include duffel bag. Phone +91-8821211330 seized for analysis.",True,True,28.564014,76.939799
INC-00068,FIR-2023-28661,2023-01-02,23:55:54,OTHER OFFENSE,Bus Terminal Underground,SCHOOL,1246,3,6,S0045,Suman Mishra,S0036,Ravi Ali,"Arrest report: Suman Mishra apprehended on 2023-01-02 23:55 at Bus Terminal Underground in connection with OTHER OFFENSE. During interrogation, Suman Mishra revealed association with Ravi Ali and Phantom Industries. Recovered items include chemical substances. Phone +91-7911765255 seized for analysis.",True,False,28.607904,77.220508
INC-00069,FIR-2024-69343,2024-08-17,03:28:47,CYBER CRIME,"Jubilee Hills, Hyderabad",ALLEY,1056,3,26,S0048,Abdul Garcia,S0050,Hassan Qureshi,"FIR filed against Abdul Garcia for CYBER CRIME at Jubilee Hills, Hyderabad on 2024-08-17 03:28. Witnesses identified accomplice Hassan Qureshi at the scene. A Van (RJ-10-VV-2020) was used to flee. Abdul Garcia is associated with Crescent Moon Foundation.",True,False,28.633883,76.893246
INC-00070,FIR-2023-21955,2023-05-04,19:30:44,OFFENSE INVOLVING CHILDREN,Highway NH-48 Rest Stop,SCHOOL,1116,12,51,S0022,Abdul Chauhan,S0015,Arjun Mishra,FIR filed against Abdul Chauhan for OFFENSE INVOLVING CHILDREN at Highway NH-48 Rest Stop on 2023-05-04 19:30. Witnesses identified accomplice Arjun Mishra at the scene. A Car (GJ-40-RJ-2964) was used to flee. Abdul Chauhan is associated with Bluestone Holdings.,True,False,28.504067,77.394406
INC-00071,FIR-2024-19828,2024-07-23,20:01:45,MOTOR VEHICLE THEFT,"Park Street, Kolkata",STREET,364,7,57,S0004,Hassan Kumar,S0058,Arjun Roy,"FIR filed against Hassan Kumar for MOTOR VEHICLE THEFT at Park Street, Kolkata on 2024-07-23 20:01. Witnesses identified accomplice Arjun Roy at the scene. A Motorcycle (MH-18-DA-2010) was used to flee. Hassan Kumar is associated with Nighthawk Operations.",True,True,28.73891,77.285332
INC-00072,FIR-2023-90492,2023-06-22,20:53:40,KIDNAPPING,Airport Cargo Terminal,GAS STATION,1106,21,38,S0016,Arjun Shah,S0017,Naveen Kumar,"Confidential informant reports that Arjun Shah has been coordinating with Naveen Kumar through encrypted communications. Activities centered around Airport Cargo Terminal and Aundh, Pune. Financial trail leads to Silver Line Transport. Estimated proceeds: ₹2357590.",False,False,28.620275,76.836587
INC-00073,FIR-2024-55093,2024-10-20,19:08:39,MOTOR VEHICLE THEFT,45th Street Warehouse,VEHICLE,2416,17,42,S0036,Ravi Ali,S0033,Anita Malik,"On 2024-10-20 19:08, suspect Ravi Ali was observed meeting Anita Malik at 45th Street Warehouse. The meeting lasted approximately 110 minutes. Suspect was seen carrying a cash bundle. Vehicle with plate TN-19-AB-5011 was parked nearby. Contact phone +91-8689097012 was intercepted.",False,False,28.410425,77.15827
INC-00074,FIR-2023-41005,2023-03-01,17:10:24,CYBER CRIME,"Indiranagar, Bangalore",GAS STATION,1402,24,46,S0004,Hassan Kumar,S0036,Ravi Ali,"On 2023-03-01 17:10, suspect Hassan Kumar was observed meeting Ravi Ali at Indiranagar, Bangalore. The meeting lasted approximately 38 minutes. Suspect was seen carrying a forged documents. Vehicle with plate KA-13-HY-4951 was parked nearby. Contact phone +91-8808948427 was intercepted.",True,False,28.540673,77.140591
INC-00075,FIR-2024-10089,2024-07-09,11:15:08,NARCOTICS,"Velachery, Chennai",PARKING LOT,925,5,44,S0019,Hassan Rodriguez,S0020,Ajay Yadav,"On 2024-07-09 11:15, suspect Hassan Rodriguez was observed meeting Ajay Yadav at Velachery, Chennai. The meeting lasted approximately 17 minutes. Suspect was seen carrying a duffel bag. Vehicle with plate DL-50-JR-5673 was parked nearby. Contact phone +91-9469240982 was intercepted.",True,False,28.737714,76.994153
INC-00076,FIR-2024-39260,2023-04-24,19:09:42,OFFENSE INVOLVING CHILDREN,"MG Road, Bangalore",BANK,818,13,40,S0003,Kiran Qureshi,S0002,Suresh Sharma,"FIR filed against Kiran Qureshi for OFFENSE INVOLVING CHILDREN at MG Road, Bangalore on 2023-04-24 19:09. Witnesses identified accomplice Suresh Sharma at the scene. A SUV (RJ-76-DL-5944) was used to flee. Kiran Qureshi is associated with Diamond Rock Mining.",False,True,28.691532,77.369273
INC-00077,FIR-2023-44761,2023-07-06,21:55:56,CRIMINAL TRESPASS,River Bridge Underpass,SIDEWALK,1122,23,9,S0074,Ramesh Mishra,S0079,Ravi Singh,"Confidential informant reports that Ramesh Mishra has been coordinating with Ravi Singh through encrypted communications. Activities centered around River Bridge Underpass and Banjara Hills, Hyderabad. Financial trail leads to Iron Gate Security. Estimated proceeds: ₹754287.",False,False,28.443214,76.800769
INC-00078,FIR-2024-23726,2024-02-28,17:57:09,OTHER OFFENSE,"Indiranagar, Bangalore",RESIDENCE,1500,6,49,S0050,Hassan Qureshi,S0049,Rahul Agarwal,"Crime scene report: OTHER OFFENSE occurred at Indiranagar, Bangalore on 2024-02-28 17:57. Evidence points to involvement of Hassan Qureshi. CCTV footage shows Rahul Agarwal in the vicinity. Phantom Industries financial records show payment of ₹2483872 on same date. Phone +91-8427287656 location data places suspect at scene.",True,False,28.618819,77.338875
INC-00079,FIR-2024-48980,2024-03-17,23:47:53,NARCOTICS,"Malviya Nagar, Jaipur",SIDEWALK,492,2,51,S0012,Prakash Shah,S0007,Vikram Chauhan,"Intelligence report: Prakash Shah and Vikram Chauhan are part of a network operating from Malviya Nagar, Jaipur. Phone intercept of +91-9757993748 revealed plans for NARCOTICS targeting Connaught Place, New Delhi. Organization Diamond Rock Mining is suspected to be a front for illegal activities.",False,False,28.544332,77.056564
INC-00080,FIR-2024-34232,2024-05-06,07:16:11,CRIMINAL DAMAGE,"Sector 15, New Delhi",PARKING LOT,1662,12,24,S0038,Ashok Patel,S0077,Anil Pandey,"Arrest report: Ashok Patel apprehended on 2024-05-06 07:16 at Sector 15, New Delhi in connection with CRIMINAL DAMAGE. During interrogation, Ashok Patel revealed association with Anil Pandey and Bluestone Holdings. Recovered items include unregistered firearm. Phone +91-7164583060 seized for analysis.",False,True,28.575896,76.95804
INC-00081,FIR-2023-75811,2023-03-29,12:31:01,HUMAN TRAFFICKING,"Connaught Place, New Delhi",GAS STATION,2216,19,19,S0035,Mohan Joshi,S0031,Rahul Thakur,"Crime scene report: HUMAN TRAFFICKING occurred at Connaught Place, New Delhi on 2023-03-29 12:31. Evidence points to involvement of Mohan Joshi. CCTV footage shows Rahul Thakur in the vicinity. Nighthawk Operations financial records show payment of ₹2516953 on same date. Phone +91-9574786019 location data places suspect at scene.",True,False,28.579616,77.369437
INC-00082,FIR-2024-11620,2023-05-10,01:33:13,KIDNAPPING,"MG Road, Bangalore",PARK,2240,14,15,S0022,Abdul Chauhan,S0025,Yusuf Joshi,"Investigation report: Abdul Chauhan allegedly transferred funds to Yusuf Joshi via Vortex Communications on 2023-05-10 01:33. Transaction of ₹3343255 was flagged. Both suspects are known to frequent MG Road, Bangalore. Surveillance indicates regular communication through phone +91-9029520745.",False,True,28.626638,77.149606
INC-00083,FIR-2024-14910,2023-04-14,10:24:58,HUMAN TRAFFICKING,Abandoned Factory Block C,APARTMENT,1228,13,19,S0013,Tariq Hernandez,S0073,Rahul Martinez,Confidential informant reports that Tariq Hernandez has been coordinating with Rahul Martinez through encrypted communications. Activities centered around Abandoned Factory Block C and Abandoned Factory Block C. Financial trail leads to Iron Gate Security. Estimated proceeds: ₹3223201.,False,True,28.75583,76.998896
INC-00084,FIR-2024-68079,2024-01-17,00:44:11,CRIMINAL TRESPASS,Airport Cargo Terminal,PARK,1414,9,54,S0031,Rahul Thakur,S0038,Ashok Patel,"Arrest report: Rahul Thakur apprehended on 2024-01-17 00:44 at Airport Cargo Terminal in connection with CRIMINAL TRESPASS. During interrogation, Rahul Thakur revealed association with Ashok Patel and Emerald Bay Enterprises. Recovered items include unregistered firearm. Phone +91-7728836158 seized for analysis.",True,False,28.484556,77.294382
INC-00085,FIR-2024-16626,2023-02-27,18:45:37,NARCOTICS,"MG Road, Bangalore",VEHICLE,1576,23,26,S0063,Mohan Hussain,S0048,Abdul Garcia,"On 2023-02-27 18:45, suspect Mohan Hussain was observed meeting Abdul Garcia at MG Road, Bangalore. The meeting lasted approximately 34 minutes. Suspect was seen carrying a duffel bag. Vehicle with plate UP-91-TN-3222 was parked nearby. Contact phone +91-8639980776 was intercepted.",False,False,28.585687,77.038165
INC-00086,FIR-2023-98826,2024-05-15,21:37:42,EXTORTION,"Anna Nagar, Chennai",SIDEWALK,1202,21,53,S0016,Arjun Shah,S0014,Yusuf Patel,"On 2024-05-15 21:37, suspect Arjun Shah was observed meeting Yusuf Patel at Anna Nagar, Chennai. The meeting lasted approximately 16 minutes. Suspect was seen carrying a laptop bag. Vehicle with plate HR-45-FJ-2480 was parked nearby. Contact phone +91-9192173624 was intercepted.",True,False,28.786855,77.20932
INC-00087,FIR-2023-10963,2024-09-07,00:18:29,MOTOR VEHICLE THEFT,"Civil Lines, Lucknow",HOTEL,1632,18,77,S0061,Farooq Joshi,S0023,Kiran Ali,"Intelligence report: Farooq Joshi and Kiran Ali are part of a network operating from Civil Lines, Lucknow. Phone intercept of +91-7944047056 revealed plans for MOTOR VEHICLE THEFT targeting Andheri West, Mumbai. Organization Emerald Bay Enterprises is suspected to be a front for illegal activities.",False,False,28.443242,76.838302
INC-00088,FIR-2024-99228,2024-11-02,23:43:09,THEFT,"Aundh, Pune",APARTMENT,204,21,64,S0036,Ravi Ali,S0033,Anita Malik,"FIR filed against Ravi Ali for THEFT at Aundh, Pune on 2024-11-02 23:43. Witnesses identified accomplice Anita Malik at the scene. A Van (TN-19-AB-5011) was used to flee. Ravi Ali is associated with Iron Gate Security.",False,False,28.567426,77.032965
INC-00089,FIR-2023-71706,2024-12-31,08:05:45,HUMAN TRAFFICKING,45th Street Warehouse,APARTMENT,1159,24,72,S0005,Arjun Verma,S0011,Hassan Qureshi,"Confidential informant reports that Arjun Verma has been coordinating with Hassan Qureshi through encrypted communications. Activities centered around 45th Street Warehouse and Gomti Nagar, Lucknow. Financial trail leads to Zenith Capital Group. Estimated proceeds: ₹4692924.",True,False,28.759836,77.192661
INC-00090,FIR-2024-64146,2023-12-06,13:31:57,DECEPTIVE PRACTICE,"Kothrud, Pune",STREET,717,5,26,S0029,Kiran Ali,S0028,Ajay Agarwal,"Investigation report: Kiran Ali allegedly transferred funds to Ajay Agarwal via Apex Trading LLC on 2023-12-06 13:31. Transaction of ₹1015088 was flagged. Both suspects are known to frequent Kothrud, Pune. Surveillance indicates regular communication through phone +91-8158983385.",False,False,28.627761,77.343973
INC-00091,FIR-2024-62873,2024-05-14,12:06:38,NARCOTICS,"Banjara Hills, Hyderabad",RESTAURANT,2055,13,1,S0059,Geeta Hernandez,S0061,Farooq Joshi,"FIR filed against Geeta Hernandez for NARCOTICS at Banjara Hills, Hyderabad on 2024-05-14 12:06. Witnesses identified accomplice Farooq Joshi at the scene. A Motorcycle (DL-01-RJ-4430) was used to flee. Geeta Hernandez is associated with Red Lotus Gang.",True,False,28.692264,77.370041
INC-00092,FIR-2024-48119,2023-07-15,00:39:08,ASSAULT,45th Street Warehouse,COMMERCIAL BUILDING,2231,20,68,S0042,Rekha Thakur,S0068,Kiran Reddy,Surveillance report #FIR-2023-15992: Subject Rekha Thakur traveled to 45th Street Warehouse on 2023-07-15 00:39. Met with Kiran Reddy and an unidentified individual. Discussion about ASSAULT operations was overheard. Subject departed in Car bearing plate TN-29-MK-3112.,False,False,28.674712,76.880274
INC-00093,FIR-2024-80088,2024-02-18,00:41:46,MOTOR VEHICLE THEFT,"Navrangpura, Ahmedabad",GAS STATION,299,20,7,S0063,Mohan Hussain,S0062,Rizwan Ali,"Investigation report: Mohan Hussain allegedly transferred funds to Rizwan Ali via Red Lotus Gang on 2024-02-18 00:41. Transaction of ₹323427 was flagged. Both suspects are known to frequent Navrangpura, Ahmedabad. Surveillance indicates regular communication through phone +91-8639980776.",True,False,28.407897,77.21385
INC-00094,FIR-2023-47054,2023-09-16,17:16:20,ROBBERY,"Aundh, Pune",RESIDENCE,535,16,26,S0054,Tariq Pandey,S0057,Sanjay Ahmed,"Arrest report: Tariq Pandey apprehended on 2023-09-16 17:16 at Aundh, Pune in connection with ROBBERY. During interrogation, Tariq Pandey revealed association with Sanjay Ahmed and Bluestone Holdings. Recovered items include cash bundle. Phone +91-8152869473 seized for analysis.",True,False,28.7326,77.383872
INC-00095,FIR-2024-29548,2023-06-14,01:26:04,HUMAN TRAFFICKING,"Velachery, Chennai",RESIDENCE,2195,3,13,S0046,Miguel Gupta,S0038,Ashok Patel,"Crime scene report: HUMAN TRAFFICKING occurred at Velachery, Chennai on 2023-06-14 01:26. Evidence points to involvement of Miguel Gupta. CCTV footage shows Ashok Patel in the vicinity. Bluestone Holdings financial records show payment of ₹116949 on same date. Phone +91-8551797747 location data places suspect at scene.",False,False,28.5827,77.386375
INC-00096,FIR-2023-53078,2023-02-10,10:34:45,OFFENSE INVOLVING CHILDREN,Port District Dock 7,PARKING LOT,1892,20,35,S0034,Manoj Malik,S0042,Rekha Thakur,Surveillance report #FIR-2023-28139: Subject Manoj Malik traveled to Port District Dock 7 on 2023-02-10 10:34. Met with Rekha Thakur and an unidentified individual. Discussion about OFFENSE INVOLVING CHILDREN operations was overheard. Subject departed in Van bearing plate RJ-87-FW-5930.,True,False,28.537089,76.868299
INC-00097,FIR-2024-57002,2024-01-30,17:24:44,KIDNAPPING,45th Street Warehouse,GAS STATION,218,22,17,S0052,Neha Reddy,S0035,Mohan Joshi,Surveillance report #FIR-2024-33758: Subject Neha Reddy traveled to 45th Street Warehouse on 2024-01-30 17:24. Met with Mohan Joshi and an unidentified individual. Discussion about KIDNAPPING operations was overheard. Subject departed in Car bearing plate KA-15-EB-3611.,False,False,28.445175,77.046771
INC-00098,FIR-2023-11526,2024-12-22,19:06:28,MOTOR VEHICLE THEFT,Industrial Zone B-12,BANK,742,17,61,S0006,Sunil Hussain,S0005,Arjun Verma,"Intelligence report: Sunil Hussain and Arjun Verma are part of a network operating from Industrial Zone B-12. Phone intercept of +91-8996093227 revealed plans for MOTOR VEHICLE THEFT targeting Velachery, Chennai. Organization Silver Line Transport is suspected to be a front for illegal activities.",False,False,28.429946,77.094989
INC-00099,FIR-2024-21536,2024-06-03,08:06:30,HUMAN TRAFFICKING,45th Street Warehouse,WAREHOUSE,2141,15,41,S0031,Rahul Thakur,S0038,Ashok Patel,Surveillance report #FIR-2024-85108: Subject Rahul Thakur traveled to 45th Street Warehouse on 2024-06-03 08:06. Met with Ashok Patel and an unidentified individual. Discussion about HUMAN TRAFFICKING operations was overheard. Subject departed in SUV bearing plate TN-52-LJ-2137.,True,False,28.698096,76.810661
INC-00100,FIR-2024-69314,2024-09-10,22:32:22,THEFT,Abandoned Factory Block C,RESIDENCE,499,25,29,S0052,Neha Reddy,S0050,Hassan Qureshi,"On 2024-09-10 22:32, suspect Neha Reddy was observed meeting Hassan Qureshi at Abandoned Factory Block C. The meeting lasted approximately 38 minutes. Suspect was seen carrying a unregistered firearm. Vehicle with plate TN-84-YR-6584 was parked nearby. Contact phone +91-8821211330 was intercepted.",True,False,28.731954,77.37866
INC-00101,FIR-2023-93000,2023-02-16,05:58:36,MONEY LAUNDERING,"Jubilee Hills, Hyderabad",WAREHOUSE,604,25,58,S0038,Ashok Patel,S0034,Manoj Malik,"Surveillance report #FIR-2023-64325: Subject Ashok Patel traveled to Jubilee Hills, Hyderabad on 2023-02-16 05:58. Met with Manoj Malik and an unidentified individual. Discussion about MONEY LAUNDERING operations was overheard. Subject departed in Car bearing plate MH-33-WG-4072.",False,False,28.782476,76.880782
INC-00102,FIR-2023-45860,2024-03-19,21:18:12,MONEY LAUNDERING,River Bridge Underpass,RESTAURANT,1504,10,58,S0064,Carlos Reddy,S0065,Prakash Mehta,Surveillance report #FIR-2024-64875: Subject Carlos Reddy traveled to River Bridge Underpass on 2024-03-19 21:18. Met with Prakash Mehta and an unidentified individual. Discussion about MONEY LAUNDERING operations was overheard. Subject departed in Car bearing plate KA-89-VF-3103.,True,True,28.64101,77.331862
INC-00103,FIR-2024-86389,2024-10-09,07:54:47,WEAPONS VIOLATION,"Aundh, Pune",GAS STATION,1809,22,69,S0066,Imran Joshi,S0015,Arjun Mishra,"FIR filed against Imran Joshi for WEAPONS VIOLATION at Aundh, Pune on 2024-10-09 07:54. Witnesses identified accomplice Arjun Mishra at the scene. A Auto-rickshaw (UP-88-MY-3173) was used to flee. Imran Joshi is associated with Metro Finance Corp.",False,False,28.568955,76.807662
INC-00104,FIR-2023-57013,2024-11-17,02:03:39,WEAPONS VIOLATION,"Civil Lines, Lucknow",WAREHOUSE,1953,4,72,S0014,Yusuf Patel,S0022,Abdul Chauhan,"Arrest report: Yusuf Patel apprehended on 2024-11-17 02:03 at Civil Lines, Lucknow in connection with WEAPONS VIOLATION. During interrogation, Yusuf Patel revealed association with Abdul Chauhan and Golden Circle Imports. Recovered items include laptop bag. Phone +91-7694080686 seized for analysis.",True,False,28.624508,76.942557
INC-00105,FIR-2024-33255,2024-02-01,15:10:00,CRIMINAL TRESPASS,"Satellite, Ahmedabad",BANK,405,6,23,S0037,Suman Agarwal,S0032,Saleem Thakur,"Confidential informant reports that Suman Agarwal has been coordinating with Saleem Thakur through encrypted communications. Activities centered around Satellite, Ahmedabad and Highway NH-48 Rest Stop. Financial trail leads to Shadow Syndicate. Estimated proceeds: ₹1658102.",True,False,28.571403,77.133959
INC-00106,FIR-2024-19552,2023-12-05,16:58:42,ROBBERY,"Marine Drive, Mumbai",PARK,1401,17,29,S0017,Naveen Kumar,S0022,Abdul Chauhan,"Confidential informant reports that Naveen Kumar has been coordinating with Abdul Chauhan through encrypted communications. Activities centered around Marine Drive, Mumbai and Malviya Nagar, Jaipur. Financial trail leads to Apex Trading LLC. Estimated proceeds: ₹2536269.",True,False,28.714503,76.895622
INC-00107,FIR-2023-25036,2023-08-15,07:46:04,CRIMINAL TRESPASS,"Banjara Hills, Hyderabad",BANK,1517,15,31,S0070,Ajay Mehta,S0069,Mohan Das,"Confidential informant reports that Ajay Mehta has been coordinating with Mohan Das through encrypted communications. Activities centered around Banjara Hills, Hyderabad and Koregaon Park, Pune. Financial trail leads to Phantom Industries. Estimated proceeds: ₹4460147.",True,False,28.673021,76.992562
INC-00108,FIR-2023-37627,2023-01-26,18:49:06,OFFENSE INVOLVING CHILDREN,"Gomti Nagar, Lucknow",BANK,973,22,55,S0015,Arjun Mishra,S0021,Saleem Hernandez,"Investigation report: Arjun Mishra allegedly transferred funds to Saleem Hernandez via Northern Alliance Network on 2023-01-26 18:49. Transaction of ₹4482854 was flagged. Both suspects are known to frequent Gomti Nagar, Lucknow. Surveillance indicates regular communication through phone +91-8928238864.",True,False,28.731499,77.327182
INC-00109,FIR-2024-92603,2023-01-25,16:43:11,CRIMINAL TRESPASS,"Marine Drive, Mumbai",RESTAURANT,1873,11,3,S0056,Anil Chauhan,S0053,Vinod Hussain,"Investigation report: Anil Chauhan allegedly transferred funds to Vinod Hussain via Red Lotus Gang on 2023-01-25 16:43. Transaction of ₹2179696 was flagged. Both suspects are known to frequent Marine Drive, Mumbai. Surveillance indicates regular communication through phone +91-7990411854.",False,False,28.613934,77.184854
INC-00110,FIR-2023-27875,2024-01-02,18:18:27,CRIMINAL DAMAGE,"Koregaon Park, Pune",SCHOOL,1701,18,38,S0080,Abdul Joshi,S0072,Priya Martinez,"Surveillance report #FIR-2023-79922: Subject Abdul Joshi traveled to Koregaon Park, Pune on 2024-01-02 18:18. Met with Priya Martinez and an unidentified individual. Discussion about CRIMINAL DAMAGE operations was overheard. Subject departed in Van bearing plate UP-78-CK-8170.",True,False,28.754791,77.379219
INC-00111,FIR-2023-31096,2024-07-20,20:12:34,ROBBERY,"Park Street, Kolkata",APARTMENT,1004,20,33,S0048,Abdul Garcia,S0002,Suresh Sharma,"Investigation report: Abdul Garcia allegedly transferred funds to Suresh Sharma via Crescent Moon Foundation on 2024-07-20 20:12. Transaction of ₹2894436 was flagged. Both suspects are known to frequent Park Street, Kolkata. Surveillance indicates regular communication through phone +91-8745666148.",True,True,28.668391,77.140376
INC-00112,FIR-2023-35362,2024-04-17,23:28:18,HUMAN TRAFFICKING,"MG Road, Bangalore",PARKING LOT,2090,15,43,S0007,Vikram Chauhan,S0071,Rajesh Joshi,"Confidential informant reports that Vikram Chauhan has been coordinating with Rajesh Joshi through encrypted communications. Activities centered around MG Road, Bangalore and Jubilee Hills, Hyderabad. Financial trail leads to Emerald Bay Enterprises. Estimated proceeds: ₹1977404.",False,False,28.460958,77.140117
INC-00113,FIR-2023-99073,2023-01-05,11:24:13,MOTOR VEHICLE THEFT,Port District Dock 7,SCHOOL,1458,16,60,S0041,Anil Chauhan,S0022,Abdul Chauhan,Intelligence report: Anil Chauhan and Abdul Chauhan are part of a network operating from Port District Dock 7. Phone intercept of +91-8047680798 revealed plans for MOTOR VEHICLE THEFT targeting Old Market Area. Organization Apex Trading LLC is suspected to be a front for illegal activities.,False,False,28.522189,77.131003
INC-00114,FIR-2023-14804,2023-05-24,19:36:37,WEAPONS VIOLATION,"Civil Lines, Lucknow",HOTEL,1167,18,70,S0023,Kiran Ali,S0027,Ramesh Patel,"Investigation report: Kiran Ali allegedly transferred funds to Ramesh Patel via Northern Alliance Network on 2023-05-24 19:36. Transaction of ₹271676 was flagged. Both suspects are known to frequent Civil Lines, Lucknow. Surveillance indicates regular communication through phone +91-7870361876.",False,False,28.459453,77.035499
INC-00115,FIR-2023-73373,2023-05-18,16:55:09,CYBER CRIME,"Gomti Nagar, Lucknow",PARKING LOT,265,8,63,S0076,Rahul Qureshi,S0038,Ashok Patel,"FIR filed against Rahul Qureshi for CYBER CRIME at Gomti Nagar, Lucknow on 2023-05-18 16:55. Witnesses identified accomplice Ashok Patel at the scene. A Truck (RJ-47-TA-4913) was used to flee. Rahul Qureshi is associated with Northern Alliance Network.",True,True,28.547774,76.825685
INC-00116,FIR-2024-57880,2024-04-25,16:33:11,BATTERY,"Marine Drive, Mumbai",GAS STATION,418,17,33,S0027,Ramesh Patel,S0026,Ramesh Lopez,"Arrest report: Ramesh Patel apprehended on 2024-04-25 16:33 at Marine Drive, Mumbai in connection with BATTERY. During interrogation, Ramesh Patel revealed association with Ramesh Lopez and Crescent Moon Foundation. Recovered items include forged documents. Phone +91-8837911267 seized for analysis.",False,False,28.48916,77.043505
INC-00117,FIR-2023-30625,2023-01-07,18:16:16,ROBBERY,"Andheri West, Mumbai",PARKING LOT,584,22,30,S0045,Suman Mishra,S0036,Ravi Ali,"FIR filed against Suman Mishra for ROBBERY at Andheri West, Mumbai on 2023-01-07 18:16. Witnesses identified accomplice Ravi Ali at the scene. A Motorcycle (MH-84-BA-5051) was used to flee. Suman Mishra is associated with Phantom Industries.",False,False,28.688102,77.08891
INC-00118,FIR-2023-43850,2023-01-23,08:52:18,BATTERY,"Jubilee Hills, Hyderabad",VEHICLE,837,17,52,S0062,Rizwan Ali,S0063,Mohan Hussain,"FIR filed against Rizwan Ali for BATTERY at Jubilee Hills, Hyderabad on 2023-01-23 08:52. Witnesses identified accomplice Mohan Hussain at the scene. A Car (UP-77-VK-8195) was used to flee. Rizwan Ali is associated with Golden Circle Imports.",True,False,28.69119,77.292782
INC-00119,FIR-2024-60523,2024-05-08,06:12:36,MOTOR VEHICLE THEFT,Airport Cargo Terminal,APARTMENT,544,1,26,S0011,Hassan Qureshi,S0035,Mohan Joshi,FIR filed against Hassan Qureshi for MOTOR VEHICLE THEFT at Airport Cargo Terminal on 2024-05-08 06:12. Witnesses identified accomplice Mohan Joshi at the scene. A SUV (KA-75-FW-9369) was used to flee. Hassan Qureshi is associated with Vortex Communications.,False,False,28.642204,76.906453
INC-00120,FIR-2023-79444,2024-05-08,04:44:42,HUMAN TRAFFICKING,Airport Cargo Terminal,RESTAURANT,1039,16,49,S0079,Ravi Singh,S0073,Rahul Martinez,"On 2024-05-08 04:44, suspect Ravi Singh was observed meeting Rahul Martinez at Airport Cargo Terminal. The meeting lasted approximately 109 minutes. Suspect was seen carrying a encrypted hard drive. Vehicle with plate RJ-62-DH-7248 was parked nearby. Contact phone +91-8925349210 was intercepted.",False,False,28.696558,77.256924
INC-00121,FIR-2024-23970,2024-05-03,08:27:55,BURGLARY,"Koregaon Park, Pune",APARTMENT,1845,21,75,S0074,Ramesh Mishra,S0072,Priya Martinez,"Investigation report: Ramesh Mishra allegedly transferred funds to Priya Martinez via Phantom Industries on 2024-05-03 08:27. Transaction of ₹1733176 was flagged. Both suspects are known to frequent Koregaon Park, Pune. Surveillance indicates regular communication through phone +91-9129320527.",False,False,28.614442,77.138802
INC-00122,FIR-2024-62183,2024-02-28,20:06:05,HUMAN TRAFFICKING,"Velachery, Chennai",SCHOOL,665,22,16,S0079,Ravi Singh,S0073,Rahul Martinez,"FIR filed against Ravi Singh for HUMAN TRAFFICKING at Velachery, Chennai on 2024-02-28 20:06. Witnesses identified accomplice Rahul Martinez at the scene. A Truck (RJ-62-DH-7248) was used to flee. Ravi Singh is associated with Falcon Express Logistics.",True,False,28.679725,76.897077
INC-00123,FIR-2024-90473,2024-09-20,01:53:42,NARCOTICS,"Salt Lake, Kolkata",BANK,2234,10,77,S0028,Ajay Agarwal,S0025,Yusuf Joshi,"Investigation report: Ajay Agarwal allegedly transferred funds to Yusuf Joshi via Shadow Syndicate on 2024-09-20 01:53. Transaction of ₹681421 was flagged. Both suspects are known to frequent Salt Lake, Kolkata. Surveillance indicates regular communication through phone +91-8010157795.",True,False,28.728091,77.184175
INC-00124,FIR-2023-30636,2023-10-20,07:05:25,BATTERY,Port District Dock 7,RESIDENCE,1230,25,52,S0057,Sanjay Ahmed,S0054,Tariq Pandey,"Intelligence report: Sanjay Ahmed and Tariq Pandey are part of a network operating from Port District Dock 7. Phone intercept of +91-9859711607 revealed plans for BATTERY targeting Malviya Nagar, Jaipur. Organization Dark Web Solutions is suspected to be a front for illegal activities.",False,False,28.56218,76.920186
INC-00125,FIR-2024-85354,2023-04-03,20:00:36,THEFT,Railway Station Complex,STREET,1169,6,53,S0002,Suresh Sharma,S0009,Pooja Pandey,"Confidential informant reports that Suresh Sharma has been coordinating with Pooja Pandey through encrypted communications. Activities centered around Railway Station Complex and Indiranagar, Bangalore. Financial trail leads to Phantom Industries. Estimated proceeds: ₹1908304.",True,False,28.601268,77.00398
INC-00126,FIR-2024-18854,2024-07-04,20:55:52,DECEPTIVE PRACTICE,Old Market Area,RESTAURANT,1002,22,30,S0015,Arjun Mishra,S0033,Anita Malik,Crime scene report: DECEPTIVE PRACTICE occurred at Old Market Area on 2024-07-04 20:55. Evidence points to involvement of Arjun Mishra. CCTV footage shows Anita Malik in the vicinity. Northern Alliance Network financial records show payment of ₹239434 on same date. Phone +91-8928238864 location data places suspect at scene.,False,False,28.541239,77.121391
INC-00127,FIR-2023-75404,2024-11-20,12:27:05,BURGLARY,"Satellite, Ahmedabad",SCHOOL,917,8,31,S0034,Manoj Malik,S0042,Rekha Thakur,"Crime scene report: BURGLARY occurred at Satellite, Ahmedabad on 2024-11-20 12:27. Evidence points to involvement of Manoj Malik. CCTV footage shows Rekha Thakur in the vicinity. Golden Circle Imports financial records show payment of ₹4822650 on same date. Phone +91-9185263528 location data places suspect at scene.",False,False,28.481107,76.949817
INC-00128,FIR-2023-17097,2023-03-22,17:56:14,ASSAULT,Highway NH-48 Rest Stop,HOTEL,1833,16,70,S0080,Abdul Joshi,S0072,Priya Martinez,"Arrest report: Abdul Joshi apprehended on 2023-03-22 17:56 at Highway NH-48 Rest Stop in connection with ASSAULT. During interrogation, Abdul Joshi revealed association with Priya Martinez and Red Lotus Gang. Recovered items include chemical substances. Phone +91-9719896275 seized for analysis.",True,False,28.557487,77.211803
INC-00129,FIR-2024-41082,2024-04-16,11:29:33,ASSAULT,"Sector 15, New Delhi",ALLEY,2030,20,44,S0023,Kiran Ali,S0027,Ramesh Patel,"Surveillance report #FIR-2024-34530: Subject Kiran Ali traveled to Sector 15, New Delhi on 2024-04-16 11:29. Met with Ramesh Patel and an unidentified individual. Discussion about ASSAULT operations was overheard. Subject departed in SUV bearing plate MH-10-UG-9288.",False,False,28.569577,77.051456
INC-00130,FIR-2023-65249,2024-04-06,06:32:58,ROBBERY,"Kothrud, Pune",COMMERCIAL BUILDING,650,21,67,S0048,Abdul Garcia,S0047,Pooja Hussain,"Intelligence report: Abdul Garcia and Pooja Hussain are part of a network operating from Kothrud, Pune. Phone intercept of +91-8745666148 revealed plans for ROBBERY targeting Jubilee Hills, Hyderabad. Organization Crescent Moon Foundation is suspected to be a front for illegal activities.",False,False,28.520014,77.137283
INC-00131,FIR-2023-85609,2023-03-03,07:50:41,DECEPTIVE PRACTICE,"Velachery, Chennai",GAS STATION,2305,6,37,S0073,Rahul Martinez,S0072,Priya Martinez,"Arrest report: Rahul Martinez apprehended on 2023-03-03 07:50 at Velachery, Chennai in connection with DECEPTIVE PRACTICE. During interrogation, Rahul Martinez revealed association with Priya Martinez and Metro Finance Corp. Recovered items include counterfeit currency. Phone +91-8723469890 seized for analysis.",False,False,28.604178,77.264847
INC-00132,FIR-2023-31233,2024-09-20,10:25:55,EXTORTION,45th Street Warehouse,PARKING LOT,1034,11,41,S0058,Arjun Roy,S0049,Rahul Agarwal,FIR filed against Arjun Roy for EXTORTION at 45th Street Warehouse on 2024-09-20 10:25. Witnesses identified accomplice Rahul Agarwal at the scene. A Truck (RJ-78-WW-4697) was used to flee. Arjun Roy is associated with Apex Trading LLC.,False,False,28.642154,77.037273
INC-00133,FIR-2023-31877,2024-08-24,18:58:00,EXTORTION,"Connaught Place, New Delhi",RESTAURANT,521,4,9,S0057,Sanjay Ahmed,S0047,Pooja Hussain,"FIR filed against Sanjay Ahmed for EXTORTION at Connaught Place, New Delhi on 2024-08-24 18:58. Witnesses identified accomplice Pooja Hussain at the scene. A Van (DL-33-SD-2070) was used to flee. Sanjay Ahmed is associated with Golden Circle Imports.",False,False,28.410546,77.038208
INC-00134,FIR-2024-80855,2023-03-28,23:50:30,OTHER OFFENSE,"Koregaon Park, Pune",VEHICLE,1215,18,57,S0011,Hassan Qureshi,S0035,Mohan Joshi,"FIR filed against Hassan Qureshi for OTHER OFFENSE at Koregaon Park, Pune on 2023-03-28 23:50. Witnesses identified accomplice Mohan Joshi at the scene. A Motorcycle (TN-95-KR-3071) was used to flee. Hassan Qureshi is associated with Iron Gate Security.",True,False,28.679049,76.906222
INC-00135,FIR-2024-44053,2024-03-21,19:03:30,HUMAN TRAFFICKING,"Koregaon Park, Pune",APARTMENT,1343,1,1,S0077,Anil Pandey,S0071,Rajesh Joshi,"Crime scene report: HUMAN TRAFFICKING occurred at Koregaon Park, Pune on 2024-03-21 19:03. Evidence points to involvement of Anil Pandey. CCTV footage shows Rajesh Joshi in the vicinity. Diamond Rock Mining financial records show payment of ₹3716592 on same date. Phone +91-7477042007 location data places suspect at scene.",True,False,28.587679,76.80499
INC-00136,FIR-2024-59592,2023-11-03,00:19:57,KIDNAPPING,Port District Dock 7,SIDEWALK,1177,3,55,S0063,Mohan Hussain,S0062,Rizwan Ali,"Intelligence report: Mohan Hussain and Rizwan Ali are part of a network operating from Port District Dock 7. Phone intercept of +91-8639980776 revealed plans for KIDNAPPING targeting Connaught Place, New Delhi. Organization Red Lotus Gang is suspected to be a front for illegal activities.",True,False,28.719984,77.16793
INC-00137,FIR-2023-34371,2023-07-12,02:29:33,NARCOTICS,"Jubilee Hills, Hyderabad",RESIDENCE,1255,9,17,S0035,Mohan Joshi,S0028,Ajay Agarwal,"Crime scene report: NARCOTICS occurred at Jubilee Hills, Hyderabad on 2023-07-12 02:29. Evidence points to involvement of Mohan Joshi. CCTV footage shows Ajay Agarwal in the vicinity. Nighthawk Operations financial records show payment of ₹1286320 on same date. Phone +91-9574786019 location data places suspect at scene.",False,False,28.493124,76.89041
INC-00138,FIR-2023-25985,2024-05-25,13:31:19,EXTORTION,Old Market Area,PARK,1119,13,57,S0064,Carlos Reddy,S0065,Prakash Mehta,Investigation report: Carlos Reddy allegedly transferred funds to Prakash Mehta via Red Lotus Gang on 2024-05-25 13:31. Transaction of ₹1622225 was flagged. Both suspects are known to frequent Old Market Area. Surveillance indicates regular communication through phone +91-7750198381.,True,False,28.413404,77.076501
INC-00139,FIR-2024-36047,2024-02-03,11:21:48,CRIMINAL TRESPASS,"Anna Nagar, Chennai",PARKING LOT,313,22,28,S0013,Tariq Hernandez,S0015,Arjun Mishra,"On 2024-02-03 11:21, suspect Tariq Hernandez was observed meeting Arjun Mishra at Anna Nagar, Chennai. The meeting lasted approximately 80 minutes. Suspect was seen carrying a chemical substances. Vehicle with plate GJ-09-UE-3103 was parked nearby. Contact phone +91-8601012552 was intercepted.",True,False,28.573665,76.809041
INC-00140,FIR-2023-99908,2023-01-10,01:31:44,MONEY LAUNDERING,Old Market Area,GAS STATION,1486,25,8,S0036,Ravi Ali,S0033,Anita Malik,FIR filed against Ravi Ali for MONEY LAUNDERING at Old Market Area on 2023-01-10 01:31. Witnesses identified accomplice Anita Malik at the scene. A Van (TN-19-AB-5011) was used to flee. Ravi Ali is associated with Iron Gate Security.,True,False,28.461567,77.121812
INC-00141,FIR-2023-73609,2024-07-25,23:28:15,OFFENSE INVOLVING CHILDREN,Port District Dock 7,SCHOOL,1892,18,38,S0014,Yusuf Patel,S0022,Abdul Chauhan,"Intelligence report: Yusuf Patel and Abdul Chauhan are part of a network operating from Port District Dock 7. Phone intercept of +91-7694080686 revealed plans for OFFENSE INVOLVING CHILDREN targeting Sector 15, New Delhi. Organization Nighthawk Operations is suspected to be a front for illegal activities.",False,False,28.474651,77.008599
INC-00142,FIR-2023-96283,2024-06-27,05:38:39,EXTORTION,"Koregaon Park, Pune",HOTEL,1687,7,68,S0060,Kiran Ahmed,S0059,Geeta Hernandez,"Surveillance report #FIR-2023-52034: Subject Kiran Ahmed traveled to Koregaon Park, Pune on 2024-06-27 05:38. Met with Geeta Hernandez and an unidentified individual. Discussion about EXTORTION operations was overheard. Subject departed in Auto-rickshaw bearing plate UP-70-MR-1011.",False,False,28.461653,76.969877
INC-00143,FIR-2024-16433,2024-06-19,23:59:22,BURGLARY,"Marine Drive, Mumbai",PARKING LOT,1004,20,10,S0053,Vinod Hussain,S0057,Sanjay Ahmed,"Investigation report: Vinod Hussain allegedly transferred funds to Sanjay Ahmed via Apex Trading LLC on 2024-06-19 23:59. Transaction of ₹3269803 was flagged. Both suspects are known to frequent Marine Drive, Mumbai. Surveillance indicates regular communication through phone +91-8468512260.",True,False,28.483495,77.094843
INC-00144,FIR-2023-79685,2024-01-05,20:19:00,KIDNAPPING,Airport Cargo Terminal,RESTAURANT,876,7,68,S0011,Hassan Qureshi,S0035,Mohan Joshi,Investigation report: Hassan Qureshi allegedly transferred funds to Mohan Joshi via Diamond Rock Mining on 2024-01-05 20:19. Transaction of ₹1821100 was flagged. Both suspects are known to frequent Airport Cargo Terminal. Surveillance indicates regular communication through phone +91-7365548469.,True,False,28.779001,77.135054
INC-00145,FIR-2024-96184,2024-01-02,16:42:05,KIDNAPPING,Abandoned Factory Block C,APARTMENT,2286,20,57,S0072,Priya Martinez,S0074,Ramesh Mishra,Investigation report: Priya Martinez allegedly transferred funds to Ramesh Mishra via Zenith Capital Group on 2024-01-02 16:42. Transaction of ₹4623444 was flagged. Both suspects are known to frequent Abandoned Factory Block C. Surveillance indicates regular communication through phone +91-8873660196.,False,False,28.620033,77.39811
INC-00146,FIR-2023-77844,2023-11-28,22:09:05,MOTOR VEHICLE THEFT,"Kothrud, Pune",APARTMENT,1336,1,39,S0048,Abdul Garcia,S0050,Hassan Qureshi,"Crime scene report: MOTOR VEHICLE THEFT occurred at Kothrud, Pune on 2023-11-28 22:09. Evidence points to involvement of Abdul Garcia. CCTV footage shows Hassan Qureshi in the vicinity. Crescent Moon Foundation financial records show payment of ₹300773 on same date. Phone +91-8745666148 location data places suspect at scene.",True,False,28.525962,77.262914
INC-00147,FIR-2023-40539,2024-07-23,20:46:38,ROBBERY,"Park Street, Kolkata",ALLEY,1330,3,74,S0036,Ravi Ali,S0066,Imran Joshi,"On 2024-07-23 20:46, suspect Ravi Ali was observed meeting Imran Joshi at Park Street, Kolkata. The meeting lasted approximately 55 minutes. Suspect was seen carrying a laptop bag. Vehicle with plate TN-19-AB-5011 was parked nearby. Contact phone +91-8689097012 was intercepted.",False,False,28.486975,76.846321
INC-00148,FIR-2023-93084,2024-05-14,20:58:47,CRIMINAL DAMAGE,"Malviya Nagar, Jaipur",PARK,1666,2,40,S0042,Rekha Thakur,S0023,Kiran Ali,"Confidential informant reports that Rekha Thakur has been coordinating with Kiran Ali through encrypted communications. Activities centered around Malviya Nagar, Jaipur and Indiranagar, Bangalore. Financial trail leads to Diamond Rock Mining. Estimated proceeds: ₹3504037.",True,False,28.625965,76.996099
INC-00149,FIR-2023-62235,2024-09-01,20:56:39,CYBER CRIME,"MG Road, Bangalore",HOTEL,1879,25,17,S0029,Kiran Ali,S0028,Ajay Agarwal,"Confidential informant reports that Kiran Ali has been coordinating with Ajay Agarwal through encrypted communications. Activities centered around MG Road, Bangalore and MG Road, Bangalore. Financial trail leads to Apex Trading LLC. Estimated proceeds: ₹423651.",True,False,28.479243,77.037191
INC-00150,FIR-2023-49953,2023-09-10,08:49:20,BURGLARY,"Civil Lines, Lucknow",APARTMENT,1532,20,57,S0074,Ramesh Mishra,S0079,Ravi Singh,"Surveillance report #FIR-2024-55157: Subject Ramesh Mishra traveled to Civil Lines, Lucknow on 2023-09-10 08:49. Met with Ravi Singh and an unidentified individual. Discussion about BURGLARY operations was overheard. Subject departed in Auto-rickshaw bearing plate HR-88-VC-2843.",True,False,28.769685,76.940094
INC-00151,FIR-2024-81932,2023-04-26,01:59:08,MOTOR VEHICLE THEFT,"Malviya Nagar, Jaipur",COMMERCIAL BUILDING,678,23,3,S0048,Abdul Garcia,S0050,Hassan Qureshi,"Crime scene report: MOTOR VEHICLE THEFT occurred at Malviya Nagar, Jaipur on 2023-04-26 01:59. Evidence points to involvement of Abdul Garcia. CCTV footage shows Hassan Qureshi in the vicinity. Crescent Moon Foundation financial records show payment of ₹1763299 on same date. Phone +91-8745666148 location data places suspect at scene.",False,False,28.665411,76.826089
INC-00152,FIR-2023-51347,2023-10-05,01:55:57,EXTORTION,45th Street Warehouse,COMMERCIAL BUILDING,2277,3,24,S0022,Abdul Chauhan,S0021,Saleem Hernandez,"On 2023-10-05 01:55, suspect Abdul Chauhan was observed meeting Saleem Hernandez at 45th Street Warehouse. The meeting lasted approximately 93 minutes. Suspect was seen carrying a counterfeit currency. Vehicle with plate MH-50-YJ-6901 was parked nearby. Contact phone +91-9029520745 was intercepted.",True,False,28.583195,77.35581
INC-00153,FIR-2023-82737,2023-12-08,17:50:16,OTHER OFFENSE,Railway Station Complex,ALLEY,1023,5,44,S0003,Kiran Qureshi,S0002,Suresh Sharma,"Arrest report: Kiran Qureshi apprehended on 2023-12-08 17:50 at Railway Station Complex in connection with OTHER OFFENSE. During interrogation, Kiran Qureshi revealed association with Suresh Sharma and Golden Circle Imports. Recovered items include sealed envelope. Phone +91-7303959797 seized for analysis.",False,False,28.435118,77.029324
INC-00154,FIR-2023-86156,2024-03-03,08:45:04,ROBBERY,"Connaught Place, New Delhi",HOTEL,928,5,40,S0079,Ravi Singh,S0030,Prakash Lopez,"Arrest report: Ravi Singh apprehended on 2024-03-03 08:45 at Connaught Place, New Delhi in connection with ROBBERY. During interrogation, Ravi Singh revealed association with Prakash Lopez and Falcon Express Logistics. Recovered items include mobile phones (3). Phone +91-8925349210 seized for analysis.",True,False,28.763601,77.26203
INC-00155,FIR-2023-27241,2023-03-11,20:17:31,HUMAN TRAFFICKING,Railway Station Complex,APARTMENT,207,25,35,S0073,Rahul Martinez,S0041,Anil Chauhan,Surveillance report #FIR-2023-34632: Subject Rahul Martinez traveled to Railway Station Complex on 2023-03-11 20:17. Met with Anil Chauhan and an unidentified individual. Discussion about HUMAN TRAFFICKING operations was overheard. Subject departed in Van bearing plate KA-41-EA-6221.,True,False,28.492365,76.815651
INC-00156,FIR-2023-97993,2024-05-29,22:01:00,MONEY LAUNDERING,Old Market Area,SIDEWALK,937,3,23,S0011,Hassan Qureshi,S0007,Vikram Chauhan,"Intelligence report: Hassan Qureshi and Vikram Chauhan are part of a network operating from Old Market Area. Phone intercept of +91-7365548469 revealed plans for MONEY LAUNDERING targeting Navrangpura, Ahmedabad. Organization Diamond Rock Mining is suspected to be a front for illegal activities.",False,False,28.595977,76.994937
INC-00157,FIR-2024-15144,2024-02-19,01:31:22,OTHER OFFENSE,Railway Station Complex,HOTEL,1686,17,7,S0059,Geeta Hernandez,S0055,Prakash Yadav,"On 2024-02-19 01:31, suspect Geeta Hernandez was observed meeting Prakash Yadav at Railway Station Complex. The meeting lasted approximately 23 minutes. Suspect was seen carrying a unregistered firearm. Vehicle with plate HR-51-WV-9784 was parked nearby. Contact phone +91-9818587139 was intercepted.",True,False,28.559216,76.982732
INC-00158,FIR-2024-52396,2024-09-19,01:59:09,CYBER CRIME,Abandoned Factory Block C,COMMERCIAL BUILDING,202,6,59,S0037,Suman Agarwal,S0044,Sanjay Khan,Investigation report: Suman Agarwal allegedly transferred funds to Sanjay Khan via Shadow Syndicate on 2024-09-19 01:59. Transaction of ₹4593595 was flagged. Both suspects are known to frequent Abandoned Factory Block C. Surveillance indicates regular communication through phone +91-9353860328.,True,False,28.436072,76.994445
INC-00159,FIR-2023-33444,2023-04-04,04:09:23,EXTORTION,45th Street Warehouse,PARK,310,14,40,S0021,Saleem Hernandez,S0016,Arjun Shah,Surveillance report #FIR-2023-31249: Subject Saleem Hernandez traveled to 45th Street Warehouse on 2023-04-04 04:09. Met with Arjun Shah and an unidentified individual. Discussion about EXTORTION operations was overheard. Subject departed in Van bearing plate MH-68-NT-3619.,False,False,28.784386,76.973268
INC-00160,FIR-2023-88802,2023-01-04,22:40:00,DECEPTIVE PRACTICE,"Sector 15, New Delhi",GAS STATION,126,8,71,S0024,Anita Lopez,S0027,Ramesh Patel,"Intelligence report: Anita Lopez and Ramesh Patel are part of a network operating from Sector 15, New Delhi. Phone intercept of +91-8210847353 revealed plans for DECEPTIVE PRACTICE targeting Kothrud, Pune. Organization Nighthawk Operations is suspected to be a front for illegal activities.",False,False,28.623019,77.295152
INC-00161,FIR-2024-14697,2023-02-07,05:17:34,BATTERY,Industrial Zone B-12,RESIDENCE,1325,11,48,S0007,Vikram Chauhan,S0008,Pooja Lopez,FIR filed against Vikram Chauhan for BATTERY at Industrial Zone B-12 on 2023-02-07 05:17. Witnesses identified accomplice Pooja Lopez at the scene. A Motorcycle (HR-12-BD-7831) was used to flee. Vikram Chauhan is associated with Emerald Bay Enterprises.,False,False,28.703377,77.305986
INC-00162,FIR-2024-44034,2024-12-12,09:59:28,CRIMINAL TRESPASS,"Gomti Nagar, Lucknow",HOTEL,2455,20,46,S0009,Pooja Pandey,S0003,Kiran Qureshi,"Investigation report: Pooja Pandey allegedly transferred funds to Kiran Qureshi via Golden Circle Imports on 2024-12-12 09:59. Transaction of ₹2419101 was flagged. Both suspects are known to frequent Gomti Nagar, Lucknow. Surveillance indicates regular communication through phone +91-8669674686.",True,False,28.598559,77.237511
INC-00163,FIR-2023-46913,2023-08-27,10:34:34,WEAPONS VIOLATION,"Sector 15, New Delhi",ALLEY,377,10,39,S0064,Carlos Reddy,S0065,Prakash Mehta,"Surveillance report #FIR-2023-11480: Subject Carlos Reddy traveled to Sector 15, New Delhi on 2023-08-27 10:34. Met with Prakash Mehta and an unidentified individual. Discussion about WEAPONS VIOLATION operations was overheard. Subject departed in Truck bearing plate DL-60-XD-4396.",False,False,28.445535,76.99997
INC-00164,FIR-2024-17342,2023-01-30,06:23:40,WEAPONS VIOLATION,"Banjara Hills, Hyderabad",WAREHOUSE,2234,10,73,S0051,Vinod Qureshi,S0079,Ravi Singh,"FIR filed against Vinod Qureshi for WEAPONS VIOLATION at Banjara Hills, Hyderabad on 2023-01-30 06:23. Witnesses identified accomplice Ravi Singh at the scene. A Auto-rickshaw (HR-87-SS-1582) was used to flee. Vinod Qureshi is associated with Zenith Capital Group.",False,False,28.407487,77.146439
INC-00165,FIR-2024-64246,2023-03-09,05:26:09,DECEPTIVE PRACTICE,Airport Cargo Terminal,RESIDENCE,2135,8,48,S0043,Rekha Das,S0046,Miguel Gupta,Surveillance report #FIR-2024-14145: Subject Rekha Das traveled to Airport Cargo Terminal on 2023-03-09 05:26. Met with Miguel Gupta and an unidentified individual. Discussion about DECEPTIVE PRACTICE operations was overheard. Subject departed in Motorcycle bearing plate DL-44-NX-9753.,False,False,28.521051,77.11506
INC-00166,FIR-2023-22878,2023-04-05,16:09:26,CYBER CRIME,"Sector 15, New Delhi",WAREHOUSE,2214,22,17,S0023,Kiran Ali,S0027,Ramesh Patel,"FIR filed against Kiran Ali for CYBER CRIME at Sector 15, New Delhi on 2023-04-05 16:09. Witnesses identified accomplice Ramesh Patel at the scene. A SUV (MH-10-UG-9288) was used to flee. Kiran Ali is associated with Zenith Capital Group.",True,False,28.583747,77.228206
INC-00167,FIR-2024-79766,2024-12-04,21:38:14,BURGLARY,"Banjara Hills, Hyderabad",PARKING LOT,1906,22,16,S0067,Rajesh Ali,S0064,Carlos Reddy,"Arrest report: Rajesh Ali apprehended on 2024-12-04 21:38 at Banjara Hills, Hyderabad in connection with BURGLARY. During interrogation, Rajesh Ali revealed association with Carlos Reddy and Nighthawk Operations. Recovered items include mobile phones (3). Phone +91-8354117104 seized for analysis.",False,True,28.509455,76.809154
INC-00168,FIR-2023-13800,2024-07-09,12:45:16,HUMAN TRAFFICKING,"Banjara Hills, Hyderabad",COMMERCIAL BUILDING,306,4,50,S0080,Abdul Joshi,S0072,Priya Martinez,"Investigation report: Abdul Joshi allegedly transferred funds to Priya Martinez via Red Lotus Gang on 2024-07-09 12:45. Transaction of ₹4544689 was flagged. Both suspects are known to frequent Banjara Hills, Hyderabad. Surveillance indicates regular communication through phone +91-9719896275.",True,True,28.556767,77.222807
INC-00169,FIR-2023-28837,2024-09-23,12:56:52,THEFT,"Banjara Hills, Hyderabad",WAREHOUSE,1156,12,51,S0076,Rahul Qureshi,S0079,Ravi Singh,"Crime scene report: THEFT occurred at Banjara Hills, Hyderabad on 2024-09-23 12:56. Evidence points to involvement of Rahul Qureshi. CCTV footage shows Ravi Singh in the vicinity. Bluestone Holdings financial records show payment of ₹3914029 on same date. Phone +91-8453831805 location data places suspect at scene.",True,False,28.666072,77.273267
INC-00170,FIR-2023-49599,2024-05-01,04:06:36,OFFENSE INVOLVING CHILDREN,"Velachery, Chennai",HOTEL,1988,13,76,S0042,Rekha Thakur,S0033,Anita Malik,"Investigation report: Rekha Thakur allegedly transferred funds to Anita Malik via Diamond Rock Mining on 2024-05-01 04:06. Transaction of ₹907424 was flagged. Both suspects are known to frequent Velachery, Chennai. Surveillance indicates regular communication through phone +91-9807385456.",False,False,28.497476,76.895412
INC-00171,FIR-2024-24984,2024-12-11,21:30:59,KIDNAPPING,Port District Dock 7,GAS STATION,1996,11,72,S0062,Rizwan Ali,S0060,Kiran Ahmed,"Confidential informant reports that Rizwan Ali has been coordinating with Kiran Ahmed through encrypted communications. Activities centered around Port District Dock 7 and Satellite, Ahmedabad. Financial trail leads to Vortex Communications. Estimated proceeds: ₹1461946.",True,False,28.47047,77.37353
INC-00172,FIR-2023-99327,2024-01-24,11:55:14,MONEY LAUNDERING,45th Street Warehouse,VEHICLE,1396,10,73,S0009,Pooja Pandey,S0008,Pooja Lopez,FIR filed against Pooja Pandey for MONEY LAUNDERING at 45th Street Warehouse on 2024-01-24 11:55. Witnesses identified accomplice Pooja Lopez at the scene. A Motorcycle (DL-12-GE-1003) was used to flee. Pooja Pandey is associated with Golden Circle Imports.,False,False,28.774671,77.230675
INC-00173,FIR-2024-24378,2023-01-09,22:15:49,CYBER CRIME,"Salt Lake, Kolkata",WAREHOUSE,1255,1,31,S0045,Suman Mishra,S0075,Imran Martinez,"FIR filed against Suman Mishra for CYBER CRIME at Salt Lake, Kolkata on 2023-01-09 22:15. Witnesses identified accomplice Imran Martinez at the scene. A Motorcycle (MH-84-BA-5051) was used to flee. Suman Mishra is associated with Phantom Industries.",False,False,28.557707,76.990876
INC-00174,FIR-2024-27796,2023-08-05,06:18:49,MONEY LAUNDERING,"Jubilee Hills, Hyderabad",RESIDENCE,662,21,54,S0049,Rahul Agarwal,S0054,Tariq Pandey,"FIR filed against Rahul Agarwal for MONEY LAUNDERING at Jubilee Hills, Hyderabad on 2023-08-05 06:18. Witnesses identified accomplice Tariq Pandey at the scene. A Auto-rickshaw (RJ-47-PE-5726) was used to flee. Rahul Agarwal is associated with Bluestone Holdings.",False,False,28.678156,77.358187
INC-00175,FIR-2023-84468,2024-04-05,14:00:25,OFFENSE INVOLVING CHILDREN,"Navrangpura, Ahmedabad",COMMERCIAL BUILDING,1609,4,75,S0080,Abdul Joshi,S0007,Vikram Chauhan,"Intelligence report: Abdul Joshi and Vikram Chauhan are part of a network operating from Navrangpura, Ahmedabad. Phone intercept of +91-9719896275 revealed plans for OFFENSE INVOLVING CHILDREN targeting Old Market Area. Organization Red Lotus Gang is suspected to be a front for illegal activities.",False,False,28.432025,77.238111
INC-00176,FIR-2024-77195,2024-04-21,18:49:17,BURGLARY,"Gomti Nagar, Lucknow",VEHICLE,2021,19,43,S0068,Kiran Reddy,S0036,Ravi Ali,"Arrest report: Kiran Reddy apprehended on 2024-04-21 18:49 at Gomti Nagar, Lucknow in connection with BURGLARY. During interrogation, Kiran Reddy revealed association with Ravi Ali and Northern Alliance Network. Recovered items include mobile phones (3). Phone +91-7943867424 seized for analysis.",False,False,28.791104,76.976771
INC-00177,FIR-2023-90713,2023-09-24,02:14:10,MONEY LAUNDERING,"Kothrud, Pune",ALLEY,1227,9,2,S0022,Abdul Chauhan,S0015,Arjun Mishra,"Crime scene report: MONEY LAUNDERING occurred at Kothrud, Pune on 2023-09-24 02:14. Evidence points to involvement of Abdul Chauhan. CCTV footage shows Arjun Mishra in the vicinity. Golden Circle Imports financial records show payment of ₹654767 on same date. Phone +91-9029520745 location data places suspect at scene.",True,False,28.764053,77.24338
INC-00178,FIR-2024-41188,2024-12-18,08:35:58,MONEY LAUNDERING,"Anna Nagar, Chennai",BANK,1902,24,22,S0058,Arjun Roy,S0056,Anil Chauhan,"On 2024-12-18 08:35, suspect Arjun Roy was observed meeting Anil Chauhan at Anna Nagar, Chennai. The meeting lasted approximately 20 minutes. Suspect was seen carrying a laptop bag. Vehicle with plate RJ-78-WW-4697 was parked nearby. Contact phone +91-7497129555 was intercepted.",True,False,28.736733,76.832595
INC-00179,FIR-2024-72205,2023-02-23,06:06:07,EXTORTION,"Salt Lake, Kolkata",ALLEY,694,17,56,S0034,Manoj Malik,S0015,Arjun Mishra,"Arrest report: Manoj Malik apprehended on 2023-02-23 06:06 at Salt Lake, Kolkata in connection with EXTORTION. During interrogation, Manoj Malik revealed association with Arjun Mishra and Zenith Capital Group. Recovered items include chemical substances. Phone +91-9185263528 seized for analysis.",True,False,28.718924,77.029202
INC-00180,FIR-2023-43468,2023-04-10,19:20:37,OFFENSE INVOLVING CHILDREN,Bus Terminal Underground,BANK,2492,13,60,S0041,Anil Chauhan,S0006,Sunil Hussain,Surveillance report #FIR-2024-45007: Subject Anil Chauhan traveled to Bus Terminal Underground on 2023-04-10 19:20. Met with Sunil Hussain and an unidentified individual. Discussion about OFFENSE INVOLVING CHILDREN operations was overheard. Subject departed in Car bearing plate RJ-43-UR-7812.,True,False,28.63549,76.916955
INC-00181,FIR-2023-47132,2024-07-14,00:23:06,ASSAULT,Airport Cargo Terminal,ALLEY,890,2,4,S0044,Sanjay Khan,S0033,Anita Malik,"On 2024-07-14 00:23, suspect Sanjay Khan was observed meeting Anita Malik at Airport Cargo Terminal. The meeting lasted approximately 22 minutes. Suspect was seen carrying a chemical substances. Vehicle with plate GJ-24-BJ-7211 was parked nearby. Contact phone +91-9971861645 was intercepted.",True,True,28.637655,77.33638
INC-00182,FIR-2024-97500,2024-12-26,04:22:05,BURGLARY,Bus Terminal Underground,PARK,1424,9,21,S0028,Ajay Agarwal,S0016,Arjun Shah,FIR filed against Ajay Agarwal for BURGLARY at Bus Terminal Underground on 2024-12-26 04:22. Witnesses identified accomplice Arjun Shah at the scene. A Car (RJ-85-XV-4027) was used to flee. Ajay Agarwal is associated with Apex Trading LLC.,True,False,28.424955,77.033154
INC-00183,FIR-2023-14569,2024-03-27,02:31:36,MONEY LAUNDERING,River Bridge Underpass,RESIDENCE,388,19,33,S0008,Pooja Lopez,S0006,Sunil Hussain,Surveillance report #FIR-2024-43947: Subject Pooja Lopez traveled to River Bridge Underpass on 2024-03-27 02:31. Met with Sunil Hussain and an unidentified individual. Discussion about MONEY LAUNDERING operations was overheard. Subject departed in Motorcycle bearing plate RJ-23-XS-2776.,False,True,28.599081,77.191719
INC-00184,FIR-2024-53704,2023-09-30,05:31:11,CRIMINAL TRESPASS,Abandoned Factory Block C,BANK,1340,13,8,S0001,Manoj Sharma,S0050,Hassan Qureshi,Investigation report: Manoj Sharma allegedly transferred funds to Hassan Qureshi via Silver Line Transport on 2023-09-30 05:31. Transaction of ₹3234781 was flagged. Both suspects are known to frequent Abandoned Factory Block C. Surveillance indicates regular communication through phone +91-7731428289.,True,False,28.741337,77.004038
INC-00185,FIR-2024-34833,2024-10-25,07:23:43,NARCOTICS,"Satellite, Ahmedabad",APARTMENT,246,7,4,S0059,Geeta Hernandez,S0038,Ashok Patel,"Surveillance report #FIR-2024-21123: Subject Geeta Hernandez traveled to Satellite, Ahmedabad on 2024-10-25 07:23. Met with Ashok Patel and an unidentified individual. Discussion about NARCOTICS operations was overheard. Subject departed in Auto-rickshaw bearing plate DL-50-YG-5896.",True,False,28.425197,77.124331
INC-00186,FIR-2024-95699,2023-02-07,12:21:10,BATTERY,"Banjara Hills, Hyderabad",STREET,2030,20,6,S0040,Farooq Saxena,S0041,Anil Chauhan,"FIR filed against Farooq Saxena for BATTERY at Banjara Hills, Hyderabad on 2023-02-07 12:21. Witnesses identified accomplice Anil Chauhan at the scene. A Van (RJ-16-GX-9570) was used to flee. Farooq Saxena is associated with Red Lotus Gang.",True,False,28.452215,76.903349
INC-00187,FIR-2023-52151,2024-04-12,22:15:14,NARCOTICS,Airport Cargo Terminal,WAREHOUSE,973,25,6,S0007,Vikram Chauhan,S0013,Tariq Hernandez,"Intelligence report: Vikram Chauhan and Tariq Hernandez are part of a network operating from Airport Cargo Terminal. Phone intercept of +91-8314545093 revealed plans for NARCOTICS targeting Connaught Place, New Delhi. Organization Northern Alliance Network is suspected to be a front for illegal activities.",True,False,28.448298,76.884742
INC-00188,FIR-2023-95426,2023-06-18,15:58:16,MOTOR VEHICLE THEFT,River Bridge Underpass,GAS STATION,1262,14,61,S0054,Tariq Pandey,S0056,Anil Chauhan,"On 2023-06-18 15:58, suspect Tariq Pandey was observed meeting Anil Chauhan at River Bridge Underpass. The meeting lasted approximately 72 minutes. Suspect was seen carrying a briefcase. Vehicle with plate DL-18-DX-7162 was parked nearby. Contact phone +91-8152869473 was intercepted.",True,False,28.65593,77.113852
INC-00189,FIR-2023-70845,2024-12-09,01:22:11,NARCOTICS,Old Market Area,PARK,952,9,7,S0053,Vinod Hussain,S0057,Sanjay Ahmed,"Intelligence report: Vinod Hussain and Sanjay Ahmed are part of a network operating from Old Market Area. Phone intercept of +91-8468512260 revealed plans for NARCOTICS targeting Aundh, Pune. Organization Zenith Capital Group is suspected to be a front for illegal activities.",True,True,28.459687,77.306269
INC-00190,FIR-2024-77489,2023-02-25,23:28:43,OFFENSE INVOLVING CHILDREN,"Koregaon Park, Pune",RESIDENCE,390,8,57,S0061,Farooq Joshi,S0060,Kiran Ahmed,"Investigation report: Farooq Joshi allegedly transferred funds to Kiran Ahmed via Bluestone Holdings on 2023-02-25 23:28. Transaction of ₹1485452 was flagged. Both suspects are known to frequent Koregaon Park, Pune. Surveillance indicates regular communication through phone +91-7944047056.",False,False,28.698835,77.339024
INC-00191,FIR-2024-58953,2023-08-22,03:34:13,MOTOR VEHICLE THEFT,Railway Station Complex,APARTMENT,1974,24,25,S0030,Prakash Lopez,S0042,Rekha Thakur,Crime scene report: MOTOR VEHICLE THEFT occurred at Railway Station Complex on 2023-08-22 03:34. Evidence points to involvement of Prakash Lopez. CCTV footage shows Rekha Thakur in the vicinity. Iron Gate Security financial records show payment of ₹1823324 on same date. Phone +91-7587753540 location data places suspect at scene.,False,False,28.480884,76.876327
INC-00192,FIR-2024-70655,2024-04-21,16:41:46,KIDNAPPING,"Anna Nagar, Chennai",ALLEY,159,24,55,S0073,Rahul Martinez,S0072,Priya Martinez,"Intelligence report: Rahul Martinez and Priya Martinez are part of a network operating from Anna Nagar, Chennai. Phone intercept of +91-8723469890 revealed plans for KIDNAPPING targeting MG Road, Bangalore. Organization Crescent Moon Foundation is suspected to be a front for illegal activities.",True,False,28.573699,76.933444
INC-00193,FIR-2023-27394,2023-01-06,15:12:38,BATTERY,"Marine Drive, Mumbai",PARKING LOT,1311,8,12,S0076,Rahul Qureshi,S0074,Ramesh Mishra,"Investigation report: Rahul Qureshi allegedly transferred funds to Ramesh Mishra via Zenith Capital Group on 2023-01-06 15:12. Transaction of ₹707022 was flagged. Both suspects are known to frequent Marine Drive, Mumbai. Surveillance indicates regular communication through phone +91-8453831805.",True,False,28.521935,77.221983
INC-00194,FIR-2024-45361,2024-04-10,16:53:06,ROBBERY,Bus Terminal Underground,SCHOOL,2321,19,27,S0074,Ramesh Mishra,S0004,Hassan Kumar,Investigation report: Ramesh Mishra allegedly transferred funds to Hassan Kumar via Silver Line Transport on 2024-04-10 16:53. Transaction of ₹4463682 was flagged. Both suspects are known to frequent Bus Terminal Underground. Surveillance indicates regular communication through phone +91-9129320527.,True,False,28.534278,77.359346
INC-00195,FIR-2023-95070,2023-02-22,04:02:24,OTHER OFFENSE,"Indiranagar, Bangalore",COMMERCIAL BUILDING,2476,23,27,S0066,Imran Joshi,S0047,Pooja Hussain,"Investigation report: Imran Joshi allegedly transferred funds to Pooja Hussain via Metro Finance Corp on 2023-02-22 04:02. Transaction of ₹1171032 was flagged. Both suspects are known to frequent Indiranagar, Bangalore. Surveillance indicates regular communication through phone +91-9665882102.",True,False,28.759173,77.10214
INC-00196,FIR-2023-20508,2023-12-20,16:28:18,MONEY LAUNDERING,"Gomti Nagar, Lucknow",RESTAURANT,832,10,10,S0055,Prakash Yadav,S0057,Sanjay Ahmed,"Crime scene report: MONEY LAUNDERING occurred at Gomti Nagar, Lucknow on 2023-12-20 16:28. Evidence points to involvement of Prakash Yadav. CCTV footage shows Sanjay Ahmed in the vicinity. Dark Web Solutions financial records show payment of ₹560524 on same date. Phone +91-7906087278 location data places suspect at scene.",True,False,28.44481,76.888772
INC-00197,FIR-2024-63961,2024-10-04,00:49:34,THEFT,"Connaught Place, New Delhi",GAS STATION,1504,21,42,S0020,Ajay Yadav,S0067,Rajesh Ali,"On 2024-10-04 00:49, suspect Ajay Yadav was observed meeting Rajesh Ali at Connaught Place, New Delhi. The meeting lasted approximately 34 minutes. Suspect was seen carrying a briefcase. Vehicle with plate KA-61-MP-8272 was parked nearby. Contact phone +91-7191685914 was intercepted.",False,False,28.678745,77.305145
INC-00198,FIR-2024-31805,2023-11-10,06:15:09,DECEPTIVE PRACTICE,"Navrangpura, Ahmedabad",GAS STATION,758,23,69,S0057,Sanjay Ahmed,S0054,Tariq Pandey,"Confidential informant reports that Sanjay Ahmed has been coordinating with Tariq Pandey through encrypted communications. Activities centered around Navrangpura, Ahmedabad and Koregaon Park, Pune. Financial trail leads to Zenith Capital Group. Estimated proceeds: ₹1254352.",False,False,28.470144,77.224867
INC-00199,FIR-2024-25923,2023-11-21,20:55:04,ROBBERY,"Andheri West, Mumbai",VEHICLE,202,13,64,S0020,Ajay Yadav,S0013,Tariq Hernandez,"Confidential informant reports that Ajay Yadav has been coordinating with Tariq Hernandez through encrypted communications. Activities centered around Andheri West, Mumbai and Indiranagar, Bangalore. Financial trail leads to Crescent Moon Foundation. Estimated proceeds: ₹3771695.",True,False,28.771125,76.893632
INC-00200,FIR-2023-72781,2024-10-24,10:45:39,MONEY LAUNDERING,Abandoned Factory Block C,VEHICLE,264,5,71,S0070,Ajay Mehta,S0043,Rekha Das,"Arrest report: Ajay Mehta apprehended on 2024-10-24 10:45 at Abandoned Factory Block C in connection with MONEY LAUNDERING. During interrogation, Ajay Mehta revealed association with Rekha Das and Phantom Industries. Recovered items include encrypted hard drive. Phone +91-8361473242 seized for analysis.",True,False,28.560652,77.304526
INC-00201,FIR-2024-98744,2024-09-14,23:20:58,WEAPONS VIOLATION,"Kothrud, Pune",BANK,457,17,51,S0058,Arjun Roy,S0057,Sanjay Ahmed,"Intelligence report: Arjun Roy and Sanjay Ahmed are part of a network operating from Kothrud, Pune. Phone intercept of +91-7497129555 revealed plans for WEAPONS VIOLATION targeting Port District Dock 7. Organization Dark Web Solutions is suspected to be a front for illegal activities.",True,False,28.641269,77.106934
INC-00202,FIR-2024-47831,2024-02-12,05:23:11,KIDNAPPING,"Indiranagar, Bangalore",APARTMENT,1836,24,54,S0008,Pooja Lopez,S0047,Pooja Hussain,"Crime scene report: KIDNAPPING occurred at Indiranagar, Bangalore on 2024-02-12 05:23. Evidence points to involvement of Pooja Lopez. CCTV footage shows Pooja Hussain in the vicinity. Silver Line Transport financial records show payment of ₹1819382 on same date. Phone +91-7468144718 location data places suspect at scene.",True,False,28.639174,76.886184
INC-00203,FIR-2024-86704,2024-08-27,13:40:53,BURGLARY,"Sector 15, New Delhi",ALLEY,2123,18,60,S0039,Yusuf Khan,S0044,Sanjay Khan,"FIR filed against Yusuf Khan for BURGLARY at Sector 15, New Delhi on 2024-08-27 13:40. Witnesses identified accomplice Sanjay Khan at the scene. A Auto-rickshaw (UP-54-FU-8571) was used to flee. Yusuf Khan is associated with Vortex Communications.",True,True,28.400979,76.957606
INC-00204,FIR-2023-44018,2023-07-03,17:54:32,MOTOR VEHICLE THEFT,"Sector 15, New Delhi",APARTMENT,2482,2,19,S0061,Farooq Joshi,S0059,Geeta Hernandez,"Crime scene report: MOTOR VEHICLE THEFT occurred at Sector 15, New Delhi on 2023-07-03 17:54. Evidence points to involvement of Farooq Joshi. CCTV footage shows Geeta Hernandez in the vicinity. Metro Finance Corp financial records show payment of ₹4003318 on same date. Phone +91-7944047056 location data places suspect at scene.",False,False,28.677313,77.014431
INC-00205,FIR-2024-22561,2023-02-19,10:33:12,THEFT,"Gomti Nagar, Lucknow",HOTEL,2475,12,19,S0007,Vikram Chauhan,S0003,Kiran Qureshi,"FIR filed against Vikram Chauhan for THEFT at Gomti Nagar, Lucknow on 2023-02-19 10:33. Witnesses identified accomplice Kiran Qureshi at the scene. A Truck (TN-99-XF-2548) was used to flee. Vikram Chauhan is associated with Northern Alliance Network.",True,True,28.512567,77.267285
INC-00206,FIR-2024-32571,2023-08-12,05:37:37,CYBER CRIME,"Navrangpura, Ahmedabad",SCHOOL,1347,1,16,S0053,Vinod Hussain,S0057,Sanjay Ahmed,"On 2023-08-12 05:37, suspect Vinod Hussain was observed meeting Sanjay Ahmed at Navrangpura, Ahmedabad. The meeting lasted approximately 54 minutes. Suspect was seen carrying a sealed envelope. Vehicle with plate MH-54-RC-2909 was parked nearby. Contact phone +91-8468512260 was intercepted.",True,True,28.677698,77.212828
INC-00207,FIR-2023-22648,2024-03-11,04:04:03,BURGLARY,"Sector 15, New Delhi",PARK,607,20,27,S0040,Farooq Saxena,S0044,Sanjay Khan,"On 2024-03-11 04:04, suspect Farooq Saxena was observed meeting Sanjay Khan at Sector 15, New Delhi. The meeting lasted approximately 25 minutes. Suspect was seen carrying a sealed envelope. Vehicle with plate RJ-06-GD-1537 was parked nearby. Contact phone +91-9752093579 was intercepted.",True,False,28.540613,76.854468
INC-00208,FIR-2023-35106,2023-12-27,05:50:44,CYBER CRIME,Highway NH-48 Rest Stop,ALLEY,803,25,69,S0036,Ravi Ali,S0045,Suman Mishra,"Intelligence report: Ravi Ali and Suman Mishra are part of a network operating from Highway NH-48 Rest Stop. Phone intercept of +91-8689097012 revealed plans for CYBER CRIME targeting Gomti Nagar, Lucknow. Organization Iron Gate Security is suspected to be a front for illegal activities.",True,False,28.439474,76.928409
INC-00209,FIR-2023-63422,2024-01-11,21:27:31,NARCOTICS,"Andheri West, Mumbai",RESIDENCE,1387,4,60,S0065,Prakash Mehta,S0061,Farooq Joshi,"Investigation report: Prakash Mehta allegedly transferred funds to Farooq Joshi via Zenith Capital Group on 2024-01-11 21:27. Transaction of ₹3194441 was flagged. Both suspects are known to frequent Andheri West, Mumbai. Surveillance indicates regular communication through phone +91-7911433788.",True,False,28.598326,77.01675
INC-00210,FIR-2024-33500,2023-12-02,17:58:31,CRIMINAL DAMAGE,"Salt Lake, Kolkata",STREET,2113,22,14,S0037,Suman Agarwal,S0032,Saleem Thakur,"Surveillance report #FIR-2023-72347: Subject Suman Agarwal traveled to Salt Lake, Kolkata on 2023-12-02 17:58. Met with Saleem Thakur and an unidentified individual. Discussion about CRIMINAL DAMAGE operations was overheard. Subject departed in Motorcycle bearing plate UP-59-WK-8273.",False,False,28.663419,76.851004
INC-00211,FIR-2024-46505,2023-03-08,13:14:32,WEAPONS VIOLATION,"Banjara Hills, Hyderabad",PARK,2483,19,35,S0019,Hassan Rodriguez,S0017,Naveen Kumar,"Intelligence report: Hassan Rodriguez and Naveen Kumar are part of a network operating from Banjara Hills, Hyderabad. Phone intercept of +91-9469240982 revealed plans for WEAPONS VIOLATION targeting Malviya Nagar, Jaipur. Organization Silver Line Transport is suspected to be a front for illegal activities.",False,False,28.666671,77.370083
INC-00212,FIR-2024-30019,2023-04-21,04:26:55,DECEPTIVE PRACTICE,"Velachery, Chennai",ALLEY,494,25,10,S0063,Mohan Hussain,S0062,Rizwan Ali,"On 2023-04-21 04:26, suspect Mohan Hussain was observed meeting Rizwan Ali at Velachery, Chennai. The meeting lasted approximately 18 minutes. Suspect was seen carrying a unregistered firearm. Vehicle with plate GJ-30-XE-1486 was parked nearby. Contact phone +91-8639980776 was intercepted.",False,False,28.480773,77.197256
INC-00213,FIR-2024-31514,2024-07-07,19:54:06,ASSAULT,Highway NH-48 Rest Stop,COMMERCIAL BUILDING,1864,5,40,S0063,Mohan Hussain,S0078,Ashok Saxena,Surveillance report #FIR-2023-82963: Subject Mohan Hussain traveled to Highway NH-48 Rest Stop on 2024-07-07 19:54. Met with Ashok Saxena and an unidentified individual. Discussion about ASSAULT operations was overheard. Subject departed in SUV bearing plate DL-56-DN-8374.,False,False,28.443753,77.205015
INC-00214,FIR-2024-86541,2024-07-29,05:41:27,CYBER CRIME,"Marine Drive, Mumbai",STREET,1497,13,13,S0071,Rajesh Joshi,S0080,Abdul Joshi,"Confidential informant reports that Rajesh Joshi has been coordinating with Abdul Joshi through encrypted communications. Activities centered around Marine Drive, Mumbai and Marine Drive, Mumbai. Financial trail leads to Silver Line Transport. Estimated proceeds: ₹388481.",False,False,28.542946,77.010762
INC-00215,FIR-2023-71564,2024-08-29,03:05:33,BURGLARY,Bus Terminal Underground,GAS STATION,191,11,49,S0032,Saleem Thakur,S0039,Yusuf Khan,"Confidential informant reports that Saleem Thakur has been coordinating with Yusuf Khan through encrypted communications. Activities centered around Bus Terminal Underground and Marine Drive, Mumbai. Financial trail leads to Falcon Express Logistics. Estimated proceeds: ₹3553960.",False,False,28.43909,77.093015
INC-00216,FIR-2023-85784,2023-06-20,22:23:06,THEFT,"Indiranagar, Bangalore",RESIDENCE,1479,9,9,S0027,Ramesh Patel,S0029,Kiran Ali,"Arrest report: Ramesh Patel apprehended on 2023-06-20 22:23 at Indiranagar, Bangalore in connection with THEFT. During interrogation, Ramesh Patel revealed association with Kiran Ali and Vortex Communications. Recovered items include sealed envelope. Phone +91-8837911267 seized for analysis.",False,False,28.538927,76.845997
INC-00217,FIR-2024-37912,2024-11-10,19:39:32,CRIMINAL TRESPASS,"Aundh, Pune",BANK,2014,9,69,S0039,Yusuf Khan,S0044,Sanjay Khan,"FIR filed against Yusuf Khan for CRIMINAL TRESPASS at Aundh, Pune on 2024-11-10 19:39. Witnesses identified accomplice Sanjay Khan at the scene. A Auto-rickshaw (RJ-33-WT-8425) was used to flee. Yusuf Khan is associated with Vortex Communications.",False,False,28.690646,76.835929
INC-00218,FIR-2023-29655,2023-06-04,10:55:57,KIDNAPPING,"Connaught Place, New Delhi",SIDEWALK,213,8,40,S0026,Ramesh Lopez,S0027,Ramesh Patel,"Arrest report: Ramesh Lopez apprehended on 2023-06-04 10:55 at Connaught Place, New Delhi in connection with KIDNAPPING. During interrogation, Ramesh Lopez revealed association with Ramesh Patel and Crescent Moon Foundation. Recovered items include sealed envelope. Phone +91-9078465518 seized for analysis.",False,False,28.796517,77.053211
INC-00219,FIR-2023-51144,2023-01-30,09:24:28,DECEPTIVE PRACTICE,Industrial Zone B-12,GAS STATION,1320,3,53,S0005,Arjun Verma,S0007,Vikram Chauhan,FIR filed against Arjun Verma for DECEPTIVE PRACTICE at Industrial Zone B-12 on 2023-01-30 09:24. Witnesses identified accomplice Vikram Chauhan at the scene. A SUV (GJ-82-MF-7065) was used to flee. Arjun Verma is associated with Phantom Industries.,False,False,28.754288,77.038137
INC-00220,FIR-2023-28910,2023-05-04,19:00:14,CYBER CRIME,"Civil Lines, Lucknow",RESIDENCE,817,7,36,S0018,Sanjay Agarwal,S0019,Hassan Rodriguez,"Confidential informant reports that Sanjay Agarwal has been coordinating with Hassan Rodriguez through encrypted communications. Activities centered around Civil Lines, Lucknow and Airport Cargo Terminal. Financial trail leads to Phantom Industries. Estimated proceeds: ₹3281143.",False,False,28.74516,76.833555
INC-00221,FIR-2024-50536,2024-07-12,15:25:45,MONEY LAUNDERING,Industrial Zone B-12,BANK,1586,22,16,S0069,Mohan Das,S0070,Ajay Mehta,"On 2024-07-12 15:25, suspect Mohan Das was observed meeting Ajay Mehta at Industrial Zone B-12. The meeting lasted approximately 87 minutes. Suspect was seen carrying a suspicious package. Vehicle with plate UP-19-MS-7025 was parked nearby. Contact phone +91-7305439451 was intercepted.",True,False,28.555388,77.345873
INC-00222,FIR-2024-53610,2023-11-05,03:17:09,MOTOR VEHICLE THEFT,"Koregaon Park, Pune",SCHOOL,1830,4,21,S0051,Vinod Qureshi,S0033,Anita Malik,"Surveillance report #FIR-2024-71746: Subject Vinod Qureshi traveled to Koregaon Park, Pune on 2023-11-05 03:17. Met with Anita Malik and an unidentified individual. Discussion about MOTOR VEHICLE THEFT operations was overheard. Subject departed in Auto-rickshaw bearing plate TN-21-RX-6196.",False,False,28.540743,77.16127
INC-00223,FIR-2023-87858,2024-12-12,00:59:44,BATTERY,45th Street Warehouse,BANK,1780,11,58,S0071,Rajesh Joshi,S0059,Geeta Hernandez,"Arrest report: Rajesh Joshi apprehended on 2024-12-12 00:59 at 45th Street Warehouse in connection with BATTERY. During interrogation, Rajesh Joshi revealed association with Geeta Hernandez and Golden Circle Imports. Recovered items include briefcase. Phone +91-9835229476 seized for analysis.",False,False,28.453404,76.904087
INC-00224,FIR-2023-62564,2023-07-23,03:04:22,KIDNAPPING,"Indiranagar, Bangalore",GAS STATION,1856,20,34,S0076,Rahul Qureshi,S0037,Suman Agarwal,"Intelligence report: Rahul Qureshi and Suman Agarwal are part of a network operating from Indiranagar, Bangalore. Phone intercept of +91-8453831805 revealed plans for KIDNAPPING targeting River Bridge Underpass. Organization Golden Circle Imports is suspected to be a front for illegal activities.",True,True,28.547168,77.368346
INC-00225,FIR-2023-64831,2024-04-09,17:59:29,CRIMINAL DAMAGE,"Navrangpura, Ahmedabad",APARTMENT,1773,5,4,S0016,Arjun Shah,S0021,Saleem Hernandez,"Surveillance report #FIR-2024-98760: Subject Arjun Shah traveled to Navrangpura, Ahmedabad on 2024-04-09 17:59. Met with Saleem Hernandez and an unidentified individual. Discussion about CRIMINAL DAMAGE operations was overheard. Subject departed in Motorcycle bearing plate TN-35-KS-7259.",False,False,28.494194,77.070586
INC-00226,FIR-2023-16830,2023-03-29,00:22:32,MONEY LAUNDERING,"Jubilee Hills, Hyderabad",PARKING LOT,1061,16,46,S0032,Saleem Thakur,S0039,Yusuf Khan,"Surveillance report #FIR-2023-22488: Subject Saleem Thakur traveled to Jubilee Hills, Hyderabad on 2023-03-29 00:22. Met with Yusuf Khan and an unidentified individual. Discussion about MONEY LAUNDERING operations was overheard. Subject departed in Auto-rickshaw bearing plate HR-89-NY-4476.",True,True,28.601817,77.028563
INC-00227,FIR-2023-51060,2023-02-12,21:08:05,NARCOTICS,"Civil Lines, Lucknow",STREET,623,16,36,S0051,Vinod Qureshi,S0050,Hassan Qureshi,"Investigation report: Vinod Qureshi allegedly transferred funds to Hassan Qureshi via Zenith Capital Group on 2023-02-12 21:08. Transaction of ₹3641677 was flagged. Both suspects are known to frequent Civil Lines, Lucknow. Surveillance indicates regular communication through phone +91-8102313761.",False,False,28.51317,77.326162
INC-00228,FIR-2023-29480,2024-06-13,11:23:46,KIDNAPPING,Abandoned Factory Block C,STREET,1041,6,5,S0079,Ravi Singh,S0034,Manoj Malik,FIR filed against Ravi Singh for KIDNAPPING at Abandoned Factory Block C on 2024-06-13 11:23. Witnesses identified accomplice Manoj Malik at the scene. A Truck (RJ-62-DH-7248) was used to flee. Ravi Singh is associated with Falcon Express Logistics.,False,False,28.682385,77.061858
INC-00229,FIR-2023-78945,2024-05-11,16:39:59,MONEY LAUNDERING,"Park Street, Kolkata",PARK,2437,6,54,S0064,Carlos Reddy,S0065,Prakash Mehta,"FIR filed against Carlos Reddy for MONEY LAUNDERING at Park Street, Kolkata on 2024-05-11 16:39. Witnesses identified accomplice Prakash Mehta at the scene. A Motorcycle (MH-45-CG-5654) was used to flee. Carlos Reddy is associated with Apex Trading LLC.",True,False,28.599244,76.856583
INC-00230,FIR-2023-96005,2024-02-08,13:36:03,CRIMINAL DAMAGE,Airport Cargo Terminal,GAS STATION,1955,11,73,S0043,Rekha Das,S0032,Saleem Thakur,Crime scene report: CRIMINAL DAMAGE occurred at Airport Cargo Terminal on 2024-02-08 13:36. Evidence points to involvement of Rekha Das. CCTV footage shows Saleem Thakur in the vicinity. Silver Line Transport financial records show payment of ₹4994546 on same date. Phone +91-8599838760 location data places suspect at scene.,True,False,28.419473,77.186186
INC-00231,FIR-2023-25807,2024-07-14,21:55:43,OTHER OFFENSE,"MG Road, Bangalore",ALLEY,2110,14,40,S0042,Rekha Thakur,S0010,Kavita Thakur,"On 2024-07-14 21:55, suspect Rekha Thakur was observed meeting Kavita Thakur at MG Road, Bangalore. The meeting lasted approximately 36 minutes. Suspect was seen carrying a laptop bag. Vehicle with plate RJ-33-FH-7535 was parked nearby. Contact phone +91-9807385456 was intercepted.",True,False,28.438445,77.020474
INC-00232,FIR-2023-94883,2023-10-02,20:30:01,KIDNAPPING,"MG Road, Bangalore",BANK,735,16,68,S0026,Ramesh Lopez,S0023,Kiran Ali,"Surveillance report #FIR-2024-98662: Subject Ramesh Lopez traveled to MG Road, Bangalore on 2023-10-02 20:30. Met with Kiran Ali and an unidentified individual. Discussion about KIDNAPPING operations was overheard. Subject departed in Auto-rickshaw bearing plate RJ-48-WF-8112.",True,False,28.574942,77.344325
INC-00233,FIR-2023-70903,2023-09-12,19:02:42,KIDNAPPING,"Koregaon Park, Pune",BANK,2428,9,46,S0062,Rizwan Ali,S0063,Mohan Hussain,"Investigation report: Rizwan Ali allegedly transferred funds to Mohan Hussain via Red Lotus Gang on 2023-09-12 19:02. Transaction of ₹912884 was flagged. Both suspects are known to frequent Koregaon Park, Pune. Surveillance indicates regular communication through phone +91-7376081376.",False,False,28.707459,76.809761
INC-00234,FIR-2024-98265,2023-02-16,03:01:57,KIDNAPPING,Abandoned Factory Block C,RESIDENCE,1876,18,3,S0060,Kiran Ahmed,S0059,Geeta Hernandez,"Arrest report: Kiran Ahmed apprehended on 2023-02-16 03:01 at Abandoned Factory Block C in connection with KIDNAPPING. During interrogation, Kiran Ahmed revealed association with Geeta Hernandez and Shadow Syndicate. Recovered items include laptop bag. Phone +91-9164020641 seized for analysis.",True,False,28.405322,77.193481
INC-00235,FIR-2024-95016,2024-09-25,22:27:17,OFFENSE INVOLVING CHILDREN,Old Market Area,APARTMENT,1090,14,69,S0059,Geeta Hernandez,S0044,Sanjay Khan,"Intelligence report: Geeta Hernandez and Sanjay Khan are part of a network operating from Old Market Area. Phone intercept of +91-9818587139 revealed plans for OFFENSE INVOLVING CHILDREN targeting Park Street, Kolkata. Organization Red Lotus Gang is suspected to be a front for illegal activities.",True,True,28.707888,76.888899
INC-00236,FIR-2024-85846,2024-12-20,16:12:41,MONEY LAUNDERING,"Velachery, Chennai",GAS STATION,2370,10,5,S0055,Prakash Yadav,S0053,Vinod Hussain,"Surveillance report #FIR-2024-64484: Subject Prakash Yadav traveled to Velachery, Chennai on 2024-12-20 16:12. Met with Vinod Hussain and an unidentified individual. Discussion about MONEY LAUNDERING operations was overheard. Subject departed in Truck bearing plate GJ-75-HG-5830.",False,False,28.605342,77.234769
INC-00237,FIR-2023-47750,2023-01-20,15:21:52,CRIMINAL TRESPASS,"Satellite, Ahmedabad",SCHOOL,887,16,45,S0063,Mohan Hussain,S0062,Rizwan Ali,"Crime scene report: CRIMINAL TRESPASS occurred at Satellite, Ahmedabad on 2023-01-20 15:21. Evidence points to involvement of Mohan Hussain. CCTV footage shows Rizwan Ali in the vicinity. Red Lotus Gang financial records show payment of ₹3770825 on same date. Phone +91-8639980776 location data places suspect at scene.",False,False,28.487881,77.345442
INC-00238,FIR-2024-26920,2023-05-15,10:40:55,OTHER OFFENSE,"Connaught Place, New Delhi",APARTMENT,917,6,63,S0044,Sanjay Khan,S0060,Kiran Ahmed,"Crime scene report: OTHER OFFENSE occurred at Connaught Place, New Delhi on 2023-05-15 10:40. Evidence points to involvement of Sanjay Khan. CCTV footage shows Kiran Ahmed in the vicinity. Diamond Rock Mining financial records show payment of ₹1748191 on same date. Phone +91-9971861645 location data places suspect at scene.",True,False,28.777222,77.096235
INC-00239,FIR-2024-24938,2024-01-03,09:29:44,OFFENSE INVOLVING CHILDREN,Industrial Zone B-12,GAS STATION,1028,4,72,S0031,Rahul Thakur,S0038,Ashok Patel,FIR filed against Rahul Thakur for OFFENSE INVOLVING CHILDREN at Industrial Zone B-12 on 2024-01-03 09:29. Witnesses identified accomplice Ashok Patel at the scene. A SUV (TN-52-LJ-2137) was used to flee. Rahul Thakur is associated with Golden Circle Imports.,True,False,28.797465,77.270931
INC-00240,FIR-2023-31895,2023-10-01,05:30:15,CYBER CRIME,"Malviya Nagar, Jaipur",BANK,583,7,47,S0006,Sunil Hussain,S0072,Priya Martinez,"Investigation report: Sunil Hussain allegedly transferred funds to Priya Martinez via Silver Line Transport on 2023-10-01 05:30. Transaction of ₹864531 was flagged. Both suspects are known to frequent Malviya Nagar, Jaipur. Surveillance indicates regular communication through phone +91-8996093227.",True,False,28.683265,77.257179
INC-00241,FIR-2024-64396,2023-06-07,23:33:35,OFFENSE INVOLVING CHILDREN,"Banjara Hills, Hyderabad",PARKING LOT,1105,5,68,S0064,Carlos Reddy,S0013,Tariq Hernandez,"Crime scene report: OFFENSE INVOLVING CHILDREN occurred at Banjara Hills, Hyderabad on 2023-06-07 23:33. Evidence points to involvement of Carlos Reddy. CCTV footage shows Tariq Hernandez in the vicinity. Apex Trading LLC financial records show payment of ₹1446648 on same date. Phone +91-7750198381 location data places suspect at scene.",False,False,28.455198,77.057294
INC-00242,FIR-2023-96530,2024-11-29,13:10:18,ASSAULT,"Andheri West, Mumbai",VEHICLE,718,19,8,S0053,Vinod Hussain,S0067,Rajesh Ali,"Confidential informant reports that Vinod Hussain has been coordinating with Rajesh Ali through encrypted communications. Activities centered around Andheri West, Mumbai and Salt Lake, Kolkata. Financial trail leads to Apex Trading LLC. Estimated proceeds: ₹3651262.",False,False,28.754313,77.220474
INC-00243,FIR-2023-14845,2023-12-19,00:17:15,DECEPTIVE PRACTICE,Abandoned Factory Block C,HOTEL,1470,13,17,S0039,Yusuf Khan,S0041,Anil Chauhan,Crime scene report: DECEPTIVE PRACTICE occurred at Abandoned Factory Block C on 2023-12-19 00:17. Evidence points to involvement of Yusuf Khan. CCTV footage shows Anil Chauhan in the vicinity. Dark Web Solutions financial records show payment of ₹3403239 on same date. Phone +91-9007576162 location data places suspect at scene.,False,False,28.604669,76.987351
INC-00244,FIR-2024-44046,2023-01-24,01:00:55,HUMAN TRAFFICKING,"Kothrud, Pune",BANK,2178,12,16,S0044,Sanjay Khan,S0021,Saleem Hernandez,"Intelligence report: Sanjay Khan and Saleem Hernandez are part of a network operating from Kothrud, Pune. Phone intercept of +91-9971861645 revealed plans for HUMAN TRAFFICKING targeting Airport Cargo Terminal. Organization Falcon Express Logistics is suspected to be a front for illegal activities.",True,False,28.776537,77.069242
INC-00245,FIR-2023-57352,2023-12-14,08:35:45,HUMAN TRAFFICKING,Bus Terminal Underground,COMMERCIAL BUILDING,501,5,55,S0074,Ramesh Mishra,S0059,Geeta Hernandez,Surveillance report #FIR-2024-77692: Subject Ramesh Mishra traveled to Bus Terminal Underground on 2023-12-14 08:35. Met with Geeta Hernandez and an unidentified individual. Discussion about HUMAN TRAFFICKING operations was overheard. Subject departed in Auto-rickshaw bearing plate HR-39-KY-3293.,False,True,28.424877,77.333106
INC-00246,FIR-2024-26958,2024-11-24,19:09:37,OTHER OFFENSE,"Kothrud, Pune",SCHOOL,2202,17,16,S0061,Farooq Joshi,S0063,Mohan Hussain,"Crime scene report: OTHER OFFENSE occurred at Kothrud, Pune on 2024-11-24 19:09. Evidence points to involvement of Farooq Joshi. CCTV footage shows Mohan Hussain in the vicinity. Phantom Industries financial records show payment of ₹1220863 on same date. Phone +91-7944047056 location data places suspect at scene.",True,False,28.413043,76.894104
INC-00247,FIR-2024-49748,2024-02-23,04:01:01,CRIMINAL DAMAGE,"Indiranagar, Bangalore",ALLEY,2090,1,19,S0072,Priya Martinez,S0074,Ramesh Mishra,"Arrest report: Priya Martinez apprehended on 2024-02-23 04:01 at Indiranagar, Bangalore in connection with CRIMINAL DAMAGE. During interrogation, Priya Martinez revealed association with Ramesh Mishra and Zenith Capital Group. Recovered items include laptop bag. Phone +91-8873660196 seized for analysis.",True,False,28.568703,77.362092
INC-00248,FIR-2023-28156,2023-07-07,17:47:47,ASSAULT,"Park Street, Kolkata",HOTEL,1987,25,58,S0040,Farooq Saxena,S0028,Ajay Agarwal,"Arrest report: Farooq Saxena apprehended on 2023-07-07 17:47 at Park Street, Kolkata in connection with ASSAULT. During interrogation, Farooq Saxena revealed association with Ajay Agarwal and Phantom Industries. Recovered items include mobile phones (3). Phone +91-9752093579 seized for analysis.",False,True,28.691146,76.853589
INC-00249,FIR-2023-35221,2023-08-27,14:23:45,CRIMINAL TRESPASS,"Satellite, Ahmedabad",GAS STATION,2319,19,7,S0080,Abdul Joshi,S0007,Vikram Chauhan,"On 2023-08-27 14:23, suspect Abdul Joshi was observed meeting Vikram Chauhan at Satellite, Ahmedabad. The meeting lasted approximately 90 minutes. Suspect was seen carrying a cash bundle. Vehicle with plate DL-86-RJ-2450 was parked nearby. Contact phone +91-9719896275 was intercepted.",True,False,28.601056,76.811198
INC-00250,FIR-2024-21930,2023-07-30,08:55:50,EXTORTION,"MG Road, Bangalore",RESIDENCE,506,18,22,S0069,Mohan Das,S0070,Ajay Mehta,"Confidential informant reports that Mohan Das has been coordinating with Ajay Mehta through encrypted communications. Activities centered around MG Road, Bangalore and Connaught Place, New Delhi. Financial trail leads to Phantom Industries. Estimated proceeds: ₹211804.",False,True,28.502222,76.853777
INC-00251,FIR-2023-41407,2023-03-02,22:22:20,CRIMINAL TRESPASS,"Anna Nagar, Chennai",PARK,2500,8,64,S0040,Farooq Saxena,S0022,Abdul Chauhan,"Surveillance report #FIR-2023-16799: Subject Farooq Saxena traveled to Anna Nagar, Chennai on 2023-03-02 22:22. Met with Abdul Chauhan and an unidentified individual. Discussion about CRIMINAL TRESPASS operations was overheard. Subject departed in Motorcycle bearing plate DL-39-ND-6243.",False,False,28.507715,76.991002
INC-00252,FIR-2023-28660,2024-02-22,23:03:59,MOTOR VEHICLE THEFT,River Bridge Underpass,PARKING LOT,2313,6,32,S0071,Rajesh Joshi,S0080,Abdul Joshi,FIR filed against Rajesh Joshi for MOTOR VEHICLE THEFT at River Bridge Underpass on 2024-02-22 23:03. Witnesses identified accomplice Abdul Joshi at the scene. A Motorcycle (UP-71-VY-2663) was used to flee. Rajesh Joshi is associated with Shadow Syndicate.,False,False,28.622061,76.825075
INC-00253,FIR-2023-80004,2023-10-24,23:46:37,NARCOTICS,"Sector 15, New Delhi",GAS STATION,386,10,12,S0060,Kiran Ahmed,S0080,Abdul Joshi,"Surveillance report #FIR-2024-15961: Subject Kiran Ahmed traveled to Sector 15, New Delhi on 2023-10-24 23:46. Met with Abdul Joshi and an unidentified individual. Discussion about NARCOTICS operations was overheard. Subject departed in Auto-rickshaw bearing plate DL-62-JW-5110.",False,False,28.732199,77.235044
INC-00254,FIR-2024-54778,2024-09-17,18:22:47,CRIMINAL TRESPASS,Abandoned Factory Block C,SIDEWALK,1983,20,43,S0036,Ravi Ali,S0027,Ramesh Patel,Confidential informant reports that Ravi Ali has been coordinating with Ramesh Patel through encrypted communications. Activities centered around Abandoned Factory Block C and 45th Street Warehouse. Financial trail leads to Iron Gate Security. Estimated proceeds: ₹3807674.,True,False,28.45349,77.353355
INC-00255,FIR-2023-11105,2024-02-28,20:14:08,MONEY LAUNDERING,Highway NH-48 Rest Stop,RESIDENCE,1995,12,25,S0078,Ashok Saxena,S0073,Rahul Martinez,Crime scene report: MONEY LAUNDERING occurred at Highway NH-48 Rest Stop on 2024-02-28 20:14. Evidence points to involvement of Ashok Saxena. CCTV footage shows Rahul Martinez in the vicinity. Silver Line Transport financial records show payment of ₹3167274 on same date. Phone +91-8505943466 location data places suspect at scene.,False,True,28.697258,77.255053
INC-00256,FIR-2024-24541,2023-08-28,17:58:44,OFFENSE INVOLVING CHILDREN,"Marine Drive, Mumbai",WAREHOUSE,1236,19,65,S0046,Miguel Gupta,S0049,Rahul Agarwal,"Crime scene report: OFFENSE INVOLVING CHILDREN occurred at Marine Drive, Mumbai on 2023-08-28 17:58. Evidence points to involvement of Miguel Gupta. CCTV footage shows Rahul Agarwal in the vicinity. Falcon Express Logistics financial records show payment of ₹1763943 on same date. Phone +91-8551797747 location data places suspect at scene.",False,False,28.477508,77.243289
INC-00257,FIR-2023-52336,2023-05-12,02:22:06,ROBBERY,"Civil Lines, Lucknow",RESTAURANT,1766,9,16,S0078,Ashok Saxena,S0073,Rahul Martinez,"Arrest report: Ashok Saxena apprehended on 2023-05-12 02:22 at Civil Lines, Lucknow in connection with ROBBERY. During interrogation, Ashok Saxena revealed association with Rahul Martinez and Iron Gate Security. Recovered items include unregistered firearm. Phone +91-8505943466 seized for analysis.",False,False,28.606903,76.826079
INC-00258,FIR-2024-50737,2024-04-04,11:30:50,ASSAULT,"Salt Lake, Kolkata",RESIDENCE,496,1,62,S0029,Kiran Ali,S0028,Ajay Agarwal,"Intelligence report: Kiran Ali and Ajay Agarwal are part of a network operating from Salt Lake, Kolkata. Phone intercept of +91-8158983385 revealed plans for ASSAULT targeting Old Market Area. Organization Apex Trading LLC is suspected to be a front for illegal activities.",False,False,28.637012,77.175778
INC-00259,FIR-2023-14370,2023-04-21,17:14:32,MOTOR VEHICLE THEFT,"Banjara Hills, Hyderabad",RESTAURANT,1383,23,9,S0043,Rekha Das,S0032,Saleem Thakur,"Crime scene report: MOTOR VEHICLE THEFT occurred at Banjara Hills, Hyderabad on 2023-04-21 17:14. Evidence points to involvement of Rekha Das. CCTV footage shows Saleem Thakur in the vicinity. Silver Line Transport financial records show payment of ₹3755145 on same date. Phone +91-8599838760 location data places suspect at scene.",True,True,28.720955,76.832873
INC-00260,FIR-2023-69429,2024-11-24,02:01:52,HUMAN TRAFFICKING,"Marine Drive, Mumbai",RESTAURANT,2001,14,13,S0079,Ravi Singh,S0073,Rahul Martinez,"Arrest report: Ravi Singh apprehended on 2024-11-24 02:01 at Marine Drive, Mumbai in connection with HUMAN TRAFFICKING. During interrogation, Ravi Singh revealed association with Rahul Martinez and Falcon Express Logistics. Recovered items include counterfeit currency. Phone +91-8925349210 seized for analysis.",False,False,28.67031,76.815583
INC-00261,FIR-2023-17928,2023-04-16,00:26:50,BURGLARY,"Kothrud, Pune",APARTMENT,1376,19,56,S0067,Rajesh Ali,S0065,Prakash Mehta,"Crime scene report: BURGLARY occurred at Kothrud, Pune on 2023-04-16 00:26. Evidence points to involvement of Rajesh Ali. CCTV footage shows Prakash Mehta in the vicinity. Bluestone Holdings financial records show payment of ₹1569638 on same date. Phone +91-8354117104 location data places suspect at scene.",False,False,28.754089,77.265297
INC-00262,FIR-2024-35612,2024-01-13,00:17:39,CYBER CRIME,"Kothrud, Pune",SIDEWALK,924,3,44,S0019,Hassan Rodriguez,S0013,Tariq Hernandez,"FIR filed against Hassan Rodriguez for CYBER CRIME at Kothrud, Pune on 2024-01-13 00:17. Witnesses identified accomplice Tariq Hernandez at the scene. A Van (DL-50-JR-5673) was used to flee. Hassan Rodriguez is associated with Silver Line Transport.",True,False,28.677913,77.389154
INC-00263,FIR-2023-40182,2023-12-10,22:25:53,THEFT,"Connaught Place, New Delhi",COMMERCIAL BUILDING,973,8,62,S0077,Anil Pandey,S0071,Rajesh Joshi,"FIR filed against Anil Pandey for THEFT at Connaught Place, New Delhi on 2023-12-10 22:25. Witnesses identified accomplice Rajesh Joshi at the scene. A Van (MH-79-NW-4945) was used to flee. Anil Pandey is associated with Crescent Moon Foundation.",False,False,28.550365,77.040188
INC-00264,FIR-2023-54540,2023-01-31,20:11:44,CRIMINAL DAMAGE,"Jubilee Hills, Hyderabad",WAREHOUSE,2371,8,23,S0001,Manoj Sharma,S0005,Arjun Verma,"On 2023-01-31 20:11, suspect Manoj Sharma was observed meeting Arjun Verma at Jubilee Hills, Hyderabad. The meeting lasted approximately 35 minutes. Suspect was seen carrying a sealed envelope. Vehicle with plate GJ-25-XV-6896 was parked nearby. Contact phone +91-7731428289 was intercepted.",True,True,28.737153,77.346389
INC-00265,FIR-2023-27143,2024-01-24,23:50:35,CRIMINAL DAMAGE,"Banjara Hills, Hyderabad",PARK,876,7,69,S0003,Kiran Qureshi,S0018,Sanjay Agarwal,"FIR filed against Kiran Qureshi for CRIMINAL DAMAGE at Banjara Hills, Hyderabad on 2024-01-24 23:50. Witnesses identified accomplice Sanjay Agarwal at the scene. A Auto-rickshaw (UP-59-HM-7100) was used to flee. Kiran Qureshi is associated with Bluestone Holdings.",False,False,28.527181,77.057724
INC-00266,FIR-2024-94550,2024-08-24,06:53:05,HUMAN TRAFFICKING,"Koregaon Park, Pune",PARK,2185,12,64,S0032,Saleem Thakur,S0079,Ravi Singh,"Crime scene report: HUMAN TRAFFICKING occurred at Koregaon Park, Pune on 2024-08-24 06:53. Evidence points to involvement of Saleem Thakur. CCTV footage shows Ravi Singh in the vicinity. Falcon Express Logistics financial records show payment of ₹3958243 on same date. Phone +91-7090425118 location data places suspect at scene.",False,False,28.684995,77.115285
INC-00267,FIR-2024-65708,2024-04-30,09:46:11,OTHER OFFENSE,45th Street Warehouse,VEHICLE,1644,19,21,S0062,Rizwan Ali,S0064,Carlos Reddy,"Intelligence report: Rizwan Ali and Carlos Reddy are part of a network operating from 45th Street Warehouse. Phone intercept of +91-7376081376 revealed plans for OTHER OFFENSE targeting Navrangpura, Ahmedabad. Organization Red Lotus Gang is suspected to be a front for illegal activities.",False,False,28.433904,77.250974
INC-00268,FIR-2023-44815,2024-08-20,01:29:52,EXTORTION,"Gomti Nagar, Lucknow",BANK,410,12,11,S0038,Ashok Patel,S0034,Manoj Malik,"Crime scene report: EXTORTION occurred at Gomti Nagar, Lucknow on 2024-08-20 01:29. Evidence points to involvement of Ashok Patel. CCTV footage shows Manoj Malik in the vicinity. Crescent Moon Foundation financial records show payment of ₹217351 on same date. Phone +91-7164583060 location data places suspect at scene.",False,False,28.605116,77.186193
INC-00269,FIR-2024-34987,2023-05-02,02:35:51,OFFENSE INVOLVING CHILDREN,"Marine Drive, Mumbai",SCHOOL,664,25,70,S0036,Ravi Ali,S0013,Tariq Hernandez,"Intelligence report: Ravi Ali and Tariq Hernandez are part of a network operating from Marine Drive, Mumbai. Phone intercept of +91-8689097012 revealed plans for OFFENSE INVOLVING CHILDREN targeting Banjara Hills, Hyderabad. Organization Iron Gate Security is suspected to be a front for illegal activities.",False,True,28.51979,77.293385
INC-00270,FIR-2023-51035,2024-11-02,00:25:58,MONEY LAUNDERING,45th Street Warehouse,WAREHOUSE,869,14,54,S0052,Neha Reddy,S0075,Imran Martinez,"Intelligence report: Neha Reddy and Imran Martinez are part of a network operating from 45th Street Warehouse. Phone intercept of +91-8821211330 revealed plans for MONEY LAUNDERING targeting Gomti Nagar, Lucknow. Organization Iron Gate Security is suspected to be a front for illegal activities.",True,False,28.741178,76.818062
INC-00271,FIR-2023-53286,2023-01-10,18:11:49,OFFENSE INVOLVING CHILDREN,"Banjara Hills, Hyderabad",GAS STATION,2450,13,49,S0018,Sanjay Agarwal,S0016,Arjun Shah,"Arrest report: Sanjay Agarwal apprehended on 2023-01-10 18:11 at Banjara Hills, Hyderabad in connection with OFFENSE INVOLVING CHILDREN. During interrogation, Sanjay Agarwal revealed association with Arjun Shah and Phantom Industries. Recovered items include suspicious package. Phone +91-8515942742 seized for analysis.",True,False,28.425484,77.03186
INC-00272,FIR-2023-69593,2023-04-06,06:14:28,CRIMINAL DAMAGE,Industrial Zone B-12,STREET,1609,17,2,S0061,Farooq Joshi,S0062,Rizwan Ali,"Intelligence report: Farooq Joshi and Rizwan Ali are part of a network operating from Industrial Zone B-12. Phone intercept of +91-7944047056 revealed plans for CRIMINAL DAMAGE targeting MG Road, Bangalore. Organization Phantom Industries is suspected to be a front for illegal activities.",True,False,28.763925,77.034663
INC-00273,FIR-2023-28702,2023-03-12,14:09:46,WEAPONS VIOLATION,"Jubilee Hills, Hyderabad",COMMERCIAL BUILDING,362,13,32,S0015,Arjun Mishra,S0020,Ajay Yadav,"Arrest report: Arjun Mishra apprehended on 2023-03-12 14:09 at Jubilee Hills, Hyderabad in connection with WEAPONS VIOLATION. During interrogation, Arjun Mishra revealed association with Ajay Yadav and Northern Alliance Network. Recovered items include chemical substances. Phone +91-8928238864 seized for analysis.",False,False,28.751696,77.076123
INC-00274,FIR-2023-41417,2024-10-23,16:36:49,OFFENSE INVOLVING CHILDREN,Old Market Area,VEHICLE,746,9,69,S0074,Ramesh Mishra,S0072,Priya Martinez,Surveillance report #FIR-2023-61583: Subject Ramesh Mishra traveled to Old Market Area on 2024-10-23 16:36. Met with Priya Martinez and an unidentified individual. Discussion about OFFENSE INVOLVING CHILDREN operations was overheard. Subject departed in Motorcycle bearing plate RJ-79-FP-5081.,False,False,28.426698,77.235923
INC-00275,FIR-2024-35480,2024-07-20,04:24:49,OFFENSE INVOLVING CHILDREN,"MG Road, Bangalore",RESTAURANT,254,1,33,S0028,Ajay Agarwal,S0053,Vinod Hussain,"On 2024-07-20 04:24, suspect Ajay Agarwal was observed meeting Vinod Hussain at MG Road, Bangalore. The meeting lasted approximately 13 minutes. Suspect was seen carrying a briefcase. Vehicle with plate HR-53-RF-5141 was parked nearby. Contact phone +91-8010157795 was intercepted.",True,False,28.454592,77.202177
INC-00276,FIR-2024-32079,2024-07-15,23:55:17,MOTOR VEHICLE THEFT,Old Market Area,RESIDENCE,145,22,35,S0060,Kiran Ahmed,S0063,Mohan Hussain,"On 2024-07-15 23:55, suspect Kiran Ahmed was observed meeting Mohan Hussain at Old Market Area. The meeting lasted approximately 22 minutes. Suspect was seen carrying a laptop bag. Vehicle with plate GJ-18-SJ-3643 was parked nearby. Contact phone +91-9164020641 was intercepted.",True,False,28.471176,77.228647
INC-00277,FIR-2023-65270,2024-10-18,03:44:33,OTHER OFFENSE,Old Market Area,STREET,159,11,25,S0069,Mohan Das,S0070,Ajay Mehta,Intelligence report: Mohan Das and Ajay Mehta are part of a network operating from Old Market Area. Phone intercept of +91-7305439451 revealed plans for OTHER OFFENSE targeting River Bridge Underpass. Organization Emerald Bay Enterprises is suspected to be a front for illegal activities.,True,False,28.752914,77.278154
INC-00278,FIR-2024-32756,2024-03-01,18:39:34,CRIMINAL DAMAGE,Airport Cargo Terminal,STREET,1747,21,41,S0022,Abdul Chauhan,S0006,Sunil Hussain,Surveillance report #FIR-2023-56737: Subject Abdul Chauhan traveled to Airport Cargo Terminal on 2024-03-01 18:39. Met with Sunil Hussain and an unidentified individual. Discussion about CRIMINAL DAMAGE operations was overheard. Subject departed in Truck bearing plate HR-72-XG-4393.,True,False,28.58351,76.83961
INC-00279,FIR-2023-88625,2023-03-10,07:57:27,KIDNAPPING,"Koregaon Park, Pune",PARKING LOT,1691,22,18,S0036,Ravi Ali,S0033,Anita Malik,"Crime scene report: KIDNAPPING occurred at Koregaon Park, Pune on 2023-03-10 07:57. Evidence points to involvement of Ravi Ali. CCTV footage shows Anita Malik in the vicinity. Iron Gate Security financial records show payment of ₹4784838 on same date. Phone +91-8689097012 location data places suspect at scene.",False,False,28.704687,77.212575
INC-00280,FIR-2024-41922,2024-08-22,16:20:39,OTHER OFFENSE,"Gomti Nagar, Lucknow",GAS STATION,425,2,18,S0062,Rizwan Ali,S0061,Farooq Joshi,"On 2024-08-22 16:20, suspect Rizwan Ali was observed meeting Farooq Joshi at Gomti Nagar, Lucknow. The meeting lasted approximately 12 minutes. Suspect was seen carrying a forged documents. Vehicle with plate UP-77-VK-8195 was parked nearby. Contact phone +91-7376081376 was intercepted.",False,False,28.480805,77.025449
INC-00281,FIR-2024-41752,2023-05-18,10:07:34,CRIMINAL TRESPASS,45th Street Warehouse,SIDEWALK,2309,2,32,S0005,Arjun Verma,S0003,Kiran Qureshi,Surveillance report #FIR-2023-53420: Subject Arjun Verma traveled to 45th Street Warehouse on 2023-05-18 10:07. Met with Kiran Qureshi and an unidentified individual. Discussion about CRIMINAL TRESPASS operations was overheard. Subject departed in SUV bearing plate GJ-82-MF-7065.,True,False,28.552594,76.992982
INC-00282,FIR-2023-65868,2023-03-13,07:00:26,BATTERY,45th Street Warehouse,SCHOOL,2013,10,22,S0057,Sanjay Ahmed,S0058,Arjun Roy,"Intelligence report: Sanjay Ahmed and Arjun Roy are part of a network operating from 45th Street Warehouse. Phone intercept of +91-9859711607 revealed plans for BATTERY targeting Jubilee Hills, Hyderabad. Organization Apex Trading LLC is suspected to be a front for illegal activities.",True,False,28.470574,76.949382
INC-00283,FIR-2023-49351,2024-05-07,02:54:47,OFFENSE INVOLVING CHILDREN,"Salt Lake, Kolkata",GAS STATION,2300,5,71,S0037,Suman Agarwal,S0032,Saleem Thakur,"Surveillance report #FIR-2024-66019: Subject Suman Agarwal traveled to Salt Lake, Kolkata on 2024-05-07 02:54. Met with Saleem Thakur and an unidentified individual. Discussion about OFFENSE INVOLVING CHILDREN operations was overheard. Subject departed in Truck bearing plate RJ-22-SR-7925.",True,False,28.58546,77.072162
INC-00284,FIR-2024-94023,2023-12-08,04:58:31,MONEY LAUNDERING,"Aundh, Pune",GAS STATION,391,14,5,S0049,Rahul Agarwal,S0054,Tariq Pandey,"Surveillance report #FIR-2024-74166: Subject Rahul Agarwal traveled to Aundh, Pune on 2023-12-08 04:58. Met with Tariq Pandey and an unidentified individual. Discussion about MONEY LAUNDERING operations was overheard. Subject departed in Van bearing plate TN-01-AT-7131.",True,False,28.626243,76.916537
INC-00285,FIR-2024-99268,2024-06-05,17:47:24,OFFENSE INVOLVING CHILDREN,Old Market Area,APARTMENT,1141,8,75,S0056,Anil Chauhan,S0045,Suman Mishra,Crime scene report: OFFENSE INVOLVING CHILDREN occurred at Old Market Area on 2024-06-05 17:47. Evidence points to involvement of Anil Chauhan. CCTV footage shows Suman Mishra in the vicinity. Red Lotus Gang financial records show payment of ₹247029 on same date. Phone +91-7990411854 location data places suspect at scene.,True,True,28.708389,77.186638
INC-00286,FIR-2024-28705,2023-07-13,15:23:56,NARCOTICS,Airport Cargo Terminal,ALLEY,958,24,51,S0050,Hassan Qureshi,S0049,Rahul Agarwal,Surveillance report #FIR-2023-24322: Subject Hassan Qureshi traveled to Airport Cargo Terminal on 2023-07-13 15:23. Met with Rahul Agarwal and an unidentified individual. Discussion about NARCOTICS operations was overheard. Subject departed in Auto-rickshaw bearing plate UP-89-KT-9735.,False,True,28.467359,77.095034
INC-00287,FIR-2024-33853,2024-06-21,15:10:36,THEFT,Railway Station Complex,HOTEL,551,15,73,S0013,Tariq Hernandez,S0014,Yusuf Patel,Surveillance report #FIR-2023-35954: Subject Tariq Hernandez traveled to Railway Station Complex on 2024-06-21 15:10. Met with Yusuf Patel and an unidentified individual. Discussion about THEFT operations was overheard. Subject departed in Auto-rickshaw bearing plate GJ-09-UE-3103.,True,False,28.423593,76.909638
INC-00288,FIR-2024-13888,2024-10-03,22:44:04,CRIMINAL DAMAGE,Bus Terminal Underground,GAS STATION,1061,16,63,S0025,Yusuf Joshi,S0030,Prakash Lopez,Investigation report: Yusuf Joshi allegedly transferred funds to Prakash Lopez via Golden Circle Imports on 2024-10-03 22:44. Transaction of ₹1055904 was flagged. Both suspects are known to frequent Bus Terminal Underground. Surveillance indicates regular communication through phone +91-9877427601.,True,True,28.506432,77.373128
INC-00289,FIR-2023-57344,2023-04-10,07:41:05,CYBER CRIME,Port District Dock 7,BANK,1732,13,8,S0075,Imran Martinez,S0006,Sunil Hussain,"Confidential informant reports that Imran Martinez has been coordinating with Sunil Hussain through encrypted communications. Activities centered around Port District Dock 7 and Malviya Nagar, Jaipur. Financial trail leads to Shadow Syndicate. Estimated proceeds: ₹3120371.",False,False,28.722508,76.801851
INC-00290,FIR-2024-12179,2023-01-27,21:54:53,CRIMINAL DAMAGE,Bus Terminal Underground,BANK,1575,2,42,S0052,Neha Reddy,S0018,Sanjay Agarwal,Crime scene report: CRIMINAL DAMAGE occurred at Bus Terminal Underground on 2023-01-27 21:54. Evidence points to involvement of Neha Reddy. CCTV footage shows Sanjay Agarwal in the vicinity. Iron Gate Security financial records show payment of ₹1586512 on same date. Phone +91-8821211330 location data places suspect at scene.,False,False,28.593814,77.243523
INC-00291,FIR-2023-32338,2024-01-30,10:41:57,WEAPONS VIOLATION,Old Market Area,PARK,466,4,56,S0011,Hassan Qureshi,S0007,Vikram Chauhan,Crime scene report: WEAPONS VIOLATION occurred at Old Market Area on 2024-01-30 10:41. Evidence points to involvement of Hassan Qureshi. CCTV footage shows Vikram Chauhan in the vicinity. Apex Trading LLC financial records show payment of ₹4054722 on same date. Phone +91-7365548469 location data places suspect at scene.,True,False,28.771587,77.341589
INC-00292,FIR-2023-94408,2024-11-17,04:28:54,ROBBERY,River Bridge Underpass,PARKING LOT,1644,23,49,S0036,Ravi Ali,S0033,Anita Malik,Crime scene report: ROBBERY occurred at River Bridge Underpass on 2024-11-17 04:28. Evidence points to involvement of Ravi Ali. CCTV footage shows Anita Malik in the vicinity. Iron Gate Security financial records show payment of ₹2801738 on same date. Phone +91-8689097012 location data places suspect at scene.,False,False,28.48942,76.869414
INC-00293,FIR-2023-78124,2023-07-12,04:13:38,OFFENSE INVOLVING CHILDREN,"Jubilee Hills, Hyderabad",BANK,1009,4,51,S0012,Prakash Shah,S0007,Vikram Chauhan,"Intelligence report: Prakash Shah and Vikram Chauhan are part of a network operating from Jubilee Hills, Hyderabad. Phone intercept of +91-9757993748 revealed plans for OFFENSE INVOLVING CHILDREN targeting Bus Terminal Underground. Organization Diamond Rock Mining is suspected to be a front for illegal activities.",True,False,28.584241,76.88682
INC-00294,FIR-2023-74883,2024-11-27,16:35:40,ROBBERY,"Malviya Nagar, Jaipur",ALLEY,1642,2,43,S0038,Ashok Patel,S0064,Carlos Reddy,"Investigation report: Ashok Patel allegedly transferred funds to Carlos Reddy via Emerald Bay Enterprises on 2024-11-27 16:35. Transaction of ₹4824825 was flagged. Both suspects are known to frequent Malviya Nagar, Jaipur. Surveillance indicates regular communication through phone +91-7164583060.",True,False,28.484245,77.239595
INC-00295,FIR-2024-47010,2023-07-03,17:44:58,OTHER OFFENSE,"Koregaon Park, Pune",SCHOOL,899,23,71,S0029,Kiran Ali,S0007,Vikram Chauhan,"Crime scene report: OTHER OFFENSE occurred at Koregaon Park, Pune on 2023-07-03 17:44. Evidence points to involvement of Kiran Ali. CCTV footage shows Vikram Chauhan in the vicinity. Apex Trading LLC financial records show payment of ₹3290475 on same date. Phone +91-8158983385 location data places suspect at scene.",False,True,28.529367,77.274766
INC-00296,FIR-2023-98908,2024-04-13,23:50:04,NARCOTICS,"Kothrud, Pune",PARK,704,13,55,S0007,Vikram Chauhan,S0039,Yusuf Khan,"Intelligence report: Vikram Chauhan and Yusuf Khan are part of a network operating from Kothrud, Pune. Phone intercept of +91-8314545093 revealed plans for NARCOTICS targeting Port District Dock 7. Organization Apex Trading LLC is suspected to be a front for illegal activities.",True,False,28.438419,77.384495
INC-00297,FIR-2023-61989,2024-06-11,23:40:09,CRIMINAL TRESPASS,"Kothrud, Pune",COMMERCIAL BUILDING,1339,23,77,S0023,Kiran Ali,S0016,Arjun Shah,"FIR filed against Kiran Ali for CRIMINAL TRESPASS at Kothrud, Pune on 2024-06-11 23:40. Witnesses identified accomplice Arjun Shah at the scene. A SUV (MH-10-UG-9288) was used to flee. Kiran Ali is associated with Vortex Communications.",True,False,28.550149,77.215077
INC-00298,FIR-2023-87709,2023-10-09,23:01:21,EXTORTION,"Indiranagar, Bangalore",APARTMENT,1672,16,56,S0012,Prakash Shah,S0049,Rahul Agarwal,"Intelligence report: Prakash Shah and Rahul Agarwal are part of a network operating from Indiranagar, Bangalore. Phone intercept of +91-9757993748 revealed plans for EXTORTION targeting Sector 15, New Delhi. Organization Diamond Rock Mining is suspected to be a front for illegal activities.",False,False,28.439777,76.838099
INC-00299,FIR-2023-85377,2024-07-23,19:31:49,CYBER CRIME,"Velachery, Chennai",SIDEWALK,760,3,72,S0069,Mohan Das,S0070,Ajay Mehta,"FIR filed against Mohan Das for CYBER CRIME at Velachery, Chennai on 2024-07-23 19:31. Witnesses identified accomplice Ajay Mehta at the scene. A Motorcycle (MH-97-GY-2922) was used to flee. Mohan Das is associated with Northern Alliance Network.",False,False,28.414002,77.387957
INC-00300,FIR-2024-51017,2024-11-04,00:00:11,MOTOR VEHICLE THEFT,"Koregaon Park, Pune",HOTEL,1542,20,69,S0065,Prakash Mehta,S0066,Imran Joshi,"On 2024-11-04 00:00, suspect Prakash Mehta was observed meeting Imran Joshi at Koregaon Park, Pune. The meeting lasted approximately 110 minutes. Suspect was seen carrying a sealed envelope. Vehicle with plate HR-42-YD-3634 was parked nearby. Contact phone +91-7911433788 was intercepted.",True,False,28.665047,76.826841
INC-00301,FIR-2024-44167,2023-05-18,21:55:24,HUMAN TRAFFICKING,"Aundh, Pune",RESTAURANT,768,13,59,S0005,Arjun Verma,S0007,Vikram Chauhan,"Arrest report: Arjun Verma apprehended on 2023-05-18 21:55 at Aundh, Pune in connection with HUMAN TRAFFICKING. During interrogation, Arjun Verma revealed association with Vikram Chauhan and Diamond Rock Mining. Recovered items include forged documents. Phone +91-9533147930 seized for analysis.",True,False,28.67061,77.36412
INC-00302,FIR-2023-51465,2024-10-10,23:30:16,WEAPONS VIOLATION,Old Market Area,PARK,1876,13,4,S0019,Hassan Rodriguez,S0017,Naveen Kumar,"Confidential informant reports that Hassan Rodriguez has been coordinating with Naveen Kumar through encrypted communications. Activities centered around Old Market Area and Kothrud, Pune. Financial trail leads to Silver Line Transport. Estimated proceeds: ₹4300164.",True,True,28.449848,76.865994
INC-00303,FIR-2024-22522,2024-01-07,12:08:34,DECEPTIVE PRACTICE,"Jubilee Hills, Hyderabad",HOTEL,1529,23,74,S0071,Rajesh Joshi,S0080,Abdul Joshi,"Investigation report: Rajesh Joshi allegedly transferred funds to Abdul Joshi via Iron Gate Security on 2024-01-07 12:08. Transaction of ₹4426398 was flagged. Both suspects are known to frequent Jubilee Hills, Hyderabad. Surveillance indicates regular communication through phone +91-9835229476.",False,False,28.642987,77.337942
INC-00304,FIR-2024-42651,2023-12-20,19:21:28,HUMAN TRAFFICKING,"Malviya Nagar, Jaipur",BANK,1813,23,59,S0022,Abdul Chauhan,S0015,Arjun Mishra,"FIR filed against Abdul Chauhan for HUMAN TRAFFICKING at Malviya Nagar, Jaipur on 2023-12-20 19:21. Witnesses identified accomplice Arjun Mishra at the scene. A Auto-rickshaw (GJ-76-EJ-1155) was used to flee. Abdul Chauhan is associated with Silver Line Transport.",True,False,28.541601,77.081199
INC-00305,FIR-2024-11401,2023-08-23,11:06:41,BURGLARY,"Koregaon Park, Pune",RESTAURANT,2183,24,18,S0037,Suman Agarwal,S0044,Sanjay Khan,"Intelligence report: Suman Agarwal and Sanjay Khan are part of a network operating from Koregaon Park, Pune. Phone intercept of +91-9353860328 revealed plans for BURGLARY targeting MG Road, Bangalore. Organization Shadow Syndicate is suspected to be a front for illegal activities.",False,False,28.674049,77.206064
INC-00306,FIR-2024-27474,2024-09-23,06:55:27,ASSAULT,Old Market Area,HOTEL,1547,2,55,S0069,Mohan Das,S0068,Kiran Reddy,Crime scene report: ASSAULT occurred at Old Market Area on 2024-09-23 06:55. Evidence points to involvement of Mohan Das. CCTV footage shows Kiran Reddy in the vicinity. Vortex Communications financial records show payment of ₹1898012 on same date. Phone +91-7305439451 location data places suspect at scene.,False,False,28.549313,76.86794
INC-00307,FIR-2024-17536,2023-10-25,10:53:33,MONEY LAUNDERING,"Koregaon Park, Pune",PARKING LOT,124,20,59,S0032,Saleem Thakur,S0016,Arjun Shah,"Arrest report: Saleem Thakur apprehended on 2023-10-25 10:53 at Koregaon Park, Pune in connection with MONEY LAUNDERING. During interrogation, Saleem Thakur revealed association with Arjun Shah and Falcon Express Logistics. Recovered items include chemical substances. Phone +91-7090425118 seized for analysis.",False,False,28.442866,77.009833
INC-00308,FIR-2024-33878,2024-03-17,17:54:53,WEAPONS VIOLATION,"MG Road, Bangalore",HOTEL,1203,4,57,S0024,Anita Lopez,S0027,Ramesh Patel,"Arrest report: Anita Lopez apprehended on 2024-03-17 17:54 at MG Road, Bangalore in connection with WEAPONS VIOLATION. During interrogation, Anita Lopez revealed association with Ramesh Patel and Dark Web Solutions. Recovered items include counterfeit currency. Phone +91-8210847353 seized for analysis.",False,False,28.541495,77.060376
INC-00309,FIR-2023-72822,2023-04-24,06:54:06,THEFT,"Marine Drive, Mumbai",BANK,1188,4,54,S0046,Miguel Gupta,S0026,Ramesh Lopez,"Surveillance report #FIR-2023-97320: Subject Miguel Gupta traveled to Marine Drive, Mumbai on 2023-04-24 06:54. Met with Ramesh Lopez and an unidentified individual. Discussion about THEFT operations was overheard. Subject departed in SUV bearing plate MH-21-KD-1420.",False,False,28.719928,77.228593
INC-00310,FIR-2023-66928,2024-05-28,14:09:27,ROBBERY,"Park Street, Kolkata",COMMERCIAL BUILDING,1285,10,63,S0042,Rekha Thakur,S0052,Neha Reddy,"On 2024-05-28 14:09, suspect Rekha Thakur was observed meeting Neha Reddy at Park Street, Kolkata. The meeting lasted approximately 97 minutes. Suspect was seen carrying a duffel bag. Vehicle with plate MH-03-EE-6638 was parked nearby. Contact phone +91-9807385456 was intercepted.",True,False,28.499099,76.891497
INC-00311,FIR-2023-29163,2023-09-27,09:00:21,KIDNAPPING,"Aundh, Pune",RESTAURANT,172,20,26,S0066,Imran Joshi,S0015,Arjun Mishra,"FIR filed against Imran Joshi for KIDNAPPING at Aundh, Pune on 2023-09-27 09:00. Witnesses identified accomplice Arjun Mishra at the scene. A Motorcycle (GJ-91-DT-3968) was used to flee. Imran Joshi is associated with Metro Finance Corp.",True,False,28.552141,77.114983
INC-00312,FIR-2023-10070,2023-03-04,18:33:48,KIDNAPPING,45th Street Warehouse,STREET,1417,7,37,S0030,Prakash Lopez,S0028,Ajay Agarwal,Confidential informant reports that Prakash Lopez has been coordinating with Ajay Agarwal through encrypted communications. Activities centered around 45th Street Warehouse and Old Market Area. Financial trail leads to Iron Gate Security. Estimated proceeds: ₹2693019.,False,False,28.642609,77.058545
INC-00313,FIR-2024-41228,2023-12-09,11:04:52,CRIMINAL DAMAGE,"Park Street, Kolkata",BANK,1230,7,75,S0033,Anita Malik,S0047,Pooja Hussain,"On 2023-12-09 11:04, suspect Anita Malik was observed meeting Pooja Hussain at Park Street, Kolkata. The meeting lasted approximately 80 minutes. Suspect was seen carrying a laptop bag. Vehicle with plate TN-47-PC-6409 was parked nearby. Contact phone +91-8986477033 was intercepted.",False,True,28.442546,77.177735
INC-00314,FIR-2024-57973,2024-12-22,16:13:47,CRIMINAL DAMAGE,"MG Road, Bangalore",COMMERCIAL BUILDING,580,14,9,S0078,Ashok Saxena,S0073,Rahul Martinez,"FIR filed against Ashok Saxena for CRIMINAL DAMAGE at MG Road, Bangalore on 2024-12-22 16:13. Witnesses identified accomplice Rahul Martinez at the scene. A Auto-rickshaw (HR-39-SG-9741) was used to flee. Ashok Saxena is associated with Phantom Industries.",False,False,28.772533,77.102322
INC-00315,FIR-2024-37122,2023-10-24,01:39:16,BATTERY,Port District Dock 7,APARTMENT,114,6,74,S0003,Kiran Qureshi,S0004,Hassan Kumar,FIR filed against Kiran Qureshi for BATTERY at Port District Dock 7 on 2023-10-24 01:39. Witnesses identified accomplice Hassan Kumar at the scene. A Car (RJ-64-YU-9412) was used to flee. Kiran Qureshi is associated with Bluestone Holdings.,True,False,28.403545,77.357176
INC-00316,FIR-2023-94202,2023-08-14,10:47:24,DECEPTIVE PRACTICE,"Satellite, Ahmedabad",SIDEWALK,960,18,15,S0066,Imran Joshi,S0015,Arjun Mishra,"Arrest report: Imran Joshi apprehended on 2023-08-14 10:47 at Satellite, Ahmedabad in connection with DECEPTIVE PRACTICE. During interrogation, Imran Joshi revealed association with Arjun Mishra and Metro Finance Corp. Recovered items include laptop bag. Phone +91-9665882102 seized for analysis.",True,False,28.653073,77.383331
INC-00317,FIR-2024-92081,2024-02-23,22:15:48,THEFT,"Banjara Hills, Hyderabad",BANK,2356,7,57,S0042,Rekha Thakur,S0039,Yusuf Khan,"Arrest report: Rekha Thakur apprehended on 2024-02-23 22:15 at Banjara Hills, Hyderabad in connection with THEFT. During interrogation, Rekha Thakur revealed association with Yusuf Khan and Diamond Rock Mining. Recovered items include suspicious package. Phone +91-9807385456 seized for analysis.",True,False,28.481567,77.17788
INC-00318,FIR-2023-33295,2024-01-13,05:24:02,MONEY LAUNDERING,"MG Road, Bangalore",WAREHOUSE,1714,22,25,S0051,Vinod Qureshi,S0050,Hassan Qureshi,"Crime scene report: MONEY LAUNDERING occurred at MG Road, Bangalore on 2024-01-13 05:24. Evidence points to involvement of Vinod Qureshi. CCTV footage shows Hassan Qureshi in the vicinity. Zenith Capital Group financial records show payment of ₹2375958 on same date. Phone +91-8102313761 location data places suspect at scene.",True,True,28.570558,77.073014
INC-00319,FIR-2023-81089,2024-09-09,03:37:51,OTHER OFFENSE,"Salt Lake, Kolkata",SCHOOL,1486,23,11,S0052,Neha Reddy,S0050,Hassan Qureshi,"Intelligence report: Neha Reddy and Hassan Qureshi are part of a network operating from Salt Lake, Kolkata. Phone intercept of +91-8821211330 revealed plans for OTHER OFFENSE targeting Highway NH-48 Rest Stop. Organization Iron Gate Security is suspected to be a front for illegal activities.",True,True,28.703869,77.335434
INC-00320,FIR-2023-39710,2023-09-07,02:02:03,HUMAN TRAFFICKING,Old Market Area,RESTAURANT,1678,5,46,S0021,Saleem Hernandez,S0048,Abdul Garcia,Investigation report: Saleem Hernandez allegedly transferred funds to Abdul Garcia via Falcon Express Logistics on 2023-09-07 02:02. Transaction of ₹1199798 was flagged. Both suspects are known to frequent Old Market Area. Surveillance indicates regular communication through phone +91-7186376562.,False,False,28.751596,77.030846
INC-00321,FIR-2024-29689,2023-04-15,10:15:37,OFFENSE INVOLVING CHILDREN,"MG Road, Bangalore",VEHICLE,1335,20,37,S0015,Arjun Mishra,S0018,Sanjay Agarwal,"FIR filed against Arjun Mishra for OFFENSE INVOLVING CHILDREN at MG Road, Bangalore on 2023-04-15 10:15. Witnesses identified accomplice Sanjay Agarwal at the scene. A Truck (HR-16-MC-1710) was used to flee. Arjun Mishra is associated with Northern Alliance Network.",False,False,28.508437,77.09955
INC-00322,FIR-2023-60465,2023-01-03,05:24:42,ROBBERY,"Banjara Hills, Hyderabad",PARKING LOT,1407,16,55,S0048,Abdul Garcia,S0010,Kavita Thakur,"Surveillance report #FIR-2024-26716: Subject Abdul Garcia traveled to Banjara Hills, Hyderabad on 2023-01-03 05:24. Met with Kavita Thakur and an unidentified individual. Discussion about ROBBERY operations was overheard. Subject departed in Car bearing plate KA-50-RS-2102.",False,False,28.565578,77.276101
INC-00323,FIR-2024-10375,2024-01-28,15:14:34,HUMAN TRAFFICKING,"Velachery, Chennai",SIDEWALK,170,12,72,S0043,Rekha Das,S0032,Saleem Thakur,"Surveillance report #FIR-2023-40827: Subject Rekha Das traveled to Velachery, Chennai on 2024-01-28 15:14. Met with Saleem Thakur and an unidentified individual. Discussion about HUMAN TRAFFICKING operations was overheard. Subject departed in Car bearing plate GJ-69-UH-7301.",False,False,28.768362,76.835746
INC-00324,FIR-2023-59474,2024-04-16,05:14:52,HUMAN TRAFFICKING,River Bridge Underpass,SCHOOL,207,23,55,S0045,Suman Mishra,S0036,Ravi Ali,Surveillance report #FIR-2023-25366: Subject Suman Mishra traveled to River Bridge Underpass on 2024-04-16 05:14. Met with Ravi Ali and an unidentified individual. Discussion about HUMAN TRAFFICKING operations was overheard. Subject departed in Motorcycle bearing plate MH-84-BA-5051.,False,True,28.442404,77.148964
INC-00325,FIR-2024-28364,2023-01-31,05:20:52,OFFENSE INVOLVING CHILDREN,"Jubilee Hills, Hyderabad",SCHOOL,2260,23,39,S0062,Rizwan Ali,S0021,Saleem Hernandez,"Intelligence report: Rizwan Ali and Saleem Hernandez are part of a network operating from Jubilee Hills, Hyderabad. Phone intercept of +91-7376081376 revealed plans for OFFENSE INVOLVING CHILDREN targeting MG Road, Bangalore. Organization Northern Alliance Network is suspected to be a front for illegal activities.",False,False,28.534935,77.268838
INC-00326,FIR-2024-39794,2024-10-19,01:10:09,NARCOTICS,"Gomti Nagar, Lucknow",RESTAURANT,742,9,12,S0002,Suresh Sharma,S0012,Prakash Shah,"On 2024-10-19 01:10, suspect Suresh Sharma was observed meeting Prakash Shah at Gomti Nagar, Lucknow. The meeting lasted approximately 116 minutes. Suspect was seen carrying a counterfeit currency. Vehicle with plate UP-01-FP-6574 was parked nearby. Contact phone +91-7762376237 was intercepted.",False,False,28.450053,76.927119
INC-00327,FIR-2023-23683,2024-07-26,22:01:49,BURGLARY,Airport Cargo Terminal,RESIDENCE,1585,20,43,S0080,Abdul Joshi,S0007,Vikram Chauhan,FIR filed against Abdul Joshi for BURGLARY at Airport Cargo Terminal on 2024-07-26 22:01. Witnesses identified accomplice Vikram Chauhan at the scene. A Van (GJ-62-LX-7637) was used to flee. Abdul Joshi is associated with Red Lotus Gang.,True,False,28.465104,76.863879
INC-00328,FIR-2024-75564,2024-07-18,07:20:40,BATTERY,"Navrangpura, Ahmedabad",SIDEWALK,1388,25,51,S0028,Ajay Agarwal,S0025,Yusuf Joshi,"On 2024-07-18 07:20, suspect Ajay Agarwal was observed meeting Yusuf Joshi at Navrangpura, Ahmedabad. The meeting lasted approximately 21 minutes. Suspect was seen carrying a sealed envelope. Vehicle with plate MH-73-VB-8926 was parked nearby. Contact phone +91-8010157795 was intercepted.",False,False,28.681063,76.858428
INC-00329,FIR-2023-31108,2023-04-14,18:17:01,ROBBERY,"Sector 15, New Delhi",HOTEL,2214,24,67,S0053,Vinod Hussain,S0065,Prakash Mehta,"Crime scene report: ROBBERY occurred at Sector 15, New Delhi on 2023-04-14 18:17. Evidence points to involvement of Vinod Hussain. CCTV footage shows Prakash Mehta in the vicinity. Silver Line Transport financial records show payment of ₹1952550 on same date. Phone +91-8468512260 location data places suspect at scene.",False,False,28.452479,76.974505
INC-00330,FIR-2023-69612,2023-02-10,14:06:47,MOTOR VEHICLE THEFT,"Aundh, Pune",PARKING LOT,795,10,21,S0080,Abdul Joshi,S0056,Anil Chauhan,"On 2023-02-10 14:06, suspect Abdul Joshi was observed meeting Anil Chauhan at Aundh, Pune. The meeting lasted approximately 108 minutes. Suspect was seen carrying a sealed envelope. Vehicle with plate MH-20-VX-9151 was parked nearby. Contact phone +91-9719896275 was intercepted.",True,False,28.545331,76.853538
INC-00331,FIR-2024-63612,2023-09-22,17:13:51,DECEPTIVE PRACTICE,Highway NH-48 Rest Stop,WAREHOUSE,628,15,47,S0023,Kiran Ali,S0059,Geeta Hernandez,FIR filed against Kiran Ali for DECEPTIVE PRACTICE at Highway NH-48 Rest Stop on 2023-09-22 17:13. Witnesses identified accomplice Geeta Hernandez at the scene. A SUV (MH-10-UG-9288) was used to flee. Kiran Ali is associated with Nighthawk Operations.,False,False,28.67288,77.103565
INC-00332,FIR-2024-19565,2024-09-27,23:26:32,BATTERY,Railway Station Complex,SIDEWALK,1690,15,12,S0034,Manoj Malik,S0006,Sunil Hussain,"On 2024-09-27 23:26, suspect Manoj Malik was observed meeting Sunil Hussain at Railway Station Complex. The meeting lasted approximately 119 minutes. Suspect was seen carrying a briefcase. Vehicle with plate RJ-87-FW-5930 was parked nearby. Contact phone +91-9185263528 was intercepted.",False,False,28.656994,77.340076
INC-00333,FIR-2023-93914,2024-02-11,15:46:09,WEAPONS VIOLATION,"Salt Lake, Kolkata",SIDEWALK,1411,19,5,S0060,Kiran Ahmed,S0059,Geeta Hernandez,"Crime scene report: WEAPONS VIOLATION occurred at Salt Lake, Kolkata on 2024-02-11 15:46. Evidence points to involvement of Kiran Ahmed. CCTV footage shows Geeta Hernandez in the vicinity. Shadow Syndicate financial records show payment of ₹331135 on same date. Phone +91-9164020641 location data places suspect at scene.",False,True,28.723413,77.273735
INC-00334,FIR-2024-34127,2024-12-01,15:23:53,DECEPTIVE PRACTICE,"Civil Lines, Lucknow",WAREHOUSE,320,3,55,S0061,Farooq Joshi,S0060,Kiran Ahmed,"Arrest report: Farooq Joshi apprehended on 2024-12-01 15:23 at Civil Lines, Lucknow in connection with DECEPTIVE PRACTICE. During interrogation, Farooq Joshi revealed association with Kiran Ahmed and Golden Circle Imports. Recovered items include unregistered firearm. Phone +91-7944047056 seized for analysis.",False,False,28.518762,76.919163
INC-00335,FIR-2024-29331,2023-12-30,20:45:52,OTHER OFFENSE,Airport Cargo Terminal,COMMERCIAL BUILDING,1396,4,53,S0054,Tariq Pandey,S0058,Arjun Roy,FIR filed against Tariq Pandey for OTHER OFFENSE at Airport Cargo Terminal on 2023-12-30 20:45. Witnesses identified accomplice Arjun Roy at the scene. A Auto-rickshaw (DL-72-WG-2274) was used to flee. Tariq Pandey is associated with Bluestone Holdings.,False,False,28.401471,77.070335
INC-00336,FIR-2023-58530,2023-08-12,06:49:56,KIDNAPPING,Old Market Area,WAREHOUSE,1590,1,39,S0017,Naveen Kumar,S0022,Abdul Chauhan,FIR filed against Naveen Kumar for KIDNAPPING at Old Market Area on 2023-08-12 06:49. Witnesses identified accomplice Abdul Chauhan at the scene. A Truck (HR-14-HG-4116) was used to flee. Naveen Kumar is associated with Phantom Industries.,False,False,28.747103,77.21959
INC-00337,FIR-2024-96455,2024-07-09,15:30:16,CYBER CRIME,Highway NH-48 Rest Stop,SCHOOL,1891,21,37,S0059,Geeta Hernandez,S0044,Sanjay Khan,FIR filed against Geeta Hernandez for CYBER CRIME at Highway NH-48 Rest Stop on 2024-07-09 15:30. Witnesses identified accomplice Sanjay Khan at the scene. A SUV (HR-15-FR-8018) was used to flee. Geeta Hernandez is associated with Red Lotus Gang.,True,False,28.722376,76.862287
INC-00338,FIR-2024-70810,2024-05-23,22:42:46,HUMAN TRAFFICKING,"Park Street, Kolkata",RESTAURANT,1721,1,48,S0003,Kiran Qureshi,S0004,Hassan Kumar,"Crime scene report: HUMAN TRAFFICKING occurred at Park Street, Kolkata on 2024-05-23 22:42. Evidence points to involvement of Kiran Qureshi. CCTV footage shows Hassan Kumar in the vicinity. Nighthawk Operations financial records show payment of ₹1650478 on same date. Phone +91-7303959797 location data places suspect at scene.",True,False,28.507044,77.195209
INC-00339,FIR-2024-35252,2024-11-20,08:47:41,ASSAULT,Abandoned Factory Block C,GAS STATION,1711,2,74,S0040,Farooq Saxena,S0054,Tariq Pandey,"Confidential informant reports that Farooq Saxena has been coordinating with Tariq Pandey through encrypted communications. Activities centered around Abandoned Factory Block C and Banjara Hills, Hyderabad. Financial trail leads to Vortex Communications. Estimated proceeds: ₹3617266.",False,True,28.654509,77.386413
INC-00340,FIR-2023-22223,2023-06-12,15:55:31,MOTOR VEHICLE THEFT,"Park Street, Kolkata",RESIDENCE,205,14,2,S0023,Kiran Ali,S0028,Ajay Agarwal,"Investigation report: Kiran Ali allegedly transferred funds to Ajay Agarwal via Apex Trading LLC on 2023-06-12 15:55. Transaction of ₹2192968 was flagged. Both suspects are known to frequent Park Street, Kolkata. Surveillance indicates regular communication through phone +91-7870361876.",True,True,28.68303,77.352357
INC-00341,FIR-2023-92239,2024-04-09,23:06:00,OFFENSE INVOLVING CHILDREN,"Anna Nagar, Chennai",STREET,2473,4,15,S0011,Hassan Qureshi,S0003,Kiran Qureshi,"Surveillance report #FIR-2024-20874: Subject Hassan Qureshi traveled to Anna Nagar, Chennai on 2024-04-09 23:06. Met with Kiran Qureshi and an unidentified individual. Discussion about OFFENSE INVOLVING CHILDREN operations was overheard. Subject departed in Auto-rickshaw bearing plate TN-39-GU-5018.",False,False,28.449074,76.885101
INC-00342,FIR-2023-37563,2023-03-21,17:59:41,OFFENSE INVOLVING CHILDREN,River Bridge Underpass,BANK,1819,13,41,S0034,Manoj Malik,S0012,Prakash Shah,Surveillance report #FIR-2023-73768: Subject Manoj Malik traveled to River Bridge Underpass on 2023-03-21 17:59. Met with Prakash Shah and an unidentified individual. Discussion about OFFENSE INVOLVING CHILDREN operations was overheard. Subject departed in Van bearing plate RJ-87-FW-5930.,False,False,28.471923,76.806084
INC-00343,FIR-2023-80248,2023-12-18,12:37:33,MONEY LAUNDERING,"Malviya Nagar, Jaipur",STREET,2221,17,20,S0023,Kiran Ali,S0027,Ramesh Patel,"On 2023-12-18 12:37, suspect Kiran Ali was observed meeting Ramesh Patel at Malviya Nagar, Jaipur. The meeting lasted approximately 76 minutes. Suspect was seen carrying a cash bundle. Vehicle with plate MH-10-UG-9288 was parked nearby. Contact phone +91-7870361876 was intercepted.",True,False,28.445915,76.930175
INC-00344,FIR-2023-46842,2023-10-02,09:57:50,MONEY LAUNDERING,"Aundh, Pune",RESTAURANT,521,19,76,S0042,Rekha Thakur,S0033,Anita Malik,"Crime scene report: MONEY LAUNDERING occurred at Aundh, Pune on 2023-10-02 09:57. Evidence points to involvement of Rekha Thakur. CCTV footage shows Anita Malik in the vicinity. Diamond Rock Mining financial records show payment of ₹1629456 on same date. Phone +91-9807385456 location data places suspect at scene.",False,False,28.482333,77.233236
INC-00345,FIR-2024-86922,2024-09-02,09:53:28,CRIMINAL TRESPASS,"Malviya Nagar, Jaipur",RESTAURANT,1302,20,68,S0056,Anil Chauhan,S0055,Prakash Yadav,"Confidential informant reports that Anil Chauhan has been coordinating with Prakash Yadav through encrypted communications. Activities centered around Malviya Nagar, Jaipur and Indiranagar, Bangalore. Financial trail leads to Red Lotus Gang. Estimated proceeds: ₹3779868.",False,False,28.44586,77.285424
INC-00346,FIR-2023-60540,2023-09-09,02:38:41,WEAPONS VIOLATION,Industrial Zone B-12,ALLEY,969,17,28,S0055,Prakash Yadav,S0046,Miguel Gupta,"On 2023-09-09 02:38, suspect Prakash Yadav was observed meeting Miguel Gupta at Industrial Zone B-12. The meeting lasted approximately 52 minutes. Suspect was seen carrying a duffel bag. Vehicle with plate HR-19-LD-1157 was parked nearby. Contact phone +91-7906087278 was intercepted.",True,False,28.686506,77.367763
INC-00347,FIR-2024-87485,2024-11-29,15:50:43,CRIMINAL TRESPASS,Airport Cargo Terminal,RESTAURANT,1068,19,3,S0010,Kavita Thakur,S0008,Pooja Lopez,"Arrest report: Kavita Thakur apprehended on 2024-11-29 15:50 at Airport Cargo Terminal in connection with CRIMINAL TRESPASS. During interrogation, Kavita Thakur revealed association with Pooja Lopez and Crescent Moon Foundation. Recovered items include briefcase. Phone +91-8733842953 seized for analysis.",False,True,28.713322,77.145455
INC-00348,FIR-2024-62473,2023-05-15,14:39:57,BATTERY,Abandoned Factory Block C,RESIDENCE,2379,25,41,S0001,Manoj Sharma,S0037,Suman Agarwal,Investigation report: Manoj Sharma allegedly transferred funds to Suman Agarwal via Phantom Industries on 2023-05-15 14:39. Transaction of ₹2534956 was flagged. Both suspects are known to frequent Abandoned Factory Block C. Surveillance indicates regular communication through phone +91-7731428289.,False,False,28.557331,77.217874
INC-00349,FIR-2023-16880,2024-09-24,03:44:26,ASSAULT,"Navrangpura, Ahmedabad",ALLEY,276,4,7,S0059,Geeta Hernandez,S0061,Farooq Joshi,"Surveillance report #FIR-2024-80458: Subject Geeta Hernandez traveled to Navrangpura, Ahmedabad on 2024-09-24 03:44. Met with Farooq Joshi and an unidentified individual. Discussion about ASSAULT operations was overheard. Subject departed in Auto-rickshaw bearing plate DL-02-ED-6289.",False,True,28.531732,77.16765
INC-00350,FIR-2024-46771,2024-08-20,16:46:24,CRIMINAL DAMAGE,"Jubilee Hills, Hyderabad",PARKING LOT,2077,8,12,S0049,Rahul Agarwal,S0052,Neha Reddy,"Investigation report: Rahul Agarwal allegedly transferred funds to Neha Reddy via Crescent Moon Foundation on 2024-08-20 16:46. Transaction of ₹4857648 was flagged. Both suspects are known to frequent Jubilee Hills, Hyderabad. Surveillance indicates regular communication through phone +91-9317730052.",False,False,28.684553,77.011806
INC-00351,FIR-2024-50871,2024-12-12,02:50:25,BURGLARY,"Velachery, Chennai",SCHOOL,1959,21,20,S0032,Saleem Thakur,S0039,Yusuf Khan,"Surveillance report #FIR-2023-87401: Subject Saleem Thakur traveled to Velachery, Chennai on 2024-12-12 02:50. Met with Yusuf Khan and an unidentified individual. Discussion about BURGLARY operations was overheard. Subject departed in Van bearing plate DL-28-AY-4541.",True,False,28.487514,77.018186
INC-00352,FIR-2024-24047,2023-07-27,14:34:15,WEAPONS VIOLATION,"MG Road, Bangalore",SCHOOL,551,8,3,S0058,Arjun Roy,S0066,Imran Joshi,"Surveillance report #FIR-2023-29305: Subject Arjun Roy traveled to MG Road, Bangalore on 2023-07-27 14:34. Met with Imran Joshi and an unidentified individual. Discussion about WEAPONS VIOLATION operations was overheard. Subject departed in Truck bearing plate RJ-78-WW-4697.",False,False,28.411434,77.197131
INC-00353,FIR-2024-58467,2023-03-28,12:54:15,KIDNAPPING,"Aundh, Pune",RESIDENCE,301,21,49,S0058,Arjun Roy,S0056,Anil Chauhan,"Surveillance report #FIR-2023-67847: Subject Arjun Roy traveled to Aundh, Pune on 2023-03-28 12:54. Met with Anil Chauhan and an unidentified individual. Discussion about KIDNAPPING operations was overheard. Subject departed in Truck bearing plate RJ-78-WW-4697.",False,False,28.47578,76.905987
INC-00354,FIR-2024-41295,2024-03-19,03:58:31,BATTERY,45th Street Warehouse,RESIDENCE,2279,4,36,S0036,Ravi Ali,S0033,Anita Malik,"Intelligence report: Ravi Ali and Anita Malik are part of a network operating from 45th Street Warehouse. Phone intercept of +91-8689097012 revealed plans for BATTERY targeting Park Street, Kolkata. Organization Iron Gate Security is suspected to be a front for illegal activities.",True,False,28.679805,77.042736
INC-00355,FIR-2023-51302,2023-07-30,06:13:37,WEAPONS VIOLATION,"Indiranagar, Bangalore",BANK,384,6,24,S0051,Vinod Qureshi,S0046,Miguel Gupta,"FIR filed against Vinod Qureshi for WEAPONS VIOLATION at Indiranagar, Bangalore on 2023-07-30 06:13. Witnesses identified accomplice Miguel Gupta at the scene. A Car (UP-91-WK-1050) was used to flee. Vinod Qureshi is associated with Zenith Capital Group.",False,False,28.456733,76.807641
INC-00356,FIR-2023-29212,2023-09-28,02:48:09,NARCOTICS,Industrial Zone B-12,PARK,484,4,39,S0061,Farooq Joshi,S0063,Mohan Hussain,Crime scene report: NARCOTICS occurred at Industrial Zone B-12 on 2023-09-28 02:48. Evidence points to involvement of Farooq Joshi. CCTV footage shows Mohan Hussain in the vicinity. Shadow Syndicate financial records show payment of ₹4768578 on same date. Phone +91-7944047056 location data places suspect at scene.,False,False,28.693926,77.393876
INC-00357,FIR-2023-29385,2024-04-14,00:29:37,OFFENSE INVOLVING CHILDREN,"Koregaon Park, Pune",RESTAURANT,1002,22,19,S0033,Anita Malik,S0042,Rekha Thakur,"Confidential informant reports that Anita Malik has been coordinating with Rekha Thakur through encrypted communications. Activities centered around Koregaon Park, Pune and Abandoned Factory Block C. Financial trail leads to Red Lotus Gang. Estimated proceeds: ₹4073062.",False,False,28.497747,77.244607
INC-00358,FIR-2024-90264,2024-01-22,23:15:20,CRIMINAL DAMAGE,"Civil Lines, Lucknow",RESIDENCE,1875,15,73,S0056,Anil Chauhan,S0053,Vinod Hussain,"Surveillance report #FIR-2023-15387: Subject Anil Chauhan traveled to Civil Lines, Lucknow on 2024-01-22 23:15. Met with Vinod Hussain and an unidentified individual. Discussion about CRIMINAL DAMAGE operations was overheard. Subject departed in SUV bearing plate GJ-68-FJ-6715.",False,False,28.787788,77.099356
INC-00359,FIR-2024-15367,2023-10-24,22:42:42,HUMAN TRAFFICKING,Industrial Zone B-12,SIDEWALK,1259,19,16,S0019,Hassan Rodriguez,S0020,Ajay Yadav,FIR filed against Hassan Rodriguez for HUMAN TRAFFICKING at Industrial Zone B-12 on 2023-10-24 22:42. Witnesses identified accomplice Ajay Yadav at the scene. A Van (DL-50-JR-5673) was used to flee. Hassan Rodriguez is associated with Silver Line Transport.,True,False,28.402036,77.011353
INC-00360,FIR-2024-22863,2023-10-18,18:16:37,HUMAN TRAFFICKING,"Jubilee Hills, Hyderabad",VEHICLE,1170,10,77,S0001,Manoj Sharma,S0005,Arjun Verma,"Intelligence report: Manoj Sharma and Arjun Verma are part of a network operating from Jubilee Hills, Hyderabad. Phone intercept of +91-7731428289 revealed plans for HUMAN TRAFFICKING targeting Marine Drive, Mumbai. Organization Northern Alliance Network is suspected to be a front for illegal activities.",False,False,28.574327,77.325559
INC-00361,FIR-2024-51059,2023-05-19,15:09:26,HUMAN TRAFFICKING,"Aundh, Pune",HOTEL,1564,15,46,S0075,Imran Martinez,S0078,Ashok Saxena,"FIR filed against Imran Martinez for HUMAN TRAFFICKING at Aundh, Pune on 2023-05-19 15:09. Witnesses identified accomplice Ashok Saxena at the scene. A Truck (UP-11-KV-8555) was used to flee. Imran Martinez is associated with Emerald Bay Enterprises.",False,False,28.784579,77.07677
INC-00362,FIR-2024-26506,2023-05-24,22:23:56,THEFT,Port District Dock 7,RESTAURANT,124,15,67,S0072,Priya Martinez,S0079,Ravi Singh,"Intelligence report: Priya Martinez and Ravi Singh are part of a network operating from Port District Dock 7. Phone intercept of +91-8873660196 revealed plans for THEFT targeting Kothrud, Pune. Organization Zenith Capital Group is suspected to be a front for illegal activities.",False,False,28.433864,76.962105
INC-00363,FIR-2023-83668,2024-08-02,17:31:46,CRIMINAL TRESPASS,Bus Terminal Underground,SCHOOL,2128,5,29,S0014,Yusuf Patel,S0022,Abdul Chauhan,Investigation report: Yusuf Patel allegedly transferred funds to Abdul Chauhan via Red Lotus Gang on 2024-08-02 17:31. Transaction of ₹4295076 was flagged. Both suspects are known to frequent Bus Terminal Underground. Surveillance indicates regular communication through phone +91-7694080686.,True,False,28.524356,77.393495
INC-00364,FIR-2023-25966,2024-12-05,07:18:26,CRIMINAL DAMAGE,"MG Road, Bangalore",ALLEY,1757,16,24,S0001,Manoj Sharma,S0080,Abdul Joshi,"Intelligence report: Manoj Sharma and Abdul Joshi are part of a network operating from MG Road, Bangalore. Phone intercept of +91-7731428289 revealed plans for CRIMINAL DAMAGE targeting Park Street, Kolkata. Organization Shadow Syndicate is suspected to be a front for illegal activities.",True,False,28.618688,77.293012
INC-00365,FIR-2023-72411,2023-05-07,15:44:29,ROBBERY,45th Street Warehouse,COMMERCIAL BUILDING,1287,10,13,S0057,Sanjay Ahmed,S0079,Ravi Singh,FIR filed against Sanjay Ahmed for ROBBERY at 45th Street Warehouse on 2023-05-07 15:44. Witnesses identified accomplice Ravi Singh at the scene. A Van (DL-33-SD-2070) was used to flee. Sanjay Ahmed is associated with Shadow Syndicate.,False,False,28.510073,77.031492
INC-00366,FIR-2023-71329,2023-01-29,10:19:08,EXTORTION,"Park Street, Kolkata",VEHICLE,1977,9,2,S0014,Yusuf Patel,S0015,Arjun Mishra,"On 2023-01-29 10:19, suspect Yusuf Patel was observed meeting Arjun Mishra at Park Street, Kolkata. The meeting lasted approximately 48 minutes. Suspect was seen carrying a suspicious package. Vehicle with plate HR-57-TR-2982 was parked nearby. Contact phone +91-7694080686 was intercepted.",True,False,28.742336,77.101923
INC-00367,FIR-2023-46482,2024-02-04,18:40:45,BURGLARY,"Anna Nagar, Chennai",PARK,1340,13,9,S0045,Suman Mishra,S0068,Kiran Reddy,"FIR filed against Suman Mishra for BURGLARY at Anna Nagar, Chennai on 2024-02-04 18:40. Witnesses identified accomplice Kiran Reddy at the scene. A Motorcycle (MH-84-BA-5051) was used to flee. Suman Mishra is associated with Phantom Industries.",False,False,28.588701,77.195383
INC-00368,FIR-2023-75461,2024-11-05,19:07:49,DECEPTIVE PRACTICE,"Jubilee Hills, Hyderabad",VEHICLE,2051,11,30,S0074,Ramesh Mishra,S0065,Prakash Mehta,"On 2024-11-05 19:07, suspect Ramesh Mishra was observed meeting Prakash Mehta at Jubilee Hills, Hyderabad. The meeting lasted approximately 103 minutes. Suspect was seen carrying a laptop bag. Vehicle with plate HR-75-WN-2107 was parked nearby. Contact phone +91-9129320527 was intercepted.",True,True,28.752302,77.236898
INC-00369,FIR-2023-35653,2023-03-07,02:15:16,DECEPTIVE PRACTICE,"Park Street, Kolkata",ALLEY,2111,15,37,S0050,Hassan Qureshi,S0054,Tariq Pandey,"Confidential informant reports that Hassan Qureshi has been coordinating with Tariq Pandey through encrypted communications. Activities centered around Park Street, Kolkata and Park Street, Kolkata. Financial trail leads to Red Lotus Gang. Estimated proceeds: ₹3177781.",True,False,28.464836,77.288303
INC-00370,FIR-2023-99438,2023-07-28,01:12:36,ROBBERY,Abandoned Factory Block C,SCHOOL,2263,16,25,S0025,Yusuf Joshi,S0030,Prakash Lopez,Confidential informant reports that Yusuf Joshi has been coordinating with Prakash Lopez through encrypted communications. Activities centered around Abandoned Factory Block C and Highway NH-48 Rest Stop. Financial trail leads to Shadow Syndicate. Estimated proceeds: ₹4595052.,True,False,28.589493,77.011264
INC-00371,FIR-2024-12954,2023-03-10,15:58:44,KIDNAPPING,45th Street Warehouse,SIDEWALK,1287,9,50,S0080,Abdul Joshi,S0018,Sanjay Agarwal,"Arrest report: Abdul Joshi apprehended on 2023-03-10 15:58 at 45th Street Warehouse in connection with KIDNAPPING. During interrogation, Abdul Joshi revealed association with Sanjay Agarwal and Red Lotus Gang. Recovered items include unregistered firearm. Phone +91-9719896275 seized for analysis.",False,True,28.748589,77.380869
INC-00372,FIR-2023-81707,2024-09-17,18:12:22,THEFT,"Salt Lake, Kolkata",WAREHOUSE,1450,25,8,S0010,Kavita Thakur,S0006,Sunil Hussain,"Confidential informant reports that Kavita Thakur has been coordinating with Sunil Hussain through encrypted communications. Activities centered around Salt Lake, Kolkata and Connaught Place, New Delhi. Financial trail leads to Red Lotus Gang. Estimated proceeds: ₹2816335.",True,False,28.722265,77.138314
INC-00373,FIR-2023-14666,2023-12-21,02:34:35,KIDNAPPING,"Malviya Nagar, Jaipur",COMMERCIAL BUILDING,2179,8,45,S0079,Ravi Singh,S0005,Arjun Verma,"Investigation report: Ravi Singh allegedly transferred funds to Arjun Verma via Falcon Express Logistics on 2023-12-21 02:34. Transaction of ₹1096027 was flagged. Both suspects are known to frequent Malviya Nagar, Jaipur. Surveillance indicates regular communication through phone +91-8925349210.",False,False,28.712617,77.32587
INC-00374,FIR-2024-25465,2023-07-20,19:26:56,OTHER OFFENSE,Industrial Zone B-12,VEHICLE,1606,12,25,S0030,Prakash Lopez,S0027,Ramesh Patel,FIR filed against Prakash Lopez for OTHER OFFENSE at Industrial Zone B-12 on 2023-07-20 19:26. Witnesses identified accomplice Ramesh Patel at the scene. A Van (DL-71-SB-7342) was used to flee. Prakash Lopez is associated with Iron Gate Security.,False,False,28.423169,76.93922
INC-00375,FIR-2024-72744,2024-08-04,01:40:00,ASSAULT,Bus Terminal Underground,BANK,601,22,10,S0076,Rahul Qureshi,S0073,Rahul Martinez,"Arrest report: Rahul Qureshi apprehended on 2024-08-04 01:40 at Bus Terminal Underground in connection with ASSAULT. During interrogation, Rahul Qureshi revealed association with Rahul Martinez and Iron Gate Security. Recovered items include mobile phones (3). Phone +91-8453831805 seized for analysis.",True,False,28.617458,77.096958
INC-00376,FIR-2023-17077,2024-03-30,11:01:17,OFFENSE INVOLVING CHILDREN,Highway NH-48 Rest Stop,PARKING LOT,1782,23,63,S0046,Miguel Gupta,S0029,Kiran Ali,"Arrest report: Miguel Gupta apprehended on 2024-03-30 11:01 at Highway NH-48 Rest Stop in connection with OFFENSE INVOLVING CHILDREN. During interrogation, Miguel Gupta revealed association with Kiran Ali and Phantom Industries. Recovered items include duffel bag. Phone +91-8551797747 seized for analysis.",False,True,28.76482,77.304855
INC-00377,FIR-2024-49375,2023-08-04,04:28:08,OFFENSE INVOLVING CHILDREN,Railway Station Complex,WAREHOUSE,446,2,36,S0067,Rajesh Ali,S0066,Imran Joshi,"On 2023-08-04 04:28, suspect Rajesh Ali was observed meeting Imran Joshi at Railway Station Complex. The meeting lasted approximately 117 minutes. Suspect was seen carrying a suspicious package. Vehicle with plate DL-31-RX-8434 was parked nearby. Contact phone +91-8354117104 was intercepted.",False,False,28.745109,77.030798
INC-00378,FIR-2024-91465,2024-11-06,15:41:43,HUMAN TRAFFICKING,"Marine Drive, Mumbai",RESTAURANT,1851,24,8,S0006,Sunil Hussain,S0005,Arjun Verma,"Confidential informant reports that Sunil Hussain has been coordinating with Arjun Verma through encrypted communications. Activities centered around Marine Drive, Mumbai and River Bridge Underpass. Financial trail leads to Silver Line Transport. Estimated proceeds: ₹4967320.",True,False,28.780989,77.359484
INC-00379,FIR-2024-54241,2024-04-19,15:25:52,CYBER CRIME,"Civil Lines, Lucknow",GAS STATION,1716,2,36,S0037,Suman Agarwal,S0069,Mohan Das,"Arrest report: Suman Agarwal apprehended on 2024-04-19 15:25 at Civil Lines, Lucknow in connection with CYBER CRIME. During interrogation, Suman Agarwal revealed association with Mohan Das and Shadow Syndicate. Recovered items include sealed envelope. Phone +91-9353860328 seized for analysis.",False,False,28.500205,77.191819
INC-00380,FIR-2023-85965,2024-11-07,11:41:12,DECEPTIVE PRACTICE,Bus Terminal Underground,RESIDENCE,1232,20,71,S0078,Ashok Saxena,S0077,Anil Pandey,"On 2024-11-07 11:41, suspect Ashok Saxena was observed meeting Anil Pandey at Bus Terminal Underground. The meeting lasted approximately 71 minutes. Suspect was seen carrying a encrypted hard drive. Vehicle with plate GJ-60-AR-1145 was parked nearby. Contact phone +91-8505943466 was intercepted.",False,False,28.576176,76.954804
INC-00381,FIR-2024-86007,2023-08-21,22:56:59,NARCOTICS,"Jubilee Hills, Hyderabad",PARKING LOT,271,18,30,S0036,Ravi Ali,S0033,Anita Malik,"On 2023-08-21 22:56, suspect Ravi Ali was observed meeting Anita Malik at Jubilee Hills, Hyderabad. The meeting lasted approximately 24 minutes. Suspect was seen carrying a encrypted hard drive. Vehicle with plate TN-19-AB-5011 was parked nearby. Contact phone +91-8689097012 was intercepted.",True,False,28.796788,77.385169
INC-00382,FIR-2024-47104,2023-02-15,21:51:59,MOTOR VEHICLE THEFT,"Indiranagar, Bangalore",APARTMENT,201,11,47,S0003,Kiran Qureshi,S0004,Hassan Kumar,"Intelligence report: Kiran Qureshi and Hassan Kumar are part of a network operating from Indiranagar, Bangalore. Phone intercept of +91-7303959797 revealed plans for MOTOR VEHICLE THEFT targeting Aundh, Pune. Organization Metro Finance Corp is suspected to be a front for illegal activities.",False,False,28.758957,77.024829
INC-00383,FIR-2023-20133,2023-02-15,10:35:25,ROBBERY,River Bridge Underpass,VEHICLE,1019,19,65,S0038,Ashok Patel,S0041,Anil Chauhan,"Confidential informant reports that Ashok Patel has been coordinating with Anil Chauhan through encrypted communications. Activities centered around River Bridge Underpass and Aundh, Pune. Financial trail leads to Shadow Syndicate. Estimated proceeds: ₹283464.",False,False,28.448497,77.327088
INC-00384,FIR-2024-20445,2024-06-16,16:03:25,CRIMINAL TRESPASS,"Civil Lines, Lucknow",PARKING LOT,2395,17,10,S0007,Vikram Chauhan,S0004,Hassan Kumar,"Crime scene report: CRIMINAL TRESPASS occurred at Civil Lines, Lucknow on 2024-06-16 16:03. Evidence points to involvement of Vikram Chauhan. CCTV footage shows Hassan Kumar in the vicinity. Bluestone Holdings financial records show payment of ₹2032044 on same date. Phone +91-8314545093 location data places suspect at scene.",False,False,28.642087,77.069381
INC-00385,FIR-2023-33581,2023-09-08,14:50:27,ROBBERY,"Malviya Nagar, Jaipur",VEHICLE,1959,1,22,S0054,Tariq Pandey,S0058,Arjun Roy,"Surveillance report #FIR-2024-92920: Subject Tariq Pandey traveled to Malviya Nagar, Jaipur on 2023-09-08 14:50. Met with Arjun Roy and an unidentified individual. Discussion about ROBBERY operations was overheard. Subject departed in Car bearing plate UP-37-LL-2932.",True,False,28.706204,77.226829
INC-00386,FIR-2023-54146,2023-02-04,15:42:27,ASSAULT,Old Market Area,VEHICLE,1478,19,14,S0061,Farooq Joshi,S0017,Naveen Kumar,"Confidential informant reports that Farooq Joshi has been coordinating with Naveen Kumar through encrypted communications. Activities centered around Old Market Area and Jubilee Hills, Hyderabad. Financial trail leads to Golden Circle Imports. Estimated proceeds: ₹4681957.",True,True,28.768289,77.369951
INC-00387,FIR-2023-48974,2023-10-24,17:22:15,ROBBERY,Railway Station Complex,COMMERCIAL BUILDING,1497,2,73,S0053,Vinod Hussain,S0058,Arjun Roy,Crime scene report: ROBBERY occurred at Railway Station Complex on 2023-10-24 17:22. Evidence points to involvement of Vinod Hussain. CCTV footage shows Arjun Roy in the vicinity. Golden Circle Imports financial records show payment of ₹1492453 on same date. Phone +91-8468512260 location data places suspect at scene.,False,False,28.553627,77.25438
INC-00388,FIR-2024-39312,2024-06-15,10:07:51,CRIMINAL TRESPASS,"Park Street, Kolkata",VEHICLE,793,10,34,S0019,Hassan Rodriguez,S0020,Ajay Yadav,"Confidential informant reports that Hassan Rodriguez has been coordinating with Ajay Yadav through encrypted communications. Activities centered around Park Street, Kolkata and Koregaon Park, Pune. Financial trail leads to Silver Line Transport. Estimated proceeds: ₹2424603.",True,False,28.666573,76.884602
INC-00389,FIR-2024-24367,2023-01-29,21:47:12,BATTERY,Abandoned Factory Block C,SCHOOL,591,15,56,S0027,Ramesh Patel,S0029,Kiran Ali,"Arrest report: Ramesh Patel apprehended on 2023-01-29 21:47 at Abandoned Factory Block C in connection with BATTERY. During interrogation, Ramesh Patel revealed association with Kiran Ali and Phantom Industries. Recovered items include cash bundle. Phone +91-8837911267 seized for analysis.",False,False,28.745801,77.395846
INC-00390,FIR-2024-34955,2023-08-16,02:42:25,CRIMINAL TRESPASS,"Anna Nagar, Chennai",WAREHOUSE,2386,22,5,S0015,Arjun Mishra,S0011,Hassan Qureshi,"Investigation report: Arjun Mishra allegedly transferred funds to Hassan Qureshi via Northern Alliance Network on 2023-08-16 02:42. Transaction of ₹331760 was flagged. Both suspects are known to frequent Anna Nagar, Chennai. Surveillance indicates regular communication through phone +91-8928238864.",True,False,28.634537,77.323269
INC-00391,FIR-2023-64808,2023-06-05,17:38:25,NARCOTICS,Railway Station Complex,SCHOOL,1177,20,49,S0029,Kiran Ali,S0028,Ajay Agarwal,"Intelligence report: Kiran Ali and Ajay Agarwal are part of a network operating from Railway Station Complex. Phone intercept of +91-8158983385 revealed plans for NARCOTICS targeting Sector 15, New Delhi. Organization Apex Trading LLC is suspected to be a front for illegal activities.",True,False,28.593693,77.194165
INC-00392,FIR-2023-96824,2023-10-27,17:39:37,MONEY LAUNDERING,Port District Dock 7,RESTAURANT,574,6,60,S0024,Anita Lopez,S0030,Prakash Lopez,Investigation report: Anita Lopez allegedly transferred funds to Prakash Lopez via Silver Line Transport on 2023-10-27 17:39. Transaction of ₹3529809 was flagged. Both suspects are known to frequent Port District Dock 7. Surveillance indicates regular communication through phone +91-8210847353.,False,False,28.539031,77.038854
INC-00393,FIR-2024-44289,2024-05-15,21:53:01,KIDNAPPING,Industrial Zone B-12,BANK,1400,14,51,S0017,Naveen Kumar,S0062,Rizwan Ali,"On 2024-05-15 21:53, suspect Naveen Kumar was observed meeting Rizwan Ali at Industrial Zone B-12. The meeting lasted approximately 44 minutes. Suspect was seen carrying a chemical substances. Vehicle with plate HR-14-HG-4116 was parked nearby. Contact phone +91-8160965519 was intercepted.",False,False,28.50428,76.83278
INC-00394,FIR-2024-21829,2024-10-13,01:39:40,THEFT,"Andheri West, Mumbai",PARK,1465,12,71,S0063,Mohan Hussain,S0044,Sanjay Khan,"Investigation report: Mohan Hussain allegedly transferred funds to Sanjay Khan via Red Lotus Gang on 2024-10-13 01:39. Transaction of ₹1093936 was flagged. Both suspects are known to frequent Andheri West, Mumbai. Surveillance indicates regular communication through phone +91-8639980776.",True,False,28.60746,77.017259
INC-00395,FIR-2024-73556,2024-02-10,08:20:59,THEFT,Port District Dock 7,STREET,742,10,39,S0026,Ramesh Lopez,S0069,Mohan Das,"Intelligence report: Ramesh Lopez and Mohan Das are part of a network operating from Port District Dock 7. Phone intercept of +91-9078465518 revealed plans for THEFT targeting Sector 15, New Delhi. Organization Crescent Moon Foundation is suspected to be a front for illegal activities.",True,False,28.708965,76.948385
INC-00396,FIR-2024-35465,2024-11-02,14:35:27,ROBBERY,Airport Cargo Terminal,WAREHOUSE,1378,11,55,S0035,Mohan Joshi,S0049,Rahul Agarwal,Surveillance report #FIR-2023-22524: Subject Mohan Joshi traveled to Airport Cargo Terminal on 2024-11-02 14:35. Met with Rahul Agarwal and an unidentified individual. Discussion about ROBBERY operations was overheard. Subject departed in Auto-rickshaw bearing plate UP-11-CC-9265.,True,False,28.583562,76.859808
INC-00397,FIR-2023-85743,2023-04-06,08:05:31,KIDNAPPING,"Satellite, Ahmedabad",STREET,1727,25,30,S0074,Ramesh Mishra,S0076,Rahul Qureshi,"On 2023-04-06 08:05, suspect Ramesh Mishra was observed meeting Rahul Qureshi at Satellite, Ahmedabad. The meeting lasted approximately 103 minutes. Suspect was seen carrying a counterfeit currency. Vehicle with plate GJ-37-UT-5007 was parked nearby. Contact phone +91-9129320527 was intercepted.",False,False,28.625261,77.185691
INC-00398,FIR-2024-63983,2023-04-08,20:25:16,NARCOTICS,"Aundh, Pune",ALLEY,1483,5,5,S0043,Rekha Das,S0032,Saleem Thakur,"Crime scene report: NARCOTICS occurred at Aundh, Pune on 2023-04-08 20:25. Evidence points to involvement of Rekha Das. CCTV footage shows Saleem Thakur in the vicinity. Silver Line Transport financial records show payment of ₹1959762 on same date. Phone +91-8599838760 location data places suspect at scene.",False,False,28.639492,77.322857
INC-00399,FIR-2023-31783,2024-05-26,11:23:47,MOTOR VEHICLE THEFT,"Banjara Hills, Hyderabad",SIDEWALK,1892,4,5,S0035,Mohan Joshi,S0028,Ajay Agarwal,"Surveillance report #FIR-2023-31245: Subject Mohan Joshi traveled to Banjara Hills, Hyderabad on 2024-05-26 11:23. Met with Ajay Agarwal and an unidentified individual. Discussion about MOTOR VEHICLE THEFT operations was overheard. Subject departed in Car bearing plate GJ-91-ST-2334.",False,False,28.650466,77.114753
INC-00400,FIR-2023-90478,2024-03-04,14:32:30,ASSAULT,"Koregaon Park, Pune",SCHOOL,1620,17,33,S0018,Sanjay Agarwal,S0071,Rajesh Joshi,"Confidential informant reports that Sanjay Agarwal has been coordinating with Rajesh Joshi through encrypted communications. Activities centered around Koregaon Park, Pune and Malviya Nagar, Jaipur. Financial trail leads to Phantom Industries. Estimated proceeds: ₹1402053.",False,False,28.774481,77.356248
INC-00401,FIR-2023-18009,2023-01-11,11:34:00,KIDNAPPING,"Anna Nagar, Chennai",GAS STATION,2019,20,21,S0018,Sanjay Agarwal,S0019,Hassan Rodriguez,"Intelligence report: Sanjay Agarwal and Hassan Rodriguez are part of a network operating from Anna Nagar, Chennai. Phone intercept of +91-8515942742 revealed plans for KIDNAPPING targeting Aundh, Pune. Organization Phantom Industries is suspected to be a front for illegal activities.",True,False,28.623662,76.935618
INC-00402,FIR-2023-23497,2023-10-19,15:30:58,THEFT,"Indiranagar, Bangalore",SCHOOL,986,9,23,S0002,Suresh Sharma,S0036,Ravi Ali,"Arrest report: Suresh Sharma apprehended on 2023-10-19 15:30 at Indiranagar, Bangalore in connection with THEFT. During interrogation, Suresh Sharma revealed association with Ravi Ali and Silver Line Transport. Recovered items include encrypted hard drive. Phone +91-7762376237 seized for analysis.",False,False,28.450682,77.113391
INC-00403,FIR-2024-65758,2024-11-15,17:14:10,WEAPONS VIOLATION,"Anna Nagar, Chennai",BANK,2032,11,39,S0050,Hassan Qureshi,S0049,Rahul Agarwal,"FIR filed against Hassan Qureshi for WEAPONS VIOLATION at Anna Nagar, Chennai on 2024-11-15 17:14. Witnesses identified accomplice Rahul Agarwal at the scene. A Motorcycle (TN-28-CW-3400) was used to flee. Hassan Qureshi is associated with Shadow Syndicate.",True,False,28.557299,77.264352
INC-00404,FIR-2023-57931,2023-03-22,22:02:28,WEAPONS VIOLATION,"Anna Nagar, Chennai",WAREHOUSE,2009,25,45,S0061,Farooq Joshi,S0059,Geeta Hernandez,"Arrest report: Farooq Joshi apprehended on 2023-03-22 22:02 at Anna Nagar, Chennai in connection with WEAPONS VIOLATION. During interrogation, Farooq Joshi revealed association with Geeta Hernandez and Falcon Express Logistics. Recovered items include chemical substances. Phone +91-7944047056 seized for analysis.",False,False,28.623918,77.39874
INC-00405,FIR-2023-89531,2023-07-20,16:05:44,OFFENSE INVOLVING CHILDREN,"Gomti Nagar, Lucknow",ALLEY,237,21,36,S0025,Yusuf Joshi,S0030,Prakash Lopez,"On 2023-07-20 16:05, suspect Yusuf Joshi was observed meeting Prakash Lopez at Gomti Nagar, Lucknow. The meeting lasted approximately 49 minutes. Suspect was seen carrying a mobile phones (3). Vehicle with plate TN-92-LG-5325 was parked nearby. Contact phone +91-9877427601 was intercepted.",False,False,28.798295,77.222559
INC-00406,FIR-2024-13779,2024-04-27,22:07:12,EXTORTION,"Velachery, Chennai",GAS STATION,727,23,23,S0036,Ravi Ali,S0041,Anil Chauhan,"FIR filed against Ravi Ali for EXTORTION at Velachery, Chennai on 2024-04-27 22:07. Witnesses identified accomplice Anil Chauhan at the scene. A Van (TN-19-AB-5011) was used to flee. Ravi Ali is associated with Iron Gate Security.",True,True,28.733626,76.871656
INC-00407,FIR-2024-77677,2023-04-10,19:48:34,DECEPTIVE PRACTICE,Bus Terminal Underground,STREET,1751,14,8,S0057,Sanjay Ahmed,S0058,Arjun Roy,"On 2023-04-10 19:48, suspect Sanjay Ahmed was observed meeting Arjun Roy at Bus Terminal Underground. The meeting lasted approximately 117 minutes. Suspect was seen carrying a encrypted hard drive. Vehicle with plate DL-33-SD-2070 was parked nearby. Contact phone +91-9859711607 was intercepted.",True,False,28.704517,76.888508
INC-00408,FIR-2024-21555,2023-10-10,22:09:21,WEAPONS VIOLATION,Old Market Area,RESIDENCE,470,6,12,S0035,Mohan Joshi,S0028,Ajay Agarwal,"Confidential informant reports that Mohan Joshi has been coordinating with Ajay Agarwal through encrypted communications. Activities centered around Old Market Area and Park Street, Kolkata. Financial trail leads to Nighthawk Operations. Estimated proceeds: ₹4776182.",True,False,28.65065,76.812064
INC-00409,FIR-2024-64261,2024-10-15,13:38:10,EXTORTION,"MG Road, Bangalore",SIDEWALK,871,9,26,S0022,Abdul Chauhan,S0028,Ajay Agarwal,"On 2024-10-15 13:38, suspect Abdul Chauhan was observed meeting Ajay Agarwal at MG Road, Bangalore. The meeting lasted approximately 100 minutes. Suspect was seen carrying a sealed envelope. Vehicle with plate UP-88-XG-3174 was parked nearby. Contact phone +91-9029520745 was intercepted.",True,False,28.503742,77.063759
INC-00410,FIR-2024-21895,2024-10-19,19:02:36,EXTORTION,Airport Cargo Terminal,HOTEL,963,9,28,S0012,Prakash Shah,S0007,Vikram Chauhan,Intelligence report: Prakash Shah and Vikram Chauhan are part of a network operating from Airport Cargo Terminal. Phone intercept of +91-9757993748 revealed plans for EXTORTION targeting Old Market Area. Organization Diamond Rock Mining is suspected to be a front for illegal activities.,False,False,28.768768,77.110218
INC-00411,FIR-2024-50144,2023-11-27,13:33:15,OTHER OFFENSE,Industrial Zone B-12,APARTMENT,2012,18,24,S0024,Anita Lopez,S0029,Kiran Ali,FIR filed against Anita Lopez for OTHER OFFENSE at Industrial Zone B-12 on 2023-11-27 13:33. Witnesses identified accomplice Kiran Ali at the scene. A Car (HR-90-DX-6879) was used to flee. Anita Lopez is associated with Red Lotus Gang.,True,False,28.646645,77.156145
INC-00412,FIR-2024-87735,2023-09-07,09:11:45,OFFENSE INVOLVING CHILDREN,"Malviya Nagar, Jaipur",STREET,771,17,22,S0056,Anil Chauhan,S0061,Farooq Joshi,"Intelligence report: Anil Chauhan and Farooq Joshi are part of a network operating from Malviya Nagar, Jaipur. Phone intercept of +91-7990411854 revealed plans for OFFENSE INVOLVING CHILDREN targeting Highway NH-48 Rest Stop. Organization Red Lotus Gang is suspected to be a front for illegal activities.",False,False,28.786094,77.365708
INC-00413,FIR-2024-50308,2023-05-23,04:43:45,CRIMINAL TRESPASS,Port District Dock 7,RESIDENCE,856,8,27,S0026,Ramesh Lopez,S0073,Rahul Martinez,Surveillance report #FIR-2023-32553: Subject Ramesh Lopez traveled to Port District Dock 7 on 2023-05-23 04:43. Met with Rahul Martinez and an unidentified individual. Discussion about CRIMINAL TRESPASS operations was overheard. Subject departed in Van bearing plate DL-12-KE-6670.,False,True,28.497893,77.210828
INC-00414,FIR-2024-52875,2023-04-13,17:08:28,HUMAN TRAFFICKING,Industrial Zone B-12,VEHICLE,1259,22,55,S0048,Abdul Garcia,S0046,Miguel Gupta,Intelligence report: Abdul Garcia and Miguel Gupta are part of a network operating from Industrial Zone B-12. Phone intercept of +91-8745666148 revealed plans for HUMAN TRAFFICKING targeting Highway NH-48 Rest Stop. Organization Crescent Moon Foundation is suspected to be a front for illegal activities.,False,False,28.538747,77.201926
INC-00415,FIR-2024-22170,2023-08-29,13:26:22,OFFENSE INVOLVING CHILDREN,"Banjara Hills, Hyderabad",PARKING LOT,1673,21,24,S0076,Rahul Qureshi,S0079,Ravi Singh,"Intelligence report: Rahul Qureshi and Ravi Singh are part of a network operating from Banjara Hills, Hyderabad. Phone intercept of +91-8453831805 revealed plans for OFFENSE INVOLVING CHILDREN targeting Jubilee Hills, Hyderabad. Organization Dark Web Solutions is suspected to be a front for illegal activities.",False,False,28.524437,77.205164
INC-00416,FIR-2023-51815,2023-06-17,14:29:54,CYBER CRIME,Airport Cargo Terminal,APARTMENT,2453,17,50,S0062,Rizwan Ali,S0059,Geeta Hernandez,Crime scene report: CYBER CRIME occurred at Airport Cargo Terminal on 2023-06-17 14:29. Evidence points to involvement of Rizwan Ali. CCTV footage shows Geeta Hernandez in the vicinity. Metro Finance Corp financial records show payment of ₹860647 on same date. Phone +91-7376081376 location data places suspect at scene.,False,True,28.661527,77.202117
INC-00417,FIR-2024-87352,2024-03-11,09:25:01,CRIMINAL DAMAGE,"Malviya Nagar, Jaipur",ALLEY,909,17,59,S0055,Prakash Yadav,S0039,Yusuf Khan,"FIR filed against Prakash Yadav for CRIMINAL DAMAGE at Malviya Nagar, Jaipur on 2024-03-11 09:25. Witnesses identified accomplice Yusuf Khan at the scene. A Car (HR-61-LU-6977) was used to flee. Prakash Yadav is associated with Nighthawk Operations.",False,True,28.512686,76.872931
INC-00418,FIR-2024-93359,2024-12-03,13:26:44,DECEPTIVE PRACTICE,"Connaught Place, New Delhi",STREET,557,12,5,S0063,Mohan Hussain,S0062,Rizwan Ali,"FIR filed against Mohan Hussain for DECEPTIVE PRACTICE at Connaught Place, New Delhi on 2024-12-03 13:26. Witnesses identified accomplice Rizwan Ali at the scene. A SUV (HR-87-KA-9892) was used to flee. Mohan Hussain is associated with Red Lotus Gang.",False,False,28.433619,76.856744
INC-00419,FIR-2023-60058,2023-12-20,16:40:35,MOTOR VEHICLE THEFT,River Bridge Underpass,HOTEL,422,11,39,S0019,Hassan Rodriguez,S0014,Yusuf Patel,Crime scene report: MOTOR VEHICLE THEFT occurred at River Bridge Underpass on 2023-12-20 16:40. Evidence points to involvement of Hassan Rodriguez. CCTV footage shows Yusuf Patel in the vicinity. Silver Line Transport financial records show payment of ₹3137233 on same date. Phone +91-9469240982 location data places suspect at scene.,False,False,28.473572,77.24806
INC-00420,FIR-2023-89249,2023-04-30,06:58:39,DECEPTIVE PRACTICE,"Koregaon Park, Pune",RESTAURANT,842,22,37,S0011,Hassan Qureshi,S0056,Anil Chauhan,"Surveillance report #FIR-2024-75740: Subject Hassan Qureshi traveled to Koregaon Park, Pune on 2023-04-30 06:58. Met with Anil Chauhan and an unidentified individual. Discussion about DECEPTIVE PRACTICE operations was overheard. Subject departed in Motorcycle bearing plate TN-89-BM-8748.",False,True,28.482855,77.26923
INC-00421,FIR-2024-87059,2024-10-12,11:35:01,CRIMINAL DAMAGE,"Navrangpura, Ahmedabad",RESTAURANT,1446,18,50,S0017,Naveen Kumar,S0022,Abdul Chauhan,"On 2024-10-12 11:35, suspect Naveen Kumar was observed meeting Abdul Chauhan at Navrangpura, Ahmedabad. The meeting lasted approximately 51 minutes. Suspect was seen carrying a duffel bag. Vehicle with plate HR-14-HG-4116 was parked nearby. Contact phone +91-8160965519 was intercepted.",False,False,28.405027,77.004358
INC-00422,FIR-2023-92756,2024-04-18,18:10:01,WEAPONS VIOLATION,"Satellite, Ahmedabad",COMMERCIAL BUILDING,2399,12,11,S0045,Suman Mishra,S0020,Ajay Yadav,"FIR filed against Suman Mishra for WEAPONS VIOLATION at Satellite, Ahmedabad on 2024-04-18 18:10. Witnesses identified accomplice Ajay Yadav at the scene. A Motorcycle (MH-84-BA-5051) was used to flee. Suman Mishra is associated with Phantom Industries.",True,False,28.611837,76.98242
INC-00423,FIR-2024-40765,2023-06-09,22:45:02,NARCOTICS,"Malviya Nagar, Jaipur",RESTAURANT,2301,5,49,S0041,Anil Chauhan,S0035,Mohan Joshi,"Confidential informant reports that Anil Chauhan has been coordinating with Mohan Joshi through encrypted communications. Activities centered around Malviya Nagar, Jaipur and Kothrud, Pune. Financial trail leads to Apex Trading LLC. Estimated proceeds: ₹206363.",True,True,28.487322,77.395279
INC-00424,FIR-2024-74858,2024-07-17,14:52:25,OFFENSE INVOLVING CHILDREN,Highway NH-48 Rest Stop,PARK,2000,10,58,S0074,Ramesh Mishra,S0072,Priya Martinez,Investigation report: Ramesh Mishra allegedly transferred funds to Priya Martinez via Bluestone Holdings on 2024-07-17 14:52. Transaction of ₹2675690 was flagged. Both suspects are known to frequent Highway NH-48 Rest Stop. Surveillance indicates regular communication through phone +91-9129320527.,True,False,28.471051,76.973045
INC-00425,FIR-2024-12992,2024-11-02,06:16:19,CRIMINAL DAMAGE,"Salt Lake, Kolkata",PARKING LOT,1123,6,73,S0069,Mohan Das,S0060,Kiran Ahmed,"Intelligence report: Mohan Das and Kiran Ahmed are part of a network operating from Salt Lake, Kolkata. Phone intercept of +91-7305439451 revealed plans for CRIMINAL DAMAGE targeting Jubilee Hills, Hyderabad. Organization Vortex Communications is suspected to be a front for illegal activities.",False,False,28.780738,76.813632
INC-00426,FIR-2024-27386,2024-07-19,18:37:01,WEAPONS VIOLATION,Bus Terminal Underground,ALLEY,365,1,27,S0077,Anil Pandey,S0050,Hassan Qureshi,Crime scene report: WEAPONS VIOLATION occurred at Bus Terminal Underground on 2024-07-19 18:37. Evidence points to involvement of Anil Pandey. CCTV footage shows Hassan Qureshi in the vicinity. Golden Circle Imports financial records show payment of ₹1479776 on same date. Phone +91-7477042007 location data places suspect at scene.,False,False,28.673468,77.066192
INC-00427,FIR-2024-78126,2024-05-27,23:21:06,CRIMINAL DAMAGE,Port District Dock 7,COMMERCIAL BUILDING,1678,3,54,S0031,Rahul Thakur,S0060,Kiran Ahmed,FIR filed against Rahul Thakur for CRIMINAL DAMAGE at Port District Dock 7 on 2024-05-27 23:21. Witnesses identified accomplice Kiran Ahmed at the scene. A SUV (TN-52-LJ-2137) was used to flee. Rahul Thakur is associated with Crescent Moon Foundation.,False,False,28.614937,77.229477
INC-00428,FIR-2024-64118,2024-05-07,02:10:36,THEFT,Port District Dock 7,BANK,1491,5,32,S0078,Ashok Saxena,S0073,Rahul Martinez,Investigation report: Ashok Saxena allegedly transferred funds to Rahul Martinez via Silver Line Transport on 2024-05-07 02:10. Transaction of ₹4873815 was flagged. Both suspects are known to frequent Port District Dock 7. Surveillance indicates regular communication through phone +91-8505943466.,False,False,28.43885,77.185221
INC-00429,FIR-2023-58608,2023-09-08,09:27:58,CRIMINAL TRESPASS,"Koregaon Park, Pune",GAS STATION,1585,23,38,S0010,Kavita Thakur,S0008,Pooja Lopez,"On 2023-09-08 09:27, suspect Kavita Thakur was observed meeting Pooja Lopez at Koregaon Park, Pune. The meeting lasted approximately 27 minutes. Suspect was seen carrying a laptop bag. Vehicle with plate HR-58-JV-5510 was parked nearby. Contact phone +91-8733842953 was intercepted.",False,False,28.463321,77.180337
INC-00430,FIR-2024-72517,2023-06-08,04:40:49,ROBBERY,"Malviya Nagar, Jaipur",GAS STATION,797,12,20,S0061,Farooq Joshi,S0038,Ashok Patel,"Arrest report: Farooq Joshi apprehended on 2023-06-08 04:40 at Malviya Nagar, Jaipur in connection with ROBBERY. During interrogation, Farooq Joshi revealed association with Ashok Patel and Emerald Bay Enterprises. Recovered items include suspicious package. Phone +91-7944047056 seized for analysis.",False,False,28.551191,77.355649
INC-00431,FIR-2024-70204,2023-06-29,17:37:18,OTHER OFFENSE,"Sector 15, New Delhi",GAS STATION,149,24,68,S0022,Abdul Chauhan,S0062,Rizwan Ali,"Arrest report: Abdul Chauhan apprehended on 2023-06-29 17:37 at Sector 15, New Delhi in connection with OTHER OFFENSE. During interrogation, Abdul Chauhan revealed association with Rizwan Ali and Northern Alliance Network. Recovered items include cash bundle. Phone +91-9029520745 seized for analysis.",True,False,28.545424,76.819704
INC-00432,FIR-2024-33944,2023-03-10,09:53:02,HUMAN TRAFFICKING,"Satellite, Ahmedabad",SCHOOL,1103,8,59,S0013,Tariq Hernandez,S0065,Prakash Mehta,"Investigation report: Tariq Hernandez allegedly transferred funds to Prakash Mehta via Iron Gate Security on 2023-03-10 09:53. Transaction of ₹4763842 was flagged. Both suspects are known to frequent Satellite, Ahmedabad. Surveillance indicates regular communication through phone +91-8601012552.",True,True,28.643655,77.131185
INC-00433,FIR-2024-25257,2023-05-16,19:01:32,THEFT,"Marine Drive, Mumbai",COMMERCIAL BUILDING,441,16,26,S0012,Prakash Shah,S0009,Pooja Pandey,"Investigation report: Prakash Shah allegedly transferred funds to Pooja Pandey via Diamond Rock Mining on 2023-05-16 19:01. Transaction of ₹2684777 was flagged. Both suspects are known to frequent Marine Drive, Mumbai. Surveillance indicates regular communication through phone +91-9757993748.",True,False,28.485998,77.092338
INC-00434,FIR-2024-44629,2024-03-29,23:23:50,WEAPONS VIOLATION,"Kothrud, Pune",WAREHOUSE,2279,8,44,S0073,Rahul Martinez,S0077,Anil Pandey,"FIR filed against Rahul Martinez for WEAPONS VIOLATION at Kothrud, Pune on 2024-03-29 23:23. Witnesses identified accomplice Anil Pandey at the scene. A Van (DL-33-PW-5435) was used to flee. Rahul Martinez is associated with Nighthawk Operations.",False,False,28.601225,77.175553
INC-00435,FIR-2023-40382,2024-05-14,00:14:14,CRIMINAL TRESPASS,Abandoned Factory Block C,SIDEWALK,1358,17,40,S0015,Arjun Mishra,S0024,Anita Lopez,"Arrest report: Arjun Mishra apprehended on 2024-05-14 00:14 at Abandoned Factory Block C in connection with CRIMINAL TRESPASS. During interrogation, Arjun Mishra revealed association with Anita Lopez and Northern Alliance Network. Recovered items include unregistered firearm. Phone +91-8928238864 seized for analysis.",False,False,28.58875,77.210848
INC-00436,FIR-2024-95654,2023-06-10,06:59:13,OTHER OFFENSE,Port District Dock 7,GAS STATION,1807,25,35,S0079,Ravi Singh,S0073,Rahul Martinez,FIR filed against Ravi Singh for OTHER OFFENSE at Port District Dock 7 on 2023-06-10 06:59. Witnesses identified accomplice Rahul Martinez at the scene. A Truck (RJ-62-DH-7248) was used to flee. Ravi Singh is associated with Falcon Express Logistics.,True,False,28.588793,77.313743
INC-00437,FIR-2023-37342,2023-12-29,11:28:53,EXTORTION,"Koregaon Park, Pune",BANK,1148,10,48,S0039,Yusuf Khan,S0044,Sanjay Khan,"Surveillance report #FIR-2024-12553: Subject Yusuf Khan traveled to Koregaon Park, Pune on 2023-12-29 11:28. Met with Sanjay Khan and an unidentified individual. Discussion about EXTORTION operations was overheard. Subject departed in Car bearing plate RJ-98-PA-7620.",True,False,28.716368,76.995411
INC-00438,FIR-2024-16029,2024-09-24,18:18:41,EXTORTION,Bus Terminal Underground,PARK,1697,23,63,S0072,Priya Martinez,S0028,Ajay Agarwal,"Arrest report: Priya Martinez apprehended on 2024-09-24 18:18 at Bus Terminal Underground in connection with EXTORTION. During interrogation, Priya Martinez revealed association with Ajay Agarwal and Zenith Capital Group. Recovered items include duffel bag. Phone +91-8873660196 seized for analysis.",True,False,28.642682,77.025011
INC-00439,FIR-2023-29715,2024-07-04,13:27:04,EXTORTION,River Bridge Underpass,GAS STATION,1324,19,26,S0013,Tariq Hernandez,S0020,Ajay Yadav,"Arrest report: Tariq Hernandez apprehended on 2024-07-04 13:27 at River Bridge Underpass in connection with EXTORTION. During interrogation, Tariq Hernandez revealed association with Ajay Yadav and Iron Gate Security. Recovered items include laptop bag. Phone +91-8601012552 seized for analysis.",True,False,28.531137,77.127951
INC-00440,FIR-2024-57474,2023-05-24,02:28:33,CRIMINAL TRESPASS,Bus Terminal Underground,PARKING LOT,915,22,34,S0034,Manoj Malik,S0045,Suman Mishra,Crime scene report: CRIMINAL TRESPASS occurred at Bus Terminal Underground on 2023-05-24 02:28. Evidence points to involvement of Manoj Malik. CCTV footage shows Suman Mishra in the vicinity. Diamond Rock Mining financial records show payment of ₹2704984 on same date. Phone +91-9185263528 location data places suspect at scene.,False,False,28.773072,76.884162
INC-00441,FIR-2023-83176,2024-06-25,02:11:41,CYBER CRIME,"Indiranagar, Bangalore",PARK,560,18,21,S0053,Vinod Hussain,S0054,Tariq Pandey,"Arrest report: Vinod Hussain apprehended on 2024-06-25 02:11 at Indiranagar, Bangalore in connection with CYBER CRIME. During interrogation, Vinod Hussain revealed association with Tariq Pandey and Shadow Syndicate. Recovered items include encrypted hard drive. Phone +91-8468512260 seized for analysis.",True,False,28.587379,77.190104
INC-00442,FIR-2024-12815,2023-10-11,16:57:22,EXTORTION,Abandoned Factory Block C,RESTAURANT,2454,10,1,S0025,Yusuf Joshi,S0056,Anil Chauhan,"Confidential informant reports that Yusuf Joshi has been coordinating with Anil Chauhan through encrypted communications. Activities centered around Abandoned Factory Block C and MG Road, Bangalore. Financial trail leads to Apex Trading LLC. Estimated proceeds: ₹4835326.",False,True,28.490092,77.05629
INC-00443,FIR-2023-50433,2024-11-21,11:53:30,HUMAN TRAFFICKING,"Andheri West, Mumbai",APARTMENT,513,1,69,S0034,Manoj Malik,S0075,Imran Martinez,"Confidential informant reports that Manoj Malik has been coordinating with Imran Martinez through encrypted communications. Activities centered around Andheri West, Mumbai and Abandoned Factory Block C. Financial trail leads to Bluestone Holdings. Estimated proceeds: ₹1290141.",True,False,28.616031,77.372796
INC-00444,FIR-2023-59861,2024-11-04,07:36:08,WEAPONS VIOLATION,"Koregaon Park, Pune",STREET,1930,15,52,S0042,Rekha Thakur,S0030,Prakash Lopez,"On 2024-11-04 07:36, suspect Rekha Thakur was observed meeting Prakash Lopez at Koregaon Park, Pune. The meeting lasted approximately 66 minutes. Suspect was seen carrying a briefcase. Vehicle with plate KA-55-JH-4559 was parked nearby. Contact phone +91-9807385456 was intercepted.",True,False,28.552202,77.2887
INC-00445,FIR-2024-76680,2024-08-15,18:48:18,CRIMINAL DAMAGE,"Anna Nagar, Chennai",RESIDENCE,1971,1,1,S0012,Prakash Shah,S0065,Prakash Mehta,"Confidential informant reports that Prakash Shah has been coordinating with Prakash Mehta through encrypted communications. Activities centered around Anna Nagar, Chennai and Connaught Place, New Delhi. Financial trail leads to Diamond Rock Mining. Estimated proceeds: ₹771609.",False,False,28.560123,77.314496
INC-00446,FIR-2023-42636,2024-03-20,23:44:19,THEFT,"Navrangpura, Ahmedabad",APARTMENT,2412,1,17,S0046,Miguel Gupta,S0049,Rahul Agarwal,"Surveillance report #FIR-2024-15946: Subject Miguel Gupta traveled to Navrangpura, Ahmedabad on 2024-03-20 23:44. Met with Rahul Agarwal and an unidentified individual. Discussion about THEFT operations was overheard. Subject departed in SUV bearing plate MH-21-KD-1420.",True,True,28.587925,76.823394
INC-00447,FIR-2023-31282,2024-01-16,22:29:04,KIDNAPPING,Airport Cargo Terminal,STREET,2137,7,40,S0077,Anil Pandey,S0038,Ashok Patel,Surveillance report #FIR-2023-57850: Subject Anil Pandey traveled to Airport Cargo Terminal on 2024-01-16 22:29. Met with Ashok Patel and an unidentified individual. Discussion about KIDNAPPING operations was overheard. Subject departed in Van bearing plate MH-79-NW-4945.,False,False,28.763592,76.959109
INC-00448,FIR-2024-18693,2023-01-30,17:07:49,BATTERY,Railway Station Complex,RESIDENCE,2048,15,54,S0042,Rekha Thakur,S0033,Anita Malik,FIR filed against Rekha Thakur for BATTERY at Railway Station Complex on 2023-01-30 17:07. Witnesses identified accomplice Anita Malik at the scene. A Truck (KA-53-BU-7177) was used to flee. Rekha Thakur is associated with Diamond Rock Mining.,False,True,28.641308,77.182113
INC-00449,FIR-2024-90611,2023-11-27,23:53:52,HUMAN TRAFFICKING,"Indiranagar, Bangalore",RESIDENCE,1123,8,33,S0040,Farooq Saxena,S0041,Anil Chauhan,"FIR filed against Farooq Saxena for HUMAN TRAFFICKING at Indiranagar, Bangalore on 2023-11-27 23:53. Witnesses identified accomplice Anil Chauhan at the scene. A Motorcycle (GJ-64-VG-3061) was used to flee. Farooq Saxena is associated with Metro Finance Corp.",True,False,28.520443,77.226276
INC-00450,FIR-2024-52274,2023-12-02,15:21:55,OFFENSE INVOLVING CHILDREN,Industrial Zone B-12,STREET,2443,16,62,S0060,Kiran Ahmed,S0061,Farooq Joshi,FIR filed against Kiran Ahmed for OFFENSE INVOLVING CHILDREN at Industrial Zone B-12 on 2023-12-02 15:21. Witnesses identified accomplice Farooq Joshi at the scene. A Motorcycle (KA-75-BN-1786) was used to flee. Kiran Ahmed is associated with Shadow Syndicate.,False,False,28.74781,77.382468
INC-00451,FIR-2024-96933,2024-09-28,09:34:06,HUMAN TRAFFICKING,"Andheri West, Mumbai",RESIDENCE,1502,25,67,S0052,Neha Reddy,S0050,Hassan Qureshi,"Confidential informant reports that Neha Reddy has been coordinating with Hassan Qureshi through encrypted communications. Activities centered around Andheri West, Mumbai and Abandoned Factory Block C. Financial trail leads to Iron Gate Security. Estimated proceeds: ₹2870372.",False,True,28.546169,77.185376
INC-00452,FIR-2023-76155,2023-04-24,04:22:45,HUMAN TRAFFICKING,Old Market Area,APARTMENT,1728,17,25,S0070,Ajay Mehta,S0069,Mohan Das,"Arrest report: Ajay Mehta apprehended on 2023-04-24 04:22 at Old Market Area in connection with HUMAN TRAFFICKING. During interrogation, Ajay Mehta revealed association with Mohan Das and Phantom Industries. Recovered items include sealed envelope. Phone +91-8361473242 seized for analysis.",True,False,28.488743,76.810032
INC-00453,FIR-2023-23125,2024-06-27,19:06:58,BATTERY,Port District Dock 7,BANK,778,21,29,S0046,Miguel Gupta,S0051,Vinod Qureshi,"Confidential informant reports that Miguel Gupta has been coordinating with Vinod Qureshi through encrypted communications. Activities centered around Port District Dock 7 and Satellite, Ahmedabad. Financial trail leads to Phantom Industries. Estimated proceeds: ₹4463260.",True,False,28.782052,77.054409
INC-00454,FIR-2023-17762,2024-02-04,18:59:46,KIDNAPPING,Abandoned Factory Block C,PARK,1780,5,19,S0026,Ramesh Lopez,S0023,Kiran Ali,Investigation report: Ramesh Lopez allegedly transferred funds to Kiran Ali via Crescent Moon Foundation on 2024-02-04 18:59. Transaction of ₹2623935 was flagged. Both suspects are known to frequent Abandoned Factory Block C. Surveillance indicates regular communication through phone +91-9078465518.,False,False,28.705837,77.284193
INC-00455,FIR-2023-98111,2024-02-05,21:31:58,WEAPONS VIOLATION,"Navrangpura, Ahmedabad",ALLEY,1441,1,16,S0032,Saleem Thakur,S0035,Mohan Joshi,"Investigation report: Saleem Thakur allegedly transferred funds to Mohan Joshi via Falcon Express Logistics on 2024-02-05 21:31. Transaction of ₹1283778 was flagged. Both suspects are known to frequent Navrangpura, Ahmedabad. Surveillance indicates regular communication through phone +91-7090425118.",False,False,28.708663,77.159068
INC-00456,FIR-2024-39443,2024-07-08,22:12:38,EXTORTION,"Jubilee Hills, Hyderabad",HOTEL,522,3,77,S0030,Prakash Lopez,S0028,Ajay Agarwal,"Arrest report: Prakash Lopez apprehended on 2024-07-08 22:12 at Jubilee Hills, Hyderabad in connection with EXTORTION. During interrogation, Prakash Lopez revealed association with Ajay Agarwal and Iron Gate Security. Recovered items include unregistered firearm. Phone +91-7587753540 seized for analysis.",False,False,28.739986,77.096719
INC-00457,FIR-2024-97245,2023-10-10,09:09:46,CYBER CRIME,"Banjara Hills, Hyderabad",ALLEY,525,25,63,S0056,Anil Chauhan,S0053,Vinod Hussain,"Investigation report: Anil Chauhan allegedly transferred funds to Vinod Hussain via Red Lotus Gang on 2023-10-10 09:09. Transaction of ₹2046286 was flagged. Both suspects are known to frequent Banjara Hills, Hyderabad. Surveillance indicates regular communication through phone +91-7990411854.",False,False,28.748157,77.200534
INC-00458,FIR-2023-13164,2023-04-08,04:16:37,MOTOR VEHICLE THEFT,"Indiranagar, Bangalore",BANK,1447,4,38,S0006,Sunil Hussain,S0005,Arjun Verma,"On 2023-04-08 04:16, suspect Sunil Hussain was observed meeting Arjun Verma at Indiranagar, Bangalore. The meeting lasted approximately 114 minutes. Suspect was seen carrying a encrypted hard drive. Vehicle with plate RJ-51-BM-8212 was parked nearby. Contact phone +91-8996093227 was intercepted.",False,False,28.691623,77.309658
INC-00459,FIR-2024-62601,2023-09-12,10:04:18,EXTORTION,Port District Dock 7,PARK,1527,25,23,S0033,Anita Malik,S0042,Rekha Thakur,"On 2023-09-12 10:04, suspect Anita Malik was observed meeting Rekha Thakur at Port District Dock 7. The meeting lasted approximately 68 minutes. Suspect was seen carrying a cash bundle. Vehicle with plate TN-47-PC-6409 was parked nearby. Contact phone +91-8986477033 was intercepted.",False,False,28.533505,77.169842
INC-00460,FIR-2024-12087,2023-04-03,23:16:54,OTHER OFFENSE,"Banjara Hills, Hyderabad",RESIDENCE,877,19,40,S0030,Prakash Lopez,S0028,Ajay Agarwal,"Crime scene report: OTHER OFFENSE occurred at Banjara Hills, Hyderabad on 2023-04-03 23:16. Evidence points to involvement of Prakash Lopez. CCTV footage shows Ajay Agarwal in the vicinity. Iron Gate Security financial records show payment of ₹3042173 on same date. Phone +91-7587753540 location data places suspect at scene.",False,False,28.615302,77.038783
INC-00461,FIR-2023-42231,2024-11-10,14:43:56,DECEPTIVE PRACTICE,"Jubilee Hills, Hyderabad",HOTEL,734,22,36,S0010,Kavita Thakur,S0006,Sunil Hussain,"Arrest report: Kavita Thakur apprehended on 2024-11-10 14:43 at Jubilee Hills, Hyderabad in connection with DECEPTIVE PRACTICE. During interrogation, Kavita Thakur revealed association with Sunil Hussain and Crescent Moon Foundation. Recovered items include briefcase. Phone +91-8733842953 seized for analysis.",True,False,28.733299,77.389957
INC-00462,FIR-2024-92215,2024-10-25,07:51:47,ROBBERY,"Sector 15, New Delhi",GAS STATION,1685,24,34,S0032,Saleem Thakur,S0057,Sanjay Ahmed,"Surveillance report #FIR-2024-34386: Subject Saleem Thakur traveled to Sector 15, New Delhi on 2024-10-25 07:51. Met with Sanjay Ahmed and an unidentified individual. Discussion about ROBBERY operations was overheard. Subject departed in Van bearing plate UP-32-AW-8917.",False,False,28.505423,77.022137
INC-00463,FIR-2023-55657,2024-12-10,04:53:48,CRIMINAL TRESPASS,Bus Terminal Underground,SCHOOL,2369,8,60,S0031,Rahul Thakur,S0038,Ashok Patel,FIR filed against Rahul Thakur for CRIMINAL TRESPASS at Bus Terminal Underground on 2024-12-10 04:53. Witnesses identified accomplice Ashok Patel at the scene. A SUV (TN-52-LJ-2137) was used to flee. Rahul Thakur is associated with Iron Gate Security.,False,False,28.421281,77.171284
INC-00464,FIR-2023-61936,2023-01-23,20:23:14,EXTORTION,"Satellite, Ahmedabad",SIDEWALK,1951,10,69,S0064,Carlos Reddy,S0065,Prakash Mehta,"Arrest report: Carlos Reddy apprehended on 2023-01-23 20:23 at Satellite, Ahmedabad in connection with EXTORTION. During interrogation, Carlos Reddy revealed association with Prakash Mehta and Red Lotus Gang. Recovered items include cash bundle. Phone +91-7750198381 seized for analysis.",False,False,28.627943,77.325581
INC-00465,FIR-2024-25663,2023-11-19,00:14:48,BATTERY,Old Market Area,PARKING LOT,464,4,52,S0053,Vinod Hussain,S0058,Arjun Roy,FIR filed against Vinod Hussain for BATTERY at Old Market Area on 2023-11-19 00:14. Witnesses identified accomplice Arjun Roy at the scene. A Van (MH-10-WC-9679) was used to flee. Vinod Hussain is associated with Diamond Rock Mining.,False,False,28.552516,77.084645
INC-00466,FIR-2023-54527,2023-07-01,15:40:08,DECEPTIVE PRACTICE,"Velachery, Chennai",COMMERCIAL BUILDING,485,17,33,S0044,Sanjay Khan,S0033,Anita Malik,"FIR filed against Sanjay Khan for DECEPTIVE PRACTICE at Velachery, Chennai on 2023-07-01 15:40. Witnesses identified accomplice Anita Malik at the scene. A SUV (GJ-24-BJ-7211) was used to flee. Sanjay Khan is associated with Northern Alliance Network.",True,False,28.42436,77.134277
INC-00467,FIR-2023-55252,2023-01-13,00:10:10,CRIMINAL TRESPASS,"Salt Lake, Kolkata",RESIDENCE,733,20,48,S0048,Abdul Garcia,S0046,Miguel Gupta,"FIR filed against Abdul Garcia for CRIMINAL TRESPASS at Salt Lake, Kolkata on 2023-01-13 00:10. Witnesses identified accomplice Miguel Gupta at the scene. A Car (UP-04-VV-7141) was used to flee. Abdul Garcia is associated with Crescent Moon Foundation.",True,False,28.682547,77.327803
INC-00468,FIR-2023-23070,2024-09-29,01:24:42,HUMAN TRAFFICKING,Abandoned Factory Block C,COMMERCIAL BUILDING,891,20,20,S0023,Kiran Ali,S0030,Prakash Lopez,"Arrest report: Kiran Ali apprehended on 2024-09-29 01:24 at Abandoned Factory Block C in connection with HUMAN TRAFFICKING. During interrogation, Kiran Ali revealed association with Prakash Lopez and Metro Finance Corp. Recovered items include briefcase. Phone +91-7870361876 seized for analysis.",False,False,28.771443,77.128788
INC-00469,FIR-2023-96967,2024-11-15,20:11:14,BURGLARY,"Banjara Hills, Hyderabad",BANK,1412,17,73,S0050,Hassan Qureshi,S0015,Arjun Mishra,"On 2024-11-15 20:11, suspect Hassan Qureshi was observed meeting Arjun Mishra at Banjara Hills, Hyderabad. The meeting lasted approximately 17 minutes. Suspect was seen carrying a unregistered firearm. Vehicle with plate HR-19-HS-4085 was parked nearby. Contact phone +91-8427287656 was intercepted.",False,False,28.657279,76.969537
INC-00470,FIR-2024-99660,2024-10-03,15:31:18,OTHER OFFENSE,"Connaught Place, New Delhi",SCHOOL,325,17,6,S0018,Sanjay Agarwal,S0016,Arjun Shah,"Confidential informant reports that Sanjay Agarwal has been coordinating with Arjun Shah through encrypted communications. Activities centered around Connaught Place, New Delhi and Satellite, Ahmedabad. Financial trail leads to Phantom Industries. Estimated proceeds: ₹3271563.",True,False,28.522848,77.152482
INC-00471,FIR-2023-38114,2023-02-19,19:27:10,ASSAULT,"Marine Drive, Mumbai",RESIDENCE,1972,6,29,S0074,Ramesh Mishra,S0079,Ravi Singh,"Surveillance report #FIR-2024-99277: Subject Ramesh Mishra traveled to Marine Drive, Mumbai on 2023-02-19 19:27. Met with Ravi Singh and an unidentified individual. Discussion about ASSAULT operations was overheard. Subject departed in Auto-rickshaw bearing plate RJ-25-MU-1859.",False,True,28.481443,76.924042
INC-00472,FIR-2024-62685,2024-12-06,04:14:07,THEFT,"Sector 15, New Delhi",STREET,738,5,77,S0079,Ravi Singh,S0073,Rahul Martinez,"Intelligence report: Ravi Singh and Rahul Martinez are part of a network operating from Sector 15, New Delhi. Phone intercept of +91-8925349210 revealed plans for THEFT targeting Industrial Zone B-12. Organization Falcon Express Logistics is suspected to be a front for illegal activities.",True,False,28.503274,77.353307
INC-00473,FIR-2023-96895,2023-07-29,23:47:14,DECEPTIVE PRACTICE,"Connaught Place, New Delhi",SCHOOL,1013,3,15,S0074,Ramesh Mishra,S0040,Farooq Saxena,"Arrest report: Ramesh Mishra apprehended on 2023-07-29 23:47 at Connaught Place, New Delhi in connection with DECEPTIVE PRACTICE. During interrogation, Ramesh Mishra revealed association with Farooq Saxena and Shadow Syndicate. Recovered items include encrypted hard drive. Phone +91-9129320527 seized for analysis.",True,False,28.716476,76.8399
INC-00474,FIR-2023-24602,2023-10-19,19:31:28,THEFT,"Koregaon Park, Pune",SIDEWALK,255,13,24,S0069,Mohan Das,S0068,Kiran Reddy,"Crime scene report: THEFT occurred at Koregaon Park, Pune on 2023-10-19 19:31. Evidence points to involvement of Mohan Das. CCTV footage shows Kiran Reddy in the vicinity. Falcon Express Logistics financial records show payment of ₹309432 on same date. Phone +91-7305439451 location data places suspect at scene.",True,False,28.722564,76.945051
INC-00475,FIR-2023-30016,2024-09-03,01:29:40,CYBER CRIME,Highway NH-48 Rest Stop,PARKING LOT,1127,6,45,S0079,Ravi Singh,S0073,Rahul Martinez,Intelligence report: Ravi Singh and Rahul Martinez are part of a network operating from Highway NH-48 Rest Stop. Phone intercept of +91-8925349210 revealed plans for CYBER CRIME targeting Highway NH-48 Rest Stop. Organization Falcon Express Logistics is suspected to be a front for illegal activities.,False,False,28.657654,77.034787
INC-00476,FIR-2023-28790,2023-03-07,08:12:02,NARCOTICS,45th Street Warehouse,HOTEL,1400,2,15,S0020,Ajay Yadav,S0065,Prakash Mehta,Investigation report: Ajay Yadav allegedly transferred funds to Prakash Mehta via Crescent Moon Foundation on 2023-03-07 08:12. Transaction of ₹4443854 was flagged. Both suspects are known to frequent 45th Street Warehouse. Surveillance indicates regular communication through phone +91-7191685914.,True,False,28.61371,77.171152
INC-00477,FIR-2024-84906,2024-01-15,01:23:57,ROBBERY,Abandoned Factory Block C,BANK,1681,10,50,S0022,Abdul Chauhan,S0042,Rekha Thakur,Investigation report: Abdul Chauhan allegedly transferred funds to Rekha Thakur via Metro Finance Corp on 2024-01-15 01:23. Transaction of ₹305238 was flagged. Both suspects are known to frequent Abandoned Factory Block C. Surveillance indicates regular communication through phone +91-9029520745.,False,False,28.495068,77.094337
INC-00478,FIR-2023-58244,2023-06-06,16:32:15,HUMAN TRAFFICKING,Abandoned Factory Block C,SCHOOL,185,14,39,S0033,Anita Malik,S0042,Rekha Thakur,"Confidential informant reports that Anita Malik has been coordinating with Rekha Thakur through encrypted communications. Activities centered around Abandoned Factory Block C and Navrangpura, Ahmedabad. Financial trail leads to Red Lotus Gang. Estimated proceeds: ₹1472580.",True,True,28.564149,77.327883
INC-00479,FIR-2023-42244,2024-10-03,12:51:00,WEAPONS VIOLATION,"Salt Lake, Kolkata",SIDEWALK,882,19,25,S0030,Prakash Lopez,S0017,Naveen Kumar,"Crime scene report: WEAPONS VIOLATION occurred at Salt Lake, Kolkata on 2024-10-03 12:51. Evidence points to involvement of Prakash Lopez. CCTV footage shows Naveen Kumar in the vicinity. Iron Gate Security financial records show payment of ₹3356073 on same date. Phone +91-7587753540 location data places suspect at scene.",False,False,28.619282,77.258386
INC-00480,FIR-2024-13124,2024-02-07,05:08:44,MONEY LAUNDERING,"Park Street, Kolkata",SCHOOL,945,13,73,S0053,Vinod Hussain,S0054,Tariq Pandey,"Intelligence report: Vinod Hussain and Tariq Pandey are part of a network operating from Park Street, Kolkata. Phone intercept of +91-8468512260 revealed plans for MONEY LAUNDERING targeting Banjara Hills, Hyderabad. Organization Phantom Industries is suspected to be a front for illegal activities.",True,False,28.698389,77.138018
INC-00481,FIR-2023-53451,2024-02-26,11:31:23,EXTORTION,"Navrangpura, Ahmedabad",WAREHOUSE,468,11,46,S0020,Ajay Yadav,S0013,Tariq Hernandez,"On 2024-02-26 11:31, suspect Ajay Yadav was observed meeting Tariq Hernandez at Navrangpura, Ahmedabad. The meeting lasted approximately 22 minutes. Suspect was seen carrying a briefcase. Vehicle with plate KA-98-SL-9693 was parked nearby. Contact phone +91-7191685914 was intercepted.",True,False,28.783183,76.984537
INC-00482,FIR-2024-46861,2024-04-02,17:17:50,CRIMINAL TRESPASS,Old Market Area,SCHOOL,1121,4,19,S0009,Pooja Pandey,S0005,Arjun Verma,FIR filed against Pooja Pandey for CRIMINAL TRESPASS at Old Market Area on 2024-04-02 17:17. Witnesses identified accomplice Arjun Verma at the scene. A Motorcycle (KA-38-KD-3618) was used to flee. Pooja Pandey is associated with Golden Circle Imports.,False,True,28.415751,77.328139
INC-00483,FIR-2024-98784,2024-08-23,13:11:38,EXTORTION,"Kothrud, Pune",RESTAURANT,712,4,26,S0061,Farooq Joshi,S0060,Kiran Ahmed,"Investigation report: Farooq Joshi allegedly transferred funds to Kiran Ahmed via Golden Circle Imports on 2024-08-23 13:11. Transaction of ₹1496758 was flagged. Both suspects are known to frequent Kothrud, Pune. Surveillance indicates regular communication through phone +91-7944047056.",False,False,28.717113,77.271946
INC-00484,FIR-2024-31873,2024-09-28,21:29:34,KIDNAPPING,"Anna Nagar, Chennai",STREET,1078,23,40,S0046,Miguel Gupta,S0049,Rahul Agarwal,"Arrest report: Miguel Gupta apprehended on 2024-09-28 21:29 at Anna Nagar, Chennai in connection with KIDNAPPING. During interrogation, Miguel Gupta revealed association with Rahul Agarwal and Diamond Rock Mining. Recovered items include sealed envelope. Phone +91-8551797747 seized for analysis.",False,False,28.57318,76.824273
INC-00485,FIR-2024-77185,2023-02-02,04:45:24,ASSAULT,Railway Station Complex,WAREHOUSE,1838,14,44,S0059,Geeta Hernandez,S0044,Sanjay Khan,Surveillance report #FIR-2024-53992: Subject Geeta Hernandez traveled to Railway Station Complex on 2023-02-02 04:45. Met with Sanjay Khan and an unidentified individual. Discussion about ASSAULT operations was overheard. Subject departed in Van bearing plate DL-39-NG-8702.,True,False,28.687647,77.13143
INC-00486,FIR-2023-11264,2024-11-18,03:05:14,CRIMINAL TRESPASS,Bus Terminal Underground,SCHOOL,155,24,44,S0063,Mohan Hussain,S0062,Rizwan Ali,FIR filed against Mohan Hussain for CRIMINAL TRESPASS at Bus Terminal Underground on 2024-11-18 03:05. Witnesses identified accomplice Rizwan Ali at the scene. A Car (MH-03-ED-4980) was used to flee. Mohan Hussain is associated with Red Lotus Gang.,True,False,28.650451,77.32281
INC-00487,FIR-2023-60711,2024-09-19,04:26:27,BATTERY,Old Market Area,PARKING LOT,2268,7,61,S0059,Geeta Hernandez,S0044,Sanjay Khan,Investigation report: Geeta Hernandez allegedly transferred funds to Sanjay Khan via Red Lotus Gang on 2024-09-19 04:26. Transaction of ₹1965181 was flagged. Both suspects are known to frequent Old Market Area. Surveillance indicates regular communication through phone +91-9818587139.,True,False,28.59812,77.223764
INC-00488,FIR-2023-31289,2023-07-09,18:28:50,ASSAULT,"MG Road, Bangalore",RESTAURANT,1315,20,53,S0061,Farooq Joshi,S0063,Mohan Hussain,"Investigation report: Farooq Joshi allegedly transferred funds to Mohan Hussain via Golden Circle Imports on 2023-07-09 18:28. Transaction of ₹1588723 was flagged. Both suspects are known to frequent MG Road, Bangalore. Surveillance indicates regular communication through phone +91-7944047056.",False,False,28.50038,77.006855
INC-00489,FIR-2024-11572,2023-06-15,02:21:14,BATTERY,"MG Road, Bangalore",SCHOOL,461,11,76,S0031,Rahul Thakur,S0038,Ashok Patel,"Confidential informant reports that Rahul Thakur has been coordinating with Ashok Patel through encrypted communications. Activities centered around MG Road, Bangalore and Abandoned Factory Block C. Financial trail leads to Zenith Capital Group. Estimated proceeds: ₹3617896.",False,False,28.642203,77.375578
INC-00490,FIR-2024-62853,2024-01-02,17:29:33,OFFENSE INVOLVING CHILDREN,"Velachery, Chennai",COMMERCIAL BUILDING,2002,15,20,S0073,Rahul Martinez,S0077,Anil Pandey,"FIR filed against Rahul Martinez for OFFENSE INVOLVING CHILDREN at Velachery, Chennai on 2024-01-02 17:29. Witnesses identified accomplice Anil Pandey at the scene. A Truck (GJ-41-UG-4737) was used to flee. Rahul Martinez is associated with Emerald Bay Enterprises.",True,False,28.554226,77.36978
INC-00491,FIR-2024-54212,2024-10-09,05:26:20,OTHER OFFENSE,"Indiranagar, Bangalore",SIDEWALK,188,16,51,S0018,Sanjay Agarwal,S0049,Rahul Agarwal,"FIR filed against Sanjay Agarwal for OTHER OFFENSE at Indiranagar, Bangalore on 2024-10-09 05:26. Witnesses identified accomplice Rahul Agarwal at the scene. A Truck (DL-56-YF-3474) was used to flee. Sanjay Agarwal is associated with Phantom Industries.",True,False,28.782078,77.129597
INC-00492,FIR-2024-74291,2024-03-19,15:50:30,NARCOTICS,"Velachery, Chennai",STREET,1361,21,21,S0030,Prakash Lopez,S0025,Yusuf Joshi,"Crime scene report: NARCOTICS occurred at Velachery, Chennai on 2024-03-19 15:50. Evidence points to involvement of Prakash Lopez. CCTV footage shows Yusuf Joshi in the vicinity. Iron Gate Security financial records show payment of ₹1982601 on same date. Phone +91-7587753540 location data places suspect at scene.",False,False,28.673623,77.057398
INC-00493,FIR-2024-85657,2023-12-16,13:35:36,ROBBERY,"Indiranagar, Bangalore",PARK,1456,23,25,S0016,Arjun Shah,S0021,Saleem Hernandez,"Intelligence report: Arjun Shah and Saleem Hernandez are part of a network operating from Indiranagar, Bangalore. Phone intercept of +91-9192173624 revealed plans for ROBBERY targeting Banjara Hills, Hyderabad. Organization Zenith Capital Group is suspected to be a front for illegal activities.",True,False,28.712638,77.143365
INC-00494,FIR-2024-18772,2023-08-31,09:04:09,MONEY LAUNDERING,"Kothrud, Pune",COMMERCIAL BUILDING,1695,25,25,S0030,Prakash Lopez,S0079,Ravi Singh,"FIR filed against Prakash Lopez for MONEY LAUNDERING at Kothrud, Pune on 2023-08-31 09:04. Witnesses identified accomplice Ravi Singh at the scene. A Van (GJ-03-LT-2566) was used to flee. Prakash Lopez is associated with Iron Gate Security.",False,False,28.545513,77.266656
INC-00495,FIR-2023-78616,2023-12-31,22:35:50,MONEY LAUNDERING,"Satellite, Ahmedabad",PARK,2164,10,32,S0061,Farooq Joshi,S0063,Mohan Hussain,"Intelligence report: Farooq Joshi and Mohan Hussain are part of a network operating from Satellite, Ahmedabad. Phone intercept of +91-7944047056 revealed plans for MONEY LAUNDERING targeting River Bridge Underpass. Organization Apex Trading LLC is suspected to be a front for illegal activities.",False,False,28.727435,76.806548
INC-00496,FIR-2024-51168,2023-01-30,23:43:31,KIDNAPPING,"MG Road, Bangalore",RESIDENCE,1220,15,36,S0034,Manoj Malik,S0045,Suman Mishra,"Crime scene report: KIDNAPPING occurred at MG Road, Bangalore on 2023-01-30 23:43. Evidence points to involvement of Manoj Malik. CCTV footage shows Suman Mishra in the vicinity. Diamond Rock Mining financial records show payment of ₹3214611 on same date. Phone +91-9185263528 location data places suspect at scene.",True,False,28.581333,76.897741
INC-00497,FIR-2024-94715,2023-02-23,11:53:19,HUMAN TRAFFICKING,"Velachery, Chennai",PARKING LOT,1720,6,42,S0017,Naveen Kumar,S0022,Abdul Chauhan,"FIR filed against Naveen Kumar for HUMAN TRAFFICKING at Velachery, Chennai on 2023-02-23 11:53. Witnesses identified accomplice Abdul Chauhan at the scene. A Truck (HR-14-HG-4116) was used to flee. Naveen Kumar is associated with Diamond Rock Mining.",True,False,28.529606,77.253895
INC-00498,FIR-2024-55032,2024-12-31,04:48:04,MONEY LAUNDERING,"MG Road, Bangalore",PARK,384,16,52,S0006,Sunil Hussain,S0008,Pooja Lopez,"Intelligence report: Sunil Hussain and Pooja Lopez are part of a network operating from MG Road, Bangalore. Phone intercept of +91-8996093227 revealed plans for MONEY LAUNDERING targeting MG Road, Bangalore. Organization Silver Line Transport is suspected to be a front for illegal activities.",True,False,28.656727,77.037594
INC-00499,FIR-2023-75612,2024-04-04,05:47:28,CRIMINAL DAMAGE,Highway NH-48 Rest Stop,PARKING LOT,1422,13,51,S0020,Ajay Yadav,S0013,Tariq Hernandez,"Intelligence report: Ajay Yadav and Tariq Hernandez are part of a network operating from Highway NH-48 Rest Stop. Phone intercept of +91-7191685914 revealed plans for CRIMINAL DAMAGE targeting Velachery, Chennai. Organization Crescent Moon Foundation is suspected to be a front for illegal activities.",True,False,28.515856,76.814108
INC-00500,FIR-2024-44818,2024-08-26,01:18:39,WEAPONS VIOLATION,"Navrangpura, Ahmedabad",HOTEL,1633,17,50,S0054,Tariq Pandey,S0057,Sanjay Ahmed,"FIR filed against Tariq Pandey for WEAPONS VIOLATION at Navrangpura, Ahmedabad on 2024-08-26 01:18. Witnesses identified accomplice Sanjay Ahmed at the scene. A Truck (GJ-01-MC-7031) was used to flee. Tariq Pandey is associated with Bluestone Holdings.",True,False,28.701669,76.953767
